{"type": "FeatureCollection", "features": [{"type": "Feature", "geometry": {"type": "Polygon", "coordinates": [[[-3.093479665119674, 53.40721038876353], [-3.09347505445532, 53.407030650623106], [-3.0922718950219905, 53.407041664988846], [-3.092276500616873, 53.40722140320099], [-3.093479665119674, 53.40721038876353]]]}, "properties": {"kind": "max_footprint", "threshold_pct": 4.0}}, {"type": "Feature", "geometry": {"type": "Polygon", "coordinates": [[[-3.0922718950219905, 53.407041664988846], [-3.0922672894766605, 53.40686192677096], [-3.091665711997338, 53.406867429373], [-3.0916703150079554, 53.4070471676267], [-3.0922718950219905, 53.407041664988846]]]}, "properties": {"kind": "max_footprint", "threshold_pct": 4.0}}, {"type": "Feature", "geometry": {"type": "Polygon", "coordinates": [[[-3.0760291654286536, 53.407189172679686], [-3.0760246283215595, 53.407009433500974], [-3.0757238369511137, 53.407012144275775], [-3.075728372790815, 53.40719188347218], [-3.0760291654286536, 53.407189172679686]]]}, "properties": {"kind": "max_footprint", "threshold_pct": 4.0}}, {"type": "Feature", "geometry": {"type": "Polygon", "coordinates": [[[-3.089254807277839, 53.40670967107882], [-3.089250214504929, 53.40652993267047], [-3.0898517877066216, 53.40652444225985], [-3.0898471924484845, 53.40634470388154], [-3.0880424798544817, 53.40636116591638], [-3.088051655212247, 53.40672064288173], [-3.089254807277839, 53.40670967107882]]]}, "properties": {"kind": "max_footprint", "threshold_pct": 4.0}}, {"type": "Feature", "geometry": {"type": "Polygon", "coordinates": [[[-3.0982413775618554, 53.40518909311998], [-3.0982367471677694, 53.40500935520436], [-3.097935972119167, 53.40501212185368], [-3.0979406012460475, 53.4051918597873], [-3.0982413775618554, 53.40518909311998]]]}, "properties": {"kind": "max_footprint", "threshold_pct": 4.0}}, {"type": "Feature", "geometry": {"type": "Polygon", "coordinates": [[[-3.097935972119167, 53.40501212185368], [-3.09793134304209, 53.40483238391432], [-3.0967282474185516, 53.40484344286518], [-3.096732871426855, 53.405023180876576], [-3.097935972119167, 53.40501212185368]]]}, "properties": {"kind": "max_footprint", "threshold_pct": 4.0}}, {"type": "Feature", "geometry": {"type": "Polygon", "coordinates": [[[-3.079875719567236, 53.404637517641525], [-3.0798711666699163, 53.404457778612766], [-3.079570393677099, 53.40446049898704], [-3.0795749453072228, 53.40464023803353], [-3.079875719567236, 53.404637517641525]]]}, "properties": {"kind": "max_footprint", "threshold_pct": 4.0}}, {"type": "Feature", "geometry": {"type": "Polygon", "coordinates": [[[-3.079570393677099, 53.40446049898704], [-3.0795658420959446, 53.40428075993486], [-3.0798666138215802, 53.40427803957827], [-3.079857508271857, 53.40391856149217], [-3.0795567390805405, 53.40392128181331], [-3.0795521876462892, 53.40374154274396], [-3.079251419673147, 53.40374426228996], [-3.079269620635311, 53.40446321860391], [-3.079570393677099, 53.40446049898704]]]}, "properties": {"kind": "max_footprint", "threshold_pct": 4.0}}, {"type": "Feature", "geometry": {"type": "Polygon", "coordinates": [[[-3.078353661825737, 53.403932155523634], [-3.0783491154600533, 53.403752416383455], [-3.077747579073407, 53.403757848658714], [-3.0777521229048044, 53.403937587834264], [-3.078353661825737, 53.403932155523634]]]}, "properties": {"kind": "max_footprint", "threshold_pct": 4.0}}, {"type": "Feature", "geometry": {"type": "Polygon", "coordinates": [[[-3.0957889653141706, 53.40341382439626], [-3.095784345554796, 53.403234086279376], [-3.0951828199545304, 53.40323960634201], [-3.095187437179756, 53.40341934449485], [-3.0957889653141706, 53.40341382439626]]]}, "properties": {"kind": "max_footprint", "threshold_pct": 4.0}}, {"type": "Feature", "geometry": {"type": "Polygon", "coordinates": [[[-3.0813203239254285, 53.40228729765289], [-3.0813157653297587, 53.40210755863849], [-3.0810150090542314, 53.402110282569275], [-3.081019566382888, 53.402290021601424], [-3.0813203239254285, 53.40228729765289]]]}, "properties": {"kind": "max_footprint", "threshold_pct": 4.0}}, {"type": "Feature", "geometry": {"type": "Polygon", "coordinates": [[[-3.1035576359497226, 53.40136467298495], [-3.1035529837972233, 53.40118493527428], [-3.103252236255301, 53.401187715177116], [-3.1032568871408936, 53.4013674529059], [-3.1035576359497226, 53.40136467298495]]]}, "properties": {"kind": "max_footprint", "threshold_pct": 4.0}}, {"type": "Feature", "geometry": {"type": "Polygon", "coordinates": [[[-3.097542650282175, 53.401420127510406], [-3.097533396703471, 53.40106065136094], [-3.0972326494303744, 53.40106341609916], [-3.0972419004752494, 53.40142289228465], [-3.097542650282175, 53.401420127510406]]]}, "properties": {"kind": "max_footprint", "threshold_pct": 4.0}}, {"type": "Feature", "geometry": {"type": "Polygon", "coordinates": [[[-3.0839814418244638, 53.400465359232115], [-3.0839768723173187, 53.400285620320425], [-3.0836761291529817, 53.40028835088966], [-3.0836806973932576, 53.40046808981913], [-3.0839814418244638, 53.400465359232115]]]}, "properties": {"kind": "max_footprint", "threshold_pct": 4.0}}, {"type": "Feature", "geometry": {"type": "Polygon", "coordinates": [[[-3.0830746426768925, 53.40029380975617], [-3.083070077019479, 53.40011407078543], [-3.0827693349746115, 53.400116799064946], [-3.0827738993651654, 53.40029653805344], [-3.0830746426768925, 53.40029380975617]]]}, "properties": {"kind": "max_footprint", "threshold_pct": 4.0}}, {"type": "Feature", "geometry": {"type": "Polygon", "coordinates": [[[-3.085439407043023, 53.39865430645319], [-3.0854302563937073, 53.39829482868774], [-3.0857309853282593, 53.39829209377058], [-3.0857264088107264, 53.39811235489709], [-3.0854256811428775, 53.398115089796434], [-3.085416530788868, 53.39775561199669], [-3.0845143550901795, 53.39776381204438], [-3.084523497844083, 53.39812328995095], [-3.0848242256595415, 53.39812055732337], [-3.0848379439593794, 53.39865977408695], [-3.085439407043023, 53.39865430645319]]]}, "properties": {"kind": "max_footprint", "threshold_pct": 4.0}}, {"type": "Feature", "geometry": {"type": "Polygon", "coordinates": [[[-3.0869201559688566, 53.39774193010564], [-3.08691557453237, 53.39756219128628], [-3.0866148508615447, 53.39756492916116], [-3.086619431031372, 53.39774466799833], [-3.0869201559688566, 53.39774193010564]]]}, "properties": {"kind": "max_footprint", "threshold_pct": 4.0}}, {"type": "Feature", "geometry": {"type": "Polygon", "coordinates": [[[-3.0872117155000645, 53.39737971384697], [-3.0872071328955113, 53.397199975034006], [-3.086906411807246, 53.397202713630456], [-3.086910993145168, 53.39738245246124], [-3.0872117155000645, 53.39737971384697]]]}, "properties": {"kind": "max_footprint", "threshold_pct": 4.0}}, {"type": "Feature", "geometry": {"type": "Polygon", "coordinates": [[[-3.088410016755486, 53.39718901307597], [-3.088400841561391, 53.39682953557575], [-3.088100123203605, 53.39683227716538], [-3.0880955369471668, 53.39665253838883], [-3.0877948198066343, 53.39665527920338], [-3.0877994047964843, 53.396835017997795], [-3.0874986863400413, 53.396837758073], [-3.087507853934482, 53.39719723568035], [-3.088410016755486, 53.39718901307597]]]}, "properties": {"kind": "max_footprint", "threshold_pct": 4.0}}, {"type": "Feature", "geometry": {"type": "Polygon", "coordinates": [[[-3.0919772399873082, 53.39553840750869], [-3.0919726376118466, 53.39535866892461], [-3.0916719299793907, 53.39536141945752], [-3.091676531088369, 53.395541158059544], [-3.0919772399873082, 53.39553840750869]]]}, "properties": {"kind": "max_footprint", "threshold_pct": 4.0}}, {"type": "Feature", "geometry": {"type": "Polygon", "coordinates": [[[-3.0892708581162456, 53.39556313520765], [-3.089266267139165, 53.395383396462506], [-3.088965559061768, 53.395386140180825], [-3.088970148772359, 53.39556587894385], [-3.0892708581162456, 53.39556313520765]]]}, "properties": {"kind": "max_footprint", "threshold_pct": 4.0}}, {"type": "Feature", "geometry": {"type": "Polygon", "coordinates": [[[-3.1145161734293203, 53.39479074655478], [-3.1145114762211867, 53.39461100931115], [-3.11421077613866, 53.394613816576594], [-3.1142154720804065, 53.39479355383855], [-3.1145161734293203, 53.39479074655478]]]}, "properties": {"kind": "max_footprint", "threshold_pct": 4.0}}, {"type": "Feature", "geometry": {"type": "Polygon", "coordinates": [[[-3.1192802157119814, 53.39294835728105], [-3.1192707818369865, 53.39258888325972], [-3.118368725655106, 53.3925973385215], [-3.1183734387685504, 53.3927770755901], [-3.118674125479451, 53.392774257908236], [-3.1186788399098337, 53.39295399495274], [-3.1192802157119814, 53.39294835728105]]]}, "properties": {"kind": "max_footprint", "threshold_pct": 4.0}}, {"type": "Feature", "geometry": {"type": "Polygon", "coordinates": [[[-3.118368725655106, 53.3925973385215], [-3.1183640125923557, 53.39241760144718], [-3.1180633283632058, 53.39242041833527], [-3.1180680401597396, 53.392600155427935], [-3.118368725655106, 53.3925973385215]]]}, "properties": {"kind": "max_footprint", "threshold_pct": 4.0}}, {"type": "Feature", "geometry": {"type": "Polygon", "coordinates": [[[-3.0979266242112664, 53.39296690181678], [-3.0979173702447076, 53.39260742520121], [-3.097315994906273, 53.39261295525651], [-3.0973113705301496, 53.39243321690412], [-3.0979127433360785, 53.392427686884844], [-3.0979081164772175, 53.392247948562755], [-3.0982088015393017, 53.39224518243548], [-3.098204173463982, 53.3920654441257], [-3.097903489668121, 53.39206821023494], [-3.097898862908792, 53.39188847190139], [-3.0975981803293777, 53.39189123723555], [-3.097602805822497, 53.392070975587096], [-3.0973021219271186, 53.392073740182184], [-3.097306746203766, 53.392253478546024], [-3.097006060992425, 53.39225624240201], [-3.097010684052569, 53.392435980778124], [-3.096709997525262, 53.39243874389502], [-3.0967192412622095, 53.39279822066609], [-3.097019930322036, 53.392795457513174], [-3.0970245535313605, 53.392975195872104], [-3.0979266242112664, 53.39296690181678]]]}, "properties": {"kind": "max_footprint", "threshold_pct": 4.0}}, {"type": "Feature", "geometry": {"type": "Polygon", "coordinates": [[[-3.0963954495143473, 53.391902291001394], [-3.096390829135776, 53.3917225525721], [-3.095789465962431, 53.391728074876596], [-3.0957940838085998, 53.39190781334185], [-3.0963954495143473, 53.391902291001394]]]}, "properties": {"kind": "max_footprint", "threshold_pct": 4.0}}, {"type": "Feature", "geometry": {"type": "Polygon", "coordinates": [[[-3.096992192110339, 53.391717027239324], [-3.0969829464375644, 53.391357550435586], [-3.0966822675074965, 53.39136031344452], [-3.096691510647913, 53.39171979028426], [-3.096992192110339, 53.391717027239324]]]}, "properties": {"kind": "max_footprint", "threshold_pct": 4.0}}, {"type": "Feature", "geometry": {"type": "Polygon", "coordinates": [[[-3.1005586250741803, 53.390066167798324], [-3.1005447124043797, 53.38952695307849], [-3.1008453780261247, 53.389524180408316], [-3.1008407393032673, 53.38934444217497], [-3.100540074947536, 53.389347214827076], [-3.100535437540568, 53.389167476569924], [-3.1002347744009606, 53.38917024844695], [-3.100225502268614, 53.38881077187942], [-3.099924841611104, 53.388813542963334], [-3.099910937584381, 53.38827432801494], [-3.0996102806748675, 53.38827709828775], [-3.0996334479721677, 53.38917578993001], [-3.099934111211489, 53.389173019567], [-3.0999387460864547, 53.3893527578602], [-3.100239410541927, 53.389349986722145], [-3.1002579556044343, 53.39006893976562], [-3.1005586250741803, 53.390066167798324]]]}, "properties": {"kind": "max_footprint", "threshold_pct": 4.0}}, {"type": "Feature", "geometry": {"type": "Polygon", "coordinates": [[[-3.1037776153728993, 53.38662060254402], [-3.1037729647902883, 53.38644086439985], [-3.103472321188321, 53.38644364433227], [-3.103476970505144, 53.38662338249454], [-3.1037776153728993, 53.38662060254402]]]}, "properties": {"kind": "max_footprint", "threshold_pct": 4.0}}, {"type": "Feature", "geometry": {"type": "Polygon", "coordinates": [[[-3.1082405889460136, 53.38478143347697], [-3.1082359198788225, 53.38460169554766], [-3.1079352896855355, 53.38460448665213], [-3.107939957487086, 53.384784224599606], [-3.1082405889460136, 53.38478143347697]]]}, "properties": {"kind": "max_footprint", "threshold_pct": 4.0}}, {"type": "Feature", "geometry": {"type": "Polygon", "coordinates": [[[-3.106422815170128, 53.38425895472763], [-3.106390186962198, 53.383000788218894], [-3.106089567858126, 53.38300357461882], [-3.1060849081515745, 53.38282383650508], [-3.105483672324134, 53.38282940699818], [-3.105492986725275, 53.38318888329248], [-3.1057936071950802, 53.38318609838809], [-3.105798265736314, 53.383365836508496], [-3.1060988874215583, 53.38336305082911], [-3.1061035472784413, 53.383542788925666], [-3.1058029243276453, 53.383545574623184], [-3.105816900402238, 53.38408478893288], [-3.1061175271497685, 53.384082003180936], [-3.1061221872071063, 53.384261741254576], [-3.106422815170128, 53.38425895472763]]]}, "properties": {"kind": "max_footprint", "threshold_pct": 4.0}}, {"type": "Feature", "geometry": {"type": "Polygon", "coordinates": [[[-3.122119667465964, 53.37512332437584], [-3.1221102158019485, 53.37476384962295], [-3.1209079775130824, 53.3747751478162], [-3.1209126982601867, 53.37495488526908], [-3.1215138200359385, 53.374949237648856], [-3.12151854336358, 53.375128975059226], [-3.122119667465964, 53.37512332437584]]]}, "properties": {"kind": "max_footprint", "threshold_pct": 4.0}}, {"type": "Feature", "geometry": {"type": "Polygon", "coordinates": [[[-3.1191093317151766, 53.37497180997139], [-3.119095192393686, 53.37443259726493], [-3.1187946349200035, 53.3744354153455], [-3.118785211488713, 53.374075940142475], [-3.118484656494038, 53.37407875742977], [-3.118489366919527, 53.3742584950525], [-3.1181888106093782, 53.37426131160157], [-3.1181982290826, 53.37462078686651], [-3.118498787922444, 53.37461797028076], [-3.118503498499874, 53.37479770788629], [-3.118804058553937, 53.3747948905256], [-3.1188087704468956, 53.37497462810703], [-3.1191093317151766, 53.37497180997139]]]}, "properties": {"kind": "max_footprint", "threshold_pct": 4.0}}, {"type": "Feature", "geometry": {"type": "Polygon", "coordinates": [[[-3.095293647071519, 53.407553320430466], [-3.0952844103853745, 53.40719384438235], [-3.0958859917432373, 53.40718832352863], [-3.0958813709399755, 53.407008585531926], [-3.0955805815532575, 53.407011346319564], [-3.095575962067061, 53.40683160829917], [-3.0952751738979867, 53.406834368311344], [-3.095270555728826, 53.40665463026723], [-3.0949697687774003, 53.40665738950393], [-3.0949651519252463, 53.40647765143615], [-3.0958675088284884, 53.40646937150754], [-3.0958628882240884, 53.406289633487965], [-3.0967652408779913, 53.40628134679605], [-3.096760616521431, 53.40610160882472], [-3.097061399372618, 53.40609884509715], [-3.097056773798534, 53.405919107138104], [-3.095853647164425, 53.405930157431634], [-3.0958490267091627, 53.405750419394884], [-3.095548246193587, 53.405753180056635], [-3.095543627055286, 53.40557344199616], [-3.094942068409564, 53.40557896101134], [-3.094937451855439, 53.405399222909196], [-3.0946366737253075, 53.40540198126263], [-3.0946320584880764, 53.405222243136805], [-3.0943312815755184, 53.40522500071483], [-3.094326667655156, 53.40504526256533], [-3.09372511621556, 53.40505077541311], [-3.093720504879239, 53.404871037221966], [-3.094021279356649, 53.40486828119476], [-3.0940166668027533, 53.404688543015844], [-3.0943174399633513, 53.40468578624914], [-3.0943128261919064, 53.404506048082474], [-3.094613598035692, 53.404503290576315], [-3.094618213074309, 53.404683028725], [-3.095219759147255, 53.40467751140445], [-3.095224376769897, 53.404857249511515], [-3.096126699308239, 53.40484896779602], [-3.0961174565095764, 53.40448949168408], [-3.0979220850373435, 53.404472908018434], [-3.0979267140148155, 53.404652645969236], [-3.0988290314080555, 53.40464434385714], [-3.0988243986290933, 53.40446460596041], [-3.0994259407744056, 53.40445906746796], [-3.0994213055109876, 53.404279329601586], [-3.0997220752416994, 53.404276559237275], [-3.0997174387610182, 53.40409682138321], [-3.1000182071747147, 53.40409405027954], [-3.100013569476795, 53.40391431243781], [-3.1003143365734775, 53.40391154059478], [-3.100309697658347, 53.403731802765364], [-3.0997081659492975, 53.40373734565794], [-3.099703529618258, 53.40355760778669], [-3.099402764955999, 53.403560378078815], [-3.099398129941917, 53.40338064018381], [-3.0990973664968715, 53.40338340970049], [-3.0990927327997224, 53.40320367178175], [-3.098791970571891, 53.40320644052301], [-3.098787338191646, 53.40302670258048], [-3.0999903817355996, 53.40301562314326], [-3.0999857443370367, 53.402835885267166], [-3.1002865038312954, 53.40283311353246], [-3.100281865215599, 53.402653375668706], [-3.1008833815203483, 53.4026478299633], [-3.100878740420538, 53.402468092129915], [-3.1020817673627388, 53.402456991703], [-3.102077121244888, 53.402277253936205], [-3.1026786318821578, 53.40227169921474], [-3.102664686226725, 53.40173248598855], [-3.1020631831912335, 53.40173804060149], [-3.102053891405372, 53.401378565016365], [-3.102655389373147, 53.4013730104758], [-3.1026507410213693, 53.401193272710834], [-3.103252236255301, 53.401187715177116], [-3.1032289825778263, 53.40028902644737], [-3.1044319471078965, 53.40027790265431], [-3.1044366028106753, 53.40045764033922], [-3.105038087308929, 53.400452073862645], [-3.1050334290724795, 53.40027233621395], [-3.105334169979611, 53.40026955185782], [-3.105329510526452, 53.40008981422155], [-3.1056302501166386, 53.400087029126254], [-3.1056209288270993, 53.399727553872765], [-3.105921665833551, 53.39972476805648], [-3.1059170039972095, 53.39954503043929], [-3.1068192109152806, 53.39953666850117], [-3.1068098797925074, 53.399177193358526], [-3.107110612797993, 53.39917440456759], [-3.107105946045158, 53.398994667005844], [-3.1074066777337066, 53.398991877475815], [-3.1073926739762894, 53.3984526648107], [-3.107693401814508, 53.39844987457791], [-3.107684063693954, 53.39809039947552], [-3.108285514153016, 53.39808481681093], [-3.108276171166794, 53.39772534175836], [-3.1085768937876685, 53.39772254932658], [-3.1085722211033135, 53.39754281180988], [-3.1094743848644355, 53.39753443002578], [-3.109469708430524, 53.397354692557926], [-3.1097704283170353, 53.397351897133646], [-3.1097657506668384, 53.3971721596783], [-3.1106679062246374, 53.39716376891681], [-3.1106632248250285, 53.39698403151037], [-3.1103625076226784, 53.396986829169855], [-3.1103578275399886, 53.39680709173946], [-3.1097563955173952, 53.396812684750394], [-3.109761073066957, 53.39699242221722], [-3.1091596383099716, 53.39699801223573], [-3.1091549632935367, 53.396818274732496], [-3.108854247106169, 53.396821068587755], [-3.1088495734065753, 53.3966413310606], [-3.1094510031979197, 53.3966357426293], [-3.1094463270155233, 53.3964560051328], [-3.11004775407259, 53.396450413709125], [-3.1100430754074493, 53.39627067624332], [-3.1109452118159924, 53.396262283483516], [-3.110940529401657, 53.39608254606666], [-3.1118426615573735, 53.39607414654686], [-3.1118379753939296, 53.395894409178965], [-3.110635137484856, 53.39590560695139], [-3.110625775440963, 53.395546132052544], [-3.1109264824608496, 53.39554333378167], [-3.1109218002479793, 53.395363596341866], [-3.1121246227579364, 53.395352395759595], [-3.1121293100366088, 53.39553213312642], [-3.1127307235220254, 53.39552652825582], [-3.112726033710457, 53.39534679092549], [-3.113327444461193, 53.39534118306272], [-3.1133227521672047, 53.39516144576318], [-3.113623456200438, 53.395158640714335], [-3.113618762690502, 53.39497890342732], [-3.113017357106401, 53.39498451273132], [-3.113012666179763, 53.39480477540205], [-3.11211056122443, 53.39481318362466], [-3.112105874147428, 53.39463344623489], [-3.1118051736611934, 53.394636247443216], [-3.1118004879009886, 53.39445651002946], [-3.1121011871208424, 53.39445370883936], [-3.1120965001446725, 53.394273971438125], [-3.112697895900387, 53.394268366823056], [-3.112693206441924, 53.39408862945258], [-3.113895992282541, 53.394077411209906], [-3.113900686806405, 53.39425714850732], [-3.114502081956492, 53.39425153480666], [-3.1144926878938923, 53.39389206027923], [-3.1147933828604764, 53.39388925232979], [-3.114783986467338, 53.39352977781603], [-3.115084678850761, 53.39352696914603], [-3.1150799794637005, 53.39334723189885], [-3.1156813615463093, 53.393341612324164], [-3.11567665967724, 53.39316187510782], [-3.116578728622985, 53.39315344012247], [-3.1165740230057035, 53.39297370295534], [-3.115671957858746, 53.392982137885774], [-3.1156672560908234, 53.39280240065796], [-3.1150658816057986, 53.39280802012285], [-3.1150611824209213, 53.392628282852726], [-3.114760496368822, 53.39263109143122], [-3.1147557985007146, 53.39245135413708], [-3.1144551136643104, 53.39245416194022], [-3.114445720612091, 53.39209468729813], [-3.1150470851695515, 53.39208907100792], [-3.1150517842027985, 53.39226880829524], [-3.115953834458481, 53.39226037812701], [-3.115958537340897, 53.39244011535371], [-3.1162592219245178, 53.39243730376516], [-3.116254517775893, 53.392257566556765], [-3.116855884258912, 53.39225194114509], [-3.116851177628499, 53.39207220396762], [-3.1171518595278864, 53.3920693901445], [-3.117147151681919, 53.391889652979614], [-3.116846471048709, 53.391892466784405], [-3.1168417645195414, 53.39171272959545], [-3.1165410851018747, 53.391715542624866], [-3.1165316747276943, 53.39135606819311], [-3.1168323516130734, 53.39135325520036], [-3.1168370580409963, 53.39153299240075], [-3.1180397701407117, 53.391521732785854], [-3.1180350586482426, 53.39134199565878], [-3.118335735280381, 53.39133917888075], [-3.118331022572467, 53.391159441766284], [-3.1186316978877966, 53.391156624249575], [-3.1186269839644636, 53.39097688714771], [-3.117724961664746, 53.39098533737168], [-3.117720251590393, 53.390805600209056], [-3.1174195786552445, 53.39080841541795], [-3.1174054525343444, 53.39026920384064], [-3.118307459793197, 53.39026075610784], [-3.1183121722476805, 53.390440493251], [-3.1186128424986657, 53.39043767580769], [-3.118617556269898, 53.39061741292677], [-3.118918227736251, 53.39061459470808], [-3.118904082776492, 53.390075383388705], [-3.118603415108293, 53.39007820155232], [-3.118589274402963, 53.38953899012628], [-3.1194912658613245, 53.389530533529594], [-3.119486548596325, 53.38935079643118], [-3.1200878734496156, 53.389345154951826], [-3.120106752942042, 53.39006410316409], [-3.1198060854767697, 53.390066924355764], [-3.119801366793537, 53.38988718729293], [-3.119200034242793, 53.38989282736851], [-3.1192047503939806, 53.39007256446806], [-3.1195054179607444, 53.39006974479044], [-3.1195148529473773, 53.39042921893562], [-3.1201161929928443, 53.390423577235794], [-3.1201209130943965, 53.39060331426307], [-3.1198202418309764, 53.39060613550985], [-3.1198296796542158, 53.39096560958388], [-3.1201303534498, 53.39096278830035], [-3.1201397940082773, 53.39132226231471], [-3.12074114651156, 53.39131661740297], [-3.1207364236747055, 53.39113688043543], [-3.121037098584042, 53.39113405686239], [-3.121027650530534, 53.39077458294687], [-3.1213283228568756, 53.390771758653585], [-3.121318872474471, 53.390412284751925], [-3.1210182026802613, 53.39041510900842], [-3.1210134788313364, 53.39023537203058], [-3.1213141473595014, 53.390232547792465], [-3.121309422295351, 53.39005281082729], [-3.121610089506663, 53.390049985850574], [-3.1216006369988, 53.38969051193979], [-3.122201966204874, 53.389684859788915], [-3.1221925088364078, 53.389325385928835], [-3.1224931708311994, 53.389322558754735], [-3.122488440957292, 53.389142821834476], [-3.122187780228462, 53.38914564899017], [-3.1221830516713713, 53.388965912045755], [-3.1224837111342567, 53.38896308490848], [-3.1224647923507978, 53.38824413714718], [-3.122765446699163, 53.38824130932659], [-3.122760715864587, 53.38806157239031], [-3.123362021876908, 53.38805591451511], [-3.123357288561485, 53.38787617760996], [-3.12365794022543, 53.38787334755536], [-3.1236484712156174, 53.38751387376472], [-3.1239491202969596, 53.387511042990035], [-3.1239396489591904, 53.3871515692133], [-3.1236390024094765, 53.38715439995111], [-3.123634268082783, 53.38697466303569], [-3.123333622747948, 53.38697749299814], [-3.1233288897379503, 53.38679775605855], [-3.1236295338070046, 53.38679492611455], [-3.1236247995821422, 53.386615189187644], [-3.1239254423345133, 53.38661235850515], [-3.1239207068948107, 53.38643262159096], [-3.124521989715253, 53.3864269579921], [-3.1245172517950017, 53.386247221109016], [-3.1248178918630596, 53.38624438819269], [-3.124803674610896, 53.385705177564446], [-3.124503038339966, 53.38570801042545], [-3.1244935629580377, 53.3853485366077], [-3.1247941966976134, 53.38534570378361], [-3.124789457817418, 53.38516596688457], [-3.1250900902403744, 53.38516313332203], [-3.1250948303862254, 53.38534287020261], [-3.125395464023862, 53.385340035864765], [-3.1253907226123574, 53.38516029900264], [-3.1256913549333487, 53.385157463926376], [-3.1256866123071942, 53.384977727076965], [-3.1253859812518425, 53.38498056213477], [-3.125381239942317, 53.38480082526118], [-3.1256818697320425, 53.38479799022183], [-3.125677127207895, 53.384618253360955], [-3.1259777556810047, 53.38461541758321], [-3.12597301194226, 53.38443568073507], [-3.1262736390987573, 53.38443284421893], [-3.126268894145444, 53.38425310738352], [-3.1265695199853303, 53.38425027012901], [-3.1265552816348783, 53.383711059643744], [-3.1268559036270585, 53.38370822168783], [-3.1268464091175763, 53.38334874803925], [-3.1271470285276615, 53.38334590936349], [-3.127128035059383, 53.38262696207136], [-3.127729263602521, 53.38262128259734], [-3.127724512832218, 53.38244154579695], [-3.1280251257617158, 53.38243870494321], [-3.1280156218435264, 53.38207923136219], [-3.1286168424875176, 53.382073547458404], [-3.128602579401154, 53.38153433715487], [-3.128903185850304, 53.38153149412333], [-3.1288889194280274, 53.38099228382367], [-3.1291895220300034, 53.380989440090914], [-3.1291800088068786, 53.380629966566126], [-3.129480608827084, 53.38062712211366], [-3.129475851026956, 53.38044738536119], [-3.129776449730709, 53.380444540170515], [-3.1297621728415, 53.379905329934196], [-3.1303633625039002, 53.37989963739383], [-3.1303538397727184, 53.379540163948384], [-3.130654431996674, 53.37953731658021], [-3.130635382087943, 53.37881836969456], [-3.1309359691999488, 53.37881552164386], [-3.1309264420225524, 53.37845604820367], [-3.1312270265530495, 53.37845319943335], [-3.131217497050308, 53.37809372600731], [-3.131518078999339, 53.37809087651743], [-3.131499015548353, 53.37737192967064], [-3.131799592385842, 53.37736907949831], [-3.131756691233963, 53.37575144892407], [-3.1320572566353335, 53.375748598162176], [-3.132019115644238, 53.37431070407636], [-3.1323196708753986, 53.37430785270639], [-3.132310133610625, 53.373948379164645], [-3.1320095809090653, 53.37395123049747], [-3.1319905120537994, 53.37323228327077], [-3.132291059696322, 53.37322943201218], [-3.132286291345916, 53.373049695209716], [-3.1319857449681194, 53.373052546449706], [-3.13195714353034, 53.37197412540286], [-3.1316566046893617, 53.37197697577496], [-3.1316518392270716, 53.371797238895155], [-3.13135130159949, 53.3718000884922], [-3.131346537453053, 53.37162035158809], [-3.131046001038868, 53.37162320041007], [-3.131041238208259, 53.37144346348169], [-3.1307407030074734, 53.371446311528615], [-3.1307359414926603, 53.37126657457593], [-3.130435407505277, 53.37126942184783], [-3.1304306473062353, 53.37108968487087], [-3.129228515903383, 53.37110106631948], [-3.1292237608137903, 53.37092132926266], [-3.1274205697635225, 53.37093837863002], [-3.1274158223124027, 53.37075864145645], [-3.127115291556529, 53.3707614803515], [-3.12712003774309, 53.37094121754357], [-3.1259179091512226, 53.37095256563291], [-3.1259226503305064, 53.37113230289314], [-3.125622116790496, 53.37113513804272], [-3.1256173768757898, 53.37095540076404], [-3.1247157797437914, 53.37096390161855], [-3.1247205158647584, 53.37114363895257], [-3.1244199821209904, 53.371146471076216], [-3.124424717028281, 53.37132620842294], [-3.124124181969011, 53.371329039808515], [-3.1241289156626006, 53.37150877716795], [-3.1238283792878283, 53.371511607815464], [-3.1238473095125525, 53.3722305572695], [-3.1241478509458975, 53.372227726548246], [-3.1241573188929217, 53.37258720120394], [-3.123556230916611, 53.37259286196366], [-3.1235514994470313, 53.37241312460182], [-3.123250956647255, 53.372415953828444], [-3.123241496390052, 53.37205647905069], [-3.122940956068765, 53.37205930748398], [-3.122936227281099, 53.37187957006807], [-3.1226356881736232, 53.37188239772641], [-3.1226404156966354, 53.37206213516074], [-3.1223398752736795, 53.37206496208097], [-3.1223446015828533, 53.37224469952796], [-3.1220440598444132, 53.372247525710094], [-3.122048784939719, 53.37242726316974], [-3.121748241885797, 53.37243008861375], [-3.1217813101222767, 53.37368825079938], [-3.1220818620293587, 53.3736854252266], [-3.122086587531102, 53.37386516264034], [-3.122387140652166, 53.37386233629259], [-3.122391867469522, 53.374042073682176], [-3.122992976088781, 53.37403641868014], [-3.1230071644347634, 53.374575630704015], [-3.122706606356063, 53.374578458638574], [-3.122711334641567, 53.37475819598679], [-3.1224107752471704, 53.37476102318318], [-3.1224296838380226, 53.37547997259235], [-3.1221291193332306, 53.375482799105754], [-3.1221338453430856, 53.37566253646212], [-3.1200298835329905, 53.37568230099957], [-3.120025166377642, 53.37550256351452], [-3.1197246014667153, 53.37550538397503], [-3.119719885627005, 53.37532564646589], [-3.1194193219302906, 53.37532846615143], [-3.1194146074061915, 53.37514872861818], [-3.119114044923693, 53.375151547528745], [-3.1191234714927565, 53.375511022626256], [-3.1188229064297524, 53.375513840816915], [-3.118832330671649, 53.37587331592818], [-3.119132898264536, 53.37587049770079], [-3.1191376117264435, 53.37605023522945], [-3.11943818053361, 53.37604741622709], [-3.1194428953111757, 53.37622715373166], [-3.1206451750926565, 53.376215870082454], [-3.1206546149198164, 53.37657534492743], [-3.1200534700705496, 53.37658098833879], [-3.120048752661594, 53.37640125088244], [-3.119748181425869, 53.37640407143479], [-3.1197623300098685, 53.37694328384177], [-3.11946175492839, 53.37694610369258], [-3.119457039948041, 53.37676636621095], [-3.1191564660808933, 53.37676918528674], [-3.1191517524162573, 53.37658944778103], [-3.1188511797634413, 53.37659226608182], [-3.118846467414492, 53.37641252855202], [-3.118545895976009, 53.376415346077835], [-3.11855531819456, 53.37677482116839], [-3.118254744175403, 53.37677763797426], [-3.118278294282989, 53.377676325692], [-3.118578874627438, 53.37767350879444], [-3.1185835860659927, 53.37785324630242], [-3.1179824227962465, 53.37785887937757], [-3.1179777138878926, 53.37767914183291], [-3.117677133442163, 53.37768195721712], [-3.1176818410854175, 53.37786169478012], [-3.1173812593239667, 53.377864509426004], [-3.117376552945814, 53.37768477184467], [-3.1170759723988604, 53.37768758571555], [-3.117061857363261, 53.37714837288215], [-3.1164607037080443, 53.37715399824396], [-3.1164465967179664, 53.37661478524903], [-3.1161460236096157, 53.37661759674003], [-3.1161366217323736, 53.376258121344804], [-3.1158360511034813, 53.37626093204254], [-3.115840750751835, 53.37644066976133], [-3.1155401788074153, 53.376443479720756], [-3.11558246653106, 53.37806111909651], [-3.115883049861065, 53.37805830897241], [-3.1158877500147764, 53.37823804663383], [-3.1161883345593737, 53.37823523573474], [-3.1161977375487244, 53.37859471100381], [-3.1158971504738218, 53.37859752193951], [-3.115906551135033, 53.37895699722227], [-3.1156059614792273, 53.37895980743786], [-3.1156012623885383, 53.37878006978105], [-3.115300673947391, 53.378782879221646], [-3.115295976172406, 53.37860314154082], [-3.1140936269635118, 53.378614371663026], [-3.11408893429969, 53.37843463390334], [-3.113788348136448, 53.37843743952388], [-3.113783656788237, 53.37825770174015], [-3.1134830718397, 53.378260506585725], [-3.1134783818070724, 53.378080768778005], [-3.112877214288996, 53.37808637616255], [-3.1128912769472588, 53.378625589678], [-3.112590689317148, 53.37862839228999], [-3.1126000621443075, 53.3789878679748], [-3.112900652304794, 53.37898506532629], [-3.112919403624753, 53.37970401655409], [-3.1132199987957443, 53.37970121307584], [-3.1132293772887176, 53.38006068861881], [-3.1126281818352504, 53.380066294891584], [-3.1126188084033526, 53.37970681927558], [-3.1120176178093755, 53.37971242244837], [-3.1120223019695987, 53.37989216029573], [-3.112322898557043, 53.379889359069466], [-3.1123369551358055, 53.3804285725224], [-3.110833952715635, 53.380442571359865], [-3.1108386320160597, 53.38062230925722], [-3.110237428165028, 53.38062790353135], [-3.1102280746757573, 53.38026842765808], [-3.1099274752054322, 53.38027122362361], [-3.1099181244478995, 53.37991174769098], [-3.1096175274578783, 53.37991454286335], [-3.109636224112831, 53.38063349477848], [-3.1099368261640685, 53.38063069953329], [-3.109941501718802, 53.38081043747954], [-3.110242104985099, 53.38080764145938], [-3.1102467818554618, 53.3809873793817], [-3.111749803759038, 53.38097338783842], [-3.111754487006505, 53.38115312566387], [-3.1120550925015533, 53.38115032506667], [-3.112059777064754, 53.38133006286816], [-3.1114585634935485, 53.38133566334225], [-3.1114632455763522, 53.38151540117448], [-3.1111626374498305, 53.38151820029458], [-3.1111673183175794, 53.3816979381393], [-3.111467927709502, 53.381695139000975], [-3.1114772921268554, 53.382054614636765], [-3.1117779039992723, 53.38205181470517], [-3.1117872711489296, 53.38241129028156], [-3.112087885501877, 53.38240848955668], [-3.1120972553839508, 53.38276796507366], [-3.112397872217469, 53.382765163555504], [-3.1124025584995736, 53.382944901287146], [-3.1118013222511642, 53.38295050360314], [-3.111806006052646, 53.383130241365535], [-3.11210662546755, 53.38312744056771], [-3.1121113105849236, 53.38330717830613], [-3.112411931214969, 53.383304376733236], [-3.1124259906660443, 53.38384358985938], [-3.1121253662393498, 53.38384639148702], [-3.112130051558263, 53.38402612920251], [-3.1115288000225756, 53.38403173022371], [-3.1115241172348185, 53.383851992471726], [-3.111223492657009, 53.38385479182884], [-3.1112094483925423, 53.38331557848383], [-3.1115100691736965, 53.38331277918143], [-3.1115007040514, 53.382953303625904], [-3.11120008580128, 53.38295610289185], [-3.1111954045811614, 53.382776365087246], [-3.1108947875462007, 53.38277916357815], [-3.1108901076419064, 53.382599425749596], [-3.1102888759519867, 53.38260502042451], [-3.110279521356238, 53.38224554467733], [-3.1099789079667555, 53.38224834084315], [-3.1099695561030765, 53.381888865036636], [-3.1096689451941892, 53.381891660409224], [-3.1096595960624667, 53.38153218454339], [-3.109358987634138, 53.38153497912279], [-3.1093496412342576, 53.38117550319763], [-3.1090490352864477, 53.38117829698388], [-3.109044363427253, 53.38099855899446], [-3.1087437586945725, 53.38100135200576], [-3.1087484292883985, 53.38118109001333], [-3.108447823240126, 53.381183882286], [-3.1084571620476793, 53.38154335832032], [-3.10875777062673, 53.38154056601127], [-3.1087671121659666, 53.381900041986285], [-3.109067723225621, 53.381897248884044], [-3.1090770674966546, 53.382256724799774], [-3.10937768103695, 53.38225393090436], [-3.1093870280398956, 53.38261340676076], [-3.1096876440608674, 53.382610612072156], [-3.109692318903215, 53.382790349973554], [-3.1099929361394065, 53.38278755450993], [-3.110011641073615, 53.383506505985395], [-3.110312263321601, 53.38350370969211], [-3.1103262963469973, 53.38404292318388], [-3.110626922341384, 53.384040126079114], [-3.1106362804743752, 53.384399601675206], [-3.110936908949644, 53.384396803777165], [-3.1109556308820387, 53.38511575482765], [-3.1103543637560436, 53.38512135001267], [-3.1103496857287665, 53.38494161222219], [-3.110049053355963, 53.38494440866117], [-3.1100443766446446, 53.38476467084677], [-3.109743745487196, 53.38476746651065], [-3.109734394746702, 53.38440799082821], [-3.109433766070234, 53.384410785698826], [-3.1094244180620643, 53.38405130995705], [-3.109123791866541, 53.38405410403442], [-3.109114446590583, 53.38369462823333], [-3.1094150702549523, 53.383691834192376], [-3.1094103964267896, 53.38351209630143], [-3.1091097740279783, 53.38351489032421], [-3.10910510151562, 53.38333515240932], [-3.108804480332105, 53.383337945657054], [-3.1087951379891803, 53.382978469773754], [-3.108193900533558, 53.382984053926], [-3.108189231968454, 53.382804315939374], [-3.107287379205033, 53.38281268643703], [-3.1072967087923673, 53.38317216251356], [-3.1075973289613854, 53.383169373068164], [-3.1076066612804643, 53.38352884908545], [-3.1079072839303814, 53.38352605884687], [-3.107916618981316, 53.383885534804875], [-3.1082172441121743, 53.38388274377312], [-3.1082219129785202, 53.38406248172536], [-3.1085225393247558, 53.38405968991857], [-3.1085272095069123, 53.384239427846886], [-3.1088278370685227, 53.384236635265054], [-3.1088371801147474, 53.38459611106811], [-3.109137810157359, 53.384593317693046], [-3.1091424830214702, 53.3847730555678], [-3.109443114279465, 53.38477026141765], [-3.1094524626897657, 53.38512973711356], [-3.109151828900452, 53.38513253130009], [-3.1091798677435376, 53.38621095835945], [-3.1085785848255845, 53.38621654468013], [-3.1085739140909228, 53.386036806814865], [-3.108273273822342, 53.386039598821654], [-3.108268604403647, 53.385859860932456], [-3.1079679653505847, 53.385862652164164], [-3.107939957487086, 53.384784224599606], [-3.1070380628091607, 53.38479259342629], [-3.1070427268639387, 53.38497233142254], [-3.1076439925640496, 53.384966752925315], [-3.1076486592003283, 53.385146490879485], [-3.1073480251096894, 53.38514928052473], [-3.107362021522557, 53.385688494407425], [-3.1067607455965813, 53.38569407153621], [-3.106765408636435, 53.38587380952196], [-3.10706604789023, 53.38587102131787], [-3.107075376651879, 53.38623049723587], [-3.1073760183870034, 53.38622770823856], [-3.1073806841088394, 53.3864074461708], [-3.1076813270595505, 53.38640465639841], [-3.1076906611853317, 53.386764132209386], [-3.1073900157030483, 53.38676692201812], [-3.107394681575422, 53.38694665993317], [-3.1070940347771536, 53.386949449003154], [-3.1070893701705864, 53.386769711069924], [-3.1061874332722557, 53.386778073683786], [-3.106173451145579, 53.38623885968636], [-3.105572167224075, 53.38624443086876], [-3.105553535216111, 53.38552547864684], [-3.105854172138976, 53.38552269350666], [-3.1058401948619183, 53.38498347933446], [-3.105539561736119, 53.38498626442024], [-3.105534904009638, 53.38480652633326], [-3.105234272099407, 53.38480931064402], [-3.105224959327997, 53.384449834416564], [-3.104924329898974, 53.384452617934194], [-3.1049196748540036, 53.38427287979376], [-3.104619046640542, 53.3842756625364], [-3.1046237004198907, 53.38445540069497], [-3.1043230708907585, 53.38445818269885], [-3.1043416814460105, 53.38517713534828], [-3.1046423160377703, 53.385174353271914], [-3.1046469700673662, 53.38535409140183], [-3.104947605874766, 53.38535130855046], [-3.104970883102187, 53.3862499990235], [-3.105271525188172, 53.38624721532459], [-3.1052808389611717, 53.386606691437436], [-3.1055814835286295, 53.386603906945346], [-3.1056140921726803, 53.3878620730329], [-3.105313438744353, 53.387864857651934], [-3.1053227534189083, 53.388224333661654], [-3.105022097408693, 53.38822711756], [-3.105012785265939, 53.38786764151401], [-3.1047121317374473, 53.387870424619145], [-3.10469816769648, 53.387331210452814], [-3.104998817427369, 53.38732842740207], [-3.1049941615813275, 53.38714868935331], [-3.104693513116277, 53.38715147238592], [-3.1046888585861323, 53.38697173431327], [-3.1043882113368526, 53.38697451657085], [-3.1043835581225805, 53.38679477847437], [-3.1040829120890683, 53.386797559956875], [-3.104078260190641, 53.38661782183656], [-3.1037776153728993, 53.38662060254402], [-3.1037822660055263, 53.386800340682434], [-3.102579681171331, 53.386811456015394], [-3.1025843267907063, 53.38699119422048], [-3.1028849743400495, 53.38698841650455], [-3.1028942682603695, 53.38734789286137], [-3.103194918291412, 53.38734511435231], [-3.1031902700404204, 53.38716537619486], [-3.1040922160360145, 53.38715703618033], [-3.1041154767789476, 53.3880557266387], [-3.103814821834417, 53.38805850749103], [-3.103805519918923, 53.387699031288655], [-3.1032042149433723, 53.387704590650024], [-3.103232106099103, 53.388783019405665], [-3.1035327662073926, 53.38878023999486], [-3.1035420661912196, 53.38913971616472], [-3.1029407408607517, 53.38914527430174], [-3.1029360933757917, 53.38896553618349], [-3.1026354319015557, 53.388968314098406], [-3.1026307857325475, 53.388788575956326], [-3.102029465166112, 53.38879412947903], [-3.1020341088031826, 53.38897386765728], [-3.101733447179074, 53.38897664330124], [-3.1017566597835415, 53.38987533419696], [-3.1020573277377026, 53.389872558462606], [-3.102066615661136, 53.39023203474467], [-3.102367286097464, 53.39022925821715], [-3.1023765767528615, 53.39058873444012], [-3.1017752307659165, 53.390594286810455], [-3.1017705879454196, 53.39041454866566], [-3.1014699161431296, 53.3904173236972], [-3.101465274638648, 53.390237585528624], [-3.1011646040525154, 53.39024035978507], [-3.1011738845792265, 53.39059983615261], [-3.100873211411012, 53.390602609688145], [-3.100868572388795, 53.39042287148916], [-3.100567900436779, 53.39042564424959], [-3.100577175998904, 53.390785120677975], [-3.1008778504831236, 53.39078234788142], [-3.1008824896051315, 53.39096208606894], [-3.1014838409561096, 53.390956538168574], [-3.1014884826602835, 53.39113627631425], [-3.1020898363438323, 53.391130725349534], [-3.102094480630225, 53.39131046345332], [-3.1014931244143833, 53.391316014454205], [-3.1014977662184093, 53.39149575258842], [-3.1011970867694307, 53.391498526971326], [-3.1011924462315674, 53.391318788819035], [-3.1008917679988386, 53.39132156242682], [-3.100887128777035, 53.39114182425073], [-3.100586451760559, 53.39114459708341], [-3.1005818138547894, 53.39096485888355], [-3.100281138054564, 53.39096763094112], [-3.1002765014648004, 53.39078789271746], [-3.0996751522470043, 53.390793434525335], [-3.0996705182393307, 53.390613696259884], [-3.0990691713543885, 53.39061923500349], [-3.099064539928753, 53.390439496696224], [-3.0987638676776545, 53.39044226491447], [-3.0987731280465267, 53.390801741559315], [-3.0984724532134145, 53.390804509056544], [-3.0985002279183136, 53.391882938961835], [-3.099101592728667, 53.39187740299401], [-3.099106224552835, 53.39205714125546], [-3.0988055409063517, 53.392059909635954], [-3.0988194328790684, 53.39259912444006], [-3.0985187453840712, 53.39260189211753], [-3.0985233748749956, 53.392781630392136], [-3.0982226860639392, 53.39278439733055], [-3.098236571036615, 53.393323612174086], [-3.0964324143320523, 53.393340198229474], [-3.0964185521526657, 53.39280098306189], [-3.095817173784497, 53.39280650558217], [-3.095812555689974, 53.39262676714555], [-3.0955118676976436, 53.39262952725207], [-3.0955072509190504, 53.39244978879175], [-3.095807937645125, 53.392447028703224], [-3.0957987017044375, 53.39208755180136], [-3.09519733326758, 53.39209307114945], [-3.0952019486806264, 53.39227280963919], [-3.0949012631214967, 53.392275568195565], [-3.09491049156402, 53.392635045193806], [-3.0946098034227547, 53.39263780302903], [-3.0946144164521905, 53.392817541537525], [-3.094313726995035, 53.39282029863359], [-3.094322950670175, 53.39317977566933], [-3.094623642659918, 53.39317701853734], [-3.0946282558382117, 53.39335675702866], [-3.0949289490446494, 53.39335399912158], [-3.0949335635388895, 53.39353373758923], [-3.0946328690661247, 53.39353649551426], [-3.094651322474, 53.394255449399424], [-3.0934485238250584, 53.39426647381552], [-3.093453132235498, 53.394446212344306], [-3.0928517300807554, 53.39445172004535], [-3.0928471242031152, 53.39427198148069], [-3.0925464243178236, 53.394274734177564], [-3.0925418197561103, 53.39409499558924], [-3.0922411210876777, 53.39409774751105], [-3.0922273114987875, 53.39355853165803], [-3.0919266165799213, 53.39356128276892], [-3.091949626477104, 53.39445997591829], [-3.0922503277278426, 53.39445722471779], [-3.092254931122198, 53.394636963312585], [-3.0913528234222434, 53.39464521469637], [-3.0913574230668273, 53.39482495333917], [-3.0910567191347753, 53.39482770230403], [-3.091065916039471, 53.39518717960828], [-3.0913666225044265, 53.39518443060763], [-3.0913712222974414, 53.395364169233254], [-3.0916719299793907, 53.39536141945752], [-3.091658126949403, 53.39482220361717], [-3.09195883078249, 53.39481945313798], [-3.091963433009438, 53.39499919173926], [-3.09226413805946, 53.39499644048499], [-3.092287156269196, 53.39589513331586], [-3.0916857334548062, 53.39590063524638], [-3.091681132246841, 53.39572089665583], [-3.09138042203191, 53.39572364646739], [-3.0913758221399363, 53.395543907853195], [-3.0910751131420233, 53.39554665688965], [-3.091084310442439, 53.395906134148134], [-3.0907835988620467, 53.39590888246322], [-3.090792793827265, 53.39626835973461], [-3.090492079664351, 53.39627110732831], [-3.0904966759545864, 53.39645084597332], [-3.089594529369581, 53.39645908426484], [-3.0895899368790145, 53.396279345566164], [-3.0892892225184174, 53.396282090131045], [-3.0892938137424255, 53.39646182884759], [-3.0883916665646884, 53.3964700580526], [-3.088400841561391, 53.39682953557575], [-3.088701559869829, 53.39682679322889], [-3.0887061487088032, 53.397006531964], [-3.089006868234481, 53.39700378884207], [-3.08901145838943, 53.3971835275536], [-3.089312179132344, 53.39718078365657], [-3.089316770603298, 53.39736052234451], [-3.089016048593757, 53.39736326625941], [-3.0890298195030077, 53.39790248234254], [-3.08933054531251, 53.39789973837402], [-3.0893351369810333, 53.39807947703908], [-3.089635864007821, 53.398076732295415], [-3.0896404569924325, 53.39825647093687], [-3.0899411852365066, 53.398253725418115], [-3.089950373887383, 53.3986132026481], [-3.090251104615462, 53.398610456336264], [-3.090255700281769, 53.398790194924814], [-3.0908571641230638, 53.39878469999359], [-3.090866360671003, 53.399144177081894], [-3.0905656262415753, 53.39914692496195], [-3.0905702233229695, 53.39932666351541], [-3.090269487577316, 53.399329410656065], [-3.090264891762695, 53.399149672084704], [-3.088761218626977, 53.39916339633927], [-3.088756629195604, 53.39898365767279], [-3.0884558956870576, 53.398986400234], [-3.088446719505912, 53.39862692284815], [-3.0887474504809718, 53.3986241803227], [-3.088738271963814, 53.39826470294969], [-3.089039000356073, 53.39826195970268], [-3.0890344099048495, 53.398082221025454], [-3.0887336827792864, 53.39808496425459], [-3.0887290936441265, 53.39790522555381], [-3.087526189715076, 53.39791619082642], [-3.0875216056959616, 53.39773645204848], [-3.087220880857058, 53.397739191455685], [-3.0872300464112405, 53.398098669041524], [-3.086628591518835, 53.39810414565551], [-3.0866606547770505, 53.39936231727552], [-3.0860591819531664, 53.39936779111005], [-3.086063760082133, 53.39954752992569], [-3.085462284527655, 53.39955300076671], [-3.0854668601722466, 53.39973273961224], [-3.085166121054354, 53.399735473914625], [-3.0851569723480052, 53.39937599618218], [-3.0848562357145184, 53.39937872969166], [-3.084851662701943, 53.39919899079907], [-3.084550927286046, 53.39920172353343], [-3.084555499031834, 53.39938146244382], [-3.0842547622999703, 53.3993841944387], [-3.084259332828138, 53.39956393336118], [-3.084560070826804, 53.39956120134851], [-3.0845692145642887, 53.39992067914071], [-3.0848699550474135, 53.399917946335144], [-3.084879101515329, 53.400277424068875], [-3.0851798444829535, 53.40027469047038], [-3.085184419057576, 53.40045442931086], [-3.0842821862065133, 53.40046262788777], [-3.0842913279020623, 53.40082210565839], [-3.0845920747687194, 53.400819373521145], [-3.0845966469571637, 53.40099911238009], [-3.0848973950415424, 53.40099637946771], [-3.0849065420998554, 53.40135585713282], [-3.0843050408141846, 53.40136132227143], [-3.084300469794303, 53.401181583406135], [-3.083999720344637, 53.40118431482164], [-3.083990580986231, 53.40082483703831], [-3.08368983402124, 53.40082756766089], [-3.0836806973932576, 53.40046808981913], [-3.0833799529129053, 53.400470819648824], [-3.083398221297834, 53.4011897753806], [-3.082796722054497, 53.401195232910204], [-3.0828058514739696, 53.40155471081289], [-3.0825050992447385, 53.40155743847722], [-3.0825096627611672, 53.401737177437745], [-3.081908155621493, 53.40174263052985], [-3.081912716653049, 53.40192236952019], [-3.0822134715144114, 53.40191964333504], [-3.0822225962587395, 53.40227912126306], [-3.0825233536050276, 53.402276394285046], [-3.0825324810797516, 53.40263587215464], [-3.082231721199402, 53.40263859916821], [-3.082227158704528, 53.402458860218495], [-3.0819264000421316, 53.402461586456894], [-3.0819218388633667, 53.40228184748371], [-3.0813203239254285, 53.40228729765289], [-3.081329441263895, 53.40264677566455], [-3.0816302012914587, 53.40264405092314], [-3.0816347613013115, 53.40282378990267], [-3.0813340000066938, 53.402826514661804], [-3.0813385587985374, 53.40300625365332], [-3.0807370335280435, 53.40301170093493], [-3.080741589834769, 53.40319143995624], [-3.080440825858905, 53.40319416247869], [-3.080445380947552, 53.40337390151201], [-3.0801446156555854, 53.4033766232948], [-3.080149169526128, 53.40355636234012], [-3.079848402918056, 53.403559083383215], [-3.079852955570466, 53.403738822440545], [-3.080153723445663, 53.40373610137975], [-3.080158277414193, 53.40391584041362], [-3.0804590465075337, 53.40391311857765], [-3.0804636017922107, 53.40409285758813], [-3.0807643721036952, 53.404090134977004], [-3.0807780420533133, 53.40462935192087], [-3.079875719567236, 53.404637517641525], [-3.079884825508823, 53.40499699568189], [-3.0792832718709686, 53.40500243577934], [-3.079278721410127, 53.404822696726576], [-3.078977945784979, 53.404825415621424], [-3.0789733966403032, 53.404645676545236], [-3.07837184777761, 53.404651112027175], [-3.0783809410470377, 53.40501059024464], [-3.078080164007875, 53.40501330688486], [-3.078093800477139, 53.4055525242213], [-3.078394581318059, 53.405549807528004], [-3.078408222029353, 53.40608902475994], [-3.077806652694846, 53.40609445749522], [-3.0778021082767766, 53.405914718388225], [-3.076899757710273, 53.40592286175701], [-3.076904298326417, 53.406102600917045], [-3.0772050831647637, 53.40609988720056], [-3.0772096250970846, 53.4062796263372], [-3.077510411153888, 53.40627691184558], [-3.077514954402411, 53.40645665095882], [-3.076913379705265, 53.40646207921995], [-3.0769088389914123, 53.40628234007136], [-3.0766080528368884, 53.406285053047995], [-3.076635290248594, 53.407363487959906], [-3.076334496440994, 53.40736620028508], [-3.076329958017676, 53.4071864611297], [-3.0760291654286536, 53.407189172679686], [-3.0760337025845645, 53.407368911852735], [-3.075432114725266, 53.407374332715484], [-3.0754411841138265, 53.40773381111503], [-3.0814571046035284, 53.40767946542676], [-3.0814343047578667, 53.40678077115506], [-3.0817350939311137, 53.406778046005414], [-3.0817396550694904, 53.406957784853454], [-3.0823412358034834, 53.40695233224615], [-3.0823503632970066, 53.40731180985401], [-3.082951948904133, 53.407306354145646], [-3.082961081663719, 53.40766583165953], [-3.085066647484058, 53.40764671256961], [-3.0850620722077857, 53.40746697394005], [-3.085362865860764, 53.40746423962924], [-3.085353712921115, 53.40710476238859], [-3.0850529218029243, 53.40710749666379], [-3.085048346674331, 53.40692775801709], [-3.085649926326733, 53.406922288744816], [-3.0856545039900682, 53.40710202735589], [-3.0862560859802026, 53.40709655501797], [-3.086269826870117, 53.40763577070996], [-3.0877737999937462, 53.4076220763413], [-3.087764626677168, 53.40726259939743], [-3.088065418619098, 53.40725985828687], [-3.088060830767453, 53.4070801198242], [-3.0874592493690045, 53.407085601252135], [-3.087454664101452, 53.406905862748054], [-3.0871538745955873, 53.40690860230793], [-3.087149290644724, 53.40672886378028], [-3.086848502356893, 53.406731602564804], [-3.08684391972269, 53.4065518640136], [-3.0865431326528943, 53.40655460202281], [-3.0865293888480525, 53.406015386281354], [-3.08622860553091, 53.40601812347958], [-3.086233185482599, 53.40619786208361], [-3.0850300466521996, 53.40620880337307], [-3.085034621583897, 53.40638854204264], [-3.0844330493386756, 53.406394008178104], [-3.0844376217849314, 53.406573746877584], [-3.0835352592461645, 53.40658194045303], [-3.0835306906019104, 53.406402201700175], [-3.0838314768966706, 53.40639947128364], [-3.0838223372209983, 53.40603999379637], [-3.0841231209319635, 53.40603726265794], [-3.0841185499005834, 53.405857523923515], [-3.0853216791833393, 53.40584659186622], [-3.0853171031320272, 53.40566685319728], [-3.0868210072912317, 53.405653171171764], [-3.086825589678917, 53.40583290975157], [-3.087727935384748, 53.40582469139317], [-3.0877141769642704, 53.40528547579719], [-3.088014954965777, 53.40528273488303], [-3.088005780397717, 53.40492325782616], [-3.0889081065027244, 53.40491503064614], [-3.088912697563721, 53.40509476912385], [-3.089213474100499, 53.40509202519775], [-3.0892226589051424, 53.40545150210025], [-3.089523437926979, 53.405448757380945], [-3.08953262546378, 53.40580823422482], [-3.089833406970713, 53.4058054887123], [-3.0898471924484845, 53.40634470388154], [-3.090147977707857, 53.406341957557906], [-3.0901525742333136, 53.40652169591831], [-3.090754147138319, 53.40651620096278], [-3.0907587462478965, 53.406695939281676], [-3.0922626839808816, 53.40668218854735], [-3.0922672894766605, 53.40686192677096], [-3.092568078142001, 53.4068591743337], [-3.0925634713788814, 53.40667943612802], [-3.093766620475092, 53.40666841887584], [-3.09377584418967, 53.407027895137944], [-3.0943774235094934, 53.40702238189512], [-3.0943820379759432, 53.40720211998168], [-3.0949836196319014, 53.40719660367295], [-3.09499285378328, 53.407556079757015], [-3.095293647071519, 53.407553320430466]], [[-3.0814343047578667, 53.40678077115506], [-3.081133515535557, 53.40678349554722], [-3.0811289569809617, 53.40660375665797], [-3.081429744935917, 53.40660103228357], [-3.0814343047578667, 53.40678077115506]], [[-3.094659750656298, 53.40630067180589], [-3.0925542580013334, 53.40631995969949], [-3.092549651386905, 53.40614022147666], [-3.0913465167054426, 53.40615122639398], [-3.09134191520973, 53.405971488093726], [-3.0910411326828497, 53.40597423741148], [-3.091036532503921, 53.405794499087605], [-3.0904349698362474, 53.40579999541488], [-3.0904211771999135, 53.4052607803015], [-3.090721954756737, 53.40525803257027], [-3.090712757378733, 53.404898555835224], [-3.0901112072844876, 53.404904050468616], [-3.0900974191916437, 53.40436483521575], [-3.0903981904619484, 53.404362088331446], [-3.0903935932627378, 53.40418234992027], [-3.0900928232595897, 53.40418509678668], [-3.0900882273769805, 53.404005358351895], [-3.089486689756646, 53.404010849776675], [-3.0894912831049677, 53.404190588247246], [-3.089190512953522, 53.40419333284139], [-3.089185920872345, 53.40401359435296], [-3.0885843829555446, 53.404019081233244], [-3.0885797934580337, 53.40383934270336], [-3.088279025692696, 53.40384208498952], [-3.08827443751168, 53.40366234643605], [-3.0879736709640975, 53.403665087946926], [-3.0879644972843505, 53.40330561078712], [-3.0885660252617564, 53.403300127079376], [-3.08857061461114, 53.403479865626416], [-3.0888713797928804, 53.403477122618575], [-3.088875970458744, 53.40365686114204], [-3.0891767368582, 53.403654117358926], [-3.0891813288405707, 53.40383385585881], [-3.0909859338020653, 53.403817377147284], [-3.0909813342170027, 53.403637638754745], [-3.0918836322285506, 53.40362938922771], [-3.091879028891678, 53.403449650883196], [-3.0927813226562098, 53.403441394593315], [-3.0927767155676142, 53.40326165629684], [-3.092475952296066, 53.403264409132944], [-3.0924667408016897, 53.40290493248698], [-3.092165980014714, 53.402907684529836], [-3.0921521669458545, 53.4023684694642], [-3.0918514099104297, 53.4023712206959], [-3.0918468069202136, 53.40219148231132], [-3.091546051102271, 53.40219423276775], [-3.091541449428563, 53.40201449435955], [-3.092142958480952, 53.40200899272516], [-3.0921475626886368, 53.40218873109753], [-3.0924483184075267, 53.40218597912639], [-3.092452923931745, 53.40236571747513], [-3.0927536808680887, 53.40236296472869], [-3.092758287708869, 53.40254270305377], [-3.0930590458626646, 53.402539949532034], [-3.093063654020033, 53.40271968783343], [-3.0933644133912783, 53.40271693353639], [-3.0933690228652617, 53.40289667181413], [-3.093669783453958, 53.402893916741775], [-3.0936790050848164, 53.40325339324421], [-3.0933782419620033, 53.40325614835249], [-3.0933966807505935, 53.40397510136052], [-3.093697448941807, 53.403972346180446], [-3.0937020600300738, 53.40415208440019], [-3.0927997515062557, 53.404160347721955], [-3.092804358842686, 53.404340085989816], [-3.092503587968443, 53.40434283893349], [-3.092508194087277, 53.404522577213555], [-3.092207421896314, 53.40452532941775], [-3.0922166317482844, 53.40488480599656], [-3.0919158569734075, 53.404887557479185], [-3.0919112532898434, 53.404707819174696], [-3.0916104797326276, 53.404710569881956], [-3.0916058773657733, 53.40453083155385], [-3.0913051050262226, 53.404533581485744], [-3.0913143072750757, 53.404893058172064], [-3.091615082148999, 53.40489030820434], [-3.0916242871302924, 53.40524978483195], [-3.0919250644891267, 53.405247034070946], [-3.0919296683212854, 53.40542677235825], [-3.09253122542481, 53.40542126852805], [-3.0925266190581873, 53.40524153027659], [-3.092827396268385, 53.405238777243234], [-3.0928320039022394, 53.405418515476775], [-3.0934335607083674, 53.405413007101856], [-3.0934381709262837, 53.405592745293795], [-3.093738950522198, 53.405589989952205], [-3.093743562056971, 53.40576972812045], [-3.0940443428705264, 53.405766972003455], [-3.094048955722186, 53.40594671014804], [-3.0943497377533804, 53.40594395325562], [-3.0943543519219525, 53.40612369137652], [-3.094655135170785, 53.406120933708685], [-3.094659750656298, 53.40630067180589]], [[-3.081124398475414, 53.40642401776302], [-3.0808236117387553, 53.40642674136219], [-3.08081905454958, 53.40624700244377], [-3.0805182690312174, 53.40624972526773], [-3.0805137131583886, 53.40606998632587], [-3.0802129288583244, 53.406072708374595], [-3.0802038197943045, 53.40571323043825], [-3.079903037979828, 53.405715951694056], [-3.079884825508823, 53.40499699568189], [-3.08018560225428, 53.404994274497], [-3.080199265335798, 53.40553349146152], [-3.0805000458339973, 53.405530769465976], [-3.080509157334575, 53.405890247378274], [-3.0808099403183227, 53.405887524589815], [-3.080814497409435, 53.406067263519645], [-3.081115281611453, 53.40606453995596], [-3.081124398475414, 53.40642401776302]], [[-3.0853079511771027, 53.40530737584228], [-3.0850071727320194, 53.405310109939364], [-3.085002598095642, 53.40513037123547], [-3.085303375273489, 53.40512763715621], [-3.0853079511771027, 53.40530737584228]], [[-3.0840911247450493, 53.40477909139692], [-3.083790349904852, 53.40478182241084], [-3.083785780484912, 53.4046020836186], [-3.084086554057911, 53.404599352622476], [-3.0840911247450493, 53.40477909139692]], [[-3.096112835184824, 53.40430975361952], [-3.0955112944786465, 53.40431527541272], [-3.0955066757378975, 53.40413553730648], [-3.0952059065774087, 53.40413829704896], [-3.09520128915348, 53.40395855891904], [-3.0949005212104446, 53.403961317886115], [-3.0948959051033103, 53.40378157973248], [-3.0942943716025, 53.40378709535855], [-3.0942851446056086, 53.40342761896224], [-3.0939843803149416, 53.40343037560324], [-3.0939705439930485, 53.402891160912], [-3.0945720649223643, 53.402885646980344], [-3.094553607051686, 53.40216669412223], [-3.0939520962585036, 53.40217220791023], [-3.0939474844489068, 53.401992469645485], [-3.093646730244869, 53.40199522538548], [-3.0936421197518564, 53.40181548709707], [-3.09334136676519, 53.401818242061765], [-3.0933321484618626, 53.401458765431855], [-3.093632898914627, 53.40145601050305], [-3.093628288570411, 53.401276272197435], [-3.09392903770665, 53.401273516529244], [-3.093933649317795, 53.40145325481687], [-3.0945351499752802, 53.40144774117254], [-3.094539764169921, 53.40162747941855], [-3.0948405156911516, 53.401624721442396], [-3.0948451312023875, 53.40180445966472], [-3.095145883940918, 53.40180170091325], [-3.0951505007687743, 53.40198143911189], [-3.0954512547246043, 53.40197867958509], [-3.0954604910632972, 53.40233815592923], [-3.0957612475034164, 53.402335395609114], [-3.0957751061851466, 53.40287461002846], [-3.096075866376628, 53.40287184889703], [-3.0960897293068337, 53.40341106321088], [-3.0963904932497806, 53.40340830126812], [-3.096395115593032, 53.40358803934329], [-3.0966958807533373, 53.40358527662515], [-3.096700504413418, 53.40376501467662], [-3.0963997379860126, 53.40376777741276], [-3.0964043604287252, 53.40394751547649], [-3.0961035926844764, 53.40395027747325], [-3.096112835184824, 53.40430975361952]], [[-3.0876820757100547, 53.40402730587309], [-3.087381306529534, 53.40403004590486], [-3.087376722100559, 53.40385030730354], [-3.0876774900139434, 53.40384756728962], [-3.0876820757100547, 53.40402730587309]], [[-3.0852759208856324, 53.40404920491962], [-3.0846743816869857, 53.40405467210706], [-3.0846698086622575, 53.403874933345335], [-3.085271345326621, 53.403869466193505], [-3.0852759208856324, 53.40404920491962]], [[-3.087376722100559, 53.40385030730354], [-3.0867751861258363, 53.403855785059164], [-3.086770604280428, 53.403676046416464], [-3.0864698374862423, 53.40367878414031], [-3.0864652569572364, 53.40349904547404], [-3.085863725755261, 53.403504518613886], [-3.0858545699134483, 53.403145041192914], [-3.0864560960470633, 53.40313956812436], [-3.0864606764775098, 53.40331930680208], [-3.08676144073749, 53.40331656911387], [-3.0867660224843125, 53.40349630776802], [-3.0870667879620948, 53.40349356930459], [-3.08707137102532, 53.403673307935186], [-3.0873721377209042, 53.40367056869652], [-3.087376722100559, 53.40385030730354]], [[-3.0846698086622575, 53.403874933345335], [-3.0843690402562705, 53.403877665785146], [-3.084364468547868, 53.40369792699989], [-3.0846652356867277, 53.4036951945779], [-3.0846698086622575, 53.403874933345335]], [[-3.084364468547868, 53.40369792699989], [-3.084063701359824, 53.403700658664484], [-3.084059130967723, 53.40352091985572], [-3.084359896888652, 53.40351818820893], [-3.084364468547868, 53.40369792699989]], [[-3.0921751889749665, 53.403267161211645], [-3.0915736621841696, 53.403272663096864], [-3.091569060213415, 53.40309292472299], [-3.0900652487055957, 53.40310666609216], [-3.0900606531196457, 53.40292692762304], [-3.089759891936765, 53.402929673606835], [-3.089732327061373, 53.4018512425647], [-3.0903338341735376, 53.40184575005442], [-3.0903384307298327, 53.40202548853997], [-3.0906391854787265, 53.40202274113091], [-3.0906437833514646, 53.40220247959283], [-3.091245295234823, 53.4021969824668], [-3.091249895691034, 53.402376720887204], [-3.091550652825486, 53.40237397117025], [-3.0915598564204347, 53.402733447958056], [-3.0918606160394253, 53.4027306974479], [-3.0918698223665055, 53.403090174176995], [-3.0921705844700726, 53.4030874228736], [-3.0921751889749665, 53.403267161211645]], [[-3.0858545699134483, 53.403145041192914], [-3.085553806772759, 53.403147776591084], [-3.0855492301928007, 53.402968037854194], [-3.0858499920664184, 53.402965302473824], [-3.0858545699134483, 53.403145041192914]], [[-3.0831431334324924, 53.40298989363108], [-3.0828423711162385, 53.40299262219493], [-3.082837805989065, 53.40281288329219], [-3.0831385670382567, 53.40281015474613], [-3.0831431334324924, 53.40298989363108]], [[-3.0819400838728503, 53.40300080334216], [-3.0816393213602233, 53.40300352887643], [-3.0816347613013115, 53.40282378990267], [-3.081935522546872, 53.402821064386124], [-3.0819400838728503, 53.40300080334216]], [[-3.098176556577747, 53.40267276178046], [-3.0975750393756027, 53.40267829385319], [-3.0975704122129213, 53.402498555821396], [-3.0966681398374325, 53.40250684819616], [-3.096658893263384, 53.40214737200738], [-3.0963581382393874, 53.402150134581575], [-3.0963350290094063, 53.401251443919456], [-3.096635777698653, 53.401248681435234], [-3.0966265318209025, 53.40088920516631], [-3.096325785665461, 53.40089196761454], [-3.0963165425203907, 53.40053249128673], [-3.0960157988489807, 53.40053525294167], [-3.096006558436477, 53.40017577655498], [-3.0966080406621868, 53.40017025255976], [-3.09661266337727, 53.400349990719974], [-3.097514890143345, 53.40034169899334], [-3.0975102636277443, 53.40016196088712], [-3.0978110045167413, 53.40015919548162], [-3.097815632299181, 53.40033893356983], [-3.098116374405232, 53.400336167389014], [-3.0981210035043065, 53.40051590545348], [-3.098722490100699, 53.400510370783884], [-3.0987178584679236, 53.40033063275548], [-3.098417116461483, 53.4003334004509], [-3.098407855879065, 53.39997392434085], [-3.098107116356474, 53.39997669124293], [-3.098102487406792, 53.39979695316129], [-3.0978017491012135, 53.39979971928805], [-3.097792493884816, 53.399440243071574], [-3.0974917580630352, 53.39944300840501], [-3.0974963843795598, 53.39962274653412], [-3.097195647241226, 53.399625511128285], [-3.097186397191501, 53.399266034828315], [-3.09688566253697, 53.39926879862919], [-3.09687179163576, 53.3987295840823], [-3.097172522490059, 53.39872682033543], [-3.0971771473407865, 53.398906558505445], [-3.0977786114335752, 53.3989010287039], [-3.0977832388675424, 53.39908076683219], [-3.0980839721060174, 53.39907800077751], [-3.0980886008565194, 53.399257738882035], [-3.0983893353119547, 53.39925497205204], [-3.0983939653790196, 53.39943471013284], [-3.098694701051416, 53.39943194252755], [-3.0987039638685476, 53.399791418635886], [-3.099004702024697, 53.39978865023726], [-3.099009334774805, 53.39996838826481], [-3.099310074147925, 53.39996561909085], [-3.0993193423313117, 53.4003250950927], [-3.099620084188235, 53.40032232512536], [-3.099629355104741, 53.40068180106823], [-3.0999300994455052, 53.400679030307494], [-3.0999440099949385, 53.40121824412472], [-3.10024475808648, 53.401215472552465], [-3.100249396302971, 53.40139521046204], [-3.099347148077965, 53.40140352296086], [-3.0993564170590315, 53.40176299887112], [-3.098754912925304, 53.40176853682245], [-3.0987502809437295, 53.40158879883412], [-3.098148779144566, 53.40159433372003], [-3.0981441497466853, 53.4014145956899], [-3.097542650282175, 53.401420127510406], [-3.0975565310235487, 53.40195934169166], [-3.097857284581539, 53.401956576106045], [-3.0978665411919697, 53.402316052162234], [-3.098468053226484, 53.40231051864683], [-3.0984634223623995, 53.40213078065764], [-3.0981626676370317, 53.402133547775996], [-3.098158038089739, 53.40195380976307], [-3.09875954495671, 53.40194827480506], [-3.0987641770379466, 53.402128012781944], [-3.099365686239533, 53.402122474758464], [-3.0993610516243515, 53.401942736817645], [-3.0996618048833913, 53.40193996668792], [-3.0996710766975664, 53.40229944252773], [-3.098768809169018, 53.4023077507531], [-3.0987734413499233, 53.402487488718535], [-3.0981719268810357, 53.402493023784686], [-3.098176556577747, 53.40267276178046]], [[-3.082837805989065, 53.40281288329219], [-3.0825370448907625, 53.40281561108089], [-3.0825324810797516, 53.40263587215464], [-3.0828332409110044, 53.402633144383735], [-3.082837805989065, 53.40281288329219]], [[-3.0888162956545897, 53.40132025989078], [-3.0879140455738714, 53.401328485999095], [-3.087900287052623, 53.40078927002769], [-3.0885017795543073, 53.400783786819986], [-3.0885063682125224, 53.400963525447125], [-3.0888071156562247, 53.400960782689396], [-3.0888162956545897, 53.40132025989078]], [[-3.1026275000125585, 53.40029458380008], [-3.1014245342820965, 53.400305689417834], [-3.1014152483631645, 53.39994621366879], [-3.101114509339289, 53.39994898814381], [-3.1011098677215445, 53.39976925024263], [-3.100809129914541, 53.39977202394231], [-3.1008044896135183, 53.39959228601733], [-3.100503753023385, 53.39959505894166], [-3.1004991140390574, 53.39941532099288], [-3.1001983786657963, 53.39941809314186], [-3.1001891033803646, 53.39905861719103], [-3.0998883704907287, 53.39906138854664], [-3.0998837341895826, 53.39888165054457], [-3.09958300251681, 53.398884421124855], [-3.0995783675322612, 53.398704683099005], [-3.0992776370763537, 53.39870745290398], [-3.099273003408377, 53.398527714854396], [-3.0989722741693346, 53.398530483884066], [-3.098967641817902, 53.398350745810696], [-3.098666913795726, 53.39835351406509], [-3.098662282760811, 53.39817377596798], [-3.0980608291003913, 53.39817931016894], [-3.098056200648639, 53.39799957203005], [-3.100161278721372, 53.39798018920108], [-3.100165916039822, 53.39815992721371], [-3.1004666425460243, 53.39815715519112], [-3.100475919865958, 53.39851663116311], [-3.100776648855637, 53.39851385834715], [-3.1007812888571618, 53.39869359630649], [-3.1010820190636355, 53.39869082271521], [-3.101077377795402, 53.39851108477394], [-3.101979564315079, 53.398502759510755], [-3.1019842093834304, 53.3986824973978], [-3.1016834793267836, 53.39868527326087], [-3.1016881231783833, 53.39886501116028], [-3.1013873918050616, 53.39886778628416], [-3.101401319859361, 53.39940700000224], [-3.102002790156532, 53.39940144888875], [-3.102007435474733, 53.399581186747156], [-3.1029096443459823, 53.39957285434306], [-3.1029142935145146, 53.39975259214146], [-3.1026135560073094, 53.3997553703849], [-3.1026182039590564, 53.39993510819568], [-3.1029189427330612, 53.39993232993416], [-3.102923592001622, 53.40011206772113], [-3.1026228519608066, 53.40011484600075], [-3.1026275000125585, 53.40029458380008]], [[-3.088779576846183, 53.399882350947976], [-3.0884788370036773, 53.3998850935985], [-3.088474248641636, 53.39970535493703], [-3.0887749872173216, 53.399702612304374], [-3.088779576846183, 53.399882350947976]], [[-3.1035018134226915, 53.39920782007896], [-3.102900346158957, 53.399213378729044], [-3.102895697140462, 53.39903364091344], [-3.103497161870711, 53.39902808229957], [-3.1035018134226915, 53.39920782007896]], [[-3.106199087775881, 53.39882329343042], [-3.105296895757795, 53.398831650607114], [-3.1052875777035513, 53.39847217523716], [-3.1055883058929763, 53.39846939030513], [-3.105583645674348, 53.398289652629686], [-3.106485826141736, 53.398281293344546], [-3.106495154229254, 53.3986407685808], [-3.10619442492357, 53.39864355580274], [-3.106199087775881, 53.39882329343042]], [[-3.1025856693468055, 53.39867694339989], [-3.10228493939011, 53.398679720777466], [-3.1022802930550535, 53.398499982908525], [-3.102581021745046, 53.39849720554902], [-3.1025856693468055, 53.39867694339989]], [[-3.0965710607317245, 53.39873234707189], [-3.0962703297779663, 53.398735109304226], [-3.096265708777141, 53.3985553710745], [-3.096566438464182, 53.39855260886015], [-3.0965710607317245, 53.39873234707189]], [[-3.095363519417816, 53.39856365317396], [-3.0947620595965684, 53.39856917078731], [-3.094757444978988, 53.398389432461954], [-3.0941559874925937, 53.39839494701033], [-3.094151375458045, 53.39821520864334], [-3.0938506479071175, 53.39821796476369], [-3.093841426520212, 53.397858487976656], [-3.0950443262927863, 53.397847459095416], [-3.0950489420281158, 53.398027197419964], [-3.095650394149877, 53.39802167839994], [-3.095659630836241, 53.398381154959964], [-3.0953589022668204, 53.398383914884576], [-3.095363519417816, 53.39856365317396]], [[-3.10557898550585, 53.39810991494853], [-3.1040753567244566, 53.39812383185484], [-3.104070702939377, 53.3979440940773], [-3.1037699782995163, 53.39794687516872], [-3.1037653258311435, 53.39776713736733], [-3.1034646024078834, 53.397769917683405], [-3.103441347149738, 53.396871228500046], [-3.1031406300094764, 53.396874007968364], [-3.1031359803745056, 53.39669427009639], [-3.102835264450792, 53.39669704878941], [-3.102821319645586, 53.39615783508486], [-3.1034227438437623, 53.39615227705023], [-3.1034273945952138, 53.396332014921285], [-3.1040288211263296, 53.39632645382167], [-3.104042781280159, 53.39686566729177], [-3.104343498270291, 53.396862885551826], [-3.1043481530215895, 53.3970426233456], [-3.104949589384781, 53.39703705755784], [-3.104954246719331, 53.39721679530965], [-3.105555685415304, 53.39721122645676], [-3.1055650053011377, 53.39757070187065], [-3.1058657271071564, 53.397567916272095], [-3.105870388391893, 53.39774765395231], [-3.1061711114143966, 53.39774486757837], [-3.1061757740159157, 53.39792460523469], [-3.1055743253874835, 53.397930177261635], [-3.10557898550585, 53.39810991494853]], [[-3.1019656294098326, 53.39796354581522], [-3.1016649044199243, 53.39796632160596], [-3.1016602608180928, 53.397786583677934], [-3.101359537044885, 53.39778935869335], [-3.10134561033897, 53.39725014482065], [-3.100443450119404, 53.39725846516094], [-3.1004388117837687, 53.39707872713771], [-3.100138092877372, 53.39708149905199], [-3.1001241819695458, 53.39654228489382], [-3.1004248970762234, 53.39653951303371], [-3.1004295352621787, 53.39671925107411], [-3.1010309678589616, 53.39671370504615], [-3.1010356086279534, 53.39689344304472], [-3.1013363261180436, 53.39689066887687], [-3.101340968203539, 53.397070406851626], [-3.101641686910277, 53.3970676319085], [-3.1016509737642837, 53.397427107804646], [-3.1019516949542796, 53.39742433206814], [-3.1019656294098326, 53.39796354581522]], [[-3.0923424050239428, 53.39805199552629], [-3.0920416784423135, 53.3980547470852], [-3.0920370753736917, 53.39787500858121], [-3.0917363500092203, 53.39787775936496], [-3.091727146553835, 53.39751828230398], [-3.09142642367317, 53.397521032294655], [-3.0914172229490426, 53.39716155517496], [-3.091717943296451, 53.39715880522012], [-3.0917225449003922, 53.39733854376492], [-3.0923239879799373, 53.397333041547704], [-3.092328592166646, 53.39751278005094], [-3.092629314898767, 53.39751002778856], [-3.0926339204016484, 53.397689766268144], [-3.0923331964028824, 53.39769251854844], [-3.0923424050239428, 53.39805199552629]], [[-3.1070499489266648, 53.39683781581794], [-3.106448515798473, 53.396843392170354], [-3.10644385223132, 53.396663654497814], [-3.1061431368585266, 53.396666441520054], [-3.1061244881576564, 53.395947490699946], [-3.106425198464352, 53.39594470375032], [-3.1064205351480174, 53.395764966049114], [-3.1067212441380616, 53.39576217836045], [-3.106716579605412, 53.39558244067166], [-3.1064158718818446, 53.39558522834218], [-3.106397219318756, 53.394866277457155], [-3.1060965166107968, 53.394869064297886], [-3.1060918548618304, 53.394689326544146], [-3.105490451828313, 53.39469489791786], [-3.105485792662282, 53.39451516012211], [-3.1051850923367406, 53.39451794465513], [-3.1051804344872083, 53.39433820683551], [-3.1054811335463675, 53.39433542232066], [-3.1054764744805667, 53.39415568451344], [-3.105777172223242, 53.39415289925958], [-3.1057725119411987, 53.39397316146477], [-3.1060732083673916, 53.39397037547194], [-3.106077869915787, 53.39415011324859], [-3.106378567558193, 53.39414732648045], [-3.1063832304231, 53.39432706423323], [-3.106683929281717, 53.39432427668981], [-3.1066885934631596, 53.3945040144187], [-3.1069892935379873, 53.39450122609999], [-3.1069939590359934, 53.39468096380496], [-3.1072946603270304, 53.39467817471096], [-3.1072993271416274, 53.39485791239205], [-3.1076000296488724, 53.39485512252273], [-3.1076233708070875, 53.39575381075139], [-3.1079240795963496, 53.39575102003401], [-3.1079334189441297, 53.396110495249026], [-3.108234130216147, 53.396107703738124], [-3.108238801231897, 53.39628744131883], [-3.107637376104604, 53.396293023619826], [-3.1076327076218813, 53.396113286002745], [-3.1073319962494157, 53.396116075999295], [-3.1073366634656234, 53.39629581363454], [-3.1070359507764382, 53.39629860289207], [-3.1070499489266648, 53.39683781581794]], [[-3.093818373920891, 53.396959795908906], [-3.093216936403262, 53.39696530562664], [-3.093212328565361, 53.39678556716004], [-3.0938137635498126, 53.39678005747818], [-3.093818373920891, 53.396959795908906]], [[-3.0995134829835695, 53.39618835013616], [-3.0992127702603773, 53.39619111968856], [-3.0992035043698087, 53.39583164342333], [-3.099504214559972, 53.395828873906986], [-3.0995134829835695, 53.39618835013616]], [[-3.0980052909652733, 53.396022452124434], [-3.0977045792595623, 53.39602521787287], [-3.0976999526717393, 53.39584547964726], [-3.096797821055589, 53.39585377229541], [-3.0967885756281954, 53.395494295719004], [-3.0970892836836703, 53.39549153229615], [-3.0970939076389916, 53.39567127056921], [-3.0976953261336853, 53.39566574141594], [-3.0976906996453955, 53.39548600317888], [-3.0979914075516177, 53.39548323748449], [-3.0979867798466243, 53.39530349925973], [-3.0982874864365972, 53.39530073282617], [-3.098292115408059, 53.39548047103293], [-3.0988935309715533, 53.395474935858275], [-3.0988981625257708, 53.39565467402324], [-3.0991988714992753, 53.39565190528212], [-3.0992035043698087, 53.39583164342333], [-3.0980006631109416, 53.39584271391685], [-3.0980052909652733, 53.396022452124434]], [[-3.1058191170174587, 53.395770539154896], [-3.1052176986863618, 53.395776109231996], [-3.105213040486101, 53.3955963714525], [-3.104912332511865, 53.39559915533714], [-3.104907675628175, 53.39541941753375], [-3.104306262062373, 53.39542498299528], [-3.1042969535110565, 53.39506550729886], [-3.1039962491859465, 53.39506828885763], [-3.1039915962518108, 53.39488855098272], [-3.1042922993104938, 53.394885769442055], [-3.1042876451599932, 53.39470603157953], [-3.1045883469022013, 53.39470324929984], [-3.1045930023191137, 53.39488298714424], [-3.104893705277658, 53.394880204089276], [-3.104898362011073, 53.39505994190984], [-3.1054997703107254, 53.39505437349216], [-3.10550908899361, 53.395413849043564], [-3.1058097956011554, 53.39541106366271], [-3.1058191170174587, 53.395770539154896]], [[-3.1016045414921414, 53.395629728094725], [-3.101303832917691, 53.395632502893264], [-3.1012945495955373, 53.395273026846404], [-3.100693137362737, 53.395278574099706], [-3.1006884983094505, 53.39509883603156], [-3.1003877933846415, 53.39510160850438], [-3.100373880323444, 53.39456239421141], [-3.1012759835503596, 53.39455407468397], [-3.1012806249867655, 53.39473381273316], [-3.1018820294212532, 53.39472826255966], [-3.1018866734404233, 53.394908000566964], [-3.1015859699817283, 53.394910776050374], [-3.1016045414921414, 53.395629728094725]], [[-3.0949843262516, 53.39551086035549], [-3.094082200892942, 53.39551913245182], [-3.094077589652111, 53.395339393993275], [-3.0937768823664817, 53.395342149826426], [-3.093767662566539, 53.394982672856244], [-3.0934669577642415, 53.39498542789633], [-3.0934623492050894, 53.39480568938471], [-3.094063756227221, 53.39480017858326], [-3.094059145184789, 53.394620440101825], [-3.094359847355042, 53.39461768358331], [-3.0943552350957986, 53.39443794511411], [-3.0946559359500267, 53.394435187856416], [-3.0946605494756807, 53.39461492630767], [-3.0949612515466933, 53.39461216827486], [-3.094975096220714, 53.3951513835404], [-3.0946743903503924, 53.3951541416271], [-3.094679004074551, 53.39533388005547], [-3.094979711211335, 53.39533112195082], [-3.0949843262516, 53.39551086035549]], [[-3.1109077539115493, 53.39482438398808], [-3.1103063499528827, 53.39482997962691], [-3.110301670474261, 53.39465024212773], [-3.1100009696858164, 53.39465303879321], [-3.1099962915239145, 53.39447330127009], [-3.109094192655876, 53.39448168666903], [-3.10908484408123, 53.39412221149638], [-3.10878414689071, 53.394125005078685], [-3.1087794739451526, 53.393945267465575], [-3.108478777970716, 53.39394806027256], [-3.1084600917563674, 53.393229109690026], [-3.108159400796942, 53.39323190166715], [-3.1081500605237995, 53.392872426305125], [-3.108450748950675, 53.392869634364374], [-3.1084460776231975, 53.39268989669294], [-3.1096488257631067, 53.392678721431736], [-3.109653502155593, 53.39285845903037], [-3.1099541903311065, 53.39285566330414], [-3.109958868040156, 53.393035400878844], [-3.110259557431619, 53.3930326043773], [-3.110264236457259, 53.39321234192804], [-3.110564927064671, 53.393209544651185], [-3.110569607406929, 53.39338928217798], [-3.109968223609196, 53.39339487601103], [-3.1099729014691886, 53.39357461356854], [-3.109672208228539, 53.3935774093676], [-3.1096675316348494, 53.393397671791895], [-3.1093668396102023, 53.393400466815656], [-3.109362164333106, 53.393220729216004], [-3.109061473524463, 53.39322352346444], [-3.109056799563935, 53.393043785840874], [-3.1087561099712966, 53.393046579314024], [-3.108770128204825, 53.393585792222126], [-3.109070821596343, 53.39358299869442], [-3.1090754957076965, 53.393762736300786], [-3.1102782738361507, 53.39375155454591], [-3.1102735946595237, 53.39357181701235], [-3.1105742877995297, 53.39356901969905], [-3.1105789682424714, 53.39374875721438], [-3.11087966259845, 53.39374595912575], [-3.110884344358068, 53.39392569661713], [-3.110583648735761, 53.393928494723994], [-3.1105930098733725, 53.394287969726015], [-3.1111944061330266, 53.39428237268226], [-3.111199089310092, 53.39446211013821], [-3.1108983899390754, 53.3944649090569], [-3.1109077539115493, 53.39482438398808]], [[-3.1033762390806046, 53.39435489802477], [-3.1027748402114357, 53.39436045569742], [-3.102751602369121, 53.39346176578889], [-3.1033529885748097, 53.39345620829725], [-3.1033576385759334, 53.393635946254214], [-3.1039590271141972, 53.39363038569788], [-3.1039543745804345, 53.39345064777714], [-3.1042550675081877, 53.3934478663814], [-3.104259721308269, 53.39362760428403], [-3.1045604154522852, 53.39362482211308], [-3.104565070568755, 53.39380455999186], [-3.103963679698004, 53.393810123612894], [-3.1039683323318554, 53.393989861522186], [-3.1036676355550603, 53.39399264221514], [-3.1036722869725972, 53.39417238013681], [-3.1033715888794093, 53.394175160090725], [-3.1033762390806046, 53.39435489802477]], [[-3.111734892549963, 53.391940185635036], [-3.1114342110076274, 53.39194298581265], [-3.1114248435818443, 53.39158351077098], [-3.11172552259184, 53.39158071062983], [-3.111734892549963, 53.391940185635036]], [[-3.1150141933519526, 53.390830909836026], [-3.114412846520491, 53.39083652587019], [-3.1144034543774874, 53.39047705112489], [-3.1147041252863166, 53.3904742435229], [-3.1147088225986392, 53.39065398088013], [-3.1150094947230205, 53.39065117250282], [-3.1150141933519526, 53.390830909836026]], [[-3.1162074790723633, 53.390460194157534], [-3.1156061377096176, 53.39046581617476], [-3.115601436649637, 53.39028607886668], [-3.1162027754802653, 53.390280456886074], [-3.1162074790723633, 53.390460194157534]], [[-3.104781958701004, 53.390566494677316], [-3.104481286132596, 53.3905692772973], [-3.1044766319172967, 53.39038953931539], [-3.104777303219618, 53.39038675671354], [-3.104781958701004, 53.390566494677316]], [[-3.103565317026015, 53.39003840648912], [-3.1032646480556774, 53.39004118602663], [-3.103255350103798, 53.38968170987784], [-3.1035560165420524, 53.38967893037652], [-3.103551366375094, 53.38949919231165], [-3.1038520314973153, 53.38949641207144], [-3.103861334413299, 53.38985588815926], [-3.103560666759026, 53.38985866843568], [-3.103565317026015, 53.39003840648912]], [[-3.1212999723195094, 53.38969333687971], [-3.1209993075894005, 53.389696161062645], [-3.1209851368047037, 53.38915695004307], [-3.121887119448773, 53.38914847538887], [-3.1218918467907577, 53.38932821234593], [-3.121591184694263, 53.38933103800605], [-3.1215959108211178, 53.38951077497579], [-3.121295247407817, 53.38951359989733], [-3.1212999723195094, 53.38969333687971]], [[-3.1053460409818907, 53.389123023585704], [-3.1050453786419343, 53.38912580757469], [-3.1050407222951275, 53.38894606958321], [-3.104740061171067, 53.38894885279708], [-3.104726096228969, 53.38840963873389], [-3.1050267535551845, 53.3884068555744], [-3.105036065998402, 53.38876633158602], [-3.1053367258064215, 53.38876354763328], [-3.1053460409818907, 53.389123023585704]], [[-3.108643980385539, 53.38873287419226], [-3.1083433211292855, 53.38873566647181], [-3.1083386509572497, 53.38855592866859], [-3.108639308947563, 53.38855313640722], [-3.108643980385539, 53.38873287419226]], [[-3.107441343059206, 53.38874403876858], [-3.106840024094859, 53.38874961651485], [-3.1068306964603694, 53.38839014072097], [-3.1065300394348245, 53.38839292842231], [-3.1064974031552177, 53.38713476283612], [-3.107399347497976, 53.38712639784251], [-3.1074086794936298, 53.387485873643975], [-3.107108028897858, 53.38748866276844], [-3.107117358562505, 53.38784813858331], [-3.107418011690013, 53.387845349422534], [-3.107441343059206, 53.38874403876858]], [[-3.1182509142925676, 53.38810390994255], [-3.1179502604485223, 53.38810672639038], [-3.117945549918753, 53.387926989154316], [-3.1182462024969224, 53.387924172724816], [-3.1182509142925676, 53.38810390994255]], [[-3.108925949077417, 53.38801113005392], [-3.10862529493508, 53.388013923017695], [-3.1086206236980667, 53.38783418520975], [-3.1080193177944624, 53.387839768830055], [-3.108009980534611, 53.387480293124185], [-3.1083106309797937, 53.38747750172887], [-3.108315300850473, 53.387657239566494], [-3.10891660412187, 53.38765165446863], [-3.108925949077417, 53.38801113005392]], [[-3.1227465236661387, 53.38752236154711], [-3.122445874381207, 53.38752518929403], [-3.1224364157015954, 53.38716571533304], [-3.122737062454893, 53.38716288762295], [-3.1227465236661387, 53.38752236154711]], [[-3.1124728587790327, 53.38564096657385], [-3.1121722216959595, 53.385643768383936], [-3.1121675359235415, 53.38546403072004], [-3.111866900055774, 53.385466831755004], [-3.111862215599435, 53.38528709406713], [-3.1115615809469754, 53.38528989432697], [-3.111556897806687, 53.38511015661512], [-3.112158164529882, 53.38510455537506], [-3.112162850201516, 53.38528429305042], [-3.1124634847532056, 53.385281491276835], [-3.1124728587790327, 53.38564096657385]], [[-3.1112094483925423, 53.38331557848383], [-3.110908827561045, 53.38331837702939], [-3.110904147505768, 53.38313863921806], [-3.1112047670717415, 53.38313584069073], [-3.1112094483925423, 53.38331557848383]], [[-3.1141968783352247, 53.38256860092557], [-3.11329503238745, 53.38257701677752], [-3.113290342409736, 53.382397279089155], [-3.11298972825839, 53.38240008284125], [-3.1129850395965617, 53.3822203451289], [-3.1126844266602465, 53.38222314810594], [-3.112679739314278, 53.3820434103696], [-3.112379127592998, 53.38204621257159], [-3.112369755583117, 53.381686737045236], [-3.112069146342285, 53.38168953845392], [-3.112059777064754, 53.38133006286816], [-3.1126609904344567, 53.38132445936695], [-3.1126656775788066, 53.381504197126226], [-3.113266893277666, 53.38149859056139], [-3.1132715830032165, 53.38167832827841], [-3.1135721920424047, 53.38167552384257], [-3.113581574175634, 53.38203499922287], [-3.113882185695211, 53.382032193993716], [-3.113886878102932, 53.382211931657004], [-3.114187490837483, 53.38220912565276], [-3.1141968783352247, 53.38256860092557]], [[-3.1150799338498323, 53.38184122791321], [-3.1144787136948637, 53.38184684363253], [-3.114474018857245, 53.381667105994325], [-3.114173409969432, 53.38166991270053], [-3.114168716447693, 53.381490175038316], [-3.113868108774805, 53.38149298096944], [-3.1138634165689196, 53.38131324328324], [-3.1132622036025484, 53.38131885283864], [-3.113257513977859, 53.38113911511017], [-3.112956908684392, 53.381141918734436], [-3.1129522203754907, 53.38096218098197], [-3.112651616296966, 53.38096498383122], [-3.11264224236108, 53.38060550827257], [-3.112942843908931, 53.380602705459815], [-3.1129475321170035, 53.38078244322376], [-3.1132481348797687, 53.38077963963598], [-3.1132528244036, 53.38095937737593], [-3.113854032308521, 53.38095376789358], [-3.113858724413492, 53.38113350559128], [-3.1141593295556294, 53.38113069969668], [-3.1141640229764267, 53.38131043737035], [-3.114464629333462, 53.381307630700725], [-3.1144693240701105, 53.381487368350385], [-3.114769931642042, 53.38148456090568], [-3.114774627694571, 53.38166429853134], [-3.1150752364813976, 53.38166149031157], [-3.1150799338498323, 53.38184122791321]], [[-3.115657654811909, 53.38093692128417], [-3.1147558437874494, 53.38094534799431], [-3.114751147936911, 53.38076561034572], [-3.1144505454264206, 53.3807684177173], [-3.1144458508917063, 53.38058868004469], [-3.114145249596059, 53.380591486641215], [-3.1141405563771385, 53.380411748944596], [-3.113539356165085, 53.38041735983087], [-3.1135346655272325, 53.38023762209197], [-3.1144364619737184, 53.38022920468226], [-3.114441156407472, 53.38040894236635], [-3.115342956195533, 53.38040051809107], [-3.1153523528063927, 53.3807599933323], [-3.1156529551653556, 53.38075718369044], [-3.115657654811909, 53.38093692128417]], [[-3.11264224236108, 53.38060550827257], [-3.1123416407628306, 53.38060831032856], [-3.1123369551358055, 53.3804285725224], [-3.1126375554687375, 53.38042577048463], [-3.11264224236108, 53.38060550827257]], [[-3.1135346655272325, 53.38023762209197], [-3.113234066610841, 53.38024042638171], [-3.1132293772887176, 53.38006068861881], [-3.1135299749398215, 53.380057884347366], [-3.1135346655272325, 53.38023762209197]], [[-3.116817728253758, 53.37930803718514], [-3.11651713621921, 53.3793108497075], [-3.1165124332318213, 53.37913111211706], [-3.1168130240011562, 53.37912829961303], [-3.116817728253758, 53.37930803718514]], [[-3.1162118424119147, 53.379133923864416], [-3.1159112515414535, 53.37913673485504], [-3.115906551135033, 53.37895699722227], [-3.1162071407402956, 53.37895418624995], [-3.1162118424119147, 53.379133923864416]], [[-3.1224722311409554, 53.37709760842732], [-3.1221716552513357, 53.37710043510638], [-3.122166928834939, 53.37692069779593], [-3.1224675034595224, 53.37691787113526], [-3.1224722311409554, 53.37709760842732]], [[-3.122166928834939, 53.37692069779593], [-3.1218663541595335, 53.37692352369994], [-3.1218616290589782, 53.37674378636534], [-3.1221622024693607, 53.37674096047974], [-3.122166928834939, 53.37692069779593]]]}, "properties": {"kind": "max_footprint", "threshold_pct": 4.0}}, {"type": "Feature", "geometry": {"type": "Polygon", "coordinates": [[[-3.082947382598035, 53.407126615380086], [-3.0829428163410686, 53.406946876608856], [-3.0826420260968335, 53.40694960480626], [-3.082646591086424, 53.40712934359527], [-3.082947382598035, 53.407126615380086]]]}, "properties": {"kind": "max_footprint", "threshold_pct": 7.0}}, {"type": "Feature", "geometry": {"type": "Polygon", "coordinates": [[[-3.0811426327918867, 53.40714297330853], [-3.081138074139198, 53.406963234430734], [-3.080837283600475, 53.40696595808313], [-3.080832726264202, 53.40678621918187], [-3.080531936943813, 53.40678894205902], [-3.080541049130639, 53.407148419891286], [-3.0811426327918867, 53.40714297330853]]]}, "properties": {"kind": "max_footprint", "threshold_pct": 7.0}}, {"type": "Feature", "geometry": {"type": "Polygon", "coordinates": [[[-3.0922626839808816, 53.40668218854735], [-3.092258078534654, 53.40650245031801], [-3.091957292354432, 53.40650520196192], [-3.091961896533331, 53.40668494020918], [-3.0922626839808816, 53.40668218854735]]]}, "properties": {"kind": "max_footprint", "threshold_pct": 7.0}}, {"type": "Feature", "geometry": {"type": "Polygon", "coordinates": [[[-3.091661109036244, 53.40668769111355], [-3.091656506124674, 53.40650795284836], [-3.091054933516604, 53.40651345234879], [-3.091059533893513, 53.406693190649776], [-3.091661109036244, 53.40668769111355]]]}, "properties": {"kind": "max_footprint", "threshold_pct": 7.0}}, {"type": "Feature", "geometry": {"type": "Polygon", "coordinates": [[[-3.094942068409564, 53.40557896101134], [-3.094937451855439, 53.405399222909196], [-3.0946366737253075, 53.40540198126263], [-3.0946412890121913, 53.40558171938273], [-3.094942068409564, 53.40557896101134]]]}, "properties": {"kind": "max_footprint", "threshold_pct": 7.0}}, {"type": "Feature", "geometry": {"type": "Polygon", "coordinates": [[[-3.0943358955455205, 53.405404738858614], [-3.0943312815755184, 53.40522500071483], [-3.094030504613317, 53.4052277575354], [-3.094035117316093, 53.40540749569715], [-3.0943358955455205, 53.405404738858614]]]}, "properties": {"kind": "max_footprint", "threshold_pct": 7.0}}, {"type": "Feature", "geometry": {"type": "Polygon", "coordinates": [[[-3.0985236274816677, 53.404467374070514], [-3.0985189960196955, 53.40428763615002], [-3.097917456109671, 53.4042931700619], [-3.0979220850373435, 53.404472908018434], [-3.0985236274816677, 53.404467374070514]]]}, "properties": {"kind": "max_footprint", "threshold_pct": 7.0}}, {"type": "Feature", "geometry": {"type": "Polygon", "coordinates": [[[-3.0949143698298256, 53.4045005323127], [-3.0949097535737007, 53.40432079417623], [-3.094608983046726, 53.40432355242186], [-3.094613598035692, 53.404503290576315], [-3.0949143698298256, 53.4045005323127]]]}, "properties": {"kind": "max_footprint", "threshold_pct": 7.0}}, {"type": "Feature", "geometry": {"type": "Polygon", "coordinates": [[[-3.0861873881830277, 53.40440047578596], [-3.0861828087240633, 53.40422073712473], [-3.0858820380299163, 53.40422347338726], [-3.0858866162217145, 53.404403212066285], [-3.0861873881830277, 53.40440047578596]]]}, "properties": {"kind": "max_footprint", "threshold_pct": 7.0}}, {"type": "Feature", "geometry": {"type": "Polygon", "coordinates": [[[-3.094608983046726, 53.40432355242186], [-3.0946043681074102, 53.40414381426171], [-3.0943035987979304, 53.40414657173196], [-3.094298985175398, 53.40396683354811], [-3.093998217083413, 53.40396959024299], [-3.0940074418438366, 53.404329066640855], [-3.094608983046726, 53.40432355242186]]]}, "properties": {"kind": "max_footprint", "threshold_pct": 7.0}}, {"type": "Feature", "geometry": {"type": "Polygon", "coordinates": [[[-3.0997128023302176, 53.40391708352343], [-3.0997081659492975, 53.40373734565794], [-3.099407400019946, 53.4037401159681], [-3.0994120351337595, 53.40391985385166], [-3.0997128023302176, 53.40391708352343]]]}, "properties": {"kind": "max_footprint", "threshold_pct": 7.0}}, {"type": "Feature", "geometry": {"type": "Polygon", "coordinates": [[[-3.0864744180645287, 53.40385852280086], [-3.0864698374862423, 53.40367878414031], [-3.086169070642776, 53.40368152110675], [-3.0861644913808823, 53.403501782422666], [-3.0855629600803884, 53.4035072540477], [-3.0855675368080604, 53.403686992767454], [-3.085868303750045, 53.40368425731581], [-3.085872881794082, 53.403863996012], [-3.0864744180645287, 53.40385852280086]]]}, "properties": {"kind": "max_footprint", "threshold_pct": 7.0}}, {"type": "Feature", "geometry": {"type": "Polygon", "coordinates": [[[-3.0855629600803884, 53.4035072540477], [-3.0855583834019553, 53.403327515322246], [-3.0852576189449428, 53.40333024998087], [-3.085262194356278, 53.40350998872412], [-3.0855629600803884, 53.4035072540477]]]}, "properties": {"kind": "max_footprint", "threshold_pct": 7.0}}, {"type": "Feature", "geometry": {"type": "Polygon", "coordinates": [[[-3.0855949982081388, 53.404765424965774], [-3.085585844211147, 53.40440594758921], [-3.0852850721513363, 53.40440868235467], [-3.0852804964938696, 53.40422894364], [-3.0846789547609155, 53.40423441086307], [-3.0846698086622575, 53.403874933345335], [-3.084068271801097, 53.4038803974675], [-3.084063701359824, 53.403700658664484], [-3.083762934122611, 53.40370338957166], [-3.083758364997625, 53.403523650745115], [-3.0834575989783697, 53.40352638087711], [-3.083453031169644, 53.403346642027074], [-3.0831522663683506, 53.403349371383875], [-3.083147699875857, 53.40316963251034], [-3.082546172660081, 53.4031750889162], [-3.082559864682315, 53.40371430562627], [-3.0828606321160765, 53.40371157774874], [-3.082869762910693, 53.40407105549134], [-3.0831705328296164, 53.40406832682085], [-3.0831750995677587, 53.40424806566578], [-3.0834758707047096, 53.40424533622011], [-3.0834804387591572, 53.404425075041544], [-3.0846835278840445, 53.404414149613366], [-3.0846881010563743, 53.40459388835794], [-3.0849888744818097, 53.40459115508949], [-3.0849934489705375, 53.404770893810536], [-3.0855949982081388, 53.404765424965774]]]}, "properties": {"kind": "max_footprint", "threshold_pct": 7.0}}, {"type": "Feature", "geometry": {"type": "Polygon", "coordinates": [[[-3.0900698443409875, 53.40328640455556], [-3.0900652487055957, 53.40310666609216], [-3.089764486255655, 53.40310941209383], [-3.089759891936765, 53.402929673606835], [-3.0891583694227354, 53.40293516330224], [-3.089153777687371, 53.40275542477375], [-3.0885522575098414, 53.40276091140387], [-3.0885476683579487, 53.40258117283394], [-3.0882469094621587, 53.402583914995084], [-3.088237733840518, 53.4022244378023], [-3.087936977429404, 53.402227179170346], [-3.0879415639485353, 53.40240691778745], [-3.0876408062210685, 53.40240965841598], [-3.0876545622734066, 53.40294887428648], [-3.0882560852812286, 53.40294339216494], [-3.0882606732648012, 53.403123130741314], [-3.0885614359617453, 53.4031203885266], [-3.0885660252617564, 53.403300127079376], [-3.0900698443409875, 53.40328640455556]]]}, "properties": {"kind": "max_footprint", "threshold_pct": 7.0}}, {"type": "Feature", "geometry": {"type": "Polygon", "coordinates": [[[-3.1014802539915522, 53.40246254343119], [-3.1014756104076855, 53.40228280562823], [-3.1011748549141434, 53.402285580338216], [-3.1011702126472103, 53.40210584251146], [-3.099967195241678, 53.40211693370555], [-3.0999764696895795, 53.40247640949782], [-3.1014802539915522, 53.40246254343119]]]}, "properties": {"kind": "max_footprint", "threshold_pct": 7.0}}, {"type": "Feature", "geometry": {"type": "Polygon", "coordinates": [[[-3.0978896835894325, 53.403214742202486], [-3.09788505501035, 53.40303500420589], [-3.098486577181032, 53.403029470546336], [-3.098481946117662, 53.40284973258004], [-3.0993842251988624, 53.40284142646444], [-3.099379590384237, 53.40266168854653], [-3.0996803487112374, 53.402658918344635], [-3.0996757126794643, 53.40247918043904], [-3.0987734413499233, 53.402487488718535], [-3.098778073580663, 53.402667226678254], [-3.0969735219743355, 53.402683822896435], [-3.0969688973456857, 53.4025040848286], [-3.09636738227944, 53.402509610806355], [-3.0963581382393874, 53.402150134581575], [-3.0960573831656664, 53.40215289639843], [-3.0960481418584505, 53.40179342011476], [-3.0957473892689644, 53.40179618113829], [-3.0957612475034164, 53.402335395609114], [-3.09606200389384, 53.402332634531646], [-3.09607124549932, 53.402692110780976], [-3.096372004374056, 53.40268934891016], [-3.096376626518396, 53.40286908700825], [-3.0966773866104385, 53.40286632436206], [-3.0966820100715506, 53.403046062436424], [-3.0972835326404864, 53.40304053483591], [-3.097288158685456, 53.40322027286855], [-3.0978896835894325, 53.403214742202486]]]}, "properties": {"kind": "max_footprint", "threshold_pct": 7.0}}, {"type": "Feature", "geometry": {"type": "Polygon", "coordinates": [[[-3.094262077981955, 53.402528927871344], [-3.0942574648061183, 53.402349189636], [-3.0939567081177155, 53.40235194616925], [-3.0939520962585036, 53.40217220791023], [-3.093651340787483, 53.40217496366818], [-3.093646730244869, 53.40199522538548], [-3.0933459759912316, 53.401997980368144], [-3.09334136676519, 53.401818242061765], [-3.0930406137289363, 53.40182099626911], [-3.0930498296966533, 53.402180472912015], [-3.093350585266861, 53.402177718668774], [-3.0933551945920783, 53.402357456963706], [-3.0936559513796973, 53.40235470194515], [-3.093660562021516, 53.40253444021643], [-3.094262077981955, 53.402528927871344]]]}, "properties": {"kind": "max_footprint", "threshold_pct": 7.0}}, {"type": "Feature", "geometry": {"type": "Polygon", "coordinates": [[[-3.092443712932855, 53.40200624077194], [-3.092439107507728, 53.40182650241177], [-3.0921383543228, 53.401829254347064], [-3.092142958480952, 53.40200899272516], [-3.092443712932855, 53.40200624077194]]]}, "properties": {"kind": "max_footprint", "threshold_pct": 7.0}}, {"type": "Feature", "geometry": {"type": "Polygon", "coordinates": [[[-3.0957473892689644, 53.40179618113829], [-3.09574276995687, 53.40161644296988], [-3.0954420185846403, 53.401619203218054], [-3.0954466366297813, 53.40179894140443], [-3.0957473892689644, 53.40179618113829]]]}, "properties": {"kind": "max_footprint", "threshold_pct": 7.0}}, {"type": "Feature", "geometry": {"type": "Polygon", "coordinates": [[[-3.0867522773917204, 53.4029570917884], [-3.086747695792772, 53.4027773531171], [-3.086446935333999, 53.4027800907518], [-3.086442355051383, 53.402600352056936], [-3.086141595810376, 53.40260308891642], [-3.0861232802406935, 53.40188413400846], [-3.08582252601846, 53.401886870039284], [-3.085817948516165, 53.40170713128018], [-3.085517195511662, 53.401709866535825], [-3.085512619325573, 53.40153012775318], [-3.0852118675388027, 53.401532862233665], [-3.085216442457928, 53.40171260103413], [-3.0849156893549767, 53.401715334775055], [-3.0849202630563433, 53.4018950735876], [-3.0846195086372106, 53.40189780658897], [-3.0846240811207903, 53.40207754541361], [-3.084924836806915, 53.40207481239441], [-3.0849339844556756, 53.40243428999092], [-3.085234742626616, 53.40243155617873], [-3.0852393177918382, 53.4026112949506], [-3.08554007718059, 53.402608560363255], [-3.085544653662077, 53.40278829911158], [-3.085845414268638, 53.40278556374904], [-3.0858499920664184, 53.402965302473824], [-3.0867522773917204, 53.4029570917884]]]}, "properties": {"kind": "max_footprint", "threshold_pct": 7.0}}, {"type": "Feature", "geometry": {"type": "Polygon", "coordinates": [[[-3.0954420185846403, 53.401619203218054], [-3.095437400589179, 53.40143946502596], [-3.095136650434208, 53.40144222449883], [-3.0951412671627287, 53.4016219627089], [-3.0954420185846403, 53.401619203218054]]]}, "properties": {"kind": "max_footprint", "threshold_pct": 7.0}}, {"type": "Feature", "geometry": {"type": "Polygon", "coordinates": [[[-3.0888300660224894, 53.40185947564997], [-3.088825475850475, 53.40167973706928], [-3.0891262283125354, 53.40167699348277], [-3.089121636922949, 53.40149725491425], [-3.0885201344833577, 53.40150274129421], [-3.088515545677046, 53.40132300268424], [-3.08761329544827, 53.40133122652051], [-3.087608710492113, 53.40115148785125], [-3.087007212626808, 53.40115696658636], [-3.087016377520697, 53.40151644399055], [-3.0864148743904485, 53.40152191976765], [-3.0864194543774217, 53.40170165849682], [-3.0861187014714226, 53.40170439526719], [-3.0861232802406935, 53.40188413400846], [-3.087326296636896, 53.40187318231159], [-3.087321712799731, 53.40169344364163], [-3.088223970778226, 53.40168522197028], [-3.0882285584163016, 53.401864960586686], [-3.0888300660224894, 53.40185947564997]]]}, "properties": {"kind": "max_footprint", "threshold_pct": 7.0}}, {"type": "Feature", "geometry": {"type": "Polygon", "coordinates": [[[-3.095136650434208, 53.40144222449883], [-3.0951320337553536, 53.401262486283024], [-3.094831284817643, 53.40126524498059], [-3.0948266694553657, 53.40108550674109], [-3.093924426145116, 53.40109377823586], [-3.09392903770665, 53.401273516529244], [-3.094229786793277, 53.401270760103685], [-3.09423439967135, 53.401450498373386], [-3.095136650434208, 53.40144222449883]]]}, "properties": {"kind": "max_footprint", "threshold_pct": 7.0}}, {"type": "Feature", "geometry": {"type": "Polygon", "coordinates": [[[-3.093322930356873, 53.40109928877906], [-3.0933137124502186, 53.40073981210337], [-3.0927122215312304, 53.40074531954549], [-3.0927168279259862, 53.400925057922066], [-3.093017574677155, 53.400922304561746], [-3.093022182388371, 53.40110204291465], [-3.093322930356873, 53.40109928877906]]]}, "properties": {"kind": "max_footprint", "threshold_pct": 7.0}}, {"type": "Feature", "geometry": {"type": "Polygon", "coordinates": [[[-3.08910786305055, 53.40095803917437], [-3.089103271858533, 53.400778300582964], [-3.0888025257311096, 53.40078104408013], [-3.0888071156562247, 53.400960782689396], [-3.08910786305055, 53.40095803917437]]]}, "properties": {"kind": "max_footprint", "threshold_pct": 7.0}}, {"type": "Feature", "geometry": {"type": "Polygon", "coordinates": [[[-3.0927122215312304, 53.40074531954549], [-3.092707615186029, 53.40056558116318], [-3.0924068709190746, 53.400568333730334], [-3.0924114759973977, 53.400748072130554], [-3.0927122215312304, 53.40074531954549]]]}, "properties": {"kind": "max_footprint", "threshold_pct": 7.0}}, {"type": "Feature", "geometry": {"type": "Polygon", "coordinates": [[[-3.102942189576032, 53.40083101881171], [-3.1029328906887934, 53.400471543277874], [-3.1026321481143113, 53.40047432159368], [-3.1026275000125585, 53.40029458380008], [-3.1023267586549124, 53.40029736134047], [-3.102331405489826, 53.40047709915217], [-3.1017299200908997, 53.40048265199722], [-3.101734564442093, 53.40066238983936], [-3.1020353084334014, 53.40065961377741], [-3.1020399541014263, 53.40083935159572], [-3.102942189576032, 53.40083101881171]]]}, "properties": {"kind": "max_footprint", "threshold_pct": 7.0}}, {"type": "Feature", "geometry": {"type": "Polygon", "coordinates": [[[-3.104732688115238, 53.400275119812775], [-3.10472803119572, 53.40009538214022], [-3.103825811823924, 53.4001037283385], [-3.1038304649429764, 53.40028346606544], [-3.104732688115238, 53.400275119812775]]]}, "properties": {"kind": "max_footprint", "threshold_pct": 7.0}}, {"type": "Feature", "geometry": {"type": "Polygon", "coordinates": [[[-3.1053248511234197, 53.39991007657953], [-3.105320191770511, 53.39973033893178], [-3.105019454663798, 53.399733123233496], [-3.1050241127499154, 53.39991286089937], [-3.1053248511234197, 53.39991007657953]]]}, "properties": {"kind": "max_footprint", "threshold_pct": 7.0}}, {"type": "Feature", "geometry": {"type": "Polygon", "coordinates": [[[-3.1019981448883, 53.399221711024595], [-3.1019934996700402, 53.39904197315473], [-3.1016927670799403, 53.39904474905395], [-3.1016974110314535, 53.399224486941904], [-3.1019981448883, 53.399221711024595]]]}, "properties": {"kind": "max_footprint", "threshold_pct": 7.0}}, {"type": "Feature", "geometry": {"type": "Polygon", "coordinates": [[[-3.103825811823924, 53.4001037283385], [-3.10381185276711, 53.3995645151234], [-3.105014796627792, 53.39955338556189], [-3.1050101386418936, 53.39937364788455], [-3.1053108732150596, 53.3993708636191], [-3.105296895757795, 53.398831650607114], [-3.104996164984843, 53.398834434818156], [-3.1049915071993732, 53.3986546971179], [-3.104690777643026, 53.39865748055356], [-3.104686121174359, 53.398477742829456], [-3.1037839360049264, 53.398486088538505], [-3.103779283386407, 53.398306350754304], [-3.1034785561631657, 53.39830913112471], [-3.103483207514997, 53.39848886892701], [-3.103182478975031, 53.39849164855828], [-3.1031917792953854, 53.39885112418191], [-3.1034925103687687, 53.39884834451445], [-3.103497161870711, 53.39902808229957], [-3.1037978941607838, 53.399025301856724], [-3.1038071998482812, 53.39938477737356], [-3.1035064650247115, 53.39938755785263], [-3.1035018134226915, 53.39920782007896], [-3.1025996124520647, 53.39921615691817], [-3.102608908105562, 53.399575632568386], [-3.103511116676771, 53.399567295620585], [-3.1035157683788714, 53.399747033382795], [-3.103215030971706, 53.399749813140765], [-3.1032243319924238, 53.40010928868421], [-3.103825811823924, 53.4001037283385]]]}, "properties": {"kind": "max_footprint", "threshold_pct": 7.0}}, {"type": "Feature", "geometry": {"type": "Polygon", "coordinates": [[[-3.107091946087858, 53.398455454286236], [-3.1070872795358255, 53.398275716701555], [-3.106786552863874, 53.39827850540168], [-3.1067912181492265, 53.39845824300451], [-3.107091946087858, 53.398455454286236]]]}, "properties": {"kind": "max_footprint", "threshold_pct": 7.0}}, {"type": "Feature", "geometry": {"type": "Polygon", "coordinates": [[[-3.088145988481497, 53.39862966461637], [-3.088141401731681, 53.39844992589702], [-3.0878406719246496, 53.398452666890115], [-3.0878452574077406, 53.39863240562732], [-3.088145988481497, 53.39862966461637]]]}, "properties": {"kind": "max_footprint", "threshold_pct": 7.0}}, {"type": "Feature", "geometry": {"type": "Polygon", "coordinates": [[[-3.0902465089985913, 53.39843071774204], [-3.09024191343116, 53.39825097914205], [-3.0899411852365066, 53.398253725418115], [-3.0899457795372336, 53.39843346403596], [-3.0902465089985913, 53.39843071774204]]]}, "properties": {"kind": "max_footprint", "threshold_pct": 7.0}}, {"type": "Feature", "geometry": {"type": "Polygon", "coordinates": [[[-3.0899411852365066, 53.398253725418115], [-3.089936590985203, 53.39807398679453], [-3.089635864007821, 53.398076732295415], [-3.0896404569924325, 53.39825647093687], [-3.0899411852365066, 53.398253725418115]]]}, "properties": {"kind": "max_footprint", "threshold_pct": 7.0}}, {"type": "Feature", "geometry": {"type": "Polygon", "coordinates": [[[-3.098352296568453, 53.39781706719963], [-3.098347666949631, 53.397637329067294], [-3.0980469438944995, 53.3976400957351], [-3.098051572246675, 53.39781983388544], [-3.098352296568453, 53.39781706719963]]]}, "properties": {"kind": "max_footprint", "threshold_pct": 7.0}}, {"type": "Feature", "geometry": {"type": "Polygon", "coordinates": [[[-3.102872452798144, 53.39813495174951], [-3.1028585067928502, 53.39759573818244], [-3.1025577844861654, 53.3975985162087], [-3.1025531371843664, 53.39741877832345], [-3.1022524160943132, 53.39742155557443], [-3.102266354349775, 53.397960769267236], [-3.102567079239737, 53.39795799196202], [-3.1025717266915125, 53.39813772983008], [-3.102872452798144, 53.39813495174951]]]}, "properties": {"kind": "max_footprint", "threshold_pct": 7.0}}, {"type": "Feature", "geometry": {"type": "Polygon", "coordinates": [[[-3.0980469438944995, 53.3976400957351], [-3.098042315592111, 53.397460357579035], [-3.0977415937538244, 53.39746312347159], [-3.0977462207895794, 53.397642861645664], [-3.0980469438944995, 53.3976400957351]]]}, "properties": {"kind": "max_footprint", "threshold_pct": 7.0}}, {"type": "Feature", "geometry": {"type": "Polygon", "coordinates": [[[-3.0921383543228, 53.401829254347064], [-3.092124542145529, 53.40129003917845], [-3.0918237927119088, 53.40129279030261], [-3.0918283954545362, 53.40147252871581], [-3.091226893904895, 53.401478028727986], [-3.0912176935368683, 53.40111855182423], [-3.0909169452216645, 53.40112130065851], [-3.0909123463787926, 53.40094156218015], [-3.0912130934270885, 53.400938813363794], [-3.091203893355988, 53.40057933642572], [-3.0906024042774773, 53.4005848332295], [-3.0905978068498903, 53.40040509471607], [-3.089996320107284, 53.40041058845478], [-3.0899917252628675, 53.40023084989986], [-3.0896909830842665, 53.40023359561536], [-3.089686389556125, 53.400053857036845], [-3.0899871304678825, 53.40005111133922], [-3.0899825357223243, 53.39987137277285], [-3.090584014863881, 53.399865879141494], [-3.090579417634122, 53.3996861406052], [-3.0908801558639096, 53.39968339267146], [-3.0908755574168065, 53.399503654147324], [-3.0911762943303254, 53.39950090547419], [-3.0911716946659036, 53.39932116696225], [-3.0914724302631558, 53.39931841754974], [-3.0914770311943625, 53.39949815604379], [-3.0917777680089054, 53.39949540585608], [-3.091782370256404, 53.39967514432647], [-3.0923838462705433, 53.39966964164336], [-3.0923792414894518, 53.399489903208796], [-3.092679978155427, 53.399487150749216], [-3.0926707662082973, 53.39912767389881], [-3.092370032075872, 53.3991304263225], [-3.092365427443385, 53.39895068787077], [-3.092064694528181, 53.39895343951929], [-3.0920462815604504, 53.39823448558346], [-3.091745553662616, 53.39823723640305], [-3.0917409518111665, 53.39805749788684], [-3.0911394984003793, 53.39806299721841], [-3.091134899131784, 53.397883258660706], [-3.090834173618847, 53.39788600717269], [-3.09082957566639, 53.397706268591364], [-3.0905288513706544, 53.39770901632821], [-3.09052425473431, 53.39752927772324], [-3.090223531655779, 53.39753202468497], [-3.0902143410646867, 53.397172547422095], [-3.0896128998258665, 53.397178039002306], [-3.089631271072618, 53.39789699364823], [-3.090232722444601, 53.39789150192495], [-3.09024191343116, 53.39825097914205], [-3.0905426415763766, 53.39824823210876], [-3.090547238410514, 53.39842797069085], [-3.0902465089985913, 53.39843071774204], [-3.090251104615462, 53.398610456336264], [-3.090852565923294, 53.398604961440846], [-3.0908617623723016, 53.39896443854061], [-3.0911624954855035, 53.39896168992119], [-3.0911670950509644, 53.39914142844458], [-3.090866360671003, 53.399144177081894], [-3.0908709590191705, 53.39932391561748], [-3.0905702233229695, 53.39932666351541], [-3.0905748204538197, 53.399506402063146], [-3.090274083441377, 53.3995091492217], [-3.090269487577316, 53.399329410656065], [-3.0890665441004366, 53.39934039164581], [-3.0890757257436334, 53.39969986891442], [-3.0893764642205603, 53.39969712476718], [-3.0893810563830555, 53.39987686337503], [-3.087576617180057, 53.39989331700625], [-3.087572032618476, 53.399713578291234], [-3.087271293845433, 53.399716317894715], [-3.087266710599977, 53.39953657915612], [-3.08696597304444, 53.39953931798446], [-3.0869613911150835, 53.399359579222306], [-3.0866606547770505, 53.39936231727552], [-3.0866743969125596, 53.39990153359828], [-3.087275877140192, 53.39989605662757], [-3.087280460484259, 53.40007579535472], [-3.087581201790957, 53.40007305571555], [-3.087585786451179, 53.40025279441914], [-3.087886528975406, 53.400250054004815], [-3.087891114951809, 53.40042979268484], [-3.0881918586935635, 53.40042705149535], [-3.088196445986178, 53.400606790151784], [-3.088497190945456, 53.40060404818712], [-3.0885017795543073, 53.400783786819986], [-3.0888025257311096, 53.40078104408013], [-3.0887979358553714, 53.40060130546515], [-3.089098680715911, 53.400598561985845], [-3.089103271858533, 53.400778300582964], [-3.089404017936568, 53.40077555632847], [-3.0894086103954828, 53.400955294902], [-3.0897093576910106, 53.400952549872294], [-3.089713951466242, 53.40113228842221], [-3.090315448442846, 53.40112679605502], [-3.0903200448013477, 53.40130653456345], [-3.09062079448241, 53.40130378722597], [-3.0906253921572953, 53.40148352571078], [-3.0909261430558326, 53.40148077759805], [-3.0909307420471293, 53.401660516059245], [-3.0912314941631407, 53.40165776717129], [-3.0912360944708777, 53.40183750560883], [-3.0921383543228, 53.401829254347064]], [[-3.0923746367578944, 53.3993101647685], [-3.0920739013091656, 53.399312916452864], [-3.092069297893913, 53.39913317798895], [-3.092370032075872, 53.3991304263225], [-3.0923746367578944, 53.3993101647685]]]}, "properties": {"kind": "max_footprint", "threshold_pct": 7.0}}, {"type": "Feature", "geometry": {"type": "Polygon", "coordinates": [[[-3.1022524160943132, 53.39742155557443], [-3.1022431241738926, 53.39706207975057], [-3.1019424055670664, 53.39706485620815], [-3.1019516949542796, 53.39742433206814], [-3.1022524160943132, 53.39742155557443]]]}, "properties": {"kind": "max_footprint", "threshold_pct": 7.0}}, {"type": "Feature", "geometry": {"type": "Polygon", "coordinates": [[[-3.0974362461464033, 53.397286150409094], [-3.0974316204768, 53.397106412205545], [-3.097130901072209, 53.39710917654764], [-3.0971355254752053, 53.39728891476918], [-3.0974362461464033, 53.397286150409094]]]}, "properties": {"kind": "max_footprint", "threshold_pct": 7.0}}, {"type": "Feature", "geometry": {"type": "Polygon", "coordinates": [[[-3.1019424055670664, 53.39706485620815], [-3.101937760948404, 53.396885118269545], [-3.1016370435581972, 53.39688789395181], [-3.101641686910277, 53.3970676319085], [-3.1019424055670664, 53.39706485620815]]]}, "properties": {"kind": "max_footprint", "threshold_pct": 7.0}}, {"type": "Feature", "geometry": {"type": "Polygon", "coordinates": [[[-3.101063454290265, 53.39797187091572], [-3.1010541722031353, 53.39761239498162], [-3.100753449596704, 53.39761516846454], [-3.10074880989465, 53.397435430470814], [-3.1001473670653246, 53.397440975128795], [-3.100138092877372, 53.39708149905199], [-3.0998373739210936, 53.397084270209035], [-3.099828102465824, 53.39672479407323], [-3.0992266694700072, 53.39673033404348], [-3.099245202447253, 53.39744928643656], [-3.099846645575833, 53.397443746321954], [-3.0998512814780024, 53.397623484369824], [-3.100152004234124, 53.39762071315862], [-3.100156641452806, 53.397800451182704], [-3.1007580893486666, 53.39779490645252], [-3.1007627291505413, 53.39797464443476], [-3.101063454290265, 53.39797187091572]]]}, "properties": {"kind": "max_footprint", "threshold_pct": 7.0}}, {"type": "Feature", "geometry": {"type": "Polygon", "coordinates": [[[-3.0986391283334718, 53.39727508539651], [-3.098625236274836, 53.39673587098492], [-3.098023802880421, 53.39674140489755], [-3.0980284309836663, 53.396921143076504], [-3.09832914897235, 53.396918376480784], [-3.098338407861392, 53.39727785278549], [-3.0986391283334718, 53.39727508539651]]]}, "properties": {"kind": "max_footprint", "threshold_pct": 7.0}}, {"type": "Feature", "geometry": {"type": "Polygon", "coordinates": [[[-3.0971262767189582, 53.39692943832036], [-3.0971216524154515, 53.39674970008738], [-3.096820935494291, 53.39675246363623], [-3.096825558531217, 53.39693220188722], [-3.0971262767189582, 53.39692943832036]]]}, "properties": {"kind": "max_footprint", "threshold_pct": 7.0}}, {"type": "Feature", "geometry": {"type": "Polygon", "coordinates": [[[-3.107684063693954, 53.39809039947552], [-3.107679394709016, 53.397910661915745], [-3.107980118697016, 53.397907870980234], [-3.107975448495668, 53.39772813343291], [-3.108276171166794, 53.39772534175836], [-3.1082714997490597, 53.397545604223474], [-3.109173663661014, 53.39753722471104], [-3.1091689884937095, 53.397357487224994], [-3.109469708430524, 53.397354692557926], [-3.109465032046919, 53.39717495508438], [-3.109164313376696, 53.39717774973324], [-3.1091596383099716, 53.39699801223573], [-3.108558203351831, 53.397003599225414], [-3.108548858435484, 53.39664412414046], [-3.1082481434141336, 53.39664691646312], [-3.1082434722978927, 53.396467178893836], [-3.1079427584928343, 53.39646997044111], [-3.107938088693366, 53.396290232847925], [-3.1073366634656234, 53.39629581363454], [-3.107341330732036, 53.396475551264075], [-3.1076420446375446, 53.396472761231195], [-3.107651381854084, 53.39683223643669], [-3.10614779915912, 53.39684617921076], [-3.1061431368585266, 53.396666441520054], [-3.1055417059624997, 53.39667201329297], [-3.105537046245147, 53.396492275560234], [-3.105236331988487, 53.39649506029274], [-3.1052270152372077, 53.39613558477382], [-3.1049263034634915, 53.396138368712855], [-3.1049216464295224, 53.39595863092668], [-3.1043202252648356, 53.39596419649696], [-3.104343498270291, 53.396862885551826], [-3.1049449321003286, 53.396857319800304], [-3.104949589384781, 53.39703705755784], [-3.105250307491235, 53.397034273528135], [-3.105254966092374, 53.39721401126183], [-3.105555685415304, 53.39721122645676], [-3.1055603453331564, 53.39739096416657], [-3.105861065872561, 53.397388178586155], [-3.1058657271071564, 53.397567916272095], [-3.1061664488630325, 53.3975651299163], [-3.1061711114143966, 53.39774486757837], [-3.1064718343867432, 53.39774208044719], [-3.1064764982549047, 53.39792181808538], [-3.106777222443721, 53.39791903017882], [-3.1067818876287046, 53.39809876779313], [-3.107684063693954, 53.39809039947552]]]}, "properties": {"kind": "max_footprint", "threshold_pct": 7.0}}, {"type": "Feature", "geometry": {"type": "Polygon", "coordinates": [[[-3.096820935494291, 53.39675246363623], [-3.096802443843875, 53.396033510575016], [-3.096201019984762, 53.396039035257175], [-3.096214881048735, 53.39657825016962], [-3.096515596802773, 53.39657548815317], [-3.0965202185234015, 53.39675522642788], [-3.096820935494291, 53.39675246363623]]]}, "properties": {"kind": "max_footprint", "threshold_pct": 7.0}}, {"type": "Feature", "geometry": {"type": "Polygon", "coordinates": [[[-3.0956965795690117, 53.39981906097112], [-3.0956919608035167, 53.39963932273974], [-3.0944890107589123, 53.39965035839769], [-3.0944843971102634, 53.39947062008874], [-3.094183660741789, 53.39947337709203], [-3.094174436126927, 53.39911390042103], [-3.09387370224238, 53.399116656631136], [-3.0938644803594717, 53.39875717990133], [-3.0941652117105307, 53.39875442372712], [-3.094160599576755, 53.398574685371585], [-3.0938598694924204, 53.398577441527834], [-3.0938506479071175, 53.39821796476369], [-3.0935499203065913, 53.398220720126794], [-3.0935453108550233, 53.39804098171818], [-3.093244584471596, 53.398043736306086], [-3.093235368250541, 53.39768425943583], [-3.094137539652073, 53.39767599350807], [-3.0941237042925964, 53.39713677832126], [-3.09322154429073, 53.39714504408751], [-3.093216936403262, 53.39696530562664], [-3.092615498687366, 53.39697081231548], [-3.0925924726591485, 53.396072119745895], [-3.092291760059706, 53.39607487186488], [-3.092296363899738, 53.39625461040817], [-3.0919956499842347, 53.396257361787846], [-3.0920048552797508, 53.3966168388931], [-3.0917041387816213, 53.396619589551435], [-3.0916857334548062, 53.39590063524638], [-3.0913850219733625, 53.395903385075854], [-3.09138042203191, 53.39572364646739], [-3.091079711767497, 53.395726395521756], [-3.091098106764068, 53.396445349992945], [-3.0907973913840543, 53.39644809836173], [-3.090801988990301, 53.396627836983114], [-3.0914034222339937, 53.396622339452534], [-3.0914126226612084, 53.39698181660655], [-3.0923147797551014, 53.396973564524075], [-3.092319383842757, 53.39715330303876], [-3.092620104041626, 53.397150550812235], [-3.092624709445425, 53.39733028930328], [-3.092925430861373, 53.39732753630158], [-3.0929346443508727, 53.3976870132306], [-3.0926339204016484, 53.397689766268144], [-3.092656948659213, 53.39858845858022], [-3.092957678941868, 53.398585705453016], [-3.0929761075067312, 53.39930465912792], [-3.0932768428068136, 53.39930190517172], [-3.0932814513387163, 53.399481643558225], [-3.093582187856003, 53.39947888882678], [-3.0935867977042744, 53.399658627189595], [-3.0938875354387623, 53.399655871682924], [-3.0938921466034315, 53.399835610022066], [-3.0956965795690117, 53.39981906097112]]]}, "properties": {"kind": "max_footprint", "threshold_pct": 7.0}}, {"type": "Feature", "geometry": {"type": "Polygon", "coordinates": [[[-3.114779288346569, 53.39335004055054], [-3.1147745902763346, 53.393170303279305], [-3.1144739003749495, 53.393173111155605], [-3.1144692036215127, 53.392993373860364], [-3.113567137413099, 53.3930017928918], [-3.113571830367734, 53.39318153024189], [-3.1138725204206357, 53.3931787246369], [-3.11387721469203, 53.39335846196295], [-3.114779288346569, 53.39335004055054]]]}, "properties": {"kind": "max_footprint", "threshold_pct": 7.0}}, {"type": "Feature", "geometry": {"type": "Polygon", "coordinates": [[[-3.1147698922566316, 53.39299056600235], [-3.114765194287462, 53.392810828719654], [-3.1144645069185954, 53.39281363655939], [-3.1144692036215127, 53.392993373860364], [-3.1147698922566316, 53.39299056600235]]]}, "properties": {"kind": "max_footprint", "threshold_pct": 7.0}}, {"type": "Feature", "geometry": {"type": "Polygon", "coordinates": [[[-3.1102314843346384, 53.391954178952425], [-3.110226805661277, 53.39177444136154], [-3.1099261251333687, 53.39177723773561], [-3.1099308025405485, 53.391956975344684], [-3.1102314843346384, 53.391954178952425]]]}, "properties": {"kind": "max_footprint", "threshold_pct": 7.0}}, {"type": "Feature", "geometry": {"type": "Polygon", "coordinates": [[[-3.1023858676081115, 53.390948210640175], [-3.1023812221555045, 53.39076847254301], [-3.1017798736363495, 53.39077402494949], [-3.101784516556719, 53.39095376308282], [-3.1023858676081115, 53.390948210640175]]]}, "properties": {"kind": "max_footprint", "threshold_pct": 7.0}}, {"type": "Feature", "geometry": {"type": "Polygon", "coordinates": [[[-3.1017798736363495, 53.39077402494949], [-3.1017752307659165, 53.390594286810455], [-3.101474557697533, 53.39059706186004], [-3.10147919930186, 53.39077680001718], [-3.1017798736363495, 53.39077402494949]]]}, "properties": {"kind": "max_footprint", "threshold_pct": 7.0}}, {"type": "Feature", "geometry": {"type": "Polygon", "coordinates": [[[-3.1108994675008206, 53.382958901400976], [-3.1108947875462007, 53.38277916357815], [-3.1105941704609092, 53.38278196131222], [-3.110589491822102, 53.38260222346545], [-3.1102888759519867, 53.38260502042451], [-3.1102841986289635, 53.382425282553776], [-3.1099835839740195, 53.38242807873781], [-3.1099742320097747, 53.382068602942766], [-3.1096736198354527, 53.38207139833356], [-3.1096642706031945, 53.381711922479184], [-3.109363660909458, 53.38171471707679], [-3.109358987634138, 53.38153497912279], [-3.1090583791555537, 53.381537772945414], [-3.109067723225621, 53.381897248884044], [-3.109368334235033, 53.38189445502505], [-3.10937768103695, 53.38225393090436], [-3.109678294526988, 53.38225113625216], [-3.109692318903215, 53.382790349973554], [-3.1102935533253078, 53.38278475828949], [-3.1102982307489295, 53.38296449614874], [-3.1108994675008206, 53.382958901400976]]]}, "properties": {"kind": "max_footprint", "threshold_pct": 7.0}}, {"type": "Feature", "geometry": {"type": "Polygon", "coordinates": [[[-3.1117451205619315, 53.38079365000723], [-3.1117404374151856, 53.380613912170304], [-3.111439835665818, 53.38061671195603], [-3.11144451754723, 53.38079644981118], [-3.1117451205619315, 53.38079365000723]]]}, "properties": {"kind": "max_footprint", "threshold_pct": 7.0}}, {"type": "Feature", "geometry": {"type": "Polygon", "coordinates": [[[-3.1165077302950004, 53.37895137452093], [-3.1165030274087524, 53.37877163691904], [-3.116202439119232, 53.378774448629756], [-3.1162071407402956, 53.37895418624995], [-3.1165077302950004, 53.37895137452093]]]}, "properties": {"kind": "max_footprint", "threshold_pct": 7.0}}, {"type": "Feature", "geometry": {"type": "Polygon", "coordinates": [[[-3.1197811954985015, 53.37766223363746], [-3.1197764790502727, 53.377482496197146], [-3.1203776366514075, 53.377476854115365], [-3.120368198846849, 53.37711737929102], [-3.1197670463059577, 53.377123021299305], [-3.1197623300098685, 53.37694328384177], [-3.119161179796213, 53.376948922786724], [-3.1191564660808933, 53.37676918528674], [-3.118855892163062, 53.37677200360589], [-3.1188747422682517, 53.377490953644816], [-3.1194759001736285, 53.377485316103034], [-3.119480615356773, 53.3776650535617], [-3.1197811954985015, 53.37766223363746]]]}, "properties": {"kind": "max_footprint", "threshold_pct": 7.0}}, {"type": "Feature", "geometry": {"type": "Polygon", "coordinates": [[[-3.1215752272567645, 53.37728582353605], [-3.1215610555977906, 53.3767466114943], [-3.1212604820858094, 53.37674943586662], [-3.1212557595660795, 53.37656969848952], [-3.1206546149198164, 53.37657534492743], [-3.1206687750411906, 53.37711455715187], [-3.120969351184781, 53.377111734256076], [-3.1209740725917965, 53.37729147163436], [-3.1215752272567645, 53.37728582353605]]]}, "properties": {"kind": "max_footprint", "threshold_pct": 7.0}}, {"type": "Feature", "geometry": {"type": "Polygon", "coordinates": [[[-3.119433465806742, 53.375867678716794], [-3.119428751130565, 53.375687941200745], [-3.1191281848533055, 53.375690760166364], [-3.119132898264536, 53.37587049770079], [-3.119433465806742, 53.375867678716794]]]}, "properties": {"kind": "max_footprint", "threshold_pct": 7.0}}, {"type": "Feature", "geometry": {"type": "Polygon", "coordinates": [[[-3.123575157303636, 53.373311811353666], [-3.1235656940083785, 53.37295233667014], [-3.1232651474144832, 53.37295516595206], [-3.1232604171078835, 53.37277542858325], [-3.1229598717278497, 53.372778257090204], [-3.1229551427368136, 53.37259851969724], [-3.1226545985706444, 53.372601347429246], [-3.122664054074131, 53.37296082224625], [-3.122964600769729, 53.37295799447739], [-3.122974059006025, 53.373317469234614], [-3.123575157303636, 53.373311811353666]]]}, "properties": {"kind": "max_footprint", "threshold_pct": 7.0}}, {"type": "Feature", "geometry": {"type": "Polygon", "coordinates": [[[-3.101160928263173, 53.40174636684079], [-3.101156286146066, 53.40156662899688], [-3.1008555356704184, 53.40156940287721], [-3.1008369727689966, 53.40085045137198], [-3.1011377181770214, 53.40084767756389], [-3.101133076309604, 53.400667939691324], [-3.1008323321684497, 53.40067071348134], [-3.1008276916178255, 53.40049097558497], [-3.1005269486936062, 53.40049374859961], [-3.1005223094597496, 53.40031401067949], [-3.1002215677524667, 53.40031678291876], [-3.100216929835347, 53.40013704497481], [-3.099916189345005, 53.400139816438724], [-3.0999069161940693, 53.39978034049759], [-3.0996061781874724, 53.39978311116811], [-3.0995969077696186, 53.39942363516798], [-3.099296172246729, 53.39942640504511], [-3.0992915383793633, 53.399246667018424], [-3.098990804073391, 53.39924943612024], [-3.0989861715226263, 53.39906969806979], [-3.098685438433572, 53.3990724663963], [-3.0986808071993814, 53.398892728322096], [-3.0983800753272472, 53.3988954958733], [-3.098375445409604, 53.39871575777533], [-3.0989769065705977, 53.39871022195169], [-3.0989815390216955, 53.398889960013605], [-3.099282270794175, 53.39888719094785], [-3.099273003408377, 53.398527714854396], [-3.098671544880461, 53.39853325215649], [-3.098666913795726, 53.39835351406509], [-3.098366185723733, 53.398356281562236], [-3.0983615559555036, 53.39817654344709], [-3.0974593752408137, 53.39818484134091], [-3.0974547493224094, 53.398005103165985], [-3.0971540235846473, 53.398007867598096], [-3.0971493989826655, 53.39782812939946], [-3.0968486744618158, 53.39783089305633], [-3.0968394279403797, 53.39747141660585], [-3.096538705903083, 53.397474179469484], [-3.096529462113808, 53.39711470296013], [-3.096228742560024, 53.397117465030554], [-3.096214881048735, 53.39657825016962], [-3.0956134493915712, 53.39658377193089], [-3.095604213698751, 53.396224295256395], [-3.095303500328751, 53.39622705496528], [-3.095294267367668, 53.39586757823193], [-3.0961963997295046, 53.39585929694158], [-3.0961917795239438, 53.39567955862025], [-3.0964924889453425, 53.395676796693756], [-3.0964878675229937, 53.3954970583847], [-3.0976906996453955, 53.39548600317888], [-3.0976860732068707, 53.39530626493609], [-3.0979867798466243, 53.39530349925973], [-3.0979821521914093, 53.395123761029225], [-3.0994856783109523, 53.39510992137994], [-3.0994949463357693, 53.39546939765493], [-3.099795653943112, 53.395466627417484], [-3.0998002892967684, 53.395646365528336], [-3.1001009981207313, 53.39564359451567], [-3.1001149082803887, 53.39618280875975], [-3.100415620853989, 53.39618003693573], [-3.10042025894016, 53.39635977498757], [-3.1007209727304033, 53.396357002388335], [-3.100711694074901, 53.395997526315035], [-3.101613827547003, 53.39598920408252], [-3.101618470649349, 53.39616894206783], [-3.1022198952474116, 53.39616339009072], [-3.102224540932762, 53.396343128034154], [-3.1025252544233672, 53.39634035089173], [-3.102515960569604, 53.39598087503533], [-3.102215249612037, 53.39598365214159], [-3.1022106040266335, 53.3958039141867], [-3.1028120233587813, 53.39579835925319], [-3.102816671477185, 53.3959780971719], [-3.1037188038998806, 53.39596975903849], [-3.103714151981985, 53.39579002117409], [-3.1031127329498656, 53.39579558065068], [-3.1031080836149765, 53.39561584274435], [-3.1025066669157813, 53.395621399156035], [-3.1024927268099236, 53.39508218529409], [-3.1027934313851464, 53.39507940752112], [-3.1027980793035597, 53.395259145462745], [-3.103399490836893, 53.3952535876091], [-3.1033855396330563, 53.39471437387571], [-3.103084837690683, 53.394717153126784], [-3.1030801886558503, 53.394537415186086], [-3.102478787153902, 53.394542971380645], [-3.102450909191286, 53.39346454339906], [-3.1021502159634764, 53.39346732025208], [-3.1021362814557314, 53.39292810612973], [-3.1036397281004797, 53.3929142145648], [-3.1036443792178363, 53.39309395252085], [-3.103945069663037, 53.39309117191846], [-3.1039497220967145, 53.39327090985066], [-3.104250413758164, 53.393268128473046], [-3.1042457600581947, 53.393088390558965], [-3.104847140698331, 53.393082825568634], [-3.1048517969308804, 53.39326256344649], [-3.105453179903263, 53.393256995391496], [-3.1054578387185, 53.393436733227325], [-3.1057585313958342, 53.39343394804603], [-3.105763191527497, 53.39361368585802], [-3.105462497583848, 53.39361647105747], [-3.105467156499308, 53.39379620888185], [-3.104565070568755, 53.39380455999186], [-3.1045697257352973, 53.3939842978649], [-3.104269029058606, 53.39398708007212], [-3.104273683008862, 53.39416681795756], [-3.103972985015753, 53.39416959942574], [-3.103977637749697, 53.3943493373236], [-3.1045790362186003, 53.39434377359383], [-3.104583691535363, 53.3945235114497], [-3.1048843919610953, 53.39452072843097], [-3.1048704223619157, 53.39398151490056], [-3.1063739047434415, 53.39396758872196], [-3.106378567558193, 53.39414732648045], [-3.106679265150444, 53.3941445389552], [-3.106683929281717, 53.39432427668981], [-3.1069846280901645, 53.394321488389245], [-3.1069892935379873, 53.39450122609999], [-3.107289993562632, 53.39449843702413], [-3.1072946603270304, 53.39467817471096], [-3.10759536156787, 53.394675384859774], [-3.1076000296488724, 53.39485512252273], [-3.107900732105905, 53.394852331896224], [-3.107919409997803, 53.395571282417926], [-3.108220117470363, 53.39556849096156], [-3.108234130216147, 53.396107703738124], [-3.10853484143792, 53.39610491147002], [-3.108539513720183, 53.39628464903256], [-3.108840226158208, 53.39628185598909], [-3.1088448997572535, 53.39646159352771], [-3.1097470405692134, 53.396453209799546], [-3.1097376858222905, 53.396093734825804], [-3.109436974801633, 53.39609653012264], [-3.1094322987701375, 53.395916792608965], [-3.109733008524299, 53.39591399733034], [-3.1097283312766186, 53.395734259829126], [-3.1103297481010297, 53.395728667036764], [-3.110325068370727, 53.39554892956626], [-3.110625775440963, 53.395546132052544], [-3.1106210944945447, 53.39536639459451], [-3.1109218002479793, 53.395363596341866], [-3.110917118085472, 53.395183858896324], [-3.1121199355296834, 53.39517265838702], [-3.1121246227579364, 53.395352395759595], [-3.112425328259413, 53.395349593721114], [-3.1124206397647245, 53.39516985636678], [-3.1127213439493344, 53.39516705358941], [-3.112716654238657, 53.394987316247594], [-3.112415951320467, 53.39499011900672], [-3.112411262926642, 53.39481038164093], [-3.1118098594718004, 53.394815984851235], [-3.1118051736611934, 53.394636247443216], [-3.111203772537532, 53.39464184758845], [-3.1112084558153463, 53.39482158503294], [-3.1109077539115493, 53.39482438398808], [-3.1109124359733293, 53.39500412144506], [-3.1097096227890044, 53.39501530976699], [-3.109704945792875, 53.39483557223713], [-3.109103541431637, 53.394841161818746], [-3.1090988670186155, 53.394661424246756], [-3.1087981660289716, 53.394664217883644], [-3.108788819886534, 53.394304742686074], [-3.1078867242143553, 53.39431311894477], [-3.107877385871112, 53.393953643615184], [-3.106975297345069, 53.393962012950624], [-3.106970632047792, 53.393782275222705], [-3.1063692419788453, 53.39378785095774], [-3.106364579264402, 53.393608113187774], [-3.10606388542102, 53.393610899901454], [-3.1060499013775047, 53.39307168650275], [-3.1066512814163225, 53.39306611242719], [-3.1066466176362146, 53.39288637465248], [-3.1081500605237995, 53.392872426305125], [-3.1081453904625755, 53.39269268861552], [-3.1084460776231975, 53.39268989669294], [-3.108441406345965, 53.39251015901579], [-3.1093434637275954, 53.39250177876011], [-3.109348138803544, 53.39268151638267], [-3.10994951267237, 53.39267592572371], [-3.1099541903311065, 53.39285566330414], [-3.1102548784563075, 53.39285286682081], [-3.110259557431619, 53.3930326043773], [-3.110560246772755, 53.393029807118644], [-3.110569607406929, 53.39338928217798], [-3.110870299230287, 53.3933864841258], [-3.1108749808891885, 53.39356622162864], [-3.1111756739284946, 53.39356342280111], [-3.1111850399300174, 53.39392289775316], [-3.110884344358068, 53.39392569661713], [-3.110893708028379, 53.39428517158269], [-3.1114951041873, 53.39427957302468], [-3.1114997886307343, 53.394459310462395], [-3.1118004879009886, 53.39445651002946], [-3.111795802191186, 53.39427677260998], [-3.1120965001446725, 53.394273971438125], [-3.1120918132189153, 53.394094234031165], [-3.1129939029777742, 53.3940858260276], [-3.112989212303415, 53.39390608866965], [-3.1135906026910627, 53.39390047958486], [-3.113585909534511, 53.393720742257706], [-3.1126838276763227, 53.393729154694434], [-3.1126791383691828, 53.39354941730677], [-3.112378445581868, 53.39355221991987], [-3.112373757591463, 53.393372482508205], [-3.1120730660200224, 53.39337528434593], [-3.1120683793463284, 53.393195546910306], [-3.1123690696514843, 53.39319274509082], [-3.1123596939227944, 53.39283327023886], [-3.1126603816449983, 53.39283046769878], [-3.112655692590044, 53.39265073028244], [-3.1129563789955705, 53.39264792700354], [-3.112946998504521, 53.392288452190186], [-3.1135483660993266, 53.39228284343416], [-3.1135530588520566, 53.39246258080718], [-3.11415442877739, 53.392456968986295], [-3.1141450382575804, 53.392097494307635], [-3.115648449524846, 53.39208345168943], [-3.1156531510904864, 53.39226318894017], [-3.116555201042707, 53.39225475422948], [-3.1165457903648757, 53.391895279832134], [-3.1162451096304338, 53.39189809212281], [-3.1162357016873576, 53.391538617665894], [-3.115935023434641, 53.39154142916288], [-3.1159303208051328, 53.39136169190751], [-3.115328966680251, 53.39136731259372], [-3.115324266633578, 53.39118757529602], [-3.1150235907614294, 53.39119038448524], [-3.1150188920314226, 53.3910106471635], [-3.1144175426677565, 53.39101626323424], [-3.114412846520491, 53.39083652587019], [-3.113811499486992, 53.39084213887621], [-3.113802112408321, 53.390482664057814], [-3.114102783418151, 53.39047985796987], [-3.1140980886884746, 53.39030012057033], [-3.1143987583817485, 53.390297313743645], [-3.1144034543774874, 53.39047705112489], [-3.115004796144624, 53.390471435163875], [-3.1150141933519526, 53.390830909836026], [-3.115314866691886, 53.39082810068338], [-3.115319566637457, 53.39100783799256], [-3.1159209156978576, 53.39100221737958], [-3.115925618226206, 53.39118195464643], [-3.1165269696165168, 53.391176330968634], [-3.1165316747276943, 53.39135606819311], [-3.1171330284478307, 53.391350441450534], [-3.1171377361418915, 53.39153017863262], [-3.117739092191763, 53.39152454882517], [-3.117734381965429, 53.39134481167974], [-3.1180350586482426, 53.39134199565878], [-3.1180303472064486, 53.39116225852595], [-3.117729671789756, 53.391165074528566], [-3.117724961664746, 53.39098533737168], [-3.1174242874635003, 53.390988152598915], [-3.1174195786552445, 53.39080841541795], [-3.117118905669449, 53.39081122986983], [-3.117109490737023, 53.39045175545402], [-3.117410161190666, 53.3904489410388], [-3.1174054525343444, 53.39026920384064], [-3.1180067907575784, 53.39026357277578], [-3.11800207961982, 53.39008383560856], [-3.118302747389398, 53.39008101895896], [-3.118298035036284, 53.38990128180433], [-3.1176967019785087, 53.389906914309826], [-3.117691992208101, 53.38972717711277], [-3.118293322733851, 53.38972154464394], [-3.1182886104821033, 53.389541807477855], [-3.118589274402963, 53.38953899012628], [-3.118584560935911, 53.389359252972795], [-3.119486548596325, 53.38935079643118], [-3.1194818313820605, 53.389171059327026], [-3.1203838147879575, 53.38916259602761], [-3.1203790938265668, 53.38898285897285], [-3.120679753594384, 53.38898003637746], [-3.120675031417829, 53.38880029933534], [-3.120374372915951, 53.38880312191234], [-3.120369652056109, 53.38862338484611], [-3.119768337431897, 53.388629027692446], [-3.1197636191546505, 53.38844929058372], [-3.120966243136338, 53.388438001936656], [-3.1209615198462477, 53.38825826489571], [-3.1218634835014822, 53.38824979051747], [-3.121858756464546, 53.38807005352598], [-3.12215940964875, 53.38806722723773], [-3.122154681396786, 53.38788749025889], [-3.1215533775092714, 53.38789314204164], [-3.1215392006535216, 53.38735393096032], [-3.121238552431043, 53.3873567556611], [-3.1212291039796014, 53.38699728154139], [-3.1215297496704664, 53.38699445687742], [-3.1215250242551713, 53.38681471982736], [-3.12182566862943, 53.38681189442485], [-3.121820941999183, 53.38663215738747], [-3.1236247995821422, 53.386615189187644], [-3.123615331285157, 53.38625571531664], [-3.1239159715060363, 53.38625288467103], [-3.1239112361681878, 53.38607314774534], [-3.124512513925704, 53.38606748422024], [-3.12450777610736, 53.38588774732573], [-3.1242071385197834, 53.38589057944827], [-3.1241929291675103, 53.38535136867493], [-3.1244935629580377, 53.3853485366077], [-3.1244888253434966, 53.3851687996902], [-3.124789457817418, 53.38516596688457], [-3.1247799802099157, 53.38480649306927], [-3.125381239942317, 53.38480082526118], [-3.125376498683782, 53.38462108838184], [-3.125677127207895, 53.384618253360955], [-3.125672384734748, 53.38443851649432], [-3.12597301194226, 53.38443568073507], [-3.125968268254529, 53.384255943881165], [-3.126268894145444, 53.38425310738352], [-3.1262594043918943, 53.38389363369545], [-3.125958781032108, 53.38389647015616], [-3.125954037497415, 53.38371673328504], [-3.126254659591659, 53.3837138968428], [-3.126249914842449, 53.38353415998442], [-3.12655053562014, 53.38353132280384], [-3.1265410437437757, 53.38317184910681], [-3.1268416619394115, 53.38316901120635], [-3.1268321677362327, 53.38280953752334], [-3.1271327833498592, 53.382806698903025], [-3.127128035059383, 53.38262696207136], [-3.12742864935649, 53.382624122712755], [-3.12742389985163, 53.38244438589387], [-3.127724512832218, 53.38244154579695], [-3.1277150114448737, 53.38208207217892], [-3.1283162321910796, 53.38207638978869], [-3.128297219906367, 53.3813574426318], [-3.128597825141283, 53.38135460037553], [-3.1285883167749144, 53.380995126799654], [-3.1288889194280274, 53.38099228382367], [-3.1288841640562093, 53.38081254704563], [-3.1291847653928673, 53.3808097033314], [-3.1291657393558068, 53.38009075623588], [-3.129466335580181, 53.38008791183899], [-3.1294615779335335, 53.379908175069296], [-3.130062767698294, 53.37990248404238], [-3.1300437275015764, 53.37918353705436], [-3.1303443172463297, 53.37918069047998], [-3.1303395560599316, 53.37900095373714], [-3.1306401444883094, 53.37899810642459], [-3.130630619738785, 53.3786386329588], [-3.130931205585639, 53.37863578492663], [-3.1309216785106884, 53.37827631147498], [-3.131222261776061, 53.37827346272321], [-3.1312127323757863, 53.37791398928566], [-3.131513313059723, 53.37791113981434], [-3.13149424981372, 53.37719219294457], [-3.131794825386169, 53.37718934279082], [-3.1317805246946855, 53.37665013263387], [-3.131479952917274, 53.37665298273193], [-3.131475187387607, 53.3764732459829], [-3.1317757579000363, 53.37647039590338], [-3.131751924695575, 53.37557171216489], [-3.132052488832029, 53.37556886142155], [-3.132042953379209, 53.37520938792308], [-3.131742391772546, 53.375212238629274], [-3.1317328590545146, 53.3748527650707], [-3.132033418131439, 53.37484991440162], [-3.1320143482510225, 53.37413096728979], [-3.132314902217376, 53.37412811593838], [-3.132310133610625, 53.373948379164645], [-3.1320095809090653, 53.37395123049747], [-3.13195714353034, 53.37197412540286], [-3.1316566046893617, 53.37197697577496], [-3.1316518392270716, 53.371797238895155], [-3.13135130159949, 53.3718000884922], [-3.131346537453053, 53.37162035158809], [-3.131046001038868, 53.37162320041007], [-3.131041238208259, 53.37144346348169], [-3.1307407030074734, 53.371446311528615], [-3.1307359414926603, 53.37126657457593], [-3.130435407505277, 53.37126942184783], [-3.1304306473062353, 53.37108968487087], [-3.129228515903383, 53.37110106631948], [-3.1292237608137903, 53.37092132926266], [-3.128021633651254, 53.37093269853349], [-3.1280263836825606, 53.37111243566433], [-3.1277258504996515, 53.37111527610936], [-3.1277211017329156, 53.37093553895999], [-3.1262184413756837, 53.370949729745305], [-3.126223183819543, 53.37112946698705], [-3.1247205158647584, 53.37114363895257], [-3.1247252520366438, 53.371323376280856], [-3.124424717028281, 53.37132620842294], [-3.124429451986478, 53.37150594576392], [-3.1241289156626006, 53.37150877716795], [-3.1241478509458975, 53.372227726548246], [-3.1244483923283473, 53.372224895070474], [-3.1244578628047392, 53.372584369689314], [-3.1247584066656438, 53.372581537418135], [-3.12476314324491, 53.3727612747005], [-3.1250636883195932, 53.37275844165437], [-3.1250731641603484, 53.37311791616497], [-3.1247726165562204, 53.37312074924803], [-3.1247820900712386, 53.373480223772575], [-3.124481539886682, 53.37348305613597], [-3.124486275455813, 53.373662793408066], [-3.124185723955569, 53.37366562503335], [-3.124190458310831, 53.37384536231816], [-3.1238899054948983, 53.37384819320529], [-3.123885172404423, 53.37366845590206], [-3.1232840691494776, 53.3736741153698], [-3.1232793386394393, 53.373494378023985], [-3.1229787882004425, 53.373497206604604], [-3.122974059006025, 53.373317469234614], [-3.1226735097809435, 53.373320297040244], [-3.1226687819021213, 53.37314055964611], [-3.1223682338909553, 53.37314338667681], [-3.122363507327701, 53.37296364925851], [-3.122062960530452, 53.37296647551426], [-3.122067685828971, 53.373146212950935], [-3.121767137716182, 53.373149038468554], [-3.1217718618007555, 53.3733287759179], [-3.1220724111782947, 53.37332595038191], [-3.1220818620293587, 53.3736854252266], [-3.122382413885633, 53.37368259889724], [-3.122387140652166, 53.37386233629259], [-3.1229882467418197, 53.37385668132736], [-3.122992976088781, 53.37403641868014], [-3.123894638636264, 53.3740279305028], [-3.1239041050716647, 53.37438740508057], [-3.1236035484104003, 53.37439023526646], [-3.1235988164320827, 53.37421049796199], [-3.1232982609847686, 53.37421332737287], [-3.123307722462612, 53.374572802012885], [-3.1230071644347634, 53.374575630704015], [-3.1230166235863415, 53.37493510535792], [-3.1224155023186437, 53.37494076054407], [-3.1224249566140707, 53.37530023524868], [-3.1227255198031227, 53.37529740799709], [-3.122734976831694, 53.37565688264188], [-3.1224344111128044, 53.375659709930304], [-3.1224391384384154, 53.375839447262535], [-3.1221385714037564, 53.375842273812744], [-3.1221432975152417, 53.37602201115761], [-3.121842729164813, 53.37602483696961], [-3.121838004318282, 53.37584509960635], [-3.1203351681291447, 53.37585921722502], [-3.1203398866508927, 53.37603895468023], [-3.1206404552552014, 53.37603613265136], [-3.1206451750926565, 53.376215870082454], [-3.121246314678956, 53.37621022371807], [-3.12125103709713, 53.37638996110667], [-3.1215516080791033, 53.376387136771115], [-3.121556331813051, 53.37656687413558], [-3.122157476154604, 53.376561223157815], [-3.1221622024693607, 53.37674096047974], [-3.122462775828924, 53.3767381338375], [-3.1224722311409554, 53.37709760842732], [-3.1221716552513357, 53.37710043510638], [-3.122176381718554, 53.37728017241107], [-3.1218758045130626, 53.377282998351895], [-3.121885255069827, 53.3776424729809], [-3.1227869941242354, 53.37763399277804], [-3.1227917232741014, 53.37781373002871], [-3.122491142375041, 53.377816557538075], [-3.1224958703106553, 53.377996294801434], [-3.1221952880956554, 53.37799912157252], [-3.1222000148169893, 53.37817885884855], [-3.121298264071739, 53.37818733467697], [-3.1213077100760556, 53.37854680932218], [-3.1210071238624377, 53.37854963312172], [-3.121002402100034, 53.37836989578361], [-3.1204012320507895, 53.37837554107582], [-3.120396512869427, 53.37819580369522], [-3.1200959290338153, 53.378198625187935], [-3.1200864933535524, 53.37783915037272], [-3.1194853305906203, 53.377844791014645], [-3.1194900458751684, 53.37802452846184], [-3.118588297555207, 53.3780329838047], [-3.118593009095083, 53.378212721301225], [-3.1176912565237864, 53.37822116988896], [-3.1176865487792913, 53.37804143233742], [-3.1170853826755534, 53.37804706090914], [-3.1170806775119115, 53.3778673233152], [-3.1167800956492617, 53.377870136447726], [-3.116775391801313, 53.37769039882974], [-3.1164748111531893, 53.377693211187285], [-3.1164842163694417, 53.37805268645413], [-3.1167847995477884, 53.37804987405999], [-3.116794207496582, 53.37840934926729], [-3.1170947931546222, 53.378406536079794], [-3.1171183202377186, 53.37930522390606], [-3.1174189121710816, 53.379302409870256], [-3.117423619004719, 53.37948214739998], [-3.117724212152693, 53.37947933258913], [-3.117728920302181, 53.379659070094796], [-3.118029514664765, 53.37965625450888], [-3.1180342241301315, 53.37983599199048], [-3.1177336285022963, 53.37983880759471], [-3.1177477534064146, 53.38037802006004], [-3.1174471539321176, 53.38038083496255], [-3.117442446845408, 53.3802010974615], [-3.1171418485857862, 53.38020391158892], [-3.117127731425145, 53.37966469899641], [-3.116827136910719, 53.37966751231213], [-3.1168224325569454, 53.379487774751496], [-3.1162212459068277, 53.37949339907612], [-3.1162259477301215, 53.37967313667338], [-3.1156247583472854, 53.379678758007714], [-3.115629457690629, 53.379858495635844], [-3.115930053672576, 53.37985568532874], [-3.1159582583856724, 53.38093411086725], [-3.115657654811909, 53.38093692128417], [-3.115662354508998, 53.38111665887214], [-3.11506114467917, 53.38112227747228], [-3.115056447512783, 53.380942539847695], [-3.1144552400116177, 53.380948155384175], [-3.1144505454264206, 53.3807684177173], [-3.1141499428654473, 53.3807712243321], [-3.114145249596059, 53.380591486641215], [-3.113844648249945, 53.380594292481014], [-3.1138399562963386, 53.38041455476611], [-3.113539356165085, 53.38041735983087], [-3.1135346655272325, 53.38023762209197], [-3.1126328686267946, 53.38024603269097], [-3.1126375554687375, 53.38042577048463], [-3.112938155751271, 53.38042296769012], [-3.112942843908931, 53.380602705459815], [-3.113243445406366, 53.3805999018903], [-3.1132481348797687, 53.38077963963598], [-3.1135487375921085, 53.38077683529145], [-3.1135534283812816, 53.38095657301315], [-3.113854032308521, 53.38095376789358], [-3.113858724413492, 53.38113350559128], [-3.1144599346472974, 53.38112789304531], [-3.114464629333462, 53.381307630700725], [-3.114765235640013, 53.38130482327429], [-3.114769931642042, 53.38148456090568], [-3.1150705391634763, 53.38148175270422], [-3.1150752364813976, 53.38166149031157], [-3.1159770625387453, 53.38165306111156], [-3.115981763703397, 53.3818327986583], [-3.1165829833530236, 53.38182717537109], [-3.116592390895688, 53.38218665037414], [-3.115389941270817, 53.382197894067836], [-3.1153852425359205, 53.38201815649596], [-3.114784019951126, 53.382023773765454], [-3.114779323797598, 53.38184403615126], [-3.114178103541643, 53.381849650357005], [-3.114173409969432, 53.38166991270053], [-3.1138728010311487, 53.38167271864994], [-3.113882185695211, 53.382032193993716], [-3.1141827971643274, 53.382029388007766], [-3.114187490837483, 53.38220912565276], [-3.114788716155154, 53.382203511373895], [-3.1147934124096843, 53.382383248976616], [-3.1150940262582214, 53.38238044068368], [-3.1150987238287158, 53.3825601782624], [-3.115399338892197, 53.38255736919437], [-3.1154087367156986, 53.38291684429797], [-3.114807501476293, 53.38292246175036], [-3.114802805070254, 53.38274272416485], [-3.114502188640274, 53.38274553173752], [-3.114497493550216, 53.382565794128], [-3.1138962630697575, 53.38257140696637], [-3.1139009556288637, 53.38275114461245], [-3.1132997224155994, 53.38275675446012], [-3.11329503238745, 53.38257701677752], [-3.1129944169706367, 53.38257982054784], [-3.1129850395965617, 53.3822203451289], [-3.1126844266602465, 53.38222314810594], [-3.112679739314278, 53.3820434103696], [-3.112379127592998, 53.38204621257159], [-3.1123744415628627, 53.38186647481128], [-3.112073831056615, 53.38186927623823], [-3.112087885501877, 53.38240848955668], [-3.1123884998044464, 53.38240568807501], [-3.112397872217469, 53.382765163555504], [-3.1129991057333073, 53.38275955824872], [-3.1130037945464006, 53.38293929594387], [-3.1121019404005597, 53.38294770282355], [-3.11210662546755, 53.38312744056771], [-3.1124072448320734, 53.38312463901306], [-3.112411931214969, 53.383304376733236], [-3.1127125517946173, 53.383301574403504], [-3.112721927242686, 53.38366104979017], [-3.1130225503030067, 53.38365824666711], [-3.1130272393682206, 53.38383798433358], [-3.113327863643675, 53.38383518043541], [-3.1133325540248915, 53.3840149180779], [-3.1136331795154795, 53.38401211340462], [-3.113642562960424, 53.384371588635844], [-3.1139431909317445, 53.38436878316919], [-3.113952577109754, 53.38472825834094], [-3.1133513160541706, 53.38473386859049], [-3.113346625471187, 53.38455413097095], [-3.112745366745086, 53.38455973815648], [-3.1127406787437777, 53.38438000049469], [-3.112440050570713, 53.38438280293391], [-3.112435363885423, 53.38420306524814], [-3.1115334828606915, 53.38421146796995], [-3.1115288000225756, 53.38403173022371], [-3.1109275482854506, 53.38403732821751], [-3.1109415893572403, 53.38457654154837], [-3.1112422190477966, 53.38457374287522], [-3.1112469007713615, 53.38475348062248], [-3.1115475316772034, 53.384750681174246], [-3.111552214716763, 53.38493041889754], [-3.11215347890864, 53.384924817693964], [-3.112158164529882, 53.38510455537506], [-3.1124587978158993, 53.385101753619715], [-3.1124634847532056, 53.385281491276835], [-3.1130647537053555, 53.385275885458995], [-3.1130694432244366, 53.38545562307385], [-3.1127688075078868, 53.38545842637949], [-3.1127734958117017, 53.38563816400686], [-3.1130741327939506, 53.38563536068299], [-3.113088201805097, 53.38617457347602], [-3.1127875610256743, 53.38617737685467], [-3.112782872570595, 53.38599763924446], [-3.112482233006489, 53.386000441847955], [-3.1124775458675575, 53.38582070421377], [-3.11187626911959, 53.38582630711356], [-3.111866900055774, 53.385466831755004], [-3.111566264137627, 53.38546963203307], [-3.111556897806687, 53.38511015661512], [-3.1109556308820387, 53.38511575482765], [-3.110979034430109, 53.38601444351182], [-3.111279674246121, 53.386011644692864], [-3.1112937207763087, 53.3865508577799], [-3.1106924334994055, 53.38655645477026], [-3.1106877538038624, 53.38637671704386], [-3.1103871113556822, 53.38637951438544], [-3.1103637199615255, 53.3854808255764], [-3.11006308379169, 53.38548362207002], [-3.110058406929483, 53.38530388427278], [-3.1097577719750413, 53.38530667999129], [-3.1097530964288116, 53.385126942170146], [-3.1094524626897657, 53.38512973711356], [-3.1094898583417634, 53.38656763966792], [-3.1097905022066192, 53.3865648445789], [-3.109799854153936, 53.38692432012376], [-3.1094992077574912, 53.38692711524921], [-3.109503882540769, 53.38710685303124], [-3.1092032348282324, 53.38710964741795], [-3.1091985613107713, 53.38692990961772], [-3.108897914813789, 53.3869327032293], [-3.108888570461242, 53.38657322757523], [-3.108587926445604, 53.3865760203935], [-3.1085785848255845, 53.38621654468013], [-3.1082779432912533, 53.38621933670512], [-3.108273273822342, 53.386039598821654], [-3.1079726335035422, 53.386042390071545], [-3.1079679653505847, 53.385862652164164], [-3.1076673262473182, 53.385865442638966], [-3.1076766600719483, 53.386224918484324], [-3.1079773017067027, 53.38622212797318], [-3.10798196996007, 53.38640186586908], [-3.108282612810384, 53.38639907458285], [-3.1082966216690924, 53.38693828818165], [-3.1085972682665584, 53.386935496083936], [-3.1086019392523863, 53.387115233920554], [-3.1089025870654354, 53.387112441047734], [-3.1089119317194753, 53.3874719166674], [-3.1092125820139462, 53.387469123001246], [-3.10923127698855, 53.38818807409903], [-3.1089306216305688, 53.38819086783797], [-3.108925949077417, 53.38801113005392], [-3.108324640742506, 53.388016715224516], [-3.1083293107638594, 53.38819645304493], [-3.1086299662223347, 53.38819366081994], [-3.108634637559828, 53.38837339861645], [-3.1089352942339756, 53.38837060561629], [-3.1089680038649794, 53.38962876990401], [-3.1083666727429082, 53.38963435540199], [-3.1083620023197227, 53.38945461762742], [-3.1080613379493407, 53.38945740922272], [-3.1080566688423814, 53.38927767142423], [-3.1077560056877775, 53.389280462244336], [-3.1077420024661047, 53.38874124875997], [-3.107441343059206, 53.38874403876858], [-3.1074460094836054, 53.388923776620615], [-3.1068446879873446, 53.388929354403196], [-3.106840024094859, 53.38874961651485], [-3.1065393645374386, 53.38875240425251], [-3.106525376958735, 53.38821319049861], [-3.106224721148962, 53.38821597742483], [-3.106215398879014, 53.38785650152396], [-3.1056140921726803, 53.3878620730329], [-3.105637385564348, 53.38876076292356], [-3.1059380452721688, 53.388757977456855], [-3.1059473655115073, 53.38911745333673], [-3.106548689840641, 53.38911188005978], [-3.106553352567465, 53.389291617954825], [-3.107154679227974, 53.38928604161358], [-3.107159344536943, 53.389465779466576], [-3.106858679965772, 53.389468568033884], [-3.1068680082022055, 53.389828043758996], [-3.1062666738453086, 53.38983361869517], [-3.1062620122340623, 53.38965388079915], [-3.1059613462464277, 53.38965666711357], [-3.1059566859513317, 53.3894769291937], [-3.1053553563577347, 53.38948249951522], [-3.105350698644766, 53.389302761553324], [-3.10505003503882, 53.38930554556045], [-3.1050453786419343, 53.38912580757469], [-3.1047447162518975, 53.38912859080669], [-3.104735406140304, 53.388769114781745], [-3.1044347462321387, 53.388771897220515], [-3.1044300925173904, 53.388592159181314], [-3.1038287750828215, 53.38859772175163], [-3.10383342626567, 53.388777459827054], [-3.1041340862739233, 53.38877467890227], [-3.1041433913216365, 53.38913415499968], [-3.1044440538117937, 53.389131373281685], [-3.1044487076767004, 53.389311111303684], [-3.104148043920552, 53.38931389303982], [-3.1041666548166256, 53.390032845143], [-3.1044673236368725, 53.39003006333441], [-3.1044719777520564, 53.39020980132777], [-3.104772647788306, 53.39020701874403], [-3.104777303219618, 53.39038675671354], [-3.105378645674032, 53.39038118923874], [-3.105383303687585, 53.39056092716626], [-3.105082631219337, 53.390563711300295], [-3.1050919448645353, 53.39092318717442], [-3.1053926198649915, 53.3909204030041], [-3.105406594506864, 53.391459616717896], [-3.1045045579599893, 53.39146796712087], [-3.1044905947133703, 53.39092875324389], [-3.104791269813991, 53.39092597058768], [-3.1047866142324585, 53.390746232635365], [-3.1044859403979532, 53.390749015273464], [-3.104481286132596, 53.3905692772973], [-3.10418061351413, 53.390572059160235], [-3.1041759605649175, 53.39039232116022], [-3.103273946207565, 53.3904006621525], [-3.1032832445594694, 53.390760138255466], [-3.1029825704748015, 53.39076291710833], [-3.1029918664944782, 53.391122393224585], [-3.102691189827573, 53.391125171356606], [-3.102695836646256, 53.39130490942424], [-3.102395158663223, 53.39130768681731], [-3.1023998042657293, 53.39148742489729], [-3.1014977662184093, 53.39149575258842], [-3.1015024080723594, 53.3916754907169], [-3.10090104659214, 53.3916810387618], [-3.1008964072705396, 53.39150130059718], [-3.100595727721749, 53.391504073465974], [-3.100591089716212, 53.391324335277545], [-3.1002904113837, 53.39132710737122], [-3.100285774694197, 53.39114736915903], [-3.0999850975779655, 53.39115014047758], [-3.099999003997595, 53.39168935515113], [-3.0993976420185807, 53.391694895625335], [-3.099406908149498, 53.3920543721179], [-3.099106224552835, 53.39205714125546], [-3.0991201203242573, 53.39259635600547], [-3.0988194328790684, 53.39259912444006], [-3.0988333253000593, 53.39313833919262], [-3.0994347077382702, 53.39313280145816], [-3.099448608205455, 53.393672016051006], [-3.0997493031487586, 53.39366924599399], [-3.0997539380038415, 53.39384898416209], [-3.09915254553471, 53.39385452355508], [-3.0991479132123128, 53.39367478535089], [-3.0985465230765628, 53.3936803216793], [-3.09855115286627, 53.39386005991955], [-3.097949759998632, 53.3938655932555], [-3.0979451327416174, 53.3936858549792], [-3.096441656033486, 53.39369967497926], [-3.0964324143320523, 53.393340198229474], [-3.096131721373922, 53.39334295992215], [-3.0961224824039024, 53.39298348311348], [-3.0958217919286906, 53.39298624401307], [-3.095835646659321, 53.393525459271395], [-3.0961363409334637, 53.39352269831789], [-3.0961455802016173, 53.39388217509218], [-3.0964462769587593, 53.39387941334556], [-3.096450897933737, 53.394059151706145], [-3.096751595907537, 53.39405638918439], [-3.096770085370093, 53.394775342497496], [-3.096469382330702, 53.39477810509121], [-3.0964647611568994, 53.39459836675353], [-3.095863357461844, 53.39460388963352], [-3.095858738870561, 53.394424151254164], [-3.095558038214912, 53.39442691154044], [-3.095534952335501, 53.3935282194678], [-3.095234257962019, 53.39353097890708], [-3.0952296422014522, 53.393351240457406], [-3.0949289490446494, 53.39335399912158], [-3.0949612515466933, 53.39461216827486], [-3.095261953568067, 53.39460940948491], [-3.0952665696761885, 53.39478914789451], [-3.095567272914332, 53.394786388329415], [-3.0955765078124187, 53.395145865095515], [-3.095275802041393, 53.39514862469653], [-3.095289650961615, 53.39568783985667], [-3.0949889413415073, 53.39569059875445], [-3.0949935564810565, 53.39587033714767], [-3.0940914235234103, 53.39587860935176], [-3.0940868121833747, 53.39569887090467], [-3.0934853924965835, 53.39570438188555], [-3.0934807837391385, 53.39552464339684], [-3.0928793663870353, 53.39553015131312], [-3.092874760212124, 53.3953504127828], [-3.092273345194796, 53.3953559176345], [-3.0922779488367427, 53.3955356562007], [-3.0925786576366554, 53.39553290413549], [-3.0925924726591485, 53.396072119745895], [-3.0928931852090553, 53.396069366869746], [-3.09289779158216, 53.39624910537717], [-3.093198505349053, 53.396246351725885], [-3.093203113038258, 53.396426090209644], [-3.093503828022136, 53.396423335783226], [-3.0935084370274666, 53.39660307424332], [-3.0941098693795954, 53.39659756308296], [-3.0941144809676553, 53.39677730150145], [-3.094715915654505, 53.396771787276336], [-3.0947205298253464, 53.39695152565318], [-3.0950212483609127, 53.39694876738684], [-3.0950350949710854, 53.39748798242916], [-3.0953358172568417, 53.39748522335167], [-3.0953404341595054, 53.397664961669705], [-3.095641157662235, 53.39766220181703], [-3.0956457758812177, 53.39784194011135], [-3.0959465006009204, 53.39783917948346], [-3.0959603593559817, 53.39837839427815], [-3.096261087826026, 53.398375632839056], [-3.096265708777141, 53.3985553710745], [-3.097167897689081, 53.39854708215968], [-3.097172522490059, 53.39872682033543], [-3.0977739840493874, 53.3987212905699], [-3.0977786114335752, 53.3989010287039], [-3.098079343405309, 53.398898262667224], [-3.0980839721060174, 53.39907800077751], [-3.0983847052946976, 53.399075233965526], [-3.0983893353119547, 53.39925497205204], [-3.098690069717584, 53.39925220446479], [-3.0986993324350705, 53.39961168058459], [-3.0990000693244255, 53.399608912203995], [-3.099004702024697, 53.39978865023726], [-3.0993054401310096, 53.39978588108133], [-3.099310074147925, 53.39996561909085], [-3.099610813471194, 53.399962849159586], [-3.099620084188235, 53.40032232512536], [-3.0999208259952904, 53.400319554400724], [-3.0999300994455052, 53.400679030307494], [-3.1002308437363864, 53.400676258789424], [-3.100249396302971, 53.40139521046204], [-3.100550145611529, 53.401392438114435], [-3.1005594247280754, 53.40175191388028], [-3.101160928263173, 53.40174636684079]], [[-3.1022106040266335, 53.3958039141867], [-3.1016091844946, 53.3958094660915], [-3.1016045414921414, 53.395629728094725], [-3.101303832917691, 53.395632502893264], [-3.1012991912316488, 53.3954527648727], [-3.100998483873744, 53.395455538895995], [-3.100993843504095, 53.395275800851635], [-3.10039243117148, 53.3952813465906], [-3.1003877933846415, 53.39510160850438], [-3.1000870884099467, 53.395104380220076], [-3.1000685428271173, 53.39438542774578], [-3.10127134216388, 53.39437433662904], [-3.1012759835503596, 53.39455407468397], [-3.101877385452035, 53.394548524546586], [-3.1018820294212532, 53.39472826255966], [-3.1021827315635737, 53.394725486337144], [-3.1021920221847186, 53.39508496230992], [-3.101891317509547, 53.39508773856856], [-3.1019052500166495, 53.39562695253902], [-3.1022059584912003, 53.39562417622611], [-3.1022106040266335, 53.3958039141867]], [[-3.1006653037914997, 53.394200145604906], [-3.1003646051987346, 53.394202917987464], [-3.1003599677112046, 53.3940231798669], [-3.1006606650376014, 53.39402040750238], [-3.1006653037914997, 53.394200145604906]], [[-3.0979543873054203, 53.394045331526065], [-3.0970522938316196, 53.39405362590552], [-3.0970476703239167, 53.39387388758094], [-3.097949759998632, 53.3938655932555], [-3.0979543873054203, 53.394045331526065]], [[-3.1123596939227944, 53.39283327023886], [-3.112059006150169, 53.392836072021844], [-3.1120543196277017, 53.392656334569004], [-3.1123550061340843, 53.39265353280428], [-3.1123596939227944, 53.39283327023886]], [[-3.1120543196277017, 53.392656334569004], [-3.111753633070913, 53.392659135576665], [-3.1117489478650846, 53.392479398099844], [-3.1114482625241333, 53.39248219833218], [-3.111443578634919, 53.392302460831395], [-3.110842210334329, 53.39230805898835], [-3.110837529027905, 53.39212832144537], [-3.1105368460682827, 53.39213111937002], [-3.1105321660784044, 53.39195138180309], [-3.1102314843346384, 53.391954178952425], [-3.1102361630583224, 53.39213391653756], [-3.1093341137265504, 53.392142303497764], [-3.1093294388014527, 53.391962565858016], [-3.108728074861229, 53.39196815334305], [-3.1087234025187818, 53.39178841566117], [-3.108422721739465, 53.391791208249906], [-3.1084180507134436, 53.39161147054408], [-3.1081173711500583, 53.39161426235755], [-3.108112701440436, 53.39143452462785], [-3.1084133797376636, 53.39143173283255], [-3.108408708812123, 53.39125199511528], [-3.1093107396038815, 53.39124361524164], [-3.109306064930191, 53.39106387757322], [-3.109606740494107, 53.391061082786095], [-3.109611416433928, 53.39124082043632], [-3.1102127699431263, 53.391235228554535], [-3.1102080914710517, 53.391055490940744], [-3.1105087668840494, 53.39105269388248], [-3.110518126410786, 53.39141216906792], [-3.1120215153818194, 53.39139817223868], [-3.112030887771475, 53.39175764721886], [-3.1123315679468386, 53.39175484554536], [-3.1123456307079276, 53.39229405791791], [-3.1120449467339926, 53.39229685964615], [-3.1120543196277017, 53.392656334569004]], [[-3.108441406345965, 53.39251015901579], [-3.1078400345069714, 53.392515742067495], [-3.107835365812436, 53.39233600434827], [-3.108436735118976, 53.39233042133292], [-3.108441406345965, 53.39251015901579]], [[-3.107835365812436, 53.39233600434827], [-3.107534681083835, 53.3923387947203], [-3.107530013705729, 53.39215905697715], [-3.107830697168116, 53.39215626662328], [-3.107835365812436, 53.39233600434827]], [[-3.107530013705729, 53.39215905697715], [-3.107229330193141, 53.39216184657395], [-3.10722466413144, 53.39198210880691], [-3.1075253463778263, 53.391979319228284], [-3.107530013705729, 53.39215905697715]], [[-3.1033204399673493, 53.39219804243813], [-3.102418387175431, 53.392206377159944], [-3.1024137413730517, 53.392026639102866], [-3.1021130582753336, 53.39202941581122], [-3.1021084137891246, 53.39184967773035], [-3.103010459133757, 53.39184134538832], [-3.1030151074185657, 53.39202108341493], [-3.1033157903663335, 53.39201830443534], [-3.1033204399673493, 53.39219804243813]], [[-3.1069239818348655, 53.39198489762847], [-3.1063226170912106, 53.39199047300035], [-3.1063132927154653, 53.39163099734012], [-3.1069146523943867, 53.391625422040846], [-3.1069239818348655, 53.39198489762847]], [[-3.100609642037681, 53.39204328799684], [-3.1003089586404333, 53.39204606016271], [-3.100304321751439, 53.39186632197342], [-3.1006050038824835, 53.3918635498256], [-3.100609642037681, 53.39204328799684]], [[-3.113534288143983, 53.39174363128073], [-3.1132336081703715, 53.39174643598248], [-3.1132289168856953, 53.391566698568276], [-3.1135295955931466, 53.39156389388478], [-3.113534288143983, 53.39174363128073]], [[-3.100304321751439, 53.39186632197342], [-3.100003639570523, 53.39186909336419], [-3.099999003997595, 53.39168935515113], [-3.100299684912321, 53.39168658377841], [-3.100304321751439, 53.39186632197342]], [[-3.1132289168856953, 53.391566698568276], [-3.112928238127785, 53.3915695024947], [-3.112923548159715, 53.391389765056495], [-3.113224225651477, 53.391386961148335], [-3.1132289168856953, 53.391566698568276]], [[-3.1063132927154653, 53.39163099734012], [-3.106012612800779, 53.39163378385416], [-3.106007951954286, 53.391454045997286], [-3.1063086306028085, 53.3914512595014], [-3.1063132927154653, 53.39163099734012]], [[-3.112923548159715, 53.391389765056495], [-3.1126228706175083, 53.39139256820761], [-3.112618181966014, 53.391212830745424], [-3.1129188582420864, 53.391210027612566], [-3.112923548159715, 53.391389765056495]], [[-3.112618181966014, 53.391212830745424], [-3.1120168292625956, 53.39121843474], [-3.1120027712073353, 53.39067922220952], [-3.111702098578342, 53.39068202301651], [-3.111697413926805, 53.390502285476636], [-3.1110960710498405, 53.39050788478305], [-3.1110913889808267, 53.39032814720099], [-3.111392059178426, 53.390325347944525], [-3.111382692659372, 53.389965872799664], [-3.111683360274503, 53.38996307282265], [-3.111688044774885, 53.390142810379714], [-3.1119887136056743, 53.39014000962746], [-3.1119933994224946, 53.390319747160525], [-3.1122940694689394, 53.39031694563301], [-3.1122987566022267, 53.39049668314211], [-3.1125994278643256, 53.390493880839315], [-3.112618181966014, 53.391212830745424]], [[-3.116512854586615, 53.39063711926081], [-3.115911510792894, 53.39064274282869], [-3.1159068084162787, 53.39046300554467], [-3.1156061377096176, 53.39046581617476], [-3.1155967356402186, 53.39010634155286], [-3.1161980719387565, 53.39010071960886], [-3.1162027754802653, 53.390280456886074], [-3.1165034448197018, 53.39027764476023], [-3.116512854586615, 53.39063711926081]], [[-3.1134873649067587, 53.38994625706331], [-3.112886030231054, 53.38995186534447], [-3.1128813407169496, 53.38977212785467], [-3.112280008371546, 53.38977773307128], [-3.1122753214399013, 53.38959799553923], [-3.1119746564575914, 53.38960079699378], [-3.1119699708423574, 53.389421059437765], [-3.1116693070756503, 53.38942386011708], [-3.1116646227767952, 53.38924412253708], [-3.1122659477278405, 53.38923852045796], [-3.1122706345586666, 53.38941825800146], [-3.1125712982245695, 53.389415455808155], [-3.112575986371803, 53.38959519332767], [-3.113177316084324, 53.389589586633576], [-3.1131820068140024, 53.38976932411084], [-3.113482672860605, 53.38976651961001], [-3.1134873649067587, 53.38994625706331]], [[-3.111382692659372, 53.389965872799664], [-3.1104806895118173, 53.38997426818862], [-3.110476010125933, 53.3897945305529], [-3.1113780094754007, 53.389786135218635], [-3.111382692659372, 53.389965872799664]], [[-3.117691992208101, 53.38972717711277], [-3.1170906614797316, 53.389732806553596], [-3.1170859542919795, 53.38955306931414], [-3.116183961617757, 53.38956150774287], [-3.1161792582785965, 53.38938177044271], [-3.1146759424733115, 53.389395819259086], [-3.114661851748802, 53.388856607049796], [-3.114361192234038, 53.38885941448722], [-3.114351801202141, 53.38849993961578], [-3.11465245818504, 53.38849713221491], [-3.114657154941664, 53.38867686963521], [-3.115859787431685, 53.388665632388836], [-3.115864489302573, 53.38884536973025], [-3.1161651485646265, 53.388842558507896], [-3.116169851752032, 53.38902229582523], [-3.1164705122294505, 53.38901948382762], [-3.116475216733402, 53.389199221120904], [-3.117076540068354, 53.389193594818046], [-3.117081247154853, 53.389373332068956], [-3.117381910012371, 53.389370517763716], [-3.117386618415483, 53.389550254990546], [-3.117687282488348, 53.38954743990999], [-3.117691992208101, 53.38972717711277]], [[-3.119162306859284, 53.38845493036545], [-3.1182603380358844, 53.3884633843608], [-3.1182556261388887, 53.388283647154545], [-3.1176543158683536, 53.38828927932992], [-3.11763547891408, 53.38757033030082], [-3.117936129011199, 53.38756751466498], [-3.117940839439645, 53.3877472519125], [-3.1182414907519527, 53.38774443550137], [-3.1182462024969224, 53.387924172724816], [-3.1191481599273305, 53.38791571889467], [-3.119162306859284, 53.38845493036545]], [[-3.116757055650194, 53.38847745921364], [-3.116155742341561, 53.38848308385601], [-3.1161510393059038, 53.38830334652147], [-3.1158503838416154, 53.38830615768887], [-3.1158456821224316, 53.38812642033029], [-3.1155450278734738, 53.38812923072243], [-3.1155403274707383, 53.3879494933398], [-3.116141633386327, 53.387943871835155], [-3.1161463363208255, 53.38812360918118], [-3.1164469904686376, 53.38812079727511], [-3.11645169471961, 53.388300534597086], [-3.116752350082721, 53.38829772191573], [-3.116757055650194, 53.38847745921364]], [[-3.113144482389134, 53.38833142413211], [-3.112843826419786, 53.38833422772987], [-3.112839137359589, 53.38815449018845], [-3.113139792063035, 53.38815168660898], [-3.113144482389134, 53.38833142413211]], [[-3.1200453975611713, 53.38772752113862], [-3.1197447465531107, 53.38773034209144], [-3.1197400285295824, 53.38755060495403], [-3.120040678271798, 53.38754778401958], [-3.1200453975611713, 53.38772752113862]], [[-3.1197400285295824, 53.38755060495403], [-3.1194393787366255, 53.38755342513155], [-3.1194346620296693, 53.38737368797003], [-3.119735310556796, 53.387370867810894], [-3.1197400285295824, 53.38755060495403]], [[-3.1194346620296693, 53.38737368797003], [-3.1188333648232525, 53.387379326017516], [-3.1188286506986604, 53.387199588813544], [-3.119429945373442, 53.38719395080278], [-3.1194346620296693, 53.38737368797003]], [[-3.112510356898675, 53.387078867532665], [-3.111909062429958, 53.38708447068785], [-3.111899692660795, 53.38672499540959], [-3.111599047882457, 53.38672779581531], [-3.1115849974038943, 53.38618858280016], [-3.112486920195829, 53.38618017947641], [-3.1124962947257355, 53.3865396547161], [-3.1127969380871, 53.386536852057866], [-3.112806315350223, 53.38689632723812], [-3.1125056694572835, 53.38689912993287], [-3.112510356898675, 53.387078867532665]], [[-3.1113077677597007, 53.38709007081531], [-3.1110071203490284, 53.387092869743654], [-3.110997758174685, 53.38673339435598], [-3.1112984030537487, 53.3867305954641], [-3.1113077677597007, 53.38709007081531]], [[-3.1142907644182913, 53.38616335239231], [-3.1139901238406953, 53.386166158798616], [-3.1139854303226655, 53.38598642126147], [-3.1142860696345274, 53.38598361487347], [-3.1142907644182913, 53.38616335239231]], [[-3.1139854303226655, 53.38598642126147], [-3.1136847909603285, 53.38598922689257], [-3.113680098758499, 53.385809489331436], [-3.1139807368551127, 53.3858066837186], [-3.1139854303226655, 53.38598642126147]], [[-3.1157751624022616, 53.38543035926327], [-3.115474527140099, 53.385433169380875], [-3.1154698274955717, 53.385253431912226], [-3.115770461492056, 53.38525062181292], [-3.1157751624022616, 53.38543035926327]], [[-3.115761059823307, 53.384891146895015], [-3.115460428358139, 53.38489395695774], [-3.1154557288652316, 53.38471421947189], [-3.115756359064765, 53.384711409427474], [-3.115761059823307, 53.384891146895015]], [[-3.1154557288652316, 53.38471421947189], [-3.1151550986151597, 53.38471702875943], [-3.115150400438417, 53.38453729124957], [-3.1148497714034447, 53.38454009976195], [-3.11484037773274, 53.3841806246884], [-3.1145397511784667, 53.384183432407355], [-3.1145350556844633, 53.3840036948437], [-3.115136306211333, 53.38399807868551], [-3.1151457023121987, 53.384357553733935], [-3.1154463300310358, 53.384354744482984], [-3.1154557288652316, 53.38471421947189]], [[-3.1201572659020043, 53.38053521092738], [-3.1198566655678324, 53.38053803190221], [-3.1198519483080824, 53.380358294553695], [-3.119551349188483, 53.38036111475341], [-3.1195419173517194, 53.380001640002426], [-3.1201431104790753, 53.379995998919725], [-3.1201572659020043, 53.38053521092738]], [[-3.121336049307894, 53.37962523312009], [-3.1210354555031095, 53.379628057029954], [-3.1210307334360587, 53.379448319726265], [-3.121331325975615, 53.37944549583478], [-3.121336049307894, 53.37962523312009]], [[-3.119818928910113, 53.379100132953425], [-3.1195183386472345, 53.379102953024585], [-3.1195089075203937, 53.37874347819329], [-3.1198094952529023, 53.37874065815884], [-3.119818928910113, 53.379100132953425]], [[-3.1225053263343976, 53.37835576931091], [-3.1222047415891496, 53.37835859611883], [-3.1222000148169893, 53.37817885884855], [-3.1225005982971075, 53.37817603205904], [-3.1225053263343976, 53.37835576931091]]]}, "properties": {"kind": "max_footprint", "threshold_pct": 7.0}}, {"type": "Feature", "geometry": {"type": "Polygon", "coordinates": [[[-3.0981858161205955, 53.40303223775479], [-3.0981811863242674, 53.40285249977049], [-3.0975796665880657, 53.40285803187924], [-3.0975842938503098, 53.4030377698996], [-3.0981858161205955, 53.40303223775479]]]}, "properties": {"kind": "max_footprint", "threshold_pct": 10.0}}, {"type": "Feature", "geometry": {"type": "Polygon", "coordinates": [[[-3.0990834655549735, 53.402844195927024], [-3.099078832007374, 53.402664457991065], [-3.0984773151041156, 53.40266999460804], [-3.098481946117662, 53.40284973258004], [-3.0990834655549735, 53.402844195927024]]]}, "properties": {"kind": "max_footprint", "threshold_pct": 10.0}}, {"type": "Feature", "geometry": {"type": "Polygon", "coordinates": [[[-3.0972789066452857, 53.40286079679755], [-3.0972742806998528, 53.402681058753494], [-3.0966727631990647, 53.40268658628198], [-3.0966773866104385, 53.40286632436206], [-3.0972789066452857, 53.40286079679755]]]}, "properties": {"kind": "max_footprint", "threshold_pct": 10.0}}, {"type": "Feature", "geometry": {"type": "Polygon", "coordinates": [[[-3.101179497231016, 53.40246531815924], [-3.1011748549141434, 53.402285580338216], [-3.1005733437772447, 53.402291127486116], [-3.1005779835601297, 53.40247086534326], [-3.101179497231016, 53.40246531815924]]]}, "properties": {"kind": "max_footprint", "threshold_pct": 10.0}}, {"type": "Feature", "geometry": {"type": "Polygon", "coordinates": [[[-3.100860176520588, 53.401749140739206], [-3.1008416134194645, 53.40103018925688], [-3.1005408666946312, 53.40103296232568], [-3.1005594247280754, 53.40175191388028], [-3.100860176520588, 53.401749140739206]]]}, "properties": {"kind": "max_footprint", "threshold_pct": 10.0}}, {"type": "Feature", "geometry": {"type": "Polygon", "coordinates": [[[-3.0893994255270596, 53.40059581774921], [-3.0893948331669545, 53.400416079164245], [-3.089094089622678, 53.400418823383], [-3.089098680715911, 53.400598561985845], [-3.0893994255270596, 53.40059581774921]]]}, "properties": {"kind": "max_footprint", "threshold_pct": 10.0}}, {"type": "Feature", "geometry": {"type": "Polygon", "coordinates": [[[-3.0896909830842665, 53.40023359561536], [-3.089686389556125, 53.400053857036845], [-3.089385648594953, 53.40005660197715], [-3.0893902408562517, 53.40023634057354], [-3.0896909830842665, 53.40023359561536]]]}, "properties": {"kind": "max_footprint", "threshold_pct": 10.0}}, {"type": "Feature", "geometry": {"type": "Polygon", "coordinates": [[[-3.0890894985788337, 53.40023908477443], [-3.089084907584379, 53.400059346160134], [-3.0884834254150797, 53.40006483225423], [-3.0884880138758435, 53.40024457090425], [-3.0890894985788337, 53.40023908477443]]]}, "properties": {"kind": "max_footprint", "threshold_pct": 10.0}}, {"type": "Feature", "geometry": {"type": "Polygon", "coordinates": [[[-3.0884834254150797, 53.40006483225423], [-3.0884788370036773, 53.3998850935985], [-3.088178097111813, 53.39988783549171], [-3.088182684256382, 53.40006757416532], [-3.0884834254150797, 53.40006483225423]]]}, "properties": {"kind": "max_footprint", "threshold_pct": 10.0}}, {"type": "Feature", "geometry": {"type": "Polygon", "coordinates": [[[-3.0993054401310096, 53.39978588108133], [-3.099296172246729, 53.39942640504511], [-3.098995436673991, 53.39942917416499], [-3.099004702024697, 53.39978865023726], [-3.0993054401310096, 53.39978588108133]]]}, "properties": {"kind": "max_footprint", "threshold_pct": 10.0}}, {"type": "Feature", "geometry": {"type": "Polygon", "coordinates": [[[-3.098995436673991, 53.39942917416499], [-3.098990804073391, 53.39924943612024], [-3.098690069717584, 53.39925220446479], [-3.098694701051416, 53.39943194252755], [-3.098995436673991, 53.39942917416499]]]}, "properties": {"kind": "max_footprint", "threshold_pct": 10.0}}, {"type": "Feature", "geometry": {"type": "Polygon", "coordinates": [[[-3.0923792414894518, 53.399489903208796], [-3.0923746367578944, 53.3993101647685], [-3.0920739013091656, 53.399312916452864], [-3.09207850477394, 53.399492654911086], [-3.0923792414894518, 53.399489903208796]]]}, "properties": {"kind": "max_footprint", "threshold_pct": 10.0}}, {"type": "Feature", "geometry": {"type": "Polygon", "coordinates": [[[-3.098690069717584, 53.39925220446479], [-3.098685438433572, 53.3990724663963], [-3.0983847052946976, 53.399075233965526], [-3.0983893353119547, 53.39925497205204], [-3.098690069717584, 53.39925220446479]]]}, "properties": {"kind": "max_footprint", "threshold_pct": 10.0}}, {"type": "Feature", "geometry": {"type": "Polygon", "coordinates": [[[-3.1044133247976133, 53.3995589518572], [-3.104408669345249, 53.3993792141436], [-3.1047094040186187, 53.399376431392724], [-3.10470474734958, 53.39919669369153], [-3.105005480706102, 53.399193910201475], [-3.105000822820419, 53.39901417251268], [-3.104098626400805, 53.39902252065662], [-3.104093972365407, 53.39884278290773], [-3.1037932413921134, 53.398845564089704], [-3.103802546979507, 53.39920503961801], [-3.1041032804862687, 53.39920225839978], [-3.104112588807395, 53.39956173386894], [-3.1044133247976133, 53.3995589518572]]]}, "properties": {"kind": "max_footprint", "threshold_pct": 10.0}}, {"type": "Feature", "geometry": {"type": "Polygon", "coordinates": [[[-3.0920739013091656, 53.399312916452864], [-3.092064694528181, 53.39895343951929], [-3.091763961563457, 53.39895619041053], [-3.0917731658109155, 53.39931566737996], [-3.0920739013091656, 53.399312916452864]]]}, "properties": {"kind": "max_footprint", "threshold_pct": 10.0}}, {"type": "Feature", "geometry": {"type": "Polygon", "coordinates": [[[-3.093572968308229, 53.39911941208396], [-3.0935683586087266, 53.39893967370398], [-3.093267625891739, 53.39894242838158], [-3.0932722343244903, 53.39912216677953], [-3.093572968308229, 53.39911941208396]]]}, "properties": {"kind": "max_footprint", "threshold_pct": 10.0}}, {"type": "Feature", "geometry": {"type": "Polygon", "coordinates": [[[-3.098079343405309, 53.398898262667224], [-3.098074714754392, 53.39871852455124], [-3.0977739840493874, 53.3987212905699], [-3.0977786114335752, 53.3989010287039], [-3.098079343405309, 53.398898262667224]]]}, "properties": {"kind": "max_footprint", "threshold_pct": 10.0}}, {"type": "Feature", "geometry": {"type": "Polygon", "coordinates": [[[-3.093267625891739, 53.39894242838158], [-3.0932584091749624, 53.39858295156855], [-3.092957678941868, 53.398585705453016], [-3.0929668931251775, 53.39894518230192], [-3.093267625891739, 53.39894242838158]]]}, "properties": {"kind": "max_footprint", "threshold_pct": 10.0}}, {"type": "Feature", "geometry": {"type": "Polygon", "coordinates": [[[-3.0977739840493874, 53.3987212905699], [-3.097769356714978, 53.39854155243019], [-3.097167897689081, 53.39854708215968], [-3.097172522490059, 53.39872682033543], [-3.0977739840493874, 53.3987212905699]]]}, "properties": {"kind": "max_footprint", "threshold_pct": 10.0}}, {"type": "Feature", "geometry": {"type": "Polygon", "coordinates": [[[-3.097167897689081, 53.39854708215968], [-3.0971632729378524, 53.398367343978215], [-3.0965618162463615, 53.398372870642675], [-3.096566438464182, 53.39855260886015], [-3.097167897689081, 53.39854708215968]]]}, "properties": {"kind": "max_footprint", "threshold_pct": 10.0}}, {"type": "Feature", "geometry": {"type": "Polygon", "coordinates": [[[-3.091763961563457, 53.39895619041053], [-3.0917547575140265, 53.398596713418236], [-3.092055487945279, 53.398593962562835], [-3.092050884728106, 53.39841422407601], [-3.0917501555635685, 53.39841697491348], [-3.091745553662616, 53.39823723640305], [-3.0911440977184492, 53.39824273577041], [-3.0911578959695225, 53.398781951392074], [-3.0914586277665017, 53.39877920203328], [-3.0914632285492276, 53.39895894054452], [-3.091763961563457, 53.39895619041053]]]}, "properties": {"kind": "max_footprint", "threshold_pct": 10.0}}, {"type": "Feature", "geometry": {"type": "Polygon", "coordinates": [[[-3.0965618162463615, 53.398372870642675], [-3.096557194078264, 53.39819313241949], [-3.0962564669246198, 53.398195894597855], [-3.096261087826026, 53.398375632839056], [-3.0965618162463615, 53.398372870642675]]]}, "properties": {"kind": "max_footprint", "threshold_pct": 10.0}}, {"type": "Feature", "geometry": {"type": "Polygon", "coordinates": [[[-3.0974593752408137, 53.39818484134091], [-3.0974547493224094, 53.398005103165985], [-3.0971540235846473, 53.398007867598096], [-3.097158648236376, 53.39818760579102], [-3.0974593752408137, 53.39818484134091]]]}, "properties": {"kind": "max_footprint", "threshold_pct": 10.0}}, {"type": "Feature", "geometry": {"type": "Polygon", "coordinates": [[[-3.0971540235846473, 53.398007867598096], [-3.0971493989826655, 53.39782812939946], [-3.0968486744618158, 53.39783089305633], [-3.0968532977971344, 53.398010631272946], [-3.0971540235846473, 53.398007867598096]]]}, "properties": {"kind": "max_footprint", "threshold_pct": 10.0}}, {"type": "Feature", "geometry": {"type": "Polygon", "coordinates": [[[-3.0968486744618158, 53.39783089305633], [-3.0968440511762316, 53.39765115483395], [-3.0965433278722982, 53.397653917715566], [-3.0965479498912325, 53.397833655955935], [-3.0968486744618158, 53.39783089305633]]]}, "properties": {"kind": "max_footprint", "threshold_pct": 10.0}}, {"type": "Feature", "geometry": {"type": "Polygon", "coordinates": [[[-3.0965433278722982, 53.397653917715566], [-3.0965340839835855, 53.39729444121767], [-3.0962333631631926, 53.397297203306074], [-3.096242604518645, 53.39765667983996], [-3.0965433278722982, 53.397653917715566]]]}, "properties": {"kind": "max_footprint", "threshold_pct": 10.0}}, {"type": "Feature", "geometry": {"type": "Polygon", "coordinates": [[[-3.1088635946561824, 53.39718054362486], [-3.1088589208560378, 53.397000806109176], [-3.108558203351831, 53.397003599225414], [-3.1085628758853945, 53.397183336759305], [-3.1088635946561824, 53.39718054362486]]]}, "properties": {"kind": "max_footprint", "threshold_pct": 10.0}}, {"type": "Feature", "geometry": {"type": "Polygon", "coordinates": [[[-3.099842009723529, 53.39726400826836], [-3.0998373739210936, 53.397084270209035], [-3.0992359358589505, 53.397089810251465], [-3.099240569128182, 53.397269548346884], [-3.099842009723529, 53.39726400826836]]]}, "properties": {"kind": "max_footprint", "threshold_pct": 10.0}}, {"type": "Feature", "geometry": {"type": "Polygon", "coordinates": [[[-3.1076747257743036, 53.397730924350235], [-3.1076607192715056, 53.3971917116193], [-3.107360000299748, 53.39719450172488], [-3.107364667817194, 53.39737423932575], [-3.107063947528631, 53.39737702869227], [-3.1070592812777815, 53.397197291073226], [-3.106758562205621, 53.39720007966436], [-3.1067492323876595, 53.39684060437277], [-3.1058470824696176, 53.39684896549395], [-3.105851743553793, 53.397028703197094], [-3.106152461509869, 53.39702591689574], [-3.1061571239107697, 53.397205654575004], [-3.1064578430832794, 53.3972028674983], [-3.106462506800932, 53.39738260515366], [-3.106161786361823, 53.3973853922485], [-3.1061664488630325, 53.3975651299163], [-3.1064671705687537, 53.397562342803276], [-3.1064718343867432, 53.39774208044719], [-3.1076747257743036, 53.397730924350235]]]}, "properties": {"kind": "max_footprint", "threshold_pct": 10.0}}, {"type": "Feature", "geometry": {"type": "Polygon", "coordinates": [[[-3.1058470824696176, 53.39684896549395], [-3.1058424214355824, 53.39666922778512], [-3.1055417059624997, 53.39667201329297], [-3.105537046245147, 53.396492275560234], [-3.105236331988487, 53.39649506029274], [-3.105231673587792, 53.39631532253614], [-3.1046302474572247, 53.39632088969329], [-3.104639559242559, 53.39668036527327], [-3.105240990439292, 53.3966747980436], [-3.1052456489402083, 53.39685453578873], [-3.1058470824696176, 53.39684896549395]]]}, "properties": {"kind": "max_footprint", "threshold_pct": 10.0}}, {"type": "Feature", "geometry": {"type": "Polygon", "coordinates": [[[-3.095627303303359, 53.397122986899724], [-3.0956226852830864, 53.396943248582495], [-3.0959234036696675, 53.39694048804451], [-3.095914165244996, 53.39658101142886], [-3.0953127334884707, 53.39658653167574], [-3.09530811688378, 53.39640679332336], [-3.0944059726762427, 53.3964150679607], [-3.0944013599208486, 53.396235329548716], [-3.093499219066382, 53.39624359731738], [-3.093503828022136, 53.396423335783226], [-3.094105257841142, 53.39641782465874], [-3.0941098693795954, 53.39659756308296], [-3.0944105854812576, 53.39659480636698], [-3.09441519833589, 53.3967745447675], [-3.0950166329234863, 53.39676902902795], [-3.0950212483609127, 53.39694876738684], [-3.0953219668468304, 53.39694600836327], [-3.095326583600504, 53.39712574669846], [-3.095627303303359, 53.397122986899724]]]}, "properties": {"kind": "max_footprint", "threshold_pct": 10.0}}, {"type": "Feature", "geometry": {"type": "Polygon", "coordinates": [[[-3.093499219066382, 53.39624359731738], [-3.0934946101602057, 53.39606385884584], [-3.0931938977094124, 53.396066613236385], [-3.093198505349053, 53.396246351725885], [-3.093499219066382, 53.39624359731738]]]}, "properties": {"kind": "max_footprint", "threshold_pct": 10.0}}, {"type": "Feature", "geometry": {"type": "Polygon", "coordinates": [[[-3.0931938977094124, 53.396066613236385], [-3.093189290119335, 53.39588687474117], [-3.092888578885499, 53.395889628356585], [-3.0928931852090553, 53.396069366869746], [-3.0931938977094124, 53.396066613236385]]]}, "properties": {"kind": "max_footprint", "threshold_pct": 10.0}}, {"type": "Feature", "geometry": {"type": "Polygon", "coordinates": [[[-3.092888578885499, 53.395889628356585], [-3.092883972611493, 53.39570988983772], [-3.092583262594618, 53.39571264267801], [-3.092587867602116, 53.395892381214814], [-3.092888578885499, 53.395889628356585]]]}, "properties": {"kind": "max_footprint", "threshold_pct": 10.0}}, {"type": "Feature", "geometry": {"type": "Polygon", "coordinates": [[[-3.0964878675229937, 53.3954970583847], [-3.0964786248274283, 53.3951375817494], [-3.09617791920545, 53.395140343621925], [-3.0961732991986786, 53.39496060527773], [-3.0958725947934504, 53.394963366375116], [-3.0958818323237827, 53.39532284309379], [-3.0961825392619176, 53.39532008196043], [-3.096187159368082, 53.3954998202932], [-3.0964878675229937, 53.3954970583847]]]}, "properties": {"kind": "max_footprint", "threshold_pct": 10.0}}, {"type": "Feature", "geometry": {"type": "Polygon", "coordinates": [[[-3.0991849731866807, 53.39511269082413], [-3.0991803405154803, 53.394932952660014], [-3.0988796366078155, 53.39493572132902], [-3.0988842680125757, 53.39511545951114], [-3.0991849731866807, 53.39511269082413]]]}, "properties": {"kind": "max_footprint", "threshold_pct": 10.0}}, {"type": "Feature", "geometry": {"type": "Polygon", "coordinates": [[[-3.1094416508834275, 53.396276267630576], [-3.109436974801633, 53.39609653012264], [-3.1091362637306763, 53.39609932466227], [-3.1091269142509623, 53.395739849592786], [-3.110029039713987, 53.395731463811536], [-3.1100243612501495, 53.395551726322815], [-3.109422946858039, 53.39555731756439], [-3.10941359514713, 53.39519784249692], [-3.109112890408521, 53.39520063694555], [-3.109108215894937, 53.395020899385024], [-3.108807512372476, 53.395023693058306], [-3.10880283917559, 53.394843955473846], [-3.1085021368692773, 53.3948467483718], [-3.1084974649890618, 53.39466701076341], [-3.1081967638988983, 53.394669802886014], [-3.1081920933353255, 53.39449006525371], [-3.107891393461313, 53.394492856600976], [-3.107900732105905, 53.394852331896224], [-3.108201434512711, 53.39484954051258], [-3.108206105176762, 53.39502927813342], [-3.108506808799746, 53.395026485974434], [-3.108511480780469, 53.39520622357136], [-3.1088121856196294, 53.395203430637046], [-3.108826205662701, 53.395742643338856], [-3.10852549702417, 53.39574543632775], [-3.108539513720183, 53.39628464903256], [-3.1094416508834275, 53.396276267630576]]]}, "properties": {"kind": "max_footprint", "threshold_pct": 10.0}}, {"type": "Feature", "geometry": {"type": "Polygon", "coordinates": [[[-3.0961686792416008, 53.39478086692778], [-3.0961640593342183, 53.39460112857211], [-3.095863357461844, 53.39460388963352], [-3.095867976102806, 53.39478362800717], [-3.0961686792416008, 53.39478086692778]]]}, "properties": {"kind": "max_footprint", "threshold_pct": 10.0}}, {"type": "Feature", "geometry": {"type": "Polygon", "coordinates": [[[-3.0976860732068707, 53.39530626493609], [-3.0976814468181133, 53.3951265266876], [-3.0979821521914093, 53.395123761029225], [-3.0979775245859704, 53.394944022793005], [-3.0988796366078155, 53.39493572132902], [-3.098875005252873, 53.39475598314113], [-3.098574302561818, 53.394758751034935], [-3.0985696725231047, 53.3945790128233], [-3.099171075322572, 53.3945734763146], [-3.0991618103289835, 53.39421399994631], [-3.0985604125950843, 53.3942195363829], [-3.098565042534193, 53.39439927460595], [-3.0976629417607078, 53.394407573636336], [-3.0976583156207624, 53.3942278353592], [-3.097056917389055, 53.394233364224384], [-3.097070788359765, 53.39477257914663], [-3.0961686792416008, 53.39478086692778], [-3.0961732991986786, 53.39496060527773], [-3.0964740035542104, 53.39495784342318], [-3.0964786248274283, 53.3951375817494], [-3.0967793303996984, 53.395134819119704], [-3.096783952989085, 53.39531455742222], [-3.0976860732068707, 53.39530626493609]]]}, "properties": {"kind": "max_footprint", "threshold_pct": 10.0}}, {"type": "Feature", "geometry": {"type": "Polygon", "coordinates": [[[-3.0985604125950843, 53.3942195363829], [-3.0985557827057777, 53.39403979815408], [-3.098255085030492, 53.394042565218626], [-3.0982597136534262, 53.39422230346546], [-3.0985604125950843, 53.3942195363829]]]}, "properties": {"kind": "max_footprint", "threshold_pct": 10.0}}, {"type": "Feature", "geometry": {"type": "Polygon", "coordinates": [[[-3.095562655539789, 53.394606649937785], [-3.0955395694120558, 53.393707957893774], [-3.095238873772236, 53.393710717351034], [-3.095261953568067, 53.39460940948491], [-3.095562655539789, 53.394606649937785]]]}, "properties": {"kind": "max_footprint", "threshold_pct": 10.0}}, {"type": "Feature", "geometry": {"type": "Polygon", "coordinates": [[[-3.102173441142295, 53.39436601034149], [-3.1021595058851155, 53.393826796305035], [-3.1024602016455836, 53.39382401941582], [-3.102455555393446, 53.39364428141029], [-3.102154860899314, 53.39364705828142], [-3.102140926241686, 53.393107844176235], [-3.1015395447014082, 53.39311339553864], [-3.10156739927036, 53.39419182391441], [-3.101868097663457, 53.39418904850331], [-3.1018727415327705, 53.394368786527814], [-3.102173441142295, 53.39436601034149]]]}, "properties": {"kind": "max_footprint", "threshold_pct": 10.0}}, {"type": "Feature", "geometry": {"type": "Polygon", "coordinates": [[[-3.114173210423045, 53.39317591827479], [-3.1141685149358755, 53.392996180961276], [-3.1138678261997326, 53.39299898730507], [-3.1138725204206357, 53.3931787246369], [-3.114173210423045, 53.39317591827479]]]}, "properties": {"kind": "max_footprint", "threshold_pct": 10.0}}, {"type": "Feature", "geometry": {"type": "Polygon", "coordinates": [[[-3.105753871314296, 53.393254210228335], [-3.105749211282883, 53.3930744724049], [-3.1054485211381375, 53.39307725754991], [-3.105443862423122, 53.39289751970261], [-3.105143173494541, 53.39290030407237], [-3.1051385160958955, 53.392720566201206], [-3.104236452808423, 53.39272891471359], [-3.1042411064082813, 53.392908652639136], [-3.1045417954871084, 53.39290587054065], [-3.1045464504032982, 53.393085608442355], [-3.1051478309432827, 53.39308004193782], [-3.10515248844212, 53.393259779797546], [-3.105753871314296, 53.393254210228335]]]}, "properties": {"kind": "max_footprint", "threshold_pct": 10.0}}, {"type": "Feature", "geometry": {"type": "Polygon", "coordinates": [[[-3.1078447032517222, 53.392695479781004], [-3.1078400345069714, 53.392515742067495], [-3.107238662467109, 53.39252132209085], [-3.107243328679378, 53.39270105984072], [-3.1078447032517222, 53.392695479781004]]]}, "properties": {"kind": "max_footprint", "threshold_pct": 10.0}}, {"type": "Feature", "geometry": {"type": "Polygon", "coordinates": [[[-3.0997353988826264, 53.39313003145528], [-3.099730764226953, 53.39295029326425], [-3.1000314540551694, 53.3929475225223], [-3.100026818183072, 53.39276778434359], [-3.1018309485071214, 53.39275114410108], [-3.1018355919768488, 53.392930882171385], [-3.1021362814557314, 53.39292810612973], [-3.102131636719736, 53.39274836807747], [-3.1027330129950728, 53.39274281375898], [-3.102723718607966, 53.39238333770967], [-3.1018216617175036, 53.39239166794324], [-3.10181701839761, 53.39221192985573], [-3.1015163339337795, 53.392214705068014], [-3.1015116919300447, 53.39203496695671], [-3.1012110086825, 53.3920377413938], [-3.1012156494200194, 53.39221747952321], [-3.100914964856344, 53.3922202532213], [-3.100919604377548, 53.39239999136302], [-3.1006189184977395, 53.39240276432211], [-3.100614280242765, 53.39222302616233], [-3.0991108564268215, 53.392236879511174], [-3.099129384420981, 53.392955832476844], [-3.0994300743488843, 53.392953063249095], [-3.0994347077382702, 53.39313280145816], [-3.0997353988826264, 53.39313003145528]]]}, "properties": {"kind": "max_footprint", "threshold_pct": 10.0}}, {"type": "Feature", "geometry": {"type": "Polygon", "coordinates": [[[-3.1153477673724765, 53.392086261727215], [-3.1153430671235895, 53.391906524452445], [-3.1150423861868464, 53.39190933371484], [-3.115032988373059, 53.39154985911152], [-3.1138302742501263, 53.39156108844425], [-3.113834968067122, 53.39174082582193], [-3.1144363277619282, 53.3917352126331], [-3.1144410241617533, 53.391914949968495], [-3.1147417051995636, 53.39191214222019], [-3.1147464029160847, 53.392091879531556], [-3.1153477673724765, 53.392086261727215]]]}, "properties": {"kind": "max_footprint", "threshold_pct": 10.0}}, {"type": "Feature", "geometry": {"type": "Polygon", "coordinates": [[[-3.112951688724822, 53.392468189599725], [-3.112946998504521, 53.392288452190186], [-3.1138490498210247, 53.39228003792053], [-3.113844355852569, 53.39210030056005], [-3.1141450382575804, 53.392097494307635], [-3.1141403430734282, 53.3919177569597], [-3.1129376182152617, 53.391928977353906], [-3.112928238127785, 53.3915695024947], [-3.1126275593194315, 53.39157230566406], [-3.1126228706175083, 53.39139256820761], [-3.1123221930248723, 53.391395370601664], [-3.1123409430704787, 53.392114320466106], [-3.1126416257277896, 53.392111517999055], [-3.1126510035855257, 53.39247099286038], [-3.112951688724822, 53.392468189599725]]]}, "properties": {"kind": "max_footprint", "threshold_pct": 10.0}}, {"type": "Feature", "geometry": {"type": "Polygon", "coordinates": [[[-3.1138302742501263, 53.39156108844425], [-3.1138255804836175, 53.39138135106083], [-3.1135249030927814, 53.39138415648312], [-3.1135295955931466, 53.39156389388478], [-3.1138302742501263, 53.39156108844425]]]}, "properties": {"kind": "max_footprint", "threshold_pct": 10.0}}, {"type": "Feature", "geometry": {"type": "Polygon", "coordinates": [[[-3.1135249030927814, 53.39138415648312], [-3.1135202106428888, 53.39120441907569], [-3.1132195344677154, 53.39120722372266], [-3.113224225651477, 53.391386961148335], [-3.1135249030927814, 53.39138415648312]]]}, "properties": {"kind": "max_footprint", "threshold_pct": 10.0}}, {"type": "Feature", "geometry": {"type": "Polygon", "coordinates": [[[-3.111791116531785, 53.39409703518476], [-3.1117864309227827, 53.39391729775381], [-3.112688517033903, 53.393908892076375], [-3.1126791383691828, 53.39354941730677], [-3.112378445581868, 53.39355221991987], [-3.112373757591463, 53.393372482508205], [-3.1117723743981713, 53.39337808542656], [-3.111767688990763, 53.393198347972685], [-3.1114669985848, 53.39320114827797], [-3.111462314494061, 53.39302141080012], [-3.1111616253039895, 53.39302421033007], [-3.111156942529894, 53.39284447282825], [-3.110856254555714, 53.392847271582845], [-3.110851573098232, 53.39266753405709], [-3.111152259806164, 53.39266473532071], [-3.1111475771328028, 53.39248499780743], [-3.110846891691103, 53.39248779652558], [-3.110842210334329, 53.39230805898835], [-3.1096394731290324, 53.392319246217276], [-3.1096347968874425, 53.392139508601446], [-3.108732747253931, 53.39214789101921], [-3.108728074861229, 53.39196815334305], [-3.1084273928157273, 53.39197094594997], [-3.108422721739465, 53.391791208249906], [-3.1081220409099077, 53.391794000081546], [-3.1081173711500583, 53.39161426235755], [-3.107816691536447, 53.39161705341397], [-3.107812023092985, 53.391437315666074], [-3.1069099877494066, 53.39144568423844], [-3.106905323154596, 53.39126594643032], [-3.106604645872525, 53.391268734422155], [-3.1065999825940205, 53.39108899659014], [-3.1062993065279283, 53.391091783806786], [-3.106303968540297, 53.39127152165696], [-3.1060032911579243, 53.39127430813471], [-3.1059986304116927, 53.39109457026638], [-3.1056979542453274, 53.39109735596893], [-3.1057072732556334, 53.39145683173612], [-3.106609309201186, 53.39144847224846], [-3.1066139725800044, 53.39162821006902], [-3.1069146523943867, 53.391625422040846], [-3.106919317089539, 53.39180515983751], [-3.107219998119925, 53.391802371034125], [-3.10722466413144, 53.39198210880691], [-3.1075253463778263, 53.391979319228284], [-3.107530013705729, 53.39215905697715], [-3.108131380580287, 53.39215347551233], [-3.10813605049082, 53.392333213219125], [-3.108737419696889, 53.39232762868961], [-3.108742092190104, 53.39250736635433], [-3.1099448350639483, 53.39249618813755], [-3.10994951267237, 53.39267592572371], [-3.1102501995313228, 53.392673129258576], [-3.1102548784563075, 53.39285286682081], [-3.1105555665311804, 53.39285006958038], [-3.110560246772755, 53.393029807118644], [-3.1108609360635504, 53.39302700910291], [-3.110870299230287, 53.3933864841258], [-3.1111709910032896, 53.39338368531648], [-3.1111803569040695, 53.39374316027999], [-3.1114810511593176, 53.39374036067713], [-3.1114857354515926, 53.39392009813203], [-3.1111850399300174, 53.39392289775316], [-3.1111897230063352, 53.39410263522058], [-3.111791116531785, 53.39409703518476]]]}, "properties": {"kind": "max_footprint", "threshold_pct": 10.0}}, {"type": "Feature", "geometry": {"type": "Polygon", "coordinates": [[[-3.1132195344677154, 53.39120722372266], [-3.113214843334412, 53.39102748629125], [-3.112914168374902, 53.39103029016288], [-3.1129188582420864, 53.391210027612566], [-3.1132195344677154, 53.39120722372266]]]}, "properties": {"kind": "max_footprint", "threshold_pct": 10.0}}, {"type": "Feature", "geometry": {"type": "Polygon", "coordinates": [[[-3.1054345451434164, 53.3925380439908], [-3.105429886578726, 53.3923583061263], [-3.106632626596872, 53.39234716129394], [-3.1066279630174147, 53.3921674234963], [-3.106327279354304, 53.39217021082187], [-3.1063226170912106, 53.39199047300035], [-3.1060219346441578, 53.39199325955069], [-3.1060265956410453, 53.392172997390354], [-3.1045231763230254, 53.39218691887659], [-3.10451852165717, 53.39200718094625], [-3.1054205695996653, 53.39199883038014], [-3.105411252821026, 53.39163935461104], [-3.104809892640859, 53.391644922339665], [-3.1048052368590278, 53.391465184410265], [-3.1045045579599893, 53.39146796712087], [-3.104499903494388, 53.3912882291676], [-3.1041992258114415, 53.391291011103014], [-3.104189919562693, 53.39093153514308], [-3.1038892443619663, 53.39093431628521], [-3.1038845925787766, 53.39075457827854], [-3.1029825704748015, 53.39076291710833], [-3.1030011627141283, 53.391481869317914], [-3.1027004835149192, 53.39148464748613], [-3.1027051304335647, 53.39166438554229], [-3.103005810898946, 53.39166160735598], [-3.103010459133757, 53.39184134538832], [-3.103611822446889, 53.39183578670828], [-3.103621124131318, 53.39219526268337], [-3.1039218082452633, 53.39219248217152], [-3.103926460428739, 53.39237222013236], [-3.104227145758869, 53.39236943884532], [-3.1042317992586193, 53.39254917678232], [-3.1054345451434164, 53.3925380439908]]]}, "properties": {"kind": "max_footprint", "threshold_pct": 10.0}}, {"type": "Feature", "geometry": {"type": "Polygon", "coordinates": [[[-3.1056932948153473, 53.39091761807674], [-3.105688635435484, 53.390737880178825], [-3.105387961751239, 53.39074066508803], [-3.1053926198649915, 53.3909204030041], [-3.1056932948153473, 53.39091761807674]]]}, "properties": {"kind": "max_footprint", "threshold_pct": 10.0}}, {"type": "Feature", "geometry": {"type": "Polygon", "coordinates": [[[-3.112914168374902, 53.39103029016288], [-3.112900099075998, 53.390491077779465], [-3.1125994278643256, 53.390493880839315], [-3.11261349336495, 53.391033093277485], [-3.112914168374902, 53.39103029016288]]]}, "properties": {"kind": "max_footprint", "threshold_pct": 10.0}}, {"type": "Feature", "geometry": {"type": "Polygon", "coordinates": [[[-3.1171141981779193, 53.39063149266479], [-3.1171047833467562, 53.39027201823752], [-3.1174054525343444, 53.39026920384064], [-3.1174007439286657, 53.39008946663672], [-3.1177014117995716, 53.390086651501136], [-3.1176967019785087, 53.389906914309826], [-3.117095368718111, 53.38991254378728], [-3.1170906614797316, 53.389732806553596], [-3.11648933054885, 53.38973843296637], [-3.116494035255198, 53.389918170236726], [-3.1161933684478362, 53.38992098232594], [-3.1161980719387565, 53.39010071960886], [-3.116498740012151, 53.39009790750136], [-3.116512854586615, 53.39063711926081], [-3.1171141981779193, 53.39063149266479]]]}, "properties": {"kind": "max_footprint", "threshold_pct": 10.0}}, {"type": "Feature", "geometry": {"type": "Polygon", "coordinates": [[[-3.111979342123223, 53.38978053454408], [-3.1119746564575914, 53.38960079699378], [-3.111673991424885, 53.389603597691334], [-3.1116786758245025, 53.38978333525987], [-3.111979342123223, 53.38978053454408]]]}, "properties": {"kind": "max_footprint", "threshold_pct": 10.0}}, {"type": "Feature", "geometry": {"type": "Polygon", "coordinates": [[[-3.118584560935911, 53.389359252972795], [-3.1185798475195523, 53.38917951581358], [-3.1194818313820605, 53.389171059327026], [-3.119477114218528, 53.38899132221715], [-3.119777774138626, 53.388988501892705], [-3.1197730557598886, 53.388808764795435], [-3.118269761981908, 53.38882285875608], [-3.1182603380358844, 53.3884633843608], [-3.117659025233543, 53.388469016572834], [-3.117663734649383, 53.38864875381003], [-3.1179643923418014, 53.38864593806415], [-3.1179738138573065, 53.389005412484664], [-3.117372493358066, 53.3890110432928], [-3.117367785106871, 53.38883130604873], [-3.1170671260472314, 53.388834120298995], [-3.1170624191126057, 53.38865438303087], [-3.116461103373338, 53.3886600092238], [-3.116456399021176, 53.388480271913316], [-3.115554428830603, 53.38848870547047], [-3.115559129384999, 53.38866844283589], [-3.116160445427803, 53.3886628211848], [-3.1161651485646265, 53.388842558507896], [-3.1164658077760956, 53.38883974652857], [-3.1164705122294505, 53.38901948382762], [-3.1167711726562706, 53.38901667107297], [-3.1167758784261843, 53.38919640834797], [-3.117377201659899, 53.38919078053112], [-3.117381910012371, 53.389370517763716], [-3.117682572819251, 53.38936770270147], [-3.117677863200804, 53.38918796548722], [-3.1179785246910585, 53.38918514968632], [-3.1179832355754757, 53.389364886882234], [-3.118584560935911, 53.389359252972795]]]}, "properties": {"kind": "max_footprint", "threshold_pct": 10.0}}, {"type": "Feature", "geometry": {"type": "Polygon", "coordinates": [[[-3.1087093857929657, 53.39124920258112], [-3.1087000415603514, 53.39088972716577], [-3.1080986926129226, 53.39089531140431], [-3.108094023104199, 53.39071557365166], [-3.1077933498212476, 53.39071836461718], [-3.1077886816288385, 53.390538626840645], [-3.1074880095617687, 53.39054141703096], [-3.1074833426856467, 53.39036167923051], [-3.107784013486638, 53.39035888905836], [-3.1077793453946456, 53.39017915127036], [-3.108080014879365, 53.39017636035936], [-3.108075345571531, 53.3899966225838], [-3.108376013739979, 53.38999383093395], [-3.1083666727429082, 53.38963435540199], [-3.1080660071065185, 53.38963714701546], [-3.1080613379493407, 53.38945740922272], [-3.1077606735287406, 53.38946020006101], [-3.1077466701564607, 53.38892098659383], [-3.1068446879873446, 53.388929354403196], [-3.106840024094859, 53.38874961651485], [-3.1065393645374386, 53.38875240425251], [-3.1065300394348245, 53.38839292842231], [-3.1062293823591323, 53.38839571536667], [-3.106224721148962, 53.38821597742483], [-3.105924065289057, 53.38821876359408], [-3.105919405394922, 53.38803902562836], [-3.1056187507508066, 53.3880418110225], [-3.105632726785806, 53.38858102495689], [-3.1059333852276803, 53.38857823950831], [-3.1059427053667785, 53.38893771539966], [-3.106243366290439, 53.38893492915783], [-3.106248027701142, 53.38911466707674], [-3.1068493519299905, 53.389109092285814], [-3.1068540159227997, 53.3892888301627], [-3.1074553424829707, 53.38928325230746], [-3.1074600090579376, 53.389462990142306], [-3.107159344536943, 53.389465779466576], [-3.1071686753054144, 53.38982525515539], [-3.1056653392878606, 53.389839190603276], [-3.1056606802086693, 53.389659452670976], [-3.105360014120801, 53.389662237471384], [-3.105350698644766, 53.389302761553324], [-3.1047493713827934, 53.38930832881057], [-3.104758681794791, 53.389667804801135], [-3.1050593479828383, 53.38966502151477], [-3.1050686611271847, 53.390024497446156], [-3.1053693297972207, 53.39002171336651], [-3.105378645674032, 53.39038118923874], [-3.105679316826097, 53.39037840436579], [-3.1056839761057344, 53.39055814227517], [-3.1062853207916774, 53.390552570221914], [-3.106294644565703, 53.390912045950884], [-3.106595319365674, 53.3909092587524], [-3.1065999825940205, 53.39108899659014], [-3.107201334575725, 53.39108341988571], [-3.107206000386498, 53.391263157681415], [-3.1087093857929657, 53.39124920258112]]]}, "properties": {"kind": "max_footprint", "threshold_pct": 10.0}}, {"type": "Feature", "geometry": {"type": "Polygon", "coordinates": [[[-3.1209473502807623, 53.38771905373845], [-3.120942627193861, 53.38753931667456], [-3.1206419776039507, 53.38754213987985], [-3.12064669942501, 53.38772187696213], [-3.1209473502807623, 53.38771905373845]]]}, "properties": {"kind": "max_footprint", "threshold_pct": 10.0}}, {"type": "Feature", "geometry": {"type": "Polygon", "coordinates": [[[-3.111716152835277, 53.39122123560171], [-3.111702098578342, 53.39068202301651], [-3.1114014258989635, 53.39068482306647], [-3.111396742513508, 53.390505085508366], [-3.110795399535814, 53.390510683300704], [-3.110790718732871, 53.39033094570042], [-3.1104900484345706, 53.39033374344284], [-3.1104853689480287, 53.390154005818594], [-3.1101846998654574, 53.39015680278576], [-3.1101800216952897, 53.38997706513756], [-3.1104806895118173, 53.38997426818862], [-3.110476010125933, 53.3897945305529], [-3.110776676626102, 53.38979173286516], [-3.1107719960245297, 53.38961199524194], [-3.111673991424885, 53.389603597691334], [-3.1116693070756503, 53.38942386011708], [-3.1110679793911076, 53.38942945920468], [-3.1110632976242294, 53.389249721588236], [-3.1104619722702505, 53.38925531761139], [-3.1104572930856746, 53.38907557995276], [-3.1101566315991658, 53.38907837681064], [-3.1101472759129036, 53.388718901439745], [-3.1104479348675005, 53.3887161046183], [-3.1104432558338995, 53.388536366942475], [-3.1107439134722377, 53.388533569382275], [-3.1107532741216466, 53.38889304469176], [-3.1113545943110625, 53.38888744722752], [-3.111359277243196, 53.38906718483719], [-3.1119605997630684, 53.38906158430853], [-3.1119652852775155, 53.389241321876014], [-3.1122659477278405, 53.38923852045796], [-3.1122706345586666, 53.38941825800146], [-3.112871961840051, 53.38941265285787], [-3.112876651253281, 53.389592390359105], [-3.113477980864917, 53.38958678215101], [-3.1134873649067587, 53.38994625706331], [-3.1137880321689186, 53.3899434517872], [-3.1137927255315736, 53.39012318921646], [-3.1140933940092927, 53.390120383165076], [-3.1140980886884746, 53.39030012057033], [-3.114699428024516, 53.390294506159925], [-3.1147041252863166, 53.3904742435229], [-3.115004796144624, 53.390471435163875], [-3.1150094947230205, 53.39065117250282], [-3.115310166796866, 53.39064836336849], [-3.115314866691886, 53.39082810068338], [-3.115916213220086, 53.39082248010698], [-3.115911510792894, 53.39064274282869], [-3.1156108388201624, 53.390645553477114], [-3.1156061377096176, 53.39046581617476], [-3.115305466952395, 53.39046862604784], [-3.1152960674151005, 53.39010915138934], [-3.1155967356402186, 53.39010634155286], [-3.1155920346813595, 53.38992660423331], [-3.1161933684478362, 53.38992098232594], [-3.116188665007503, 53.38974124503726], [-3.115887999415568, 53.389744056351134], [-3.115883297291826, 53.389564319038435], [-3.115281968488262, 53.38956993935858], [-3.1152772689470725, 53.389390202003526], [-3.1146759424733115, 53.389395819259086], [-3.1146665486064564, 53.3890363444586], [-3.114365887825739, 53.38903915191434], [-3.114361192234038, 53.38885941448722], [-3.114060532668773, 53.38886222116768], [-3.114055838393513, 53.388682483716536], [-3.1134545216434137, 53.388688094769954], [-3.1134498299504956, 53.388508357276535], [-3.1128485155304144, 53.38851396526553], [-3.1128532046914756, 53.38869370279546], [-3.111951228885355, 53.38870210915638], [-3.1119465435220874, 53.388522371571696], [-3.1116458860851774, 53.3885251721598], [-3.111641202038218, 53.38834543455115], [-3.1113405458168497, 53.388348234364045], [-3.111326497775908, 53.387809021449], [-3.111627150199599, 53.38780622169079], [-3.1116224663541434, 53.3876264840592], [-3.1125244195253274, 53.387618080297635], [-3.1125197319326965, 53.387438342715036], [-3.1128203816230986, 53.38743553996552], [-3.112815692815046, 53.38725580239546], [-3.1113124501882132, 53.38726980848234], [-3.1113077677597007, 53.38709007081531], [-3.1110071203490284, 53.387092869743654], [-3.110993077163028, 53.38655365665353], [-3.1106924334994055, 53.38655645477026], [-3.1106877538038624, 53.38637671704386], [-3.1103871113556822, 53.38637951438544], [-3.110377754647081, 53.38602003887904], [-3.1100771146800916, 53.38602283542726], [-3.11006308379169, 53.38548362207002], [-3.1094618113011396, 53.38548921278653], [-3.1094851837093107, 53.3863879018687], [-3.1097858263083933, 53.38638510679785], [-3.109804530203029, 53.387104057887605], [-3.1092032348282324, 53.38710964741795], [-3.1092079083959576, 53.38728938521247], [-3.1095085573743226, 53.38728659080756], [-3.109527257211317, 53.38800554185548], [-3.1092266031695, 53.38800833633317], [-3.109240624777453, 53.38854754961354], [-3.1089399668876347, 53.38855034338886], [-3.1089446395915505, 53.38873008115572], [-3.109245298747306, 53.388727287362194], [-3.109263995129424, 53.389446238299506], [-3.109564659298798, 53.38944344367621], [-3.1095740103235134, 53.389802919074086], [-3.1098746769746253, 53.38980012365736], [-3.109879353828447, 53.3899798613295], [-3.109578685911301, 53.38998265676444], [-3.1095927129763985, 53.390521869801056], [-3.109893384691722, 53.3905190743115], [-3.1098980617467533, 53.390698811960725], [-3.1101987346778595, 53.39069601569593], [-3.110203413049296, 53.390875753321204], [-3.110504087196182, 53.390872956281164], [-3.1105087668840494, 53.39105269388248], [-3.1111101175590345, 53.39104709749485], [-3.111114799829487, 53.39122683505397], [-3.111716152835277, 53.39122123560171]], [[-3.110729872875646, 53.38799435637504], [-3.110429219035032, 53.387997153880605], [-3.11042454020272, 53.387817416181846], [-3.110725192777453, 53.38781461869452], [-3.110729872875646, 53.38799435637504]], [[-3.11042454020272, 53.387817416181846], [-3.1101238875776653, 53.38782021291222], [-3.1101192100615407, 53.38764047518952], [-3.110419861420726, 53.38763767847735], [-3.11042454020272, 53.387817416181846]], [[-3.1101192100615407, 53.38764047518952], [-3.1098185586520475, 53.387643271144725], [-3.109813882452083, 53.38746353339807], [-3.110114532595721, 53.38746073746108], [-3.1101192100615407, 53.38764047518952]]]}, "properties": {"kind": "max_footprint", "threshold_pct": 10.0}}, {"type": "Feature", "geometry": {"type": "Polygon", "coordinates": [[[-3.113313792802666, 53.38329596747357], [-3.113309102623208, 53.38311622980816], [-3.112707864146199, 53.38312183670159], [-3.1127125517946173, 53.383301574403504], [-3.113313792802666, 53.38329596747357]]]}, "properties": {"kind": "max_footprint", "threshold_pct": 10.0}}, {"type": "Feature", "geometry": {"type": "Polygon", "coordinates": [[[-3.115422833829941, 53.38345605691037], [-3.115418134741327, 53.38327631937863], [-3.115117514615867, 53.38327912851982], [-3.1151128168433004, 53.383099390964055], [-3.1148121979328365, 53.38310219933014], [-3.114807501476293, 53.38292246175036], [-3.114506883780825, 53.38292526934133], [-3.114502188640274, 53.38274553173752], [-3.1139009556288637, 53.38275114461245], [-3.113905648238433, 53.38293088225281], [-3.114206266034869, 53.38292807617548], [-3.1142109599604053, 53.38310781379182], [-3.1145115789718667, 53.383105006939395], [-3.114516274213399, 53.38328474453173], [-3.114816894439886, 53.38328193690418], [-3.114821590997442, 53.3834616744725], [-3.115422833829941, 53.38345605691037]]]}, "properties": {"kind": "max_footprint", "threshold_pct": 10.0}}, {"type": "Feature", "geometry": {"type": "Polygon", "coordinates": [[[-3.1150893287382426, 53.38220070309925], [-3.115084631268781, 53.38202096550911], [-3.114784019951126, 53.382023773765454], [-3.114788716155154, 53.382203511373895], [-3.1150893287382426, 53.38220070309925]]]}, "properties": {"kind": "max_footprint", "threshold_pct": 10.0}}, {"type": "Feature", "geometry": {"type": "Polygon", "coordinates": [[[-3.1177995486202015, 53.382355131991275], [-3.117790130852887, 53.381995657146305], [-3.117489519990352, 53.38199847221378], [-3.1174848124480654, 53.38181873476437], [-3.1168835931019707, 53.38182436259231], [-3.116897708288131, 53.382363575033295], [-3.1177995486202015, 53.382355131991275]]]}, "properties": {"kind": "max_footprint", "threshold_pct": 10.0}}, {"type": "Feature", "geometry": {"type": "Polygon", "coordinates": [[[-3.117785422045186, 53.38181591971523], [-3.1177807132881195, 53.38163618227839], [-3.1174801049564, 53.38163899730922], [-3.1174848124480654, 53.38181873476437], [-3.117785422045186, 53.38181591971523]]]}, "properties": {"kind": "max_footprint", "threshold_pct": 10.0}}, {"type": "Feature", "geometry": {"type": "Polygon", "coordinates": [[[-3.1168788881411085, 53.381644625100506], [-3.1168741832308413, 53.381464887602945], [-3.1165735760126867, 53.381467700345105], [-3.1165641688746715, 53.38110822529621], [-3.1162635641366743, 53.38111103724496], [-3.116258861908883, 53.38093129969358], [-3.1159582583856724, 53.38093411086725], [-3.1159629593481117, 53.38111384843693], [-3.115662354508998, 53.38111665887214], [-3.115667054256626, 53.38129639645439], [-3.115065841896067, 53.38130201509111], [-3.1150705391634763, 53.38148175270422], [-3.1156717540547936, 53.38147613403091], [-3.1156764539034976, 53.38165587160168], [-3.1168788881411085, 53.381644625100506]]]}, "properties": {"kind": "max_footprint", "threshold_pct": 10.0}}, {"type": "Feature", "geometry": {"type": "Polygon", "coordinates": [[[-3.115065841896067, 53.38130201509111], [-3.11506114467917, 53.38112227747228], [-3.114760539688482, 53.38112508563717], [-3.1147558437874494, 53.38094534799431], [-3.1141546361853027, 53.38095096201727], [-3.1141593295556294, 53.38113069969668], [-3.1144599346472974, 53.38112789304531], [-3.114464629333462, 53.381307630700725], [-3.115065841896067, 53.38130201509111]]]}, "properties": {"kind": "max_footprint", "threshold_pct": 10.0}}, {"type": "Feature", "geometry": {"type": "Polygon", "coordinates": [[[-3.120138392106242, 53.37981626157236], [-3.120133673784145, 53.379636524219265], [-3.119833079776333, 53.37963934510224], [-3.1198236458147983, 53.379279870342096], [-3.1192224627079246, 53.379285509764436], [-3.1192130340100674, 53.37892603490789], [-3.1189124449109813, 53.37892885344729], [-3.118898306039886, 53.37838964106437], [-3.1198000617985664, 53.37838118334133], [-3.119795345147476, 53.37820144592397], [-3.118593009095083, 53.378212721301225], [-3.118597720685621, 53.37839245879202], [-3.1179965498251163, 53.37839809197722], [-3.1180012589360095, 53.37857782949894], [-3.1177006721646405, 53.378580644974825], [-3.1177053800610013, 53.37876038250917], [-3.1180059680975396, 53.37875756701493], [-3.1180106773097074, 53.37893730452521], [-3.118311266560788, 53.37893448825594], [-3.1183206876674423, 53.37929396322257], [-3.1186212793982753, 53.3792911461599], [-3.1186259912928023, 53.3794708836163], [-3.1189265842381886, 53.37946806577856], [-3.1189312974486176, 53.37964780321083], [-3.119231891608556, 53.37964498459803], [-3.1192366061349155, 53.37982472200623], [-3.120138392106242, 53.37981626157236]]]}, "properties": {"kind": "max_footprint", "threshold_pct": 10.0}}, {"type": "Feature", "geometry": {"type": "Polygon", "coordinates": [[[-3.121269927277604, 53.37710891060364], [-3.1212604820858094, 53.37674943586662], [-3.120959908523049, 53.3767522594823], [-3.120969351184781, 53.377111734256076], [-3.121269927277604, 53.37710891060364]]]}, "properties": {"kind": "max_footprint", "threshold_pct": 10.0}}, {"type": "Feature", "geometry": {"type": "Polygon", "coordinates": [[[-3.1235893526280765, 53.37385102333589], [-3.1235846208023883, 53.37367128601421], [-3.1232840691494776, 53.3736741153698], [-3.1232887997103793, 53.373853852709914], [-3.1235893526280765, 53.37385102333589]]]}, "properties": {"kind": "max_footprint", "threshold_pct": 10.0}}, {"type": "Feature", "geometry": {"type": "Polygon", "coordinates": [[[-3.1137504870848547, 53.38850555214659], [-3.113745794176483, 53.38832581466573], [-3.1140464499944542, 53.38832300879707], [-3.1140323677745068, 53.38778379637486], [-3.1146336716636713, 53.387778182476346], [-3.1146289751596083, 53.38759844502737], [-3.1143283245061326, 53.38760125233682], [-3.1143189341812083, 53.38724177738511], [-3.114619582303011, 53.387238970112215], [-3.1146242787060547, 53.38741870757266], [-3.1149249280431786, 53.387415899524555], [-3.1149296257625743, 53.38759563696097], [-3.1152302763150175, 53.387592828137635], [-3.1152349753507935, 53.387772565550016], [-3.1161369305024085, 53.38776413448341], [-3.116141633386327, 53.387943871835155], [-3.116442286268259, 53.387941059947416], [-3.1164469904686376, 53.38812079727511], [-3.1173489526084577, 53.38811235701513], [-3.1173301209202, 53.38739340788978], [-3.1179314186334106, 53.38738777741168], [-3.1179219980298116, 53.38702830288794], [-3.119425228767939, 53.387014213629776], [-3.119429945373442, 53.38719395080278], [-3.119730592634749, 53.38719113066199], [-3.119735310556796, 53.387370867810894], [-3.120637255833674, 53.38736240279181], [-3.1206278124454645, 53.38700292859857], [-3.1212291039796014, 53.38699728154139], [-3.121224379830092, 53.38681754447294], [-3.1215250242551713, 53.38681471982736], [-3.1215155735770392, 53.38645524571003], [-3.1206136477439954, 53.38646371726568], [-3.120608926278396, 53.38628398014322], [-3.120308285498222, 53.38628680246289], [-3.120303565349134, 53.386107065316324], [-3.120002925783932, 53.38610988686072], [-3.1199887694383603, 53.385570675331486], [-3.1196881336195337, 53.385573496063884], [-3.1196786988409038, 53.38521402164562], [-3.120279965365115, 53.38520837949747], [-3.1202894052064396, 53.38556785384223], [-3.1208906765903053, 53.38556220859303], [-3.1209001216974706, 53.385921682841314], [-3.121501397940978, 53.385916034491004], [-3.1215061231021806, 53.38609577156975], [-3.121806762413434, 53.38609294624083], [-3.121811488891185, 53.38627268329547], [-3.122112129417339, 53.38626985719125], [-3.122116857211665, 53.38644959422172], [-3.1230187822822266, 53.38644111131242], [-3.123014050690674, 53.38626137433721], [-3.123615331285157, 53.38625571531664], [-3.1236105972130352, 53.38607597837255], [-3.1239112361681878, 53.38607314774534], [-3.123906500881266, 53.38589341081393], [-3.123605863191825, 53.385896241422685], [-3.123601129221526, 53.385716504467126], [-3.1220979463394256, 53.385730646065426], [-3.122083763719098, 53.38519143488795], [-3.121783130787122, 53.385194260881725], [-3.1217736784923926, 53.38483478669794], [-3.121473048040875, 53.384837611898035], [-3.121463598480677, 53.384478137654476], [-3.1226661098568234, 53.384466832460106], [-3.122675569541935, 53.38482630655641], [-3.122976199790069, 53.38482347832883], [-3.1229856622099263, 53.38518295236536], [-3.1232862949384574, 53.38518012334409], [-3.1232815624374433, 53.38500038634711], [-3.1244840877799067, 53.384989062766984], [-3.1244793502672654, 53.38480932583804], [-3.1247799802099157, 53.38480649306927], [-3.124775241482608, 53.38462675615302], [-3.1250758701086805, 53.38462392264586], [-3.125071130166734, 53.38444418574232], [-3.125371757476235, 53.38444135149676], [-3.1253670163196734, 53.384261614605926], [-3.1250663902757596, 53.38426444883304], [-3.1250474312215832, 53.383545501138514], [-3.125348052203288, 53.38354266698525], [-3.1253385704510013, 53.38318319314047], [-3.1256391888507014, 53.38318035826726], [-3.1256344467855413, 53.38300062135473], [-3.1259350638687566, 53.3829977857432], [-3.1259398071994062, 53.38317752263726], [-3.1262404254971026, 53.38317468625046], [-3.1262356809009617, 53.38299494937484], [-3.126536297882147, 53.38299211224968], [-3.1265268063120004, 53.382632638518196], [-3.127128035059383, 53.38262696207136], [-3.1271137904943225, 53.38208775154202], [-3.1265125693395346, 53.382093427877926], [-3.1264983328263583, 53.38155421718601], [-3.126798939633098, 53.38155137945187], [-3.1268036863518383, 53.38173111633645], [-3.1271042943729137, 53.381728277827065], [-3.127109042408089, 53.38190801468739], [-3.127409651643496, 53.38190517540274], [-3.127414400995134, 53.38208491223886], [-3.1277150114448737, 53.38208207217892], [-3.1277102608278318, 53.381902335361296], [-3.1280108699610825, 53.381899494563086], [-3.1280061181297367, 53.38171975775823], [-3.128306725946498, 53.381716916221734], [-3.1283019729008767, 53.38153717942962], [-3.128001366349491, 53.38154002094764], [-3.1279918629422903, 53.3811805473092], [-3.1282924669629684, 53.381177705828215], [-3.1282877140706797, 53.38099796901889], [-3.1285883167749144, 53.380995126799654], [-3.1285835626684166, 53.3808153900031], [-3.1288841640562093, 53.38081254704563], [-3.1288698982475647, 53.38027333667705], [-3.1285693006556468, 53.38027617957899], [-3.1285597929027342, 53.37991670593422], [-3.1294615779335335, 53.379908175069296], [-3.129456820338046, 53.37972843829384], [-3.129757413980778, 53.37972559317727], [-3.129743137705638, 53.37918638287205], [-3.1300437275015764, 53.37918353705436], [-3.1300389675803566, 53.379003800293006], [-3.1303395560599316, 53.37900095373714], [-3.130330033840724, 53.37864148023427], [-3.130630619738785, 53.3786386329588], [-3.1306258574408368, 53.378458896217296], [-3.1309264420225524, 53.37845604820367], [-3.1309169150500438, 53.378096574740525], [-3.131217497050308, 53.37809372600731], [-3.1312127323757863, 53.37791398928566], [-3.131513313059723, 53.37791113981434], [-3.1314894841303285, 53.37701245621279], [-3.131790058437752, 53.37700960607758], [-3.131785291540591, 53.376829869358595], [-3.13148471849818, 53.376832719475225], [-3.131475187387607, 53.3764732459829], [-3.1317757579000363, 53.37647039590338], [-3.131728092772369, 53.374673028282785], [-3.132028650584445, 53.37467017763228], [-3.1319666771379295, 53.37233359910813], [-3.131666135767646, 53.37233644951734], [-3.1316518392270716, 53.371797238895155], [-3.13135130159949, 53.3718000884922], [-3.131346537453053, 53.37162035158809], [-3.131046001038868, 53.37162320041007], [-3.131041238208259, 53.37144346348169], [-3.1307407030074734, 53.371446311528615], [-3.1307359414926603, 53.37126657457593], [-3.130435407505277, 53.37126942184783], [-3.1304306473062353, 53.37108968487087], [-3.129228515903383, 53.37110106631948], [-3.1292237608137903, 53.37092132926266], [-3.128021633651254, 53.37093269853349], [-3.1280263836825606, 53.37111243566433], [-3.1277258504996515, 53.37111527610936], [-3.1277211017329156, 53.37093553895999], [-3.1262184413756837, 53.370949729745305], [-3.126223183819543, 53.37112946698705], [-3.1259226503305064, 53.37113230289314], [-3.1259273915607624, 53.3713120401476], [-3.1256268567561603, 53.37131487531565], [-3.125622116790496, 53.37113513804272], [-3.1247205158647584, 53.37114363895257], [-3.1247252520366438, 53.371323376280856], [-3.124424717028281, 53.37132620842294], [-3.124429451986478, 53.37150594576392], [-3.1247299882594497, 53.37150311360341], [-3.1247347245331762, 53.3716828509202], [-3.1250352620198485, 53.37168001798474], [-3.125054212682595, 53.37239896712078], [-3.1247536701373035, 53.37240180013003], [-3.1247584066656438, 53.372581537418135], [-3.1250589504756245, 53.37257870439044], [-3.1250636883195932, 53.37275844165437], [-3.1253642333433365, 53.37275560785167], [-3.1253737117135345, 53.373115082325384], [-3.1250731641603484, 53.37311791616497], [-3.125082640204867, 53.37347739065263], [-3.1247820900712386, 53.373480223772575], [-3.124786826905141, 53.37365996102623], [-3.124185723955569, 53.37366562503335], [-3.1242093962409148, 53.37456431139999], [-3.123307722462612, 53.374572802012885], [-3.1233124532778325, 53.374752539324284], [-3.1230118939851255, 53.37475536803383], [-3.1230355424997422, 53.37565405459685], [-3.122734976831694, 53.37565688264188], [-3.122739705422244, 53.375836619955685], [-3.1224391384384154, 53.375839447262535], [-3.122462775828924, 53.3767381338375], [-3.1227633491376547, 53.37673530643861], [-3.1227728069797425, 53.37709478099161], [-3.1224722311409554, 53.37709760842732], [-3.1224816866563256, 53.37745708299418], [-3.1227822650252217, 53.377454255521634], [-3.1227869941242354, 53.37763399277804], [-3.1230875737073553, 53.37763116453042], [-3.1231017651048116, 53.37817037620998], [-3.122801181726385, 53.378173204512855], [-3.1228059110288062, 53.378352941746314], [-3.1231064956723604, 53.378350113425014], [-3.123115956960063, 53.37870958783788], [-3.123416544083047, 53.37870675872305], [-3.1234212760683695, 53.378886495902464], [-3.123120687680217, 53.378889325035715], [-3.123125418451238, 53.3790690622278], [-3.122223649186063, 53.37907754514256], [-3.1222094684121378, 53.37853833338337], [-3.121908882350918, 53.378541159452986], [-3.1219183336190444, 53.37890063400167], [-3.1216177449766804, 53.3789034593514], [-3.1216130205823833, 53.37872372206154], [-3.121011845675613, 53.378729370454096], [-3.1210071238624377, 53.37854963312172], [-3.1204059512828963, 53.37855527845073], [-3.1204106705657497, 53.37873501581987], [-3.1207112581460614, 53.37873219351534], [-3.120720699394371, 53.37909166819966], [-3.1213218794634274, 53.37908602124695], [-3.121326602694127, 53.37926575854373], [-3.1216271939176785, 53.379262933913914], [-3.1216319184643826, 53.37944267118658], [-3.1219325109023464, 53.37943984578165], [-3.1219419626786316, 53.37979932027292], [-3.122242557596244, 53.379796494074476], [-3.122261466819739, 53.380515442914565], [-3.1213596667311627, 53.38052391946055], [-3.1213549431449223, 53.38034418220393], [-3.1210543442790875, 53.38034700618737], [-3.1210496220089237, 53.38016726890663], [-3.120749024357592, 53.38017009211494], [-3.120744303403479, 53.37999035481006], [-3.120443706966653, 53.379993177243264], [-3.120462586026538, 53.380712126501805], [-3.12076318752453, 53.380709303995125], [-3.1207726298896596, 53.381068778553214], [-3.1204720258610035, 53.381071601096686], [-3.1204673059183934, 53.38089186380212], [-3.119866100239509, 53.38089750658203], [-3.1198566655678324, 53.38053803190221], [-3.119255464747319, 53.38054367158163], [-3.1192413207119705, 53.38000445940868], [-3.1186401272803947, 53.38001009595097], [-3.1186448393775956, 53.38018983338439], [-3.11834424132052, 53.38019265053878], [-3.118348952203103, 53.38037238798482], [-3.1186495515254693, 53.38036957081209], [-3.118654263724014, 53.38054930823404], [-3.118954864261009, 53.38054649028619], [-3.118964291340759, 53.38090596507619], [-3.1183630851548023, 53.380911600288506], [-3.1183583741202434, 53.380731862859676], [-3.11775717026231, 53.38073749500827], [-3.117752461809047, 53.38055775753702], [-3.117451861069445, 53.38056057245785], [-3.1174471539321176, 53.38038083496255], [-3.117146554407204, 53.38038364910829], [-3.1171418485857862, 53.38020391158892], [-3.1165406519147507, 53.38020953757354], [-3.116550058546987, 53.380569012679814], [-3.1168506594384016, 53.380566200029236], [-3.1168553640957057, 53.38074593755545], [-3.1171559662018504, 53.38074312412982], [-3.1171606721750797, 53.38092286163198], [-3.117461275495952, 53.38092004743125], [-3.1174659827851343, 53.38109978490936], [-3.117766587320734, 53.38109696993352], [-3.1177712959258947, 53.381276707387556], [-3.1183725073758977, 53.381271075128936], [-3.1183772185624377, 53.38145081254054], [-3.118677825476826, 53.38144799525775], [-3.118687250532674, 53.38180747002706], [-3.118987859927169, 53.38180465195078], [-3.118997287716562, 53.38216412666047], [-3.1186966757912318, 53.38216694477345], [-3.118701388496528, 53.382346682138035], [-3.1181001619629667, 53.38235231613033], [-3.118114292790133, 53.38289152829974], [-3.117813675650964, 53.38289434421572], [-3.1178183847624994, 53.38307408161238], [-3.117517766307195, 53.383076896789845], [-3.11752247420386, 53.383256634199114], [-3.1169212346103605, 53.38326226232025], [-3.1169165292447145, 53.38308252487435], [-3.116615910637569, 53.38308533778134], [-3.1165970947428954, 53.38236638786705], [-3.116296481147073, 53.38236919994397], [-3.1162917785653104, 53.38218946243274], [-3.1150893287382426, 53.38220070309925], [-3.1150940262582214, 53.38238044068368], [-3.115394640056242, 53.382377631633965], [-3.1154040377786822, 53.38273710674903], [-3.115704654057107, 53.382734296905916], [-3.1157093542596104, 53.38291403443654], [-3.116009971752978, 53.38291122381831], [-3.1160146732715277, 53.38309096132492], [-3.116315291979834, 53.383088149931524], [-3.116329400635422, 53.38362736236198], [-3.1157281555750864, 53.38363298450173], [-3.1157234551703983, 53.38345324699405], [-3.115422833829941, 53.38345605691037], [-3.11542753296909, 53.38363579443636], [-3.114826287605505, 53.383641412035075], [-3.114821590997442, 53.3834616744725], [-3.113919726369927, 53.38347009513946], [-3.1139244191813553, 53.383649832756866], [-3.1145256648479434, 53.38364421969918], [-3.114530360240955, 53.3838239572743], [-3.1151316082366836, 53.383818341152676], [-3.115136306211333, 53.38399807868551], [-3.1154369313989907, 53.383995269471136], [-3.1154463300310358, 53.384354744482984], [-3.1157469576993355, 53.384351934475156], [-3.1157798633630223, 53.385610096707865], [-3.1160804998403195, 53.385607285815055], [-3.1160899044449337, 53.385966760650476], [-3.1163905434030803, 53.38596394896414], [-3.116381136267045, 53.38560447416535], [-3.116681772643189, 53.38560166175875], [-3.116695887220267, 53.386140873893375], [-3.1169965273429607, 53.38613806067494], [-3.117001233568927, 53.386317798023356], [-3.1167005921804902, 53.386320611260125], [-3.1167100022527396, 53.386680085976394], [-3.1170106461727007, 53.386677272703], [-3.1170153525505113, 53.386857010034184], [-3.1176166427701415, 53.38685138117995], [-3.1176213517301594, 53.387031118468784], [-3.1167194125273943, 53.38703956066974], [-3.1167147073647663, 53.386859823325935], [-3.116414062128419, 53.38686263586074], [-3.116404654486522, 53.3865031611193], [-3.1161040117311423, 53.38650597286056], [-3.116099309251833, 53.386326235462924], [-3.115798667711639, 53.386329046428955], [-3.115789265436216, 53.385969571579885], [-3.1154886263769384, 53.38597238175241], [-3.11547922683517, 53.38561290684379], [-3.1151785902567735, 53.38561571622281], [-3.115150400438417, 53.38453729124957], [-3.1148497714034447, 53.38454009976195], [-3.11484037773274, 53.3841806246884], [-3.1145397511784667, 53.384183432407355], [-3.1145350556844633, 53.3840036948437], [-3.114234430345279, 53.384006501787525], [-3.1142297361673443, 53.38382676419984], [-3.113929112043251, 53.38382957036855], [-3.1139572702744656, 53.38490799591821], [-3.1136566385062614, 53.384910801439695], [-3.113651946607192, 53.38473106384414], [-3.1130506854507067, 53.38473667257996], [-3.113045996133352, 53.38455693494217], [-3.112444737306406, 53.38456254061397], [-3.112440050570713, 53.38438280293391], [-3.111838794073395, 53.384388405541785], [-3.111834109919314, 53.38420866781952], [-3.1112328557517106, 53.38421426736349], [-3.1112469007713615, 53.38475348062248], [-3.1118481625326835, 53.384747880969144], [-3.1118528468378908, 53.3849276186742], [-3.11215347890864, 53.384924817693964], [-3.112158164529882, 53.38510455537506], [-3.1127594310515128, 53.38509895110747], [-3.1127641192544906, 53.38527868874634], [-3.1133653881057897, 53.38527308141473], [-3.1133700788905534, 53.38545281901134], [-3.113670714506224, 53.38545001419194], [-3.11367540660713, 53.38562975176454], [-3.113976043438036, 53.385626946169985], [-3.1139807368551127, 53.3858066837186], [-3.114281374901252, 53.38580387734886], [-3.11431423909449, 53.38706203990065], [-3.11401359218801, 53.38706484639831], [-3.113999511028185, 53.38652563385569], [-3.113698867868598, 53.386528439541614], [-3.113689483212621, 53.38616896444799], [-3.1133888425340843, 53.38617176934045], [-3.113393533571089, 53.3863515069084], [-3.1130928915763514, 53.38635431106222], [-3.113097581398042, 53.3865340486427], [-3.1127969380871, 53.386536852057866], [-3.112815692815046, 53.38725580239546], [-3.113416989512887, 53.38725019466214], [-3.113421680852606, 53.38742993219568], [-3.113121031263072, 53.38743273645906], [-3.1131257213873993, 53.38761247400515], [-3.1134263722427797, 53.387609669723496], [-3.1134498299504956, 53.388508357276535], [-3.1137504870848547, 53.38850555214659]], [[-3.115521526365312, 53.38723054375193], [-3.1152208783950757, 53.387233353295635], [-3.11521617951091, 53.38705361586604], [-3.1155168262153308, 53.38705080634064], [-3.115521526365312, 53.38723054375193]], [[-3.118184953764675, 53.38558758837244], [-3.117583681467982, 53.385593219997624], [-3.1175789729130874, 53.38541348266294], [-3.1172783379544633, 53.38541629732188], [-3.11727363071588, 53.38523655996309], [-3.117574264408831, 53.3852337453225], [-3.1175695559552112, 53.38505400797632], [-3.1178701883318656, 53.38505119259716], [-3.117879607821074, 53.385410667247115], [-3.118180242678411, 53.385407851074426], [-3.118184953764675, 53.38558758837244]], [[-3.1181708206578724, 53.385048376461135], [-3.1178701883318656, 53.38505119259716], [-3.1178654786632376, 53.3848714552636], [-3.118166109723599, 53.38486863914592], [-3.1181708206578724, 53.385048376461135]], [[-3.1244746128055727, 53.38462958890334], [-3.1241739840775904, 53.38463242089677], [-3.124169247932445, 53.38445268393791], [-3.123868620419133, 53.38445551515605], [-3.12386388559051, 53.38427577817299], [-3.123563259291867, 53.38427860861585], [-3.1235537923185164, 53.383919134595644], [-3.1229525446308117, 53.383924793137126], [-3.1229478137515927, 53.383745056081565], [-3.12264719109697, 53.38374788419862], [-3.1226424615341637, 53.383568147118915], [-3.122943082923249, 53.38356531902027], [-3.1229383521457796, 53.38338558195321], [-3.1232389722184646, 53.38338275311617], [-3.123234240226359, 53.38320301606181], [-3.12353485898265, 53.38320018648637], [-3.1235443255487785, 53.38355966055249], [-3.1238449467851983, 53.383556830183345], [-3.123849681410151, 53.383736567189366], [-3.1241503038611893, 53.38373373604497], [-3.1241550398026066, 53.3839134730268], [-3.124455663468263, 53.383910641107136], [-3.1244604007261723, 53.38409037806479], [-3.1247610256064444, 53.384087545369816], [-3.12477050280626, 53.38444701923103], [-3.1244698753948263, 53.38444985196289], [-3.1244746128055727, 53.38462958890334]], [[-3.1178466404951997, 53.38415250587194], [-3.1172453883474374, 53.38415813569006], [-3.1172406814632008, 53.38397839829112], [-3.1175413062968196, 53.383975583778835], [-3.1175318901490803, 53.38361610900046], [-3.1178325124009527, 53.38361329376798], [-3.1178466404951997, 53.38415250587194]], [[-3.116343509746191, 53.384166574740824], [-3.1157422570924482, 53.38417219699042], [-3.1157375565361107, 53.383992459499915], [-3.1154369313989907, 53.383995269471136], [-3.115432232158772, 53.38381553195661], [-3.1160334798513274, 53.38380991129392], [-3.1160381816226836, 53.38398964877186], [-3.1163388066586917, 53.38398683728694], [-3.116343509746191, 53.384166574740824]], [[-3.121750048644998, 53.38393610113799], [-3.1214494245214564, 53.3839389262461], [-3.1214446999700005, 53.3837591890985], [-3.1211440770612047, 53.38376201343137], [-3.121129907508263, 53.38322280189897], [-3.1214305266204745, 53.38321997762127], [-3.121425802272244, 53.383040240450725], [-3.121726420068152, 53.383037415434615], [-3.12173587134643, 53.38339688973317], [-3.122036491622531, 53.383394063923426], [-3.1220412186034263, 53.383573801045706], [-3.1217405970617986, 53.38357662687385], [-3.121750048644998, 53.38393610113799]], [[-3.1253338296513307, 53.38300345620946], [-3.1250332124661377, 53.38300629030736], [-3.1250284729829265, 53.38282655335216], [-3.125329088902641, 53.38282371927272], [-3.1253338296513307, 53.38300345620946]], [[-3.1250284729829265, 53.38282655335216], [-3.1247278570122456, 53.382829386674814], [-3.124723118845465, 53.38264964969542], [-3.1250237335506816, 53.38264681639124], [-3.1250284729829265, 53.38282655335216]], [[-3.1264983328263583, 53.38155421718601], [-3.126197725968588, 53.381557054163366], [-3.126192981831622, 53.381377317236115], [-3.1264935874240263, 53.38137448027722], [-3.1264983328263583, 53.38155421718601]]]}, "properties": {"kind": "max_footprint", "threshold_pct": 10.0}}]}