{"type": "FeatureCollection", "features": [{"type": "Feature", "geometry": {"type": "Polygon", "coordinates": [[[-3.083863467310357, 53.40765764230896], [-3.083858897103747, 53.407477903608225], [-3.083558103204772, 53.407480634131474], [-3.0835626721439664, 53.40766037285001], [-3.083863467310357, 53.40765764230896]]]}, "properties": {"kind": "max_footprint", "threshold_pct": 4.0}}, {"type": "Feature", "geometry": {"type": "Polygon", "coordinates": [[[-3.0841551195287065, 53.40729543363875], [-3.0841505481530516, 53.40711569494437], [-3.0838497568380387, 53.407118426189555], [-3.083854326946308, 53.407298164901746], [-3.0841551195287065, 53.40729543363875]]]}, "properties": {"kind": "max_footprint", "threshold_pct": 4.0}}, {"type": "Feature", "geometry": {"type": "Polygon", "coordinates": [[[-3.080554717778538, 53.40768763659683], [-3.08055016151355, 53.40750789770071], [-3.0802493670745803, 53.4075106198913], [-3.0802402572264787, 53.40715114204641], [-3.079939465273309, 53.40715386344401], [-3.079934911690153, 53.406974124495285], [-3.079634120955377, 53.40697684511767], [-3.0796295686885853, 53.40679710614549], [-3.0793287791722013, 53.40679982599265], [-3.0793242282217466, 53.40662008699705], [-3.0790234399237573, 53.40662280606899], [-3.0790188902896123, 53.40644306704995], [-3.0787181032100173, 53.40644578534671], [-3.0787135548921567, 53.40626604630426], [-3.078412769030958, 53.4062687638258], [-3.0784218631809366, 53.406628241940425], [-3.078722651576817, 53.40662552438346], [-3.0787271999925503, 53.40680526341448], [-3.0790279896068506, 53.40680254508232], [-3.0790325393388978, 53.40698228408992], [-3.0793333301716195, 53.40697956498255], [-3.079337881220004, 53.40715930396671], [-3.079638673271147, 53.40715658408413], [-3.0796432256358974, 53.40733632304487], [-3.0799440189054583, 53.40733360238704], [-3.079953126316741, 53.407693080255946], [-3.080554717778538, 53.40768763659683]]]}, "properties": {"kind": "max_footprint", "threshold_pct": 4.0}}, {"type": "Feature", "geometry": {"type": "Polygon", "coordinates": [[[-3.081744216256941, 53.40713752369575], [-3.0817396550694913, 53.406957784853454], [-3.082040445461031, 53.40695505892854], [-3.0820358830552883, 53.40677532009828], [-3.0817350939311137, 53.406778046005414], [-3.081730532841812, 53.40659830715169], [-3.0826328962650016, 53.406590127211054], [-3.082628331422758, 53.406410388404886], [-3.08292911786494, 53.406407660260804], [-3.0829245518044868, 53.4062279214667], [-3.0832253369302185, 53.4062251925829], [-3.0832162024220837, 53.40586571501304], [-3.082313854501338, 53.40587389928536], [-3.0823229814056545, 53.40623337696183], [-3.0820221961325833, 53.406236103573185], [-3.0820267583910645, 53.406415842420586], [-3.081124398475414, 53.40642401776301], [-3.081138074139198, 53.406963234430734], [-3.0814388646288746, 53.406960510020845], [-3.081443424548946, 53.4071402488809], [-3.081744216256941, 53.40713752369575]]]}, "properties": {"kind": "max_footprint", "threshold_pct": 4.0}}, {"type": "Feature", "geometry": {"type": "Polygon", "coordinates": [[[-3.082313854501338, 53.40587389928536], [-3.082304727793413, 53.40551442158603], [-3.082605507948224, 53.40551169428827], [-3.0825963789021857, 53.405152216601614], [-3.081694045893974, 53.40516039611598], [-3.081703167336514, 53.40551987390921], [-3.082003947589504, 53.405517148126364], [-3.082013071762875, 53.4058766258612], [-3.082313854501338, 53.40587389928536]]]}, "properties": {"kind": "max_footprint", "threshold_pct": 4.0}}, {"type": "Feature", "geometry": {"type": "Polygon", "coordinates": [[[-3.0801947109262904, 53.40535375247906], [-3.080190156565786, 53.405174013490885], [-3.0795886004914186, 53.40517945513868], [-3.0795931523174276, 53.405359194162294], [-3.0801947109262904, 53.40535375247906]]]}, "properties": {"kind": "max_footprint", "threshold_pct": 4.0}}, {"type": "Feature", "geometry": {"type": "Polygon", "coordinates": [[[-3.085020896936468, 53.40584932601674], [-3.0850163221524327, 53.405669587330024], [-3.085617884062389, 53.405664118307115], [-3.0856133067930482, 53.405484379650275], [-3.086214865971494, 53.40547890763317], [-3.0862102862169047, 53.40529916900627], [-3.0865110644649776, 53.40529643187935], [-3.086506483492426, 53.405116693264546], [-3.0862057065115867, 53.40511943037364], [-3.0862011268555407, 53.4049396917353], [-3.0855995752805, 53.40494516364548], [-3.0855949982081388, 53.404765424965774], [-3.0849934489705375, 53.404770893810536], [-3.0849888744818097, 53.40459115508949], [-3.0846881010563743, 53.404593888357944], [-3.0846835278840445, 53.404414149613366], [-3.08438275567659, 53.40441688210654], [-3.08437818382063, 53.40423714333847], [-3.0840774128311583, 53.40423987505643], [-3.084081983419949, 53.404419613842315], [-3.0837812111141325, 53.40442234482064], [-3.0837720725200537, 53.40406286720759], [-3.0831705328296164, 53.40406832682084], [-3.083179666355035, 53.40442780450502], [-3.0834804387591572, 53.404425075041544], [-3.083485006862752, 53.40460481385728], [-3.083184233191443, 53.40460754333854], [-3.0831888000769845, 53.40478728216634], [-3.0825872500525815, 53.404792738892084], [-3.0825918144528286, 53.404972477749695], [-3.082892590756806, 53.40496974974778], [-3.082897156473392, 53.40514948858192], [-3.083197933995474, 53.405146759804786], [-3.0832025010284196, 53.405326498615416], [-3.0841048371015183, 53.405318307685945], [-3.084113978918383, 53.40567778518337], [-3.084715541123618, 53.405672320705264], [-3.0847201146403758, 53.4058520594098], [-3.085020896936468, 53.40584932601674]]]}, "properties": {"kind": "max_footprint", "threshold_pct": 4.0}}, {"type": "Feature", "geometry": {"type": "Polygon", "coordinates": [[[-3.0831705328296164, 53.40406832682084], [-3.083165966140603, 53.40388858797017], [-3.082865197488826, 53.40389131662289], [-3.082869762910693, 53.40407105549134], [-3.0831705328296164, 53.40406832682084]]]}, "properties": {"kind": "max_footprint", "threshold_pct": 4.0}}, {"type": "Feature", "geometry": {"type": "Polygon", "coordinates": [[[-3.097875798001572, 53.4026755281955], [-3.0978711695718744, 53.40249579018174], [-3.0975704122129213, 53.402498555821396], [-3.0975750393756027, 53.402678293853185], [-3.097875798001572, 53.4026755281955]]]}, "properties": {"kind": "max_footprint", "threshold_pct": 4.0}}, {"type": "Feature", "geometry": {"type": "Polygon", "coordinates": [[[-3.088014954965777, 53.40528273488303], [-3.0880103676570703, 53.40510299635746], [-3.088311144341992, 53.4051002547037], [-3.0883065558154237, 53.404920516190245], [-3.088005780397717, 53.404923257826155], [-3.0880011931877185, 53.404743519289156], [-3.087399644738665, 53.40474900025292], [-3.087395060112397, 53.40456926167449], [-3.0870942870810656, 53.40457200100238], [-3.0870851205108396, 53.404212523792665], [-3.0867843499645384, 53.40421526232743], [-3.086779768020541, 53.40403552369617], [-3.086478998692094, 53.404038261455696], [-3.0864744180645287, 53.40385852280086], [-3.085872881794082, 53.403863996012], [-3.0858683037500447, 53.4036842573158], [-3.0855675368080604, 53.40368699276745], [-3.0855629600803884, 53.4035072540477], [-3.085262194356278, 53.40350998872413], [-3.0852576189449428, 53.40333024998087], [-3.0849568544387074, 53.40333298388208], [-3.0849522803436824, 53.40315324511527], [-3.084651517055324, 53.40315597824126], [-3.084646944276582, 53.40297623945095], [-3.0843461822061005, 53.40297897180176], [-3.0843416107436146, 53.40279923298794], [-3.0840408498910117, 53.40280196456356], [-3.0840317096476633, 53.402442486883146], [-3.083430192863137, 53.402447947691094], [-3.0834347604261585, 53.40262768656973], [-3.0831340006931436, 53.40263041585542], [-3.0831431334324924, 53.40298989363108], [-3.083744657917605, 53.4029844342312], [-3.0837492268951228, 53.40316417307489], [-3.084049990331031, 53.40316144222109], [-3.084059130967723, 53.40352091985572], [-3.084359896888651, 53.40351818820892], [-3.084364468547868, 53.40369792699989], [-3.084966002776387, 53.403692461398485], [-3.0849751513109163, 53.404051938892046], [-3.0852759208856324, 53.40404920491962], [-3.0852850721513363, 53.40440868235467], [-3.0858866162217153, 53.404403212066285], [-3.0858911944627696, 53.404582950739616], [-3.0861919676912613, 53.40458021444145], [-3.086196547248766, 53.40475995309122], [-3.087098870440144, 53.40475173959866], [-3.087108037306235, 53.40511121677406], [-3.0874088141391787, 53.40510847739264], [-3.0874133989134234, 53.405288215953895], [-3.088014954965777, 53.40528273488303]]]}, "properties": {"kind": "max_footprint", "threshold_pct": 4.0}}, {"type": "Feature", "geometry": {"type": "Polygon", "coordinates": [[[-3.095155117646299, 53.40216117730478], [-3.0951505007687747, 53.40198143911189], [-3.094548992708122, 53.401986955893385], [-3.0945536070516853, 53.40216669412223], [-3.095155117646299, 53.40216117730478]]]}, "properties": {"kind": "max_footprint", "threshold_pct": 4.0}}, {"type": "Feature", "geometry": {"type": "Polygon", "coordinates": [[[-3.090388996112988, 53.40400261150339], [-3.090384399012695, 53.40382287308076], [-3.0900836315438176, 53.403825619911395], [-3.0900698443409875, 53.40328640455556], [-3.0894683168575248, 53.40329189583727], [-3.089449944749041, 53.402572941806305], [-3.0891491860014035, 53.402575686239565], [-3.089153777687371, 53.40275542477376], [-3.0885522575098414, 53.40276091140387], [-3.0885476683579487, 53.40258117283394], [-3.0882469094621587, 53.402583914995084], [-3.08824232162666, 53.402404176401554], [-3.0879415639485353, 53.402406917787445], [-3.087946150517009, 53.402586656398825], [-3.0876453915225173, 53.4025893970452], [-3.0876408062210685, 53.40240965841598], [-3.087340048444272, 53.40241239828713], [-3.087326296636896, 53.40187318231158], [-3.087025542611782, 53.401875921371854], [-3.0870438733855563, 53.40259487606582], [-3.0867431142431143, 53.402597614440054], [-3.0867522773917204, 53.4029570917884], [-3.0873538006954906, 53.402951614211176], [-3.087358384877866, 53.40313135284109], [-3.087659147722847, 53.40312861289855], [-3.0876637332216212, 53.40330835150491], [-3.0879644972843505, 53.40330561078712], [-3.08796908409955, 53.403485349369895], [-3.0882698493800262, 53.40348260787684], [-3.08827443751168, 53.40366234643605], [-3.0891767368582, 53.403654117358926], [-3.0891813288405703, 53.4038338558588], [-3.0894820964577416, 53.40383111130041], [-3.089486689756646, 53.40401084977667], [-3.090388996112988, 53.40400261150339]]]}, "properties": {"kind": "max_footprint", "threshold_pct": 4.0}}, {"type": "Feature", "geometry": {"type": "Polygon", "coordinates": [[[-3.086150753890787, 53.40296256633608], [-3.086141595810376, 53.40260308891642], [-3.0858408365201067, 53.40260582501852], [-3.0858362588208252, 53.40242608628229], [-3.0855355007483376, 53.402428821609206], [-3.0855309243653197, 53.402249082849444], [-3.0852301675106157, 53.40225181740115], [-3.085225592443834, 53.402072078617856], [-3.084924836806915, 53.40207481239441], [-3.0849202630563433, 53.4018950735876], [-3.0843187541688866, 53.401900538833004], [-3.084323325385475, 53.40208027767544], [-3.084624081120791, 53.402077545413604], [-3.084633226235526, 53.40243702304569], [-3.0849339844556756, 53.40243428999092], [-3.0849385583538655, 53.402614028780576], [-3.0852393177918382, 53.4026112949506], [-3.0852438930062807, 53.40279103371674], [-3.085544653662077, 53.40278829911158], [-3.0855492301928, 53.402968037854194], [-3.086150753890787, 53.40296256633608]]]}, "properties": {"kind": "max_footprint", "threshold_pct": 4.0}}, {"type": "Feature", "geometry": {"type": "Polygon", "coordinates": [[[-3.087025542611782, 53.401875921371854], [-3.08702096004159, 53.401696182684056], [-3.0867202072341486, 53.40169892096911], [-3.086724788537367, 53.401878659674736], [-3.087025542611782, 53.401875921371854]]]}, "properties": {"kind": "max_footprint", "threshold_pct": 4.0}}, {"type": "Feature", "geometry": {"type": "Polygon", "coordinates": [[[-3.0987456490119847, 53.401409060840066], [-3.0987410171300698, 53.401229322840265], [-3.0984402687892465, 53.40123209062584], [-3.098444899404243, 53.40141182864365], [-3.0987456490119847, 53.401409060840066]]]}, "properties": {"kind": "max_footprint", "threshold_pct": 4.0}}, {"type": "Feature", "geometry": {"type": "Polygon", "coordinates": [[[-3.0984402687892465, 53.40123209062584], [-3.0984310077086996, 53.40087261457303], [-3.098130261851856, 53.40087538156522], [-3.098139520398607, 53.401234857654096], [-3.0984402687892465, 53.40123209062584]]]}, "properties": {"kind": "max_footprint", "threshold_pct": 4.0}}, {"type": "Feature", "geometry": {"type": "Polygon", "coordinates": [[[-3.091254496196737, 53.4025564593019], [-3.091249895691034, 53.402376720887204], [-3.091550652825486, 53.40237397117025], [-3.091546051102271, 53.40219423276775], [-3.090643783351464, 53.40220247959283], [-3.0906391854787265, 53.40202274113091], [-3.0897369210837096, 53.40203098108602], [-3.0897277330884574, 53.401671504037644], [-3.0894269807252, 53.40167424913887], [-3.0894223880686598, 53.40149451058824], [-3.0888208857278436, 53.40149999848291], [-3.0888162956545897, 53.40132025989078], [-3.088515545677046, 53.40132300268424], [-3.0885109569201012, 53.40114326406854], [-3.0882102081601177, 53.40114600608677], [-3.0882056207194544, 53.4009662674475], [-3.087904873177036, 53.40096900869056], [-3.087900287052623, 53.40078927002769], [-3.0875995407277714, 53.40079201049557], [-3.0875949559195845, 53.40061227180914], [-3.0869934656557025, 53.40061775043719], [-3.08700263025381, 53.40097722787569], [-3.0873033779442003, 53.40097448890465], [-3.0873125452733423, 53.401333966284604], [-3.0876132954482705, 53.40133122652052], [-3.087622465508561, 53.40169070384187], [-3.0879232181680636, 53.40168796328474], [-3.087927804539169, 53.40186770191901], [-3.0882285584163016, 53.401864960586686], [-3.0882331461037325, 53.40204469919736], [-3.088533901198493, 53.402041957089835], [-3.0885384902022746, 53.40222169567692], [-3.0891400027776674, 53.402216209154005], [-3.089144594364837, 53.40239594769964], [-3.0894453518454523, 53.40239320328425], [-3.089449944749041, 53.402572941806305], [-3.089750703447268, 53.40257019661568], [-3.089746109276657, 53.40239045811152], [-3.0900468666584366, 53.402387712181394], [-3.0900514620960675, 53.402567450667675], [-3.091254496196737, 53.4025564593019]]]}, "properties": {"kind": "max_footprint", "threshold_pct": 4.0}}, {"type": "Feature", "geometry": {"type": "Polygon", "coordinates": [[[-3.0920923154653988, 53.40003187025136], [-3.0920877118520553, 53.39985213181032], [-3.0917869725534137, 53.39985488279116], [-3.0917915748999327, 53.400034621250114], [-3.0920923154653988, 53.40003187025136]]]}, "properties": {"kind": "max_footprint", "threshold_pct": 4.0}}, {"type": "Feature", "geometry": {"type": "Polygon", "coordinates": [[[-3.0917869725534137, 53.39985488279116], [-3.091782370256404, 53.39967514432647], [-3.091481632175064, 53.3996778945321], [-3.091486233205262, 53.399857633014676], [-3.0917869725534137, 53.39985488279116]]]}, "properties": {"kind": "max_footprint", "threshold_pct": 4.0}}, {"type": "Feature", "geometry": {"type": "Polygon", "coordinates": [[[-3.091481632175064, 53.3996778945321], [-3.0914770311943625, 53.399498156043784], [-3.091176294330325, 53.39950090547419], [-3.091180894044228, 53.399680643980425], [-3.091481632175064, 53.3996778945321]]]}, "properties": {"kind": "max_footprint", "threshold_pct": 4.0}}, {"type": "Feature", "geometry": {"type": "Polygon", "coordinates": [[[-3.0939520962585036, 53.40217220791023], [-3.0939474844489068, 53.401992469645485], [-3.0936467302448682, 53.40199522538548], [-3.093642119751856, 53.401815487097046], [-3.093942872688922, 53.401812731374996], [-3.093933649317795, 53.40145325481687], [-3.0936328989146267, 53.40145601050303], [-3.0936190680307716, 53.400916795569096], [-3.0933183213787547, 53.40091955044408], [-3.093309103571263, 53.40056007375694], [-3.09300835940343, 53.40056282783873], [-3.092999144327975, 53.40020335109282], [-3.092397660911046, 53.400208856912705], [-3.0924114759973977, 53.400748072130554], [-3.092110730414025, 53.400750823958305], [-3.0921061266025793, 53.40057108554016], [-3.091805382236557, 53.400573836592656], [-3.0918007797415026, 53.40039409815086], [-3.0915000365928353, 53.400396848428144], [-3.0914954354141453, 53.40021710996271], [-3.0911946934828323, 53.40021985946477], [-3.09119009362048, 53.40004012097571], [-3.0905886121430943, 53.400045617672056], [-3.090584014863881, 53.399865879141494], [-3.0902832753178235, 53.39986862633582], [-3.0902740834413778, 53.39950914922169], [-3.0896726092681868, 53.39951464126693], [-3.0896634226566295, 53.39915516405838], [-3.088761218626977, 53.39916339633927], [-3.088770397637834, 53.399522873655066], [-3.0890711348973423, 53.399520130282966], [-3.089084907584379, 53.400059346160134], [-3.089385648594953, 53.40005660197715], [-3.0894040179365683, 53.400775556328455], [-3.0900055099444077, 53.40077006554749], [-3.090010104937117, 53.40094980408524], [-3.0903108521337934, 53.400947057540876], [-3.0903154484428463, 53.40112679605501], [-3.090616196856986, 53.401124048735426], [-3.09062079448241, 53.40130378722597], [-3.0909215441140105, 53.401301039131134], [-3.0909261430558326, 53.40148077759805], [-3.091226893904895, 53.40147802872798], [-3.091231494163141, 53.40165776717127], [-3.092735254000572, 53.401644011371154], [-3.0927398606431127, 53.40182374971912], [-3.09334136676519, 53.401818242061765], [-3.093350585266861, 53.402177718668774], [-3.0939520962585036, 53.40217220791023]]]}, "properties": {"kind": "max_footprint", "threshold_pct": 4.0}}, {"type": "Feature", "geometry": {"type": "Polygon", "coordinates": [[[-3.1019934996700402, 53.39904197315473], [-3.1019888545017493, 53.39886223527912], [-3.1016881231783833, 53.39886501116028], [-3.101692767079941, 53.39904474905394], [-3.1019934996700402, 53.39904197315473]]]}, "properties": {"kind": "max_footprint", "threshold_pct": 4.0}}, {"type": "Feature", "geometry": {"type": "Polygon", "coordinates": [[[-3.0980839721060174, 53.39907800077751], [-3.098079343405308, 53.398898262667224], [-3.0977786114335752, 53.3989010287039], [-3.0977832388675424, 53.39908076683219], [-3.0980839721060174, 53.39907800077751]]]}, "properties": {"kind": "max_footprint", "threshold_pct": 4.0}}, {"type": "Feature", "geometry": {"type": "Polygon", "coordinates": [[[-3.1016881231783833, 53.39886501116028], [-3.1016834793267836, 53.39868527326087], [-3.1013827492201784, 53.398688048366665], [-3.1013873918050616, 53.39886778628416], [-3.1016881231783833, 53.39886501116028]]]}, "properties": {"kind": "max_footprint", "threshold_pct": 4.0}}, {"type": "Feature", "geometry": {"type": "Polygon", "coordinates": [[[-3.1049915071993732, 53.3986546971179], [-3.1049868494640074, 53.39847495941193], [-3.10468612117436, 53.39847774282945], [-3.104690777643026, 53.39865748055356], [-3.1049915071993732, 53.3986546971179]]]}, "properties": {"kind": "max_footprint", "threshold_pct": 4.0}}, {"type": "Feature", "geometry": {"type": "Polygon", "coordinates": [[[-3.1070686138296755, 53.397556766305584], [-3.107063947528631, 53.39737702869227], [-3.106462506800932, 53.39738260515366], [-3.1064671705687537, 53.39756234280329], [-3.1070686138296755, 53.397556766305584]]]}, "properties": {"kind": "max_footprint", "threshold_pct": 4.0}}, {"type": "Feature", "geometry": {"type": "Polygon", "coordinates": [[[-3.103756021044538, 53.39740766174738], [-3.103751368726304, 53.39722792392883], [-3.1034506491029026, 53.397230704190584], [-3.10345530015453, 53.39741044202725], [-3.103756021044538, 53.39740766174738]]]}, "properties": {"kind": "max_footprint", "threshold_pct": 4.0}}, {"type": "Feature", "geometry": {"type": "Polygon", "coordinates": [[[-3.1034506491029026, 53.397230704190584], [-3.1034459981013054, 53.397050966348175], [-3.1031452796944636, 53.397053745834604], [-3.1031499294294678, 53.3972334836951], [-3.1034506491029026, 53.397230704190584]]]}, "properties": {"kind": "max_footprint", "threshold_pct": 4.0}}, {"type": "Feature", "geometry": {"type": "Polygon", "coordinates": [[[-3.103436696248201, 53.396691490646184], [-3.1034320453966933, 53.396511752786594], [-3.1031313307895485, 53.39651453221871], [-3.1031359803745056, 53.39669427009639], [-3.103436696248201, 53.396691490646184]]]}, "properties": {"kind": "max_footprint", "threshold_pct": 4.0}}, {"type": "Feature", "geometry": {"type": "Polygon", "coordinates": [[[-3.106161786361823, 53.3973853922485], [-3.106152461509869, 53.39702591689574], [-3.105851743553794, 53.39702870319708], [-3.1058470824696176, 53.396848965493945], [-3.105546365729975, 53.396851751019945], [-3.1055370462451477, 53.396492275560234], [-3.105236331988487, 53.396495060292736], [-3.105231673587792, 53.39631532253614], [-3.104930960547557, 53.396318106493325], [-3.1049402748659745, 53.396677582037036], [-3.105240990439293, 53.3966747980436], [-3.105250307491234, 53.397034273528135], [-3.1055510255475767, 53.39703148874123], [-3.105555685415304, 53.39721122645676], [-3.1058564046881068, 53.39720844089448], [-3.105861065872561, 53.397388178586155], [-3.106161786361823, 53.3973853922485]]]}, "properties": {"kind": "max_footprint", "threshold_pct": 4.0}}, {"type": "Feature", "geometry": {"type": "Polygon", "coordinates": [[[-3.0948128236664423, 53.40054629198827], [-3.094808208502768, 53.400366553725895], [-3.09571043616362, 53.40035827563083], [-3.095705817249063, 53.40017853741666], [-3.0954050760119576, 53.400181297521], [-3.0954004584139185, 53.40000155928312], [-3.0950997183939712, 53.400004318612204], [-3.095090485880533, 53.399644842083305], [-3.0956919608035167, 53.399639322739745], [-3.0956873420877096, 53.39945958450266], [-3.0962888142783735, 53.39945406216592], [-3.0962841930787035, 53.39927432395908], [-3.0968856625369696, 53.399268798629194], [-3.0968810388534953, 53.39908906045262], [-3.0974825055792876, 53.3990835321296], [-3.097477879412064, 53.398903793983315], [-3.0977786114335752, 53.3989010287039], [-3.0977739840493874, 53.3987212905699], [-3.097473253294605, 53.3987240558313], [-3.097468627226911, 53.39854431767356], [-3.097167897689081, 53.39854708215968], [-3.097172522490059, 53.39872682033543], [-3.09687179163576, 53.39872958408229], [-3.096876415219759, 53.39890932227033], [-3.0965756830489912, 53.39891208527791], [-3.0965710607317245, 53.39873234707189], [-3.0962703297779663, 53.398735109304226], [-3.096265708777141, 53.3985553710745], [-3.095964979040391, 53.39855813253159], [-3.0959603593559817, 53.39837839427815], [-3.095659630836241, 53.398381154959964], [-3.0956550124682187, 53.39820141668283], [-3.0953542851654903, 53.39820417658942], [-3.0953496681138306, 53.398024438288594], [-3.0950489420281153, 53.398027197419964], [-3.095044326292787, 53.39784745909542], [-3.0944428765057483, 53.39785297505051], [-3.0944382633533802, 53.39767323668433], [-3.094137539652073, 53.39767599350807], [-3.0941329278159713, 53.39749625511818], [-3.0938322053316947, 53.39749901116672], [-3.093827594811832, 53.39731927275318], [-3.09412831602948, 53.397316516722576], [-3.0941237042925964, 53.39713677832126], [-3.0935222643409377, 53.397142289589326], [-3.0935130460823763, 53.396782812697715], [-3.092911610998781, 53.396788320865134], [-3.092907004477022, 53.39660858237486], [-3.0926062881274645, 53.396611335304826], [-3.0925924726591485, 53.396072119745895], [-3.09199104741074, 53.396077623226645], [-3.092000252607238, 53.39643710034333], [-3.092300967789292, 53.39643434894572], [-3.0923147797551014, 53.396973564524075], [-3.092615498687366, 53.39697081231548], [-3.092624709445425, 53.39733028930328], [-3.0929254308613725, 53.397327536301574], [-3.0929300375813447, 53.39750727476895], [-3.0932307602143694, 53.39750452099211], [-3.093244584471596, 53.398043736306086], [-3.0935453108550237, 53.39804098171818], [-3.0935591393584847, 53.39858019692682], [-3.0932584091749624, 53.39858295156855], [-3.093253800890934, 53.39840321315345], [-3.0929530719245513, 53.39840596701996], [-3.092948464956797, 53.39822622858121], [-3.0926477372075536, 53.39822898167255], [-3.0926431315560414, 53.39804924321013], [-3.0923424050239428, 53.39805199552629], [-3.092337800688648, 53.39787225704022], [-3.0920370753736917, 53.39787500858121], [-3.0920278693849967, 53.39751553155607], [-3.091727146553834, 53.39751828230398], [-3.091717943296451, 53.39715880522012], [-3.091417222949043, 53.39716155517497], [-3.0914126226612084, 53.39698181660655], [-3.090811184351163, 53.396987314208744], [-3.0908203799098577, 53.39734679141149], [-3.091121101622848, 53.39734404295319], [-3.091130299912664, 53.397703520097245], [-3.09082957566639, 53.397706268591364], [-3.090852565923294, 53.398604961440846], [-3.0911532965030206, 53.39860221285724], [-3.0911624954855035, 53.39896168992119], [-3.0914632285492276, 53.39895894054452], [-3.091467829381445, 53.399138679049976], [-3.0917685636624337, 53.3991359288981], [-3.091773165810915, 53.399315667379945], [-3.0920739013091656, 53.399312916452864], [-3.092083108288236, 53.39967239336356], [-3.092383846270544, 53.39966964164335], [-3.0923884511011734, 53.39984938007219], [-3.0926891903007556, 53.39984662757676], [-3.0926937964477457, 53.40002636598196], [-3.092994536864597, 53.40002361271129], [-3.092999144327975, 53.40020335109282], [-3.093600627546641, 53.40019784224372], [-3.0936052375932808, 53.40037758058365], [-3.0942067231472667, 53.40037206866939], [-3.094211335777224, 53.400551806967705], [-3.0948128236664423, 53.40054629198827]], [[-3.094498238205107, 53.40000983499844], [-3.093896757817707, 53.40001534835549], [-3.0938921466034315, 53.399835610022066], [-3.094493624457194, 53.399830096700946], [-3.094498238205107, 53.40000983499844]], [[-3.0938921466034315, 53.399835610022066], [-3.0935914076021374, 53.39983836554669], [-3.0935867977042744, 53.39965862718959], [-3.0938875354387623, 53.399655871682924], [-3.0938921466034315, 53.399835610022066]], [[-3.094461329611475, 53.398571928458075], [-3.094160599576755, 53.398574685371585], [-3.094151375458045, 53.39821520864334], [-3.09445210295936, 53.39821245176575], [-3.094461329611475, 53.398571928458075]], [[-3.0923562183270117, 53.39859121095015], [-3.0920554879452777, 53.39859396256283], [-3.092050884728106, 53.39841422407601], [-3.092351613843125, 53.39841147248125], [-3.0923562183270117, 53.39859121095015]], [[-3.092050884728106, 53.39841422407601], [-3.0917501555635685, 53.398416974913495], [-3.0917455536626157, 53.398237236403034], [-3.0920462815604495, 53.398234485583465], [-3.092050884728106, 53.39841422407601]], [[-3.094151375458045, 53.39821520864334], [-3.0938506479071175, 53.39821796476369], [-3.093846037188865, 53.39803822637304], [-3.0941467634731086, 53.39803547027064], [-3.094151375458045, 53.39821520864334]], [[-3.0917455536626157, 53.398237236403034], [-3.091444825715277, 53.39823998646535], [-3.0914402251305164, 53.39806024793125], [-3.0917409518111665, 53.39805749788684], [-3.0917455536626157, 53.398237236403034]], [[-3.091435624595246, 53.397880509391435], [-3.0911348991317835, 53.39788325866069], [-3.091130299912664, 53.397703520097245], [-3.091431024109464, 53.39770077084591], [-3.091435624595246, 53.397880509391435]]]}, "properties": {"kind": "max_footprint", "threshold_pct": 4.0}}, {"type": "Feature", "geometry": {"type": "Polygon", "coordinates": [[[-3.107031284826744, 53.39611886523863], [-3.1070266189272435, 53.39593912757949], [-3.1067259087208856, 53.39594191604349], [-3.1067212441380616, 53.39576217836045], [-3.1064205351480174, 53.3957649660491], [-3.1064158718818446, 53.39558522834218], [-3.105513748410231, 53.395593586810676], [-3.1055184078769713, 53.39577332457205], [-3.1058191170174587, 53.395770539154896], [-3.1058237778008118, 53.3959502768924], [-3.106425198464352, 53.39594470375031], [-3.106429861830848, 53.396124441445764], [-3.107031284826744, 53.39611886523863]]]}, "properties": {"kind": "max_footprint", "threshold_pct": 4.0}}, {"type": "Feature", "geometry": {"type": "Polygon", "coordinates": [[[-3.1097189769321925, 53.39537478480952], [-3.1097142998354435, 53.39519504729111], [-3.10941359514713, 53.395197842496934], [-3.109418270977437, 53.395377580033525], [-3.1097189769321925, 53.39537478480952]]]}, "properties": {"kind": "max_footprint", "threshold_pct": 4.0}}, {"type": "Feature", "geometry": {"type": "Polygon", "coordinates": [[[-3.10941359514713, 53.395197842496934], [-3.1094089193671195, 53.39501810495459], [-3.109108215894937, 53.395020899385024], [-3.109112890408521, 53.39520063694555], [-3.10941359514713, 53.395197842496934]]]}, "properties": {"kind": "max_footprint", "threshold_pct": 4.0}}, {"type": "Feature", "geometry": {"type": "Polygon", "coordinates": [[[-3.1085301692059155, 53.39592517390175], [-3.10852549702417, 53.39574543632775], [-3.1082247883353804, 53.39574822855946], [-3.108220117470363, 53.39556849096156], [-3.107919409997803, 53.39557128241792], [-3.107914740449487, 53.39539154479609], [-3.1076140341931575, 53.395394335477114], [-3.1076046977800864, 53.395034860179905], [-3.107303994006423, 53.395037650067415], [-3.1072993271416274, 53.39485791239205], [-3.1069986245841843, 53.394860701504236], [-3.1070079558311217, 53.395220176885566], [-3.1073086609214187, 53.39521738773704], [-3.107317994902011, 53.395576863059134], [-3.107618702475015, 53.39557407311712], [-3.107623370807088, 53.39575381075139], [-3.1079240795963496, 53.39575102003401], [-3.1079287492451244, 53.395930757644386], [-3.1085301692059155, 53.39592517390175]]]}, "properties": {"kind": "max_footprint", "threshold_pct": 4.0}}, {"type": "Feature", "geometry": {"type": "Polygon", "coordinates": [[[-3.111786430922783, 53.39391729775381], [-3.111777059855976, 53.39355782287472], [-3.112378445581868, 53.39355221991987], [-3.1123737575914636, 53.39337248250822], [-3.1126744491124807, 53.39336967991337], [-3.1126650707503893, 53.39301020510938], [-3.112063692723044, 53.39301580946895], [-3.112073066020023, 53.39337528434593], [-3.110870299230287, 53.39338648412579], [-3.11087966259845, 53.39374595912575], [-3.1111803569040695, 53.39374316027999], [-3.111185039930017, 53.39392289775314], [-3.111786430922783, 53.39391729775381]]]}, "properties": {"kind": "max_footprint", "threshold_pct": 4.0}}, {"type": "Feature", "geometry": {"type": "Polygon", "coordinates": [[[-3.1012017273572066, 53.391678265117896], [-3.1011970867694307, 53.391498526971326], [-3.1014977662184093, 53.39149575258842], [-3.1014931244143833, 53.391316014454205], [-3.100591089716212, 53.39132433527755], [-3.1005957277217493, 53.391504073465974], [-3.1008964072705396, 53.39150130059718], [-3.10090104659214, 53.3916810387618], [-3.1012017273572066, 53.391678265117896]]]}, "properties": {"kind": "max_footprint", "threshold_pct": 4.0}}, {"type": "Feature", "geometry": {"type": "Polygon", "coordinates": [[[-3.10443939999694, 53.388951635253974], [-3.1044347462321387, 53.38877189722051], [-3.1041340862739233, 53.38877467890227], [-3.1041294338251237, 53.388594940844975], [-3.1038287750828215, 53.38859772175163], [-3.103838077498543, 53.38895719789674], [-3.10443939999694, 53.388951635253974]]]}, "properties": {"kind": "max_footprint", "threshold_pct": 4.0}}, {"type": "Feature", "geometry": {"type": "Polygon", "coordinates": [[[-3.105924065289057, 53.38821876359408], [-3.105914745550904, 53.387859287656916], [-3.1056140921726803, 53.3878620730329], [-3.105623409379035, 53.38822154900635], [-3.105924065289057, 53.38821876359408]]]}, "properties": {"kind": "max_footprint", "threshold_pct": 4.0}}, {"type": "Feature", "geometry": {"type": "Polygon", "coordinates": [[[-3.1112328557517106, 53.38421426736349], [-3.1112281741791854, 53.38403452959902], [-3.110927548285451, 53.384037328217495], [-3.11093222859238, 53.38421706600019], [-3.1112328557517106, 53.38421426736349]]]}, "properties": {"kind": "max_footprint", "threshold_pct": 4.0}}, {"type": "Feature", "geometry": {"type": "Polygon", "coordinates": [[[-3.110918187822587, 53.38367785263492], [-3.1109135076666514, 53.38349811483502], [-3.1106128855192847, 53.38350091264199], [-3.1106175644096665, 53.38368065046008], [-3.110918187822587, 53.38367785263492]]]}, "properties": {"kind": "max_footprint", "threshold_pct": 4.0}}, {"type": "Feature", "geometry": {"type": "Polygon", "coordinates": [[[-3.110608206679218, 53.38332117481813], [-3.1105988491500316, 53.38296169915326], [-3.1102982307489295, 53.38296449614874], [-3.110307585747075, 53.38332397185005], [-3.110608206679218, 53.38332117481813]]]}, "properties": {"kind": "max_footprint", "threshold_pct": 4.0}}, {"type": "Feature", "geometry": {"type": "Polygon", "coordinates": [[[-3.0989722741693346, 53.398530483884066], [-3.098967641817902, 53.398350745810696], [-3.099268369790247, 53.39834797679906], [-3.099254469234922, 53.397808762598736], [-3.09895374506259, 53.39781153155627], [-3.0989491129104794, 53.397631793460015], [-3.098347666949631, 53.397637329067294], [-3.098338407861392, 53.39727785278549], [-3.100443450119404, 53.39725846516093], [-3.1004388117837687, 53.39707872713771], [-3.1019424055670664, 53.39706485620815], [-3.101937760948404, 53.396885118269545], [-3.102539195578917, 53.39687956463337], [-3.102534548477079, 53.396699826725204], [-3.1022338324533787, 53.396702603903826], [-3.1022291866680822, 53.39652286597184], [-3.1019284718609623, 53.396525642375174], [-3.101914538604499, 53.39598642849065], [-3.1013131164395626, 53.39599197891722], [-3.101308474653661, 53.3958122409081], [-3.1022106040266335, 53.395803914186715], [-3.1022059584912003, 53.39562417622611], [-3.1025066669157813, 53.39562139915603], [-3.102502020163846, 53.39544166120778], [-3.1022013130057364, 53.39544443825975], [-3.1021966675702437, 53.3952647002877], [-3.1018959616286255, 53.395267476564435], [-3.1018866734404233, 53.39490800056696], [-3.102488080207936, 53.394902447328676], [-3.1024973734618935, 53.395261923253784], [-3.1027980793035597, 53.395259145462745], [-3.1027934313851464, 53.395079407521116], [-3.103394840385591, 53.3950738497037], [-3.1033855396330563, 53.39471437387571], [-3.103084837690683, 53.39471715312678], [-3.1030801886558503, 53.394537415186086], [-3.103681589957772, 53.39453185596297], [-3.103686241525408, 53.394711593867456], [-3.104287645159993, 53.394706031579524], [-3.104278337009179, 53.39434655583727], [-3.1045790362186003, 53.39434377359383], [-3.1045557603858858, 53.393445084228546], [-3.105157145991056, 53.39343951765152], [-3.10515248844212, 53.393259779797546], [-3.1048517969308804, 53.39326256344649], [-3.104847140698331, 53.393082825568634], [-3.1036443792178363, 53.39309395252085], [-3.103639728100479, 53.392914214564804], [-3.103339038871531, 53.392916994392], [-3.1033343890704663, 53.39273725641212], [-3.103033701057769, 53.3927400354641], [-3.103029052572971, 53.392560297460406], [-3.1033297393194137, 53.392557518426514], [-3.1033250896183766, 53.39237778043519], [-3.1036257750485694, 53.39237500066231], [-3.103630426015847, 53.39255473863554], [-3.103931112662252, 53.39255195808748], [-3.1039357649458075, 53.39273169603687], [-3.104537140620986, 53.39272613263322], [-3.1045417954871084, 53.39290587054065], [-3.1054438624231224, 53.39289751970259], [-3.1054392037582144, 53.39271778184956], [-3.1057398913704253, 53.39271499674081], [-3.1057445513015924, 53.39289473457571], [-3.106045240129941, 53.39289194869174], [-3.1060499013775047, 53.39307168650276], [-3.1063505914219887, 53.39306889984353], [-3.1063459289081536, 53.392889162050665], [-3.1069473063141135, 53.3928835864972], [-3.106951971360491, 53.393063324253774], [-3.107252661254484, 53.39306053532324], [-3.1072573276173245, 53.393240273055895], [-3.107558018727408, 53.393237483350084], [-3.1075626864067365, 53.39341722105885], [-3.107863378732911, 53.39341443057778], [-3.107868047728757, 53.393594168262645], [-3.108168741271018, 53.393591377006246], [-3.108173411583407, 53.393771114667196], [-3.1084741063417556, 53.393768322635516], [-3.108478777970716, 53.39394806027256], [-3.1090801698693245, 53.39394247390144], [-3.1090848440812295, 53.39412221149637], [-3.109385541221473, 53.39411941715694], [-3.1093902167500165, 53.39429915472794], [-3.1099916134123347, 53.39429356374125], [-3.1099962915239145, 53.39447330127009], [-3.1102969910459737, 53.39447050462283], [-3.1102923116680197, 53.3942907671122], [-3.110893708028379, 53.39428517158269], [-3.1108890261680444, 53.394105434102784], [-3.1099869353510705, 53.39411382620667], [-3.1099822573401266, 53.39393408866636], [-3.109681561566825, 53.39393688450185], [-3.1096768848725302, 53.393757146937595], [-3.1090754957076965, 53.393762736300786], [-3.109070821596343, 53.39358299869441], [-3.108770128204825, 53.393585792222126], [-3.1087654554100546, 53.39340605459182], [-3.1084647632345823, 53.39340884734426], [-3.1084600917563674, 53.393229109690026], [-3.1078587097872847, 53.393234692887184], [-3.1078540408918784, 53.39305495519085], [-3.107553351098283, 53.39305774563558], [-3.107548683519365, 53.392878007915364], [-3.107247994941835, 53.39288079758482], [-3.1072339963050313, 53.39234158433527], [-3.10693331147604, 53.39234437319315], [-3.106923981834866, 53.39198489762846], [-3.1084273928157273, 53.39197094594997], [-3.1084320639422316, 53.3921506836443], [-3.1090334305153764, 53.392145097637034], [-3.109038104224545, 53.39232483528925], [-3.109639473129032, 53.39231924621726], [-3.109634796887442, 53.392139508601446], [-3.1093341137265504, 53.392142303497764], [-3.1093294388014527, 53.391962565858016], [-3.1096301206961487, 53.39195977097989], [-3.109620768464449, 53.39160029571955], [-3.1093200891021056, 53.39160309056128], [-3.1093154143278543, 53.39142335290433], [-3.108413379737664, 53.39143173283255], [-3.108408708812123, 53.39125199511528], [-3.108709385792965, 53.39124920258111], [-3.108704713651534, 53.39106946487632], [-3.109005389315995, 53.39106667160327], [-3.109010062723557, 53.3912464092899], [-3.1093107396038815, 53.39124361524164], [-3.1093013903067765, 53.39088413989906], [-3.110203413049296, 53.390875753321204], [-3.1102127699431263, 53.391235228554535], [-3.111114799829487, 53.39122683505398], [-3.1111241645214736, 53.39158631015505], [-3.1114248435818443, 53.39158351077098], [-3.1114342110076274, 53.39194298581265], [-3.111734892549963, 53.391940185635036], [-3.111744262709652, 53.39229966061731], [-3.1120449467339926, 53.39229685964615], [-3.1120355740419097, 53.39193738470036], [-3.1129376182152617, 53.391928977353906], [-3.112942308334668, 53.392108714774906], [-3.1135436733970727, 53.392103106055416], [-3.1135389807452905, 53.391923368670945], [-3.1141403430734282, 53.3919177569597], [-3.1141356479397744, 53.391738019606045], [-3.1144363277619282, 53.3917352126331], [-3.1144316314126166, 53.39155547529199], [-3.115032988373059, 53.39154985911152], [-3.1150235907614294, 53.39119038448524], [-3.1147229148387425, 53.39119319291741], [-3.114718217374851, 53.39101345557739], [-3.1144175426677565, 53.39101626323424], [-3.114422238865532, 53.39119600059255], [-3.114121562841811, 53.39119880751066], [-3.1141262578239672, 53.391378544881526], [-3.113224225651477, 53.391386961148335], [-3.1132195344677154, 53.39120722372266], [-3.1129188582420864, 53.391210027612566], [-3.1129094785581595, 53.39085055270748], [-3.1123081310200416, 53.39085615814313], [-3.1123034437859274, 53.39067642064549], [-3.112002771207335, 53.39067922220951], [-3.1119980852897156, 53.39049948468789], [-3.111697413926805, 53.390502285476636], [-3.1116927293256533, 53.390322547931035], [-3.1128954094105774, 53.390311340306866], [-3.1128860302310537, 53.389951865344464], [-3.112585362817539, 53.38995466834954], [-3.1125806745694593, 53.38977493084147], [-3.1131820068140033, 53.38976932411083], [-3.1131866975941325, 53.3899490615824], [-3.1134873649067583, 53.38994625706329], [-3.1134920570033757, 53.390125994510825], [-3.1137927255315736, 53.39012318921646], [-3.113797418944707, 53.39030292664], [-3.1140980886884755, 53.39030012057033], [-3.114107478198323, 53.39065959536366], [-3.1144081504237353, 53.390656788500415], [-3.1144034543774874, 53.39047705112489], [-3.1153054669523943, 53.390468626047834], [-3.115310166796866, 53.39064836336849], [-3.115911510792894, 53.39064274282869], [-3.1159068084162787, 53.39046300554466], [-3.1162074790723633, 53.390460194157534], [-3.1161933684478362, 53.38992098232594], [-3.1152913677222736, 53.389929414051494], [-3.115286668079994, 53.3897496767079], [-3.1149860023363805, 53.38975248575076], [-3.114981304010654, 53.38957274838316], [-3.114680639482515, 53.38957555665072], [-3.1146712455146246, 53.38921608186172], [-3.114370583467942, 53.38921888933572], [-3.114356496692839, 53.38867967705436], [-3.114055838393513, 53.388682483716536], [-3.1140511441687404, 53.38850274625967], [-3.11465245818504, 53.38849713221491], [-3.114657154941664, 53.38867686963521], [-3.1149578131399744, 53.38867406145907], [-3.114962511213051, 53.38885379885538], [-3.1155638299899504, 53.38884818019559], [-3.1155591293849985, 53.388668442835886], [-3.115859787431685, 53.388665632388836], [-3.1158550856113663, 53.38848589504173], [-3.116155742341561, 53.38848308385601], [-3.1161651485646265, 53.38884255850789], [-3.115864489302573, 53.38884536973025], [-3.115873893196057, 53.389204844395806], [-3.1164752167334018, 53.389199221120904], [-3.116479921287952, 53.38937895840846], [-3.117081247154853, 53.389373332068956], [-3.1170859542919795, 53.38955306931413], [-3.1182886104821033, 53.389541807477855], [-3.118283898281033, 53.38936207030601], [-3.118885223540095, 53.38935643488258], [-3.1188805088577674, 53.38917669774172], [-3.1191811701452727, 53.38917387891287], [-3.1191717384008397, 53.38881440465064], [-3.1188710796452304, 53.388817223442764], [-3.11886636511502, 53.38863748628467], [-3.117363076906313, 53.38865156879894], [-3.117358368756392, 53.3884718315434], [-3.116456399021176, 53.388480271913316], [-3.11645169471961, 53.388300534597086], [-3.116752350082721, 53.388297721915734], [-3.1167476445658564, 53.38811798461209], [-3.1170482986124677, 53.38811517119209], [-3.117043591880332, 53.387935433901035], [-3.117344244610444, 53.3879326197424], [-3.1173301209202, 53.38739340788978], [-3.1170294719876392, 53.38739622199342], [-3.1170200589789374, 53.38703674735969], [-3.117320705379863, 53.3870339332927], [-3.1173159976856404, 53.38685419598555], [-3.1176166427701415, 53.38685138117995], [-3.1176213517301594, 53.387031118468784], [-3.1182226442788057, 53.38702548655016], [-3.1182273558210847, 53.38720522379657], [-3.118528003285215, 53.38720240668353], [-3.1185327161439864, 53.38738214390585], [-3.119134013451816, 53.38737650737224], [-3.1191387288929415, 53.38755624455211], [-3.1212432767329754, 53.387536492712336], [-3.121238552431043, 53.387356755661095], [-3.121839848825178, 53.387351105502624], [-3.121830395310512, 53.38699163145652], [-3.1215297496704664, 53.38699445687742], [-3.121525024255171, 53.38681471982736], [-3.1221263129528554, 53.38680906826543], [-3.1221215850568367, 53.38662933124645], [-3.1218209419991827, 53.38663215738746], [-3.1218162154197686, 53.38645242034433], [-3.1206136477439963, 53.38646371726568], [-3.1206183692603733, 53.38664345438237], [-3.120017082586243, 53.38664909833831], [-3.1200123636013903, 53.38646936118486], [-3.1191104370068854, 53.38647782138681], [-3.119096291748448, 53.38593860972672], [-3.1209001216974706, 53.385921682841314], [-3.1208953991184933, 53.38574194572004], [-3.1220979463394247, 53.38573064606542], [-3.122093218748475, 53.38555090901201], [-3.1217925832851607, 53.3855537350426], [-3.1217878570107276, 53.38537399796503], [-3.1211865884629835, 53.38537964771874], [-3.121177141129226, 53.38502017347283], [-3.1214777728971908, 53.385017349011214], [-3.12148249780432, 53.385197086118644], [-3.122083763719098, 53.38519143488795], [-3.1220884912083657, 53.38537117195285], [-3.1223891253551614, 53.385368345183785], [-3.1223843966002325, 53.385188608137305], [-3.1232862949384574, 53.38518012334408], [-3.1232815624374433, 53.38500038634711], [-3.1235821938494346, 53.38499755658738], [-3.1235774601336828, 53.384817819603114], [-3.124178720273668, 53.384812157849915], [-3.1241739840775904, 53.38463242089677], [-3.1244746128055727, 53.38462958890334], [-3.124465138035026, 53.384270115016704], [-3.124765764180873, 53.384267282303306], [-3.1247610256064444, 53.384087545369816], [-3.1250616504357582, 53.384084711918014], [-3.1250521709086705, 53.383725238070745], [-3.1247515486104622, 53.383728071485656], [-3.1247373334986666, 53.383188860616364], [-3.1253385704510013, 53.38318319314047], [-3.1253338296513307, 53.38300345620946], [-3.1259350638687566, 53.3829977857432], [-3.1259303205891142, 53.382818048843376], [-3.1262309363558463, 53.3828152124935], [-3.126221447418677, 53.38245573871361], [-3.126522060603479, 53.382452901643866], [-3.126517314945991, 53.38227316476377], [-3.126817926814327, 53.38227032695572], [-3.1268131799424514, 53.38209059008835], [-3.1271137904943225, 53.38208775154202], [-3.127090050573731, 53.381189067211594], [-3.1273906547476575, 53.38118622800088], [-3.1273859056513733, 53.38100649113608], [-3.127686508508895, 53.3810036511871], [-3.127681758198357, 53.38082391433503], [-3.127982359739476, 53.38082107364782], [-3.1279728567410405, 53.38046159996347], [-3.1282734557004646, 53.38045875855648], [-3.1282591977902126, 53.379919548042395], [-3.1285597929027342, 53.37991670593422], [-3.1285455316567528, 53.37937749542398], [-3.1288461229224853, 53.379374652614594], [-3.1288366131503667, 53.37901517894943], [-3.129437790467672, 53.379009491134624], [-3.129428275839423, 53.37865001752056], [-3.129728861891028, 53.378647172515166], [-3.129714586536926, 53.378107962106576], [-3.1300151687419877, 53.37810511640007], [-3.13000089005312, 53.377565905995404], [-3.1306020467191895, 53.3775602124236], [-3.1305877609006565, 53.37702100207849], [-3.1308883353617665, 53.377018154213225], [-3.1308930985151036, 53.37719789098213], [-3.13149424981372, 53.37719219294457], [-3.1314894841303285, 53.37701245621279], [-3.131790058437752, 53.37700960607758], [-3.131785291540591, 53.376829869358595], [-3.131484718498179, 53.37683271947521], [-3.131479952917274, 53.37665298273193], [-3.1311793810886193, 53.376655832073354], [-3.1311650884482596, 53.37611662175339], [-3.131465656481996, 53.37611377246761], [-3.1314180050281526, 53.37431640454655], [-3.1317185603618185, 53.37431355468974], [-3.131709028156247, 53.37395408107372], [-3.1314084753521865, 53.373956930893414], [-3.1314037105910475, 53.37377719405825], [-3.131704262130327, 53.3737743442571], [-3.131685198539069, 53.37305539693317], [-3.1313846520587787, 53.37305824666008], [-3.1313560657971466, 53.37197982539054], [-3.131055526853712, 53.37198267424964], [-3.131050763920686, 53.371802937332724], [-3.130750226190676, 53.37180578541674], [-3.130745464573477, 53.37162604847555], [-3.1301443914891296, 53.37163174233702], [-3.1301396324523396, 53.37145200535301], [-3.1277353481862873, 53.3714747503908], [-3.1277400971061895, 53.371654487522925], [-3.126237411457049, 53.371668678677835], [-3.126242154104862, 53.37184841589662], [-3.1253405383095, 53.37185692156695], [-3.125345277214366, 53.37203665883537], [-3.124744197233394, 53.37204232553661], [-3.124767879875101, 53.37294101197714], [-3.124467333484777, 53.37294384428519], [-3.124472068901164, 53.37312358157452], [-3.124171521195196, 53.37312641314449], [-3.124190458310831, 53.37384536231816], [-3.1238899054948983, 53.37384819320529], [-3.123894638636264, 53.37402793050279], [-3.1235940845046413, 53.374030760651806], [-3.1235988164320827, 53.37421049796199], [-3.123899371828519, 53.37420766779456], [-3.1239088383657023, 53.37456714236087], [-3.1236082804395964, 53.374569972565155], [-3.1236130125196717, 53.37474970985815], [-3.123312453277832, 53.37475253932429], [-3.1233313770473767, 53.375471488512474], [-3.1227302482919876, 53.37547714532234], [-3.122739705422244, 53.375836619955685], [-3.1230402723552304, 53.37583379189224], [-3.1230544622268384, 53.37637300374395], [-3.1218521790102858, 53.37638431167895], [-3.1218569040092303, 53.37656404902502], [-3.1215563318130513, 53.37656687413558], [-3.121565779433322, 53.37692634884729], [-3.121265204656316, 53.376929173238], [-3.121269927277603, 53.37710891060363], [-3.1215705033196466, 53.377106086194544], [-3.121579951244678, 53.37746556087182], [-3.120978794049579, 53.37747120900692], [-3.120997680388402, 53.37819015843973], [-3.1206970966542937, 53.37819298144582], [-3.1206829356193437, 53.37765376932467], [-3.120081775589514, 53.377659412956525], [-3.1200959290338153, 53.378198625187935], [-3.120396512869427, 53.37819580369522], [-3.1204059512828963, 53.378555278450726], [-3.120706537598046, 53.37855245616457], [-3.120720699394371, 53.37909166819966], [-3.120119519122271, 53.37909731212554], [-3.120114801003115, 53.37891757474951], [-3.1198142120561476, 53.37892039555901], [-3.1198094952529023, 53.37874065815884], [-3.1192083197371785, 53.37874629747101], [-3.1192036055149814, 53.37856656002841], [-3.1183018456567417, 53.37857501326634], [-3.118306556083439, 53.37875475076402], [-3.1180059680975396, 53.37875756701493], [-3.118015386572513, 53.379117042029726], [-3.1177147960055973, 53.379119857560624], [-3.117710088007987, 53.378940120037754], [-3.117108909252688, 53.37894574879276], [-3.1171042038360697, 53.378766011227505], [-3.116803615647702, 53.37876882445163], [-3.1168130240011562, 53.37912829961303], [-3.117113614719905, 53.379125486352265], [-3.1171230258061327, 53.379484961454104], [-3.117423619004719, 53.37948214739998], [-3.117428325888969, 53.37966188492397], [-3.117728920302181, 53.379659070094796], [-3.1177477534064146, 53.38037802006003], [-3.1174471539321176, 53.38038083496255], [-3.117442446845408, 53.3802010974615], [-3.116841250275563, 53.3802067249596], [-3.1168459548316867, 53.380386462497285], [-3.1165453552055813, 53.380389275129545], [-3.1165406519147507, 53.38020953757354], [-3.1153382579658846, 53.38022078046185], [-3.1153429561955326, 53.380400518091065], [-3.1156435560238607, 53.3803977084858], [-3.1156482555693406, 53.380577446090996], [-3.115948856612445, 53.38057463571069], [-3.1159535574737824, 53.38075437329183], [-3.116254159731658, 53.38075156213647], [-3.116268266415029, 53.381290774790585], [-3.116568872418389, 53.38128796282352], [-3.1165829833530236, 53.38182717537109], [-3.1162823735534944, 53.38182998739308], [-3.116277671123438, 53.38165024986466], [-3.1156764539034985, 53.38165587160167], [-3.1156623545089976, 53.381116658872145], [-3.11506114467917, 53.38112227747228], [-3.115079933849832, 53.3818412279132], [-3.1153805438515527, 53.38183841891836], [-3.115394640056242, 53.382377631633965], [-3.1150940262582214, 53.38238044068368], [-3.1151128168433004, 53.383099390964055], [-3.11571405451266, 53.38309377196145], [-3.1157234551703983, 53.38345324699405], [-3.115422833829941, 53.38345605691037], [-3.115418134741328, 53.38327631937862], [-3.115117514615867, 53.38327912851982], [-3.1151222124389513, 53.38345886606985], [-3.114821590997442, 53.3834616744725], [-3.114807501476293, 53.38292246175036], [-3.114506883780825, 53.38292526934133], [-3.114492798510645, 53.38238605651273], [-3.1141921845611167, 53.38238886329205], [-3.114187490837483, 53.382209125652764], [-3.114488103521564, 53.38220631889174], [-3.11448340858297, 53.382026581264995], [-3.114784019951126, 53.38202377376544], [-3.114779323797598, 53.38184403615125], [-3.1144787136948637, 53.38184684363253], [-3.114474018857245, 53.381667105994325], [-3.114173409969432, 53.38166991270052], [-3.114168716447693, 53.381490175038316], [-3.1138681087748052, 53.38149298096944], [-3.1138634165689196, 53.38131324328324], [-3.1132622036025484, 53.38131885283864], [-3.1132715830032165, 53.38167832827841], [-3.1135721920424047, 53.38167552384257], [-3.113581574175634, 53.38203499922286], [-3.113882185695211, 53.382032193993716], [-3.1139009556288637, 53.38275114461245], [-3.1136003390474563, 53.3827539499147], [-3.1135956477538294, 53.38257421225033], [-3.11329503238745, 53.38257701677752], [-3.1132903424097362, 53.38239727908915], [-3.11298972825839, 53.38240008284125], [-3.1129850395965617, 53.3822203451289], [-3.1126844266602465, 53.38222314810594], [-3.1126750520187167, 53.38186367262754], [-3.1123744415628627, 53.38186647481128], [-3.112369755583117, 53.381686737045236], [-3.112069146342285, 53.38168953845392], [-3.1120832006364103, 53.38222875178958], [-3.1123838136735262, 53.38222595032617], [-3.112388499804447, 53.382405688075], [-3.112689114056622, 53.38240288583653], [-3.1126984890005933, 53.38276236128052], [-3.112397872217469, 53.382765163555504], [-3.1124166176482624, 53.38348411444769], [-3.1127172394934464, 53.38348131209971], [-3.112726615042339, 53.38384078747491], [-3.1124259906660443, 53.38384358985938], [-3.1124213041319546, 53.3836638521564], [-3.1121206809708233, 53.38366665376579], [-3.1121159957526805, 53.383486916038834], [-3.1118153738067167, 53.383489716873136], [-3.1118106899044955, 53.383309979122195], [-3.1112094483925423, 53.38331557848383], [-3.111218811185176, 53.3836750540529], [-3.11151943449742, 53.38367225471403], [-3.1115241172348185, 53.38385199247173], [-3.11182474176227, 53.38384919235779], [-3.1118294258156056, 53.38402893009153], [-3.112130051558263, 53.38402612920251], [-3.1121347369275623, 53.38420586691226], [-3.112435363885423, 53.38420306524814], [-3.112440050570713, 53.38438280293391], [-3.1118387940733956, 53.38438840554179], [-3.111848162532684, 53.384747880969144], [-3.112148793337786, 53.38474508000715], [-3.112158164529882, 53.38510455537506], [-3.111857531193473, 53.38510735637353], [-3.111862215599435, 53.385287094067124], [-3.111260946244151, 53.38529269382989], [-3.111270310144431, 53.38565216927284], [-3.1109696728598664, 53.38565496805535], [-3.1109743536198184, 53.38583470578645], [-3.110373076368251, 53.38584030111722], [-3.1103637199615264, 53.3854808255764], [-3.1100630837916903, 53.38548362207002], [-3.110049053355963, 53.38494440866118], [-3.1103496857287665, 53.38494161222219], [-3.1103450077517993, 53.384761874426005], [-3.1112469007713615, 53.38475348062248], [-3.1112422190477966, 53.38457374287522], [-3.1115428486880052, 53.384570943445205], [-3.111538165749167, 53.384391205710436], [-3.110936908949644, 53.384396803777165], [-3.1109415893572403, 53.38457654154837], [-3.110340329825139, 53.38458213662407], [-3.1103309741227383, 53.384222661003], [-3.1100303468124526, 53.38422545736913], [-3.1100209938424523, 53.38386598168872], [-3.109720369013054, 53.383868777261576], [-3.1097343947467015, 53.384407990828194], [-3.109433766070234, 53.384410785698805], [-3.109443114279465, 53.38477026141765], [-3.109743745487196, 53.38476746651065], [-3.109771798915434, 53.38584589342037], [-3.110072437666993, 53.38584309764725], [-3.110077114680091, 53.38602283542726], [-3.110377754647081, 53.386020038879025], [-3.1103871113556822, 53.38637951438544], [-3.1100864688571876, 53.386382310970106], [-3.1100911460211877, 53.38656204873294], [-3.1097905022066192, 53.3865648445789], [-3.109781150460455, 53.38620536901109], [-3.109480509127133, 53.38620816406373], [-3.109471160113594, 53.385848688436596], [-3.109170521261481, 53.38585148269593], [-3.1091658480958375, 53.38567174485555], [-3.1085645727722935, 53.3856773310671], [-3.1085552316545844, 53.385317855296435], [-3.1082545964488637, 53.38532064723049], [-3.108273273822342, 53.386039598821654], [-3.1085739140909228, 53.386036806814865], [-3.1085785848255845, 53.38621654468013], [-3.1088792263096856, 53.38621375189824], [-3.108893242612392, 53.38675296540513], [-3.109193887843572, 53.38675017181175], [-3.1091985613107713, 53.38692990961772], [-3.1094992077574912, 53.38692711524921], [-3.10952258217665, 53.3878258041021], [-3.1089212765745176, 53.38783139226414], [-3.108925949077417, 53.38801113005392], [-3.1086252949350808, 53.388013923017695], [-3.1086066102884513, 53.38729497175145], [-3.1089072593673297, 53.38729217886043], [-3.1089025870654354, 53.38711244104773], [-3.1086019392523863, 53.387115233920554], [-3.108587926445604, 53.3865760203935], [-3.1082872823797327, 53.38657881245485], [-3.1082966216690924, 53.38693828818165], [-3.1079959750214057, 53.38694107952242], [-3.108019317794463, 53.38783976883006], [-3.107718664767337, 53.387842559504776], [-3.107723332206692, 53.38802229736726], [-3.10742267786348, 53.388025087303184], [-3.1074553424829707, 53.38928325230746], [-3.107154679227974, 53.38928604161358], [-3.107150013969181, 53.38910630375485], [-3.1068493519299905, 53.38910909228581], [-3.1068446879873446, 53.388929354403196], [-3.106243366290439, 53.38893492915783], [-3.1062526891619795, 53.38929440498996], [-3.1059520257063586, 53.38929719126808], [-3.1059473655115073, 53.38911745333673], [-3.105646703271753, 53.3891202388397], [-3.1056513622006157, 53.38929997678918], [-3.105350698644766, 53.389302761553324], [-3.1053460409818907, 53.389123023585704], [-3.104744716251896, 53.38912859080669], [-3.104754026563758, 53.389488066808724], [-3.1044533615916614, 53.38949084931997], [-3.104458015556675, 53.389670587330514], [-3.1041573492685055, 53.38967336910285], [-3.104189919562693, 53.39093153514308], [-3.1035885691112064, 53.39093709667029], [-3.103597870295417, 53.39129657270268], [-3.103297192462366, 53.39129935236693], [-3.1032832445594694, 53.390760138255466], [-3.1026818963401417, 53.390765695204195], [-3.1026865430588675, 53.390945433283264], [-3.102385867608111, 53.39094821064016], [-3.102395158663223, 53.39130768681731], [-3.102094480630225, 53.39131046345332], [-3.1020898363438323, 53.39113072534954], [-3.1017891595270273, 53.39113350121041], [-3.101803088737585, 53.39167271555884], [-3.1012017273572066, 53.391678265117896], [-3.1012063679948967, 53.391858003258726], [-3.100304321751439, 53.39186632197342], [-3.1003089586404333, 53.39204606016271], [-3.100609642037681, 53.392043287996835], [-3.100614280242765, 53.392223026162334], [-3.100914964856344, 53.3922202532213], [-3.100919604377548, 53.39239999136302], [-3.101520975987444, 53.392394443173586], [-3.101530260244565, 53.39275391936758], [-3.1018309485071214, 53.39275114410107], [-3.101840235496521, 53.39311062023601], [-3.1015395447014082, 53.39311339553864], [-3.1015349024480208, 53.39293365745597], [-3.10123421286926, 53.392936431983436], [-3.1012295719320737, 53.39275669387697], [-3.100928883569665, 53.39275946762928], [-3.100924243948656, 53.39257972949902], [-3.100322869606658, 53.392585274696195], [-3.1003321438335223, 53.39294475102322], [-3.1000314540551694, 53.3929475225223], [-3.1000268181830712, 53.39276778434358], [-3.09972612962113, 53.3927705550675], [-3.099721495065156, 53.39259081686502], [-3.099420807719625, 53.392593586813796], [-3.099411541289706, 53.392234110355595], [-3.0991108564268215, 53.392236879511174], [-3.099129384420981, 53.39295583247685], [-3.0985280044157157, 53.392961368661034], [-3.098532634006231, 53.39314110692418], [-3.0982319426626077, 53.39314387389863], [-3.0982411994604058, 53.39350335044381], [-3.0985418933366544, 53.39350058343332], [-3.09855115286627, 53.39386005991955], [-3.0979497599986314, 53.3938655932555], [-3.0979451327416183, 53.3936858549792], [-3.09764443749948, 53.393688620493464], [-3.097653689530576, 53.39404809707635], [-3.09735299170597, 53.39405086186951], [-3.0973483669319055, 53.3938711235629], [-3.0970476703239163, 53.39387388758093], [-3.0970615409962243, 53.39441310253753], [-3.0976629417607078, 53.394407573636336], [-3.0976721941898866, 53.39476705017341], [-3.097070788359765, 53.39477257914663], [-3.0970661646531275, 53.39459284084494], [-3.096765462929873, 53.394595604177816], [-3.096779330399698, 53.39513481911969], [-3.095576507812419, 53.395145865095515], [-3.0955718903385416, 53.39496612671533], [-3.094970481279733, 53.39497164512428], [-3.0949658663883937, 53.39479190670244], [-3.094665163050958, 53.39479466475321], [-3.094679004074551, 53.39533388005547], [-3.0943782968881375, 53.39533663740296], [-3.094387521952373, 53.39569611427844], [-3.094688231671756, 53.39569335689503], [-3.0947020734397848, 53.39623257211143], [-3.094100646352293, 53.39623808622881], [-3.094096034913051, 53.396058347793165], [-3.0934946101602065, 53.39606385884584], [-3.093499219066381, 53.39624359731739], [-3.0937999327341332, 53.396240842151684], [-3.0938045429564345, 53.39642058059958], [-3.0941052578411417, 53.39641782465872], [-3.0941098693795954, 53.39659756308296], [-3.09531273348847, 53.396586531675716], [-3.0953219668468304, 53.39694600836327], [-3.0956226852830864, 53.396943248582495], [-3.095631921373306, 53.39730272521122], [-3.0959326422930955, 53.397299964637256], [-3.095946500600919, 53.39783917948345], [-3.095645775881217, 53.39784194011135], [-3.0956550124682187, 53.39820141668283], [-3.095955739721267, 53.39819865601895], [-3.0959603593559817, 53.39837839427815], [-3.096261087826026, 53.39837563283904], [-3.096265708777141, 53.3985553710745], [-3.097167897689081, 53.39854708215968], [-3.097163272937853, 53.39836734397821], [-3.0974640012089814, 53.3983645795101], [-3.097468627226911, 53.39854431767356], [-3.0989722741693346, 53.398530483884066]], [[-3.0968532977971344, 53.398010631272946], [-3.0965525719598883, 53.39801339419057], [-3.0965479498912325, 53.39783365595593], [-3.0968486744618158, 53.397830893056316], [-3.0968532977971344, 53.398010631272946]], [[-3.100133455858216, 53.39690176100498], [-3.099832738168525, 53.396904532143985], [-3.099828102465824, 53.39672479407323], [-3.1001288188889413, 53.39672202295226], [-3.100133455858216, 53.39690176100498]], [[-3.0986206056882466, 53.39655613283629], [-3.0974177437665396, 53.396567197560586], [-3.097413118295965, 53.39638745933415], [-3.0971124039576665, 53.39639022360421], [-3.097103155698848, 53.39603074709816], [-3.0968024438438753, 53.39603351057503], [-3.096793198317029, 53.39567403401008], [-3.0970939076389916, 53.39567127056922], [-3.09708928368367, 53.395491532296134], [-3.0967885756281945, 53.395494295719004], [-3.096783952989085, 53.39531455742222], [-3.097385366517356, 53.39530902985531], [-3.0973899916894103, 53.39548876811611], [-3.0976906996453955, 53.39548600317888], [-3.0976953261336853, 53.39566574141594], [-3.097996035306389, 53.39566297570354], [-3.0980052909652733, 53.396022452124434], [-3.098306002621205, 53.39601968561882], [-3.0983106317918416, 53.39619942380266], [-3.0986113446645005, 53.396196656521816], [-3.0986206056882466, 53.39655613283629]], [[-3.100406344831318, 53.39582056081487], [-3.0989027941298084, 53.395834412182474], [-3.0988981625257708, 53.39565467402324], [-3.0985974535024465, 53.39565744200718], [-3.0985928232147093, 53.39547770382417], [-3.098292115408059, 53.39548047103293], [-3.0982782286430472, 53.394941256395505], [-3.0985789326503337, 53.394938489240836], [-3.098574302561818, 53.394758751034935], [-3.098875005252873, 53.39475598314113], [-3.0988796366078155, 53.394935721329006], [-3.0991803405154803, 53.394932952660014], [-3.0991849731866807, 53.39511269082413], [-3.0994856783109523, 53.39510992137994], [-3.099494946335768, 53.3954693976549], [-3.099795653943112, 53.395466627417484], [-3.0998002892967684, 53.395646365528336], [-3.100401706894817, 53.39564082274584], [-3.100406344831318, 53.39582056081487]], [[-3.1015906127844204, 53.39509051407006], [-3.1006884983094496, 53.39509883603156], [-3.1006838593060615, 53.394919097957676], [-3.1003831556476897, 53.39492187041246], [-3.100378517960624, 53.394742132314796], [-3.1000778155187887, 53.39474490399437], [-3.100073179148018, 53.39456516587293], [-3.1012759835503596, 53.39455407468396], [-3.1012806249867646, 53.39473381273316], [-3.1015813272289785, 53.39473103802498], [-3.1015906127844204, 53.39509051407006]], [[-3.1027794879298725, 53.394540193661925], [-3.1024787871539017, 53.39454297138063], [-3.1024741407018546, 53.39436323339801], [-3.102774840211435, 53.39436045569741], [-3.1027794879298725, 53.394540193661925]], [[-3.103366938728233, 53.39399542215095], [-3.102765544924537, 53.3940009797512], [-3.102760897356075, 53.39382124176949], [-3.103362288627074, 53.39381568420544], [-3.103366938728233, 53.39399542215095]], [[-3.104264375158408, 53.39380734218092], [-3.103963679698004, 53.393810123612894], [-3.1039590271141972, 53.39363038569788], [-3.104259721308269, 53.39362760428403], [-3.104264375158408, 53.39380734218092]], [[-3.103010459133757, 53.39184134538832], [-3.1027097774021906, 53.39184412359273], [-3.1027051304335647, 53.39166438554229], [-3.103005810898946, 53.39166160735598], [-3.103010459133757, 53.39184134538832]], [[-3.1021084137891246, 53.39184967773035], [-3.101807731907652, 53.39185245366354], [-3.101803088737585, 53.39167271555884], [-3.10210376935287, 53.39166993964373], [-3.1021084137891246, 53.39184967773035]], [[-3.1081033621718683, 53.39107504915122], [-3.107502010491308, 53.39108063039793], [-3.107492676488086, 53.39072115482569], [-3.1071920031047293, 53.39072394427715], [-3.107187337444504, 53.39054420646424], [-3.107788681628838, 53.39053862684064], [-3.107793349821247, 53.39071836461718], [-3.108094023104199, 53.39071557365166], [-3.1081033621718683, 53.39107504915122]], [[-3.1116927293256533, 53.390322547931035], [-3.111392059178426, 53.390325347944525], [-3.1113873758937136, 53.39014561037496], [-3.1116880447748856, 53.39014281037971], [-3.1116927293256533, 53.390322547931035]], [[-3.1104806895118173, 53.38997426818861], [-3.1101800216952897, 53.38997706513756], [-3.110175343575437, 53.38979732748364], [-3.1104760101259337, 53.38979453055289], [-3.1104806895118173, 53.38997426818861]], [[-3.1053693297972207, 53.39002171336651], [-3.1047679924070644, 53.3900272807688], [-3.1047633370758927, 53.389847542787834], [-3.10506400452997, 53.38984475948332], [-3.1050593479828383, 53.38966502151477], [-3.105360014120801, 53.38966223747139], [-3.1053693297972207, 53.39002171336651]], [[-3.110175343575437, 53.38979732748364], [-3.1098746769746253, 53.389800123657366], [-3.1098700001711053, 53.389620385979505], [-3.110170665505899, 53.38961758982398], [-3.110175343575437, 53.38979732748364]], [[-3.10656267817156, 53.38965109372773], [-3.1062620122340627, 53.38965388079916], [-3.106257350672953, 53.38947414289741], [-3.1065580153444365, 53.38947135584415], [-3.10656267817156, 53.38965109372773]], [[-3.1158550856113663, 53.38848589504173], [-3.115554428830603, 53.38848870547047], [-3.1155497283267604, 53.38830896809934], [-3.1158503838416154, 53.38830615768886], [-3.1158550856113663, 53.38848589504173]], [[-3.1137317157541933, 53.38778660218868], [-3.112829759390485, 53.387795015088464], [-3.1128250704815774, 53.387615277529854], [-3.1137270230477037, 53.38760686468489], [-3.1137317157541933, 53.38778660218868]], [[-3.112209709689517, 53.38708166948874], [-3.111909062429958, 53.38708447068785], [-3.111904377520184, 53.38690473305159], [-3.1122050235139325, 53.386901931870696], [-3.112209709689517, 53.38708166948874]], [[-3.111904377520184, 53.38690473305159], [-3.111603731476051, 53.386907533475544], [-3.1115849974038943, 53.38618858280016], [-3.1118856383849263, 53.38618578244916], [-3.111880953727066, 53.386006044784224], [-3.1121815933919756, 53.38600324369453], [-3.1121956513139604, 53.38654245661743], [-3.111895007851789, 53.38654525776184], [-3.111904377520184, 53.38690473305159]], [[-3.109799854153936, 53.38692432012376], [-3.1094992077574912, 53.38692711524921], [-3.1094945330244905, 53.38674737746143], [-3.109795178155134, 53.3867445823542], [-3.109799854153936, 53.38692432012376]], [[-3.113097581398042, 53.3865340486427], [-3.1127969380871, 53.386536852057866], [-3.112778184165939, 53.38581790162854], [-3.1130788224138977, 53.38581509828639], [-3.113097581398042, 53.3865340486427]], [[-3.112778184165939, 53.38581790162854], [-3.1124775458675575, 53.38582070421377], [-3.1124634847532056, 53.38528149127682], [-3.1127641192544897, 53.38527868874634], [-3.112778184165939, 53.38581790162854]], [[-3.1124634847532056, 53.38528149127682], [-3.112162850201516, 53.38528429305042], [-3.112158164529882, 53.38510455537506], [-3.1124587978158993, 53.385101753619715], [-3.1124634847532056, 53.38528149127682]], [[-3.121177141129226, 53.38502017347283], [-3.120876509310462, 53.38502299717758], [-3.1208717869854192, 53.38484326002762], [-3.1211724175385465, 53.384840436341264], [-3.121177141129226, 53.38502017347283]], [[-3.1139431909317437, 53.38436878316917], [-3.113642562960424, 53.384371588635844], [-3.11363317951548, 53.384012113404616], [-3.113933804955614, 53.38400930797449], [-3.1139431909317437, 53.38436878316917]], [[-3.1160334798513274, 53.38380991129393], [-3.115732856030325, 53.383812722003704], [-3.1157234551703983, 53.38345324699405], [-3.1160240764603038, 53.38345043632087], [-3.1160334798513274, 53.38380991129393]], [[-3.1139244191813553, 53.383649832756866], [-3.113623796272355, 53.383652638150465], [-3.113619104726472, 53.383472900514775], [-3.1133184830325633, 53.38347570513326], [-3.1133091026232074, 53.383116229808145], [-3.113008483409915, 53.383119033633285], [-3.1129991057333073, 53.38275955824872], [-3.1132997224155994, 53.38275675446012], [-3.113304412494185, 53.382936492137006], [-3.1136050303915344, 53.38293368757332], [-3.1136097217860623, 53.383113425226206], [-3.1139103408984665, 53.38311061988743], [-3.1139244191813553, 53.383649832756866]], [[-3.1186259912928023, 53.37947088361629], [-3.118325398296749, 53.379473700697304], [-3.1183206876674423, 53.379293963222565], [-3.1186212793982753, 53.379291146159915], [-3.1186259912928023, 53.37947088361629]], [[-3.1221952880956554, 53.37799912157252], [-3.121594123513192, 53.37800477284469], [-3.1215893993728914, 53.377825035526136], [-3.122190561425143, 53.377819384290774], [-3.1221952880956554, 53.37799912157252]], [[-3.124519425865418, 53.37492095415212], [-3.1239183051064554, 53.374926616904226], [-3.1239088383657023, 53.37456714236087], [-3.1242093962409148, 53.37456431139999], [-3.124214130850699, 53.3747440486561], [-3.12451468993986, 53.37474121692019], [-3.124519425865418, 53.37492095415212]]]}, "properties": {"kind": "max_footprint", "threshold_pct": 4.0}}, {"type": "Feature", "geometry": {"type": "Polygon", "coordinates": [[[-3.0938322053316947, 53.39749901116672], [-3.093827594811832, 53.39731927275318], [-3.0935268735445907, 53.397322028026544], [-3.0935222643409377, 53.397142289589326], [-3.09322154429073, 53.39714504408751], [-3.0932307602143694, 53.39750452099211], [-3.0938322053316947, 53.39749901116672]]]}, "properties": {"kind": "max_footprint", "threshold_pct": 7.0}}, {"type": "Feature", "geometry": {"type": "Polygon", "coordinates": [[[-3.102788783516727, 53.394899669573796], [-3.1027841356983026, 53.39471993162073], [-3.102483433655929, 53.39472270935753], [-3.102488080207936, 53.394902447328676], [-3.102788783516727, 53.394899669573796]]]}, "properties": {"kind": "max_footprint", "threshold_pct": 7.0}}, {"type": "Feature", "geometry": {"type": "Polygon", "coordinates": [[[-3.102483433655929, 53.39472270935753], [-3.1024787871539017, 53.39454297138063], [-3.102178086327952, 53.39454574834217], [-3.1021827315635737, 53.394725486337144], [-3.102483433655929, 53.39472270935753]]]}, "properties": {"kind": "max_footprint", "threshold_pct": 7.0}}, {"type": "Feature", "geometry": {"type": "Polygon", "coordinates": [[[-3.099772477922723, 53.394567936777314], [-3.0997678428682187, 53.39438819863209], [-3.0991664428008643, 53.394393738133324], [-3.0991618103289835, 53.39421399994631], [-3.0988611114869418, 53.39421676854315], [-3.0988703739477463, 53.394576244947544], [-3.099772477922723, 53.394567936777314]]]}, "properties": {"kind": "max_footprint", "threshold_pct": 7.0}}, {"type": "Feature", "geometry": {"type": "Polygon", "coordinates": [[[-3.1018727415327705, 53.39436878652781], [-3.101868097663457, 53.39418904850331], [-3.10156739927036, 53.39419182391441], [-3.1015720418732946, 53.394371561956994], [-3.1018727415327705, 53.39436878652781]]]}, "properties": {"kind": "max_footprint", "threshold_pct": 7.0}}, {"type": "Feature", "geometry": {"type": "Polygon", "coordinates": [[[-3.10156739927036, 53.39419182391441], [-3.1015627567173616, 53.394012085866095], [-3.101262059540694, 53.394014860502004], [-3.1012667008273254, 53.394194598568376], [-3.10156739927036, 53.39419182391441]]]}, "properties": {"kind": "max_footprint", "threshold_pct": 7.0}}, {"type": "Feature", "geometry": {"type": "Polygon", "coordinates": [[[-3.1012574183039847, 53.39383512242989], [-3.1012527771171983, 53.39365538435205], [-3.1009520824232992, 53.393658158194704], [-3.1009567223437458, 53.39383789629058], [-3.1012574183039847, 53.39383512242989]]]}, "properties": {"kind": "max_footprint", "threshold_pct": 7.0}}, {"type": "Feature", "geometry": {"type": "Polygon", "coordinates": [[[-3.1042550675081877, 53.3934478663814], [-3.104250413758164, 53.39326812847305], [-3.1039497220967145, 53.393270909850656], [-3.103945069663037, 53.39309117191847], [-3.103343688722608, 53.393096732366125], [-3.103339038871531, 53.392916994392], [-3.1030383495925666, 53.392919773462076], [-3.103029052572971, 53.392560297460406], [-3.102427678930099, 53.39256585325688], [-3.102423033027779, 53.39238611521127], [-3.102122347397619, 53.3923888919558], [-3.1021130582753336, 53.39202941581123], [-3.1018123751276603, 53.39203219176251], [-3.101807731907652, 53.39185245366354], [-3.1015070499762385, 53.39185522883967], [-3.1015116919300443, 53.392034966956686], [-3.1009103253850427, 53.392040515073866], [-3.100914964856344, 53.3922202532213], [-3.1015163339337795, 53.392214705068014], [-3.101520975987444, 53.392394443173586], [-3.1018216617175036, 53.39239166794324], [-3.1018263050873407, 53.392571406025006], [-3.1021269920336985, 53.3925686300195], [-3.102131636719736, 53.39274836807747], [-3.1024323248823897, 53.392745591296766], [-3.102441616936891, 53.39310506735937], [-3.1027423075821217, 53.3931022897854], [-3.1027469549506272, 53.393282027790015], [-3.1030476468121653, 53.39327924944084], [-3.103052295496965, 53.39345898742162], [-3.1042550675081877, 53.3934478663814]]]}, "properties": {"kind": "max_footprint", "threshold_pct": 7.0}}, {"type": "Feature", "geometry": {"type": "Polygon", "coordinates": [[[-3.107243328679378, 53.39270105984072], [-3.1072339963050313, 53.39234158433527], [-3.10693331147604, 53.39234437319315], [-3.1069286466303647, 53.392164635413664], [-3.1066279630174147, 53.3921674234963], [-3.106623299488119, 53.391987685692946], [-3.1063226170912106, 53.39199047300035], [-3.1063179548782647, 53.39181073517308], [-3.1057165924664063, 53.391816307480404], [-3.105725911877654, 53.39217578320176], [-3.1054252280641426, 53.39217856825607], [-3.105429886578726, 53.3923583061263], [-3.105730571658457, 53.39235552105383], [-3.1057352314893807, 53.39253525890018], [-3.106336604030931, 53.392529686447716], [-3.106341266444468, 53.392709424252054], [-3.107243328679378, 53.39270105984072]]]}, "properties": {"kind": "max_footprint", "threshold_pct": 7.0}}, {"type": "Feature", "geometry": {"type": "Polygon", "coordinates": [[[-3.112632248071786, 53.39175204311479], [-3.1126275593194315, 53.39157230566406], [-3.1123268804606465, 53.39157510807639], [-3.1123315679468386, 53.39175484554536], [-3.112632248071786, 53.39175204311479]]]}, "properties": {"kind": "max_footprint", "threshold_pct": 7.0}}, {"type": "Feature", "geometry": {"type": "Polygon", "coordinates": [[[-3.106613972580004, 53.391628210069015], [-3.1066093092011857, 53.39144847224846], [-3.1063086306028085, 53.3914512595014], [-3.1063132927154653, 53.39163099734012], [-3.106613972580004, 53.391628210069015]]]}, "properties": {"kind": "max_footprint", "threshold_pct": 7.0}}, {"type": "Feature", "geometry": {"type": "Polygon", "coordinates": [[[-3.1063086306028085, 53.3914512595014], [-3.106303968540297, 53.39127152165696], [-3.1060032911579243, 53.39127430813471], [-3.106007951954286, 53.391454045997286], [-3.1063086306028085, 53.3914512595014]]]}, "properties": {"kind": "max_footprint", "threshold_pct": 7.0}}, {"type": "Feature", "geometry": {"type": "Polygon", "coordinates": [[[-3.1057165924664063, 53.391816307480404], [-3.1057072732556334, 53.39145683173612], [-3.105406594506864, 53.391459616717896], [-3.1053972780288466, 53.39110014091443], [-3.104795925445594, 53.391105708534255], [-3.104814548472766, 53.39182466026334], [-3.1057165924664063, 53.391816307480404]]]}, "properties": {"kind": "max_footprint", "threshold_pct": 7.0}}, {"type": "Feature", "geometry": {"type": "Polygon", "coordinates": [[[-3.1047866142324594, 53.39074623263535], [-3.104781958701004, 53.390566494677316], [-3.104481286132596, 53.3905692772973], [-3.1044859403979532, 53.390749015273464], [-3.1047866142324594, 53.39074623263535]]]}, "properties": {"kind": "max_footprint", "threshold_pct": 7.0}}, {"type": "Feature", "geometry": {"type": "Polygon", "coordinates": [[[-3.1059986304116927, 53.3910945702664], [-3.105989309069616, 53.390735094512564], [-3.105688635435484, 53.39073788017882], [-3.105679316826097, 53.39037840436579], [-3.105378645674032, 53.39038118923874], [-3.1053926198649915, 53.3909204030041], [-3.1056932948153473, 53.39091761807674], [-3.1056979542453274, 53.39109735596893], [-3.1059986304116927, 53.3910945702664]]]}, "properties": {"kind": "max_footprint", "threshold_pct": 7.0}}, {"type": "Feature", "geometry": {"type": "Polygon", "coordinates": [[[-3.1053553563577347, 53.38948249951522], [-3.105350698644766, 53.389302761553324], [-3.10505003503882, 53.38930554556043], [-3.1050546914857886, 53.38948528354047], [-3.1053553563577347, 53.38948249951522]]]}, "properties": {"kind": "max_footprint", "threshold_pct": 7.0}}, {"type": "Feature", "geometry": {"type": "Polygon", "coordinates": [[[-3.1123221930248723, 53.391395370601664], [-3.1123128183045696, 53.39103589563504], [-3.1120121431937746, 53.391038697235565], [-3.1120074571753538, 53.3908589597254], [-3.111706783280267, 53.39086176055064], [-3.111702098578342, 53.39068202301651], [-3.1114014258989635, 53.39068482306647], [-3.111396742513508, 53.39050508550835], [-3.111096071049841, 53.39050788478304], [-3.1110913889808267, 53.39032814720099], [-3.110790718732871, 53.39033094570042], [-3.110786037980272, 53.390151208094395], [-3.1104853689480287, 53.390154005818594], [-3.1104806895118173, 53.38997426818861], [-3.109879353828447, 53.38997986132951], [-3.1098746769746253, 53.389800123657366], [-3.1095740103235134, 53.389802919074086], [-3.1095693347860136, 53.38962318137801], [-3.1092686693506324, 53.389625976019516], [-3.1092593209584884, 53.389266500573775], [-3.1089586580048354, 53.3892692944219], [-3.108949312345722, 53.38890981891685], [-3.108648651873758, 53.38891261197158], [-3.1086533234122182, 53.38909234974514], [-3.1083526616240436, 53.38909514206108], [-3.1083573319467686, 53.38927487984712], [-3.1080566688423814, 53.38927767142423], [-3.108051999785639, 53.389097933620015], [-3.107751337897018, 53.389100724421944], [-3.1077606735287415, 53.38946020006101], [-3.1074600090579376, 53.389462990142306], [-3.1074553424829707, 53.38928325230746], [-3.1068540159228, 53.38928883016269], [-3.106863344058907, 53.389648305899286], [-3.10716400989609, 53.389645517313845], [-3.1071686753054144, 53.38982525515538], [-3.1074693423584443, 53.38982246579478], [-3.1074786758597193, 53.39018194142432], [-3.1077793453946456, 53.39017915127036], [-3.107788681628838, 53.39053862684064], [-3.108390025612338, 53.390533044188906], [-3.108394696336929, 53.3907127819291], [-3.1086953695194204, 53.3907099894495], [-3.108690697528741, 53.39053025172749], [-3.109292041210784, 53.39052466453355], [-3.1092967157336426, 53.390704402219185], [-3.1108000803891027, 53.39069042089526], [-3.1108047612927354, 53.390870158484084], [-3.1111054353389433, 53.39086735992998], [-3.111114799829487, 53.39122683505398], [-3.111716152835277, 53.39122123560171], [-3.1117208376883636, 53.39140097311863], [-3.1123221930248723, 53.391395370601664]]]}, "properties": {"kind": "max_footprint", "threshold_pct": 7.0}}, {"type": "Feature", "geometry": {"type": "Polygon", "coordinates": [[[-3.114699428024516, 53.390294506159925], [-3.1146947308132362, 53.39011476879123], [-3.114394062436518, 53.39011757635668], [-3.1143799749038585, 53.3895783641613], [-3.1140793102746978, 53.389581170914866], [-3.114065226994521, 53.38904195861306], [-3.113764566112813, 53.38904476455482], [-3.11375987305302, 53.38886502709114], [-3.113459213386791, 53.38886783225762], [-3.1134545216434137, 53.388688094769954], [-3.1128532046914756, 53.38869370279546], [-3.112857893902968, 53.38887344031964], [-3.1119559142990147, 53.38888184673531], [-3.1119605997630684, 53.38906158430853], [-3.112261260947421, 53.38905878290871], [-3.1122706345586666, 53.38941825800146], [-3.1125712982245695, 53.389415455808155], [-3.112575986371803, 53.38959519332768], [-3.112876651253281, 53.389592390359105], [-3.112871961840051, 53.38941265285787], [-3.113172625405096, 53.389409849150546], [-3.113177316084324, 53.389589586633576], [-3.113477980864917, 53.38958678215101], [-3.113482672860605, 53.38976651961001], [-3.113783338856744, 53.38976371435217], [-3.1137927255315736, 53.39012318921646], [-3.1140933940092936, 53.390120383165076], [-3.1140980886884755, 53.39030012057033], [-3.114699428024516, 53.390294506159925]]]}, "properties": {"kind": "max_footprint", "threshold_pct": 7.0}}, {"type": "Feature", "geometry": {"type": "Polygon", "coordinates": [[[-3.117673153633013, 53.38900822826723], [-3.117668444115872, 53.3888284910415], [-3.117367785106871, 53.38883130604873], [-3.117363076906313, 53.38865156879894], [-3.1167617612682776, 53.38865719650583], [-3.1167711726562706, 53.38901667107297], [-3.117673153633013, 53.38900822826723]]]}, "properties": {"kind": "max_footprint", "threshold_pct": 7.0}}, {"type": "Feature", "geometry": {"type": "Polygon", "coordinates": [[[-3.1101519537308793, 53.38889863912806], [-3.1101472759129036, 53.388718901439745], [-3.1098466169079964, 53.38872169750422], [-3.1098419404062683, 53.38854195979196], [-3.109240624777453, 53.38854754961354], [-3.109245298747307, 53.388727287362194], [-3.109545957852793, 53.38872449281169], [-3.109550633138869, 53.388904230536426], [-3.1101519537308793, 53.38889863912806]]]}, "properties": {"kind": "max_footprint", "threshold_pct": 7.0}}, {"type": "Feature", "geometry": {"type": "Polygon", "coordinates": [[[-3.1116646227767952, 53.38924412253707], [-3.111655254330228, 53.388884647359916], [-3.1119559142990147, 53.38888184673531], [-3.1119465435220866, 53.388522371571696], [-3.112247200908604, 53.38851957022659], [-3.11224251432981, 53.38833983265444], [-3.112543170400007, 53.38833703057063], [-3.112538482605712, 53.38815729301099], [-3.112839137359589, 53.38815449018845], [-3.112834448349822, 53.38797475264131], [-3.1125337948618346, 53.38797755544559], [-3.1125244195253274, 53.387618080297635], [-3.111923117461597, 53.3876236835623], [-3.1119137473901186, 53.387264208318406], [-3.1116130988143516, 53.387267008778835], [-3.11158968084638, 53.386368320477615], [-3.1109883962017144, 53.38637391894536], [-3.110997758174685, 53.38673339435598], [-3.110697113245277, 53.3867361924909], [-3.110701793041479, 53.38691593020584], [-3.111002439236684, 53.386913132052676], [-3.1110118015117156, 53.38727260742889], [-3.1107111527848734, 53.38727540561851], [-3.1107205127295945, 53.38763488100824], [-3.1104198614207266, 53.38763767847734], [-3.1104432558338995, 53.388536366942475], [-3.1107439134722386, 53.388533569382275], [-3.1107485937717727, 53.38871330703986], [-3.110447934867501, 53.3887161046183], [-3.110452613951425, 53.388895842288406], [-3.11105393424153, 53.38889024633812], [-3.111058615907703, 53.389069983966024], [-3.111359277243196, 53.38906718483719], [-3.1113639602256957, 53.389246922441146], [-3.1116646227767952, 53.38924412253707]]]}, "properties": {"kind": "max_footprint", "threshold_pct": 7.0}}, {"type": "Feature", "geometry": {"type": "Polygon", "coordinates": [[[-3.1124775458675575, 53.38582070421377], [-3.1124728587790327, 53.38564096657385], [-3.1121722216959595, 53.385643768383936], [-3.1121769075187706, 53.38582350604211], [-3.1124775458675575, 53.38582070421377]]]}, "properties": {"kind": "max_footprint", "threshold_pct": 7.0}}, {"type": "Feature", "geometry": {"type": "Polygon", "coordinates": [[[-3.1223796678961575, 53.38500887108508], [-3.1223749392429356, 53.38482913402711], [-3.1220743088930827, 53.38483196074095], [-3.1220790362806703, 53.385011697817326], [-3.1223796678961575, 53.38500887108508]]]}, "properties": {"kind": "max_footprint", "threshold_pct": 7.0}}, {"type": "Feature", "geometry": {"type": "Polygon", "coordinates": [[[-3.123276829987322, 53.384820649344405], [-3.1232720975880954, 53.38464091233597], [-3.122670839673946, 53.38464656951112], [-3.122675569541935, 53.38482630655641], [-3.123276829987322, 53.384820649344405]]]}, "properties": {"kind": "max_footprint", "threshold_pct": 7.0}}, {"type": "Feature", "geometry": {"type": "Polygon", "coordinates": [[[-3.1220743088930827, 53.38483196074095], [-3.1220695815563353, 53.384652223658854], [-3.121468323235371, 53.38465787477914], [-3.121473048040875, 53.384837611898035], [-3.1220743088930827, 53.38483196074095]]]}, "properties": {"kind": "max_footprint", "threshold_pct": 7.0}}, {"type": "Feature", "geometry": {"type": "Polygon", "coordinates": [[[-3.121468323235371, 53.38465787477914], [-3.121463598480677, 53.384478137654476], [-3.1211629705095807, 53.38448096206092], [-3.1211676939986646, 53.384660699203955], [-3.121468323235371, 53.38465787477914]]]}, "properties": {"kind": "max_footprint", "threshold_pct": 7.0}}, {"type": "Feature", "geometry": {"type": "Polygon", "coordinates": [[[-3.122670839673946, 53.38464656951112], [-3.1226661098568234, 53.384466832460106], [-3.123868620419133, 53.38445551515605], [-3.1238638855905094, 53.384275778172984], [-3.1223607535883837, 53.3842899228188], [-3.122370210640567, 53.38464939696341], [-3.122670839673946, 53.38464656951112]]]}, "properties": {"kind": "max_footprint", "threshold_pct": 7.0}}, {"type": "Feature", "geometry": {"type": "Polygon", "coordinates": [[[-3.1241360963425135, 53.383194525065], [-3.1241313606048116, 53.38301478806022], [-3.12383074321583, 53.383017619130875], [-3.123835477688038, 53.383197356154085], [-3.1241360963425135, 53.383194525065]]]}, "properties": {"kind": "max_footprint", "threshold_pct": 7.0}}, {"type": "Feature", "geometry": {"type": "Polygon", "coordinates": [[[-3.125329088902641, 53.38282371927271], [-3.1253243482049333, 53.382643982330244], [-3.1250237335506816, 53.38264681639124], [-3.125028472982927, 53.38282655335216], [-3.125329088902641, 53.38282371927271]]]}, "properties": {"kind": "max_footprint", "threshold_pct": 7.0}}, {"type": "Feature", "geometry": {"type": "Polygon", "coordinates": [[[-3.117761878766206, 53.38091723247377], [-3.11775717026231, 53.38073749500827], [-3.1180577722166003, 53.38073467931234], [-3.118053062498018, 53.38055494185945], [-3.117451861069445, 53.38056057245785], [-3.1174565682573894, 53.38074030994743], [-3.1171559662018504, 53.38074312412982], [-3.1171606721750797, 53.38092286163198], [-3.117761878766206, 53.38091723247377]]]}, "properties": {"kind": "max_footprint", "threshold_pct": 7.0}}, {"type": "Feature", "geometry": {"type": "Polygon", "coordinates": [[[-3.114948417145404, 53.388314586649315], [-3.1149437192239096, 53.388134849235826], [-3.11524437357396, 53.38813204035761], [-3.1152396744371074, 53.387952302956684], [-3.115840980453814, 53.38794668296594], [-3.1158456821224316, 53.38812642033029], [-3.1164469904686376, 53.38812079727511], [-3.116428173970679, 53.38740184792987], [-3.116127524886306, 53.38740465976269], [-3.1161228221541233, 53.38722492239374], [-3.115521526365312, 53.38723054375193], [-3.1155168262153308, 53.387050806340646], [-3.11521617951091, 53.38705361586604], [-3.1152020831616154, 53.38651440354283], [-3.115502726068677, 53.38651159407233], [-3.1155074260670133, 53.38669133150083], [-3.1158080701892996, 53.3866885212551], [-3.115812771503971, 53.386868258659575], [-3.116414062128419, 53.38686263586074], [-3.116409358282177, 53.3866828984929], [-3.116108714261025, 53.386685710252465], [-3.1161040117311423, 53.38650597286056], [-3.1170059398455074, 53.38649753536604], [-3.117001233568927, 53.386317798023356], [-3.1173018749067483, 53.38631498402968], [-3.117306582449085, 53.38649472135403], [-3.1179078675043423, 53.38648909105929], [-3.1179172878039987, 53.38684856561747], [-3.1182179327871995, 53.38684574929802], [-3.1182226442788057, 53.38702548655016], [-3.11852329047713, 53.387022669455476], [-3.118528003285215, 53.38720240668353], [-3.118828650698661, 53.38719958881354], [-3.1188333648232525, 53.387379326017516], [-3.1203366074588113, 53.38736522522177], [-3.120331887005131, 53.38718548810964], [-3.119730592634749, 53.38719113066198], [-3.119725874763442, 53.38701139350738], [-3.11912458272171, 53.38701703299526], [-3.1191151521944493, 53.386657558595374], [-3.1188145086290793, 53.38666037716722], [-3.118805080836177, 53.38630090270765], [-3.1185044397516277, 53.38630372048588], [-3.118495014692969, 53.38594424596666], [-3.119096291748448, 53.38593860972672], [-3.1190915767637173, 53.38575887249521], [-3.11999348816947, 53.38575041251363], [-3.1199793321283824, 53.38521120094999], [-3.1205805985510886, 53.38520555728808], [-3.120571156381508, 53.38484608295714], [-3.120270525726824, 53.38484890512978], [-3.1202658059838173, 53.38466916793734], [-3.1208670647111614, 53.384663522871946], [-3.1208623424876873, 53.384483785710515], [-3.1211629705095807, 53.38448096206092], [-3.121153523683802, 53.38412148775762], [-3.1214541491237213, 53.384118663387966], [-3.1214588737767945, 53.38429840052409], [-3.1220601270353527, 53.38429274947741], [-3.1220412186034263, 53.383573801045706], [-3.122943082923249, 53.38356531902027], [-3.1229383521457796, 53.38338558195321], [-3.122637732022218, 53.38338841003346], [-3.122633002561134, 53.38320867294225], [-3.1220317646924696, 53.383214326795404], [-3.122036491622531, 53.383394063923426], [-3.12173587134643, 53.383396889733156], [-3.1217311456818817, 53.38321715258675], [-3.121129907508263, 53.38322280189897], [-3.121125184425533, 53.38304306471003], [-3.121425802272244, 53.383040240450725], [-3.121421077974818, 53.38286050327443], [-3.1220223109848426, 53.382854852522165], [-3.1220175842072755, 53.38267511537694], [-3.1223181993705778, 53.382672288883995], [-3.1223134713783827, 53.38249255175144], [-3.122614085225384, 53.38248972452011], [-3.1226188144830345, 53.38266946163425], [-3.1235206595152065, 53.382660975344166], [-3.1235159264611916, 53.38248123828528], [-3.1238165401046833, 53.382478408026735], [-3.123811805836123, 53.38229867098053], [-3.124112418163264, 53.38229583998363], [-3.124117153697263, 53.38247557701138], [-3.124718380729639, 53.382469912710306], [-3.1247136426647617, 53.38229017571943], [-3.12501425483909, 53.38228734245214], [-3.1250095155597424, 53.38210760547399], [-3.1247089046508383, 53.38211043872283], [-3.124704166687865, 53.38193070172048], [-3.124403556993419, 53.381933534194076], [-3.124398820346793, 53.381753797167555], [-3.1250000371539395, 53.38174813150046], [-3.1250047763313584, 53.38192786849008], [-3.1253053859238915, 53.381925034502906], [-3.1253148669624546, 53.38228450842804], [-3.1256154790348396, 53.382281673647164], [-3.1256202208960246, 53.38246141058266], [-3.125319607558204, 53.382464245382], [-3.1253243482049333, 53.382643982330244], [-3.1259255773604813, 53.38263831193783], [-3.1259160910562342, 53.38227883810951], [-3.126517314945991, 53.38227316476377], [-3.1265125693395346, 53.382093427877926], [-3.1268131799424514, 53.38209059008835], [-3.126798939633098, 53.38155137945188], [-3.1264983328263583, 53.38155421718601], [-3.1264840967724497, 53.381015006442425], [-3.126183493710736, 53.38101784336437], [-3.1261787497268156, 53.38083810641987], [-3.1255775459810096, 53.38084377795654], [-3.125587028938537, 53.38120325191364], [-3.1252864244584786, 53.38120608658376], [-3.1252674638086524, 53.38048713857277], [-3.125568063227428, 53.38048430397649], [-3.125563321927114, 53.380304566977834], [-3.125863920029619, 53.38030173164327], [-3.1258591775150175, 53.38012199465736], [-3.1267609677206827, 53.38011348416867], [-3.126765714031095, 53.380293221099144], [-3.126465116081623, 53.38029605870394], [-3.1264698611777915, 53.38047579564718], [-3.1267704603925464, 53.38047295802393], [-3.126775206805036, 53.38065269494292], [-3.127075807234048, 53.380649856544444], [-3.1270805549628884, 53.38082959343924], [-3.1273811566061562, 53.3808267542655], [-3.12736690977691, 53.380287543619396], [-3.1279681053184643, 53.380281863112664], [-3.1279633539469804, 53.380102126256126], [-3.128263950375858, 53.38009928488616], [-3.128254445255674, 53.37973981119289], [-3.128555039102957, 53.3797369691032], [-3.128540778010326, 53.37919775857575], [-3.1288413680108604, 53.379194915784886], [-3.1288366131503667, 53.37901517894943], [-3.128536024415014, 53.379018021721784], [-3.128531270870818, 53.37883828486206], [-3.129132445760056, 53.3788325985977], [-3.1291276897366616, 53.37865286176927], [-3.129428275839423, 53.37865001752056], [-3.1294140042806986, 53.3781108070564], [-3.129714586536926, 53.378107962106576], [-3.1297098281878903, 53.37792822529222], [-3.1300104091278524, 53.37792537960426], [-3.13000089005312, 53.377565905995404], [-3.1303014684117505, 53.37756305958782], [-3.1302919470116244, 53.37720358599307], [-3.1305925227889655, 53.37720073886594], [-3.1305877609006565, 53.37702100207849], [-3.1302871863883435, 53.377023849187104], [-3.1302824258162523, 53.37684411237534], [-3.13058299906355, 53.37684126528529], [-3.1305782372776436, 53.37666152848635], [-3.1308788092087387, 53.37665868065818], [-3.1308740462090454, 53.37647894387205], [-3.1311746168239396, 53.37647609530579], [-3.131155560277482, 53.37575714817802], [-3.1314561257813405, 53.375754298929344], [-3.1313989458811387, 53.373597457217315], [-3.1316994961556497, 53.37359460743473], [-3.131689964360022, 53.373235133772766], [-3.1313894166150047, 53.37323798351824], [-3.1313560657971466, 53.37197982539054], [-3.131055526853712, 53.37198267424964], [-3.131050763920686, 53.371802937332724], [-3.130750226190676, 53.37180578541674], [-3.130745464573477, 53.37162604847555], [-3.1301443914891296, 53.37163174233702], [-3.1301396324523396, 53.37145200535301], [-3.1280358838983835, 53.371471909908806], [-3.1280406340828995, 53.37165164702244], [-3.126838485869769, 53.371663004485384], [-3.126843231046842, 53.371842741667216], [-3.1256410769589213, 53.371854087100004], [-3.12565055734891, 53.37221356159421], [-3.1253500161701817, 53.37221639609806], [-3.125364233343336, 53.372755607851666], [-3.1250636883195924, 53.372758441654355], [-3.1250684262145016, 53.37293817891255], [-3.124767879875101, 53.37294101197714], [-3.124772616556221, 53.37312074924802], [-3.124472068901164, 53.37312358157452], [-3.124476804368466, 53.373303318858106], [-3.1247773532882657, 53.373300486513166], [-3.124786826905141, 53.37365996102624], [-3.1253879296509948, 53.373654293992885], [-3.12539740853075, 53.3740137684092], [-3.1241951927169946, 53.37402509959721], [-3.1242093962409148, 53.37456431139999], [-3.124509954065222, 53.37456147968253], [-3.12451468993986, 53.37474121692019], [-3.1248152489781, 53.374738384427694], [-3.124824723409883, 53.37509785884893], [-3.124524161841897, 53.37510069137832], [-3.1245288978692978, 53.37528042859876], [-3.124228334985495, 53.37528326039], [-3.124223600222988, 53.37510352315109], [-3.123923038553172, 53.37510635416728], [-3.1239277720507834, 53.3752860914246], [-3.123627209065177, 53.37528892170263], [-3.123636673683255, 53.37564839623692], [-3.1233361081169324, 53.37565122579518], [-3.123345570408656, 53.37601070034337], [-3.123646138504866, 53.37600787074825], [-3.1236650687587093, 53.37672681970207], [-3.1233644956025595, 53.37672964937089], [-3.1233692270282196, 53.37690938661343], [-3.1230686525561775, 53.376912215544], [-3.1230733827676787, 53.37709195279924], [-3.122772806979742, 53.3770947809916], [-3.1227775359770575, 53.37727451825949], [-3.122176381718554, 53.37728017241107], [-3.122185834805457, 53.377639647003285], [-3.1230875737073562, 53.377631164530435], [-3.1230923041223084, 53.37781090176267], [-3.122491142375041, 53.37781655753807], [-3.1224958703106553, 53.377996294801434], [-3.12189470582983, 53.37800194758695], [-3.1218994312860473, 53.37818168488137], [-3.121598847704292, 53.3781845101575], [-3.121608296238887, 53.37854398476594], [-3.1222094684121373, 53.37853833338336], [-3.122214195285952, 53.378718070642165], [-3.1225147825615003, 53.37871524379743], [-3.1225384240189937, 53.37961392991333], [-3.1222378304174523, 53.3796167568501], [-3.122242557596244, 53.379796494074476], [-3.1219419626786316, 53.37979932027292], [-3.1219514146581897, 53.38015879474125], [-3.1210496220089237, 53.38016726890663], [-3.121044899789541, 53.37998753162014], [-3.120744303403479, 53.37999035481006], [-3.1207395825001316, 53.37981061749946], [-3.1204389873285616, 53.37981343991427], [-3.1204342677412207, 53.37963370257955], [-3.120133673784146, 53.379636524219265], [-3.120128955512785, 53.37945678686042], [-3.119828362770205, 53.37945960772503], [-3.1198236458147983, 53.379279870342096], [-3.1195230542867156, 53.37928269043164], [-3.1195183386472336, 53.37910295302457], [-3.119217748333649, 53.379105772339024], [-3.1192318916085564, 53.37964498459802], [-3.1189312974486176, 53.37964780321083], [-3.1189454373840007, 53.38018701547325], [-3.1192460353397227, 53.380184196805395], [-3.119250750018172, 53.38036393419639], [-3.119551349188483, 53.380361114753406], [-3.1195419173517194, 53.380001640002426], [-3.1201431104790753, 53.379995998919725], [-3.1201525473769554, 53.38035547359722], [-3.12045314639509, 53.38035265188401], [-3.120462586026538, 53.380712126501805], [-3.12076318752453, 53.380709303995125], [-3.1207679086817097, 53.38088904127703], [-3.1210685113942587, 53.380886217995176], [-3.121092124268529, 53.38178490422677], [-3.1207915152291545, 53.38178772760056], [-3.1207867938181226, 53.38160799034732], [-3.120486185993371, 53.38161081294594], [-3.120481465898491, 53.38143107566857], [-3.12018085928836, 53.38143389749205], [-3.120176140509605, 53.3812541601906], [-3.119875535114098, 53.381256981238906], [-3.1198566655678324, 53.380538031902205], [-3.119255464747319, 53.38054367158163], [-3.119260179527167, 53.380723408961124], [-3.1189595777755414, 53.380726227684065], [-3.118973718623257, 53.38126543984325], [-3.119274324170911, 53.38126262106524], [-3.1192978995911993, 53.38216130779065], [-3.118997287716562, 53.38216412666046], [-3.1190067157087227, 53.38252360134719], [-3.1187061012525024, 53.38252641949689], [-3.1186966757912318, 53.38216694477345], [-3.118396063815224, 53.38216976212965], [-3.1183866410875054, 53.38181028734658], [-3.118086031591669, 53.3818131039093], [-3.118076611597388, 53.381453629066584], [-3.117475397515357, 53.38145925984834], [-3.1174801049563996, 53.3816389973092], [-3.1171794965740585, 53.38164181158324], [-3.1171700842733547, 53.38128233661907], [-3.1168694783711683, 53.38128515009969], [-3.1168930031754796, 53.3821838375587], [-3.115690553752861, 53.3821950842796], [-3.115695253803734, 53.38237482182744], [-3.115394640056242, 53.382377631633965], [-3.1154040377786822, 53.38273710674903], [-3.1160052702849876, 53.382731486305985], [-3.116009971752978, 53.38291122381831], [-3.116310589195785, 53.38290841244325], [-3.1163199948144564, 53.38326788741408], [-3.1166206147377014, 53.383265075245575], [-3.116625318888424, 53.3834448127041], [-3.116324697699651, 53.38344762489089], [-3.116357619312157, 53.38470578706802], [-3.116056989213745, 53.38470859862618], [-3.1160475853170833, 53.384349123710486], [-3.1157469576993355, 53.384351934475156], [-3.115732856030325, 53.383812722003704], [-3.115432232158772, 53.38381553195661], [-3.11542753296909, 53.38363579443636], [-3.1151269103125574, 53.38363860361413], [-3.115136306211333, 53.38399807868551], [-3.1148356809731528, 53.38400088714303], [-3.114845074542838, 53.38436036222805], [-3.114544446722965, 53.38436316996527], [-3.1145115789718667, 53.383105006939395], [-3.114210959960406, 53.38310781379182], [-3.1142391245736967, 53.38418623936946], [-3.1139384979184452, 53.3841890455747], [-3.1139431909317437, 53.38436878316917], [-3.1142438188525965, 53.38436597694566], [-3.114257901992198, 53.384905189639866], [-3.1139572702744664, 53.38490799591821], [-3.113952577109754, 53.38472825834094], [-3.1136519466071917, 53.38473106384415], [-3.113642562960424, 53.384371588635844], [-3.1133419349386466, 53.38437439334565], [-3.1133372444565475, 53.384194655714644], [-3.1130366176499296, 53.384197459649336], [-3.1130319284838617, 53.38401772199433], [-3.1124306772505337, 53.38402332755663], [-3.112440050570713, 53.38438280293391], [-3.1127406787437777, 53.38438000049468], [-3.1127500547968117, 53.38473947581256], [-3.1130506854507067, 53.38473667257996], [-3.1130647537053555, 53.38527588545899], [-3.1133653881057897, 53.38527308141473], [-3.113374769725763, 53.385632556602225], [-3.113675406607129, 53.38562975176454], [-3.113680098758499, 53.385809489331436], [-3.1139807368551127, 53.3858066837186], [-3.1139854303226655, 53.38598642126147], [-3.1136847909603285, 53.385989226892576], [-3.113689483212621, 53.38616896444799], [-3.1133888425340843, 53.38617176934045], [-3.113393533571089, 53.3863515069084], [-3.113694175515378, 53.386348701997676], [-3.1137035602722833, 53.38670817707983], [-3.1140042046976477, 53.38670537137563], [-3.1140088984175884, 53.386885108889835], [-3.1137082527264326, 53.386887914612295], [-3.1137129452310504, 53.387067652139045], [-3.113412298223622, 53.38707045712286], [-3.1134076069848104, 53.386890719577835], [-3.1131069611927367, 53.38689352378645], [-3.11310227127017, 53.38671378621744], [-3.1128016266934493, 53.38671658965086], [-3.1127922495311755, 53.38635711445913], [-3.1124916074355773, 53.38635991709912], [-3.1124962947257355, 53.3865396547161], [-3.1121956513139604, 53.38654245661743], [-3.112209709689517, 53.38708166948874], [-3.112510356898675, 53.38707886753266], [-3.1125150443904803, 53.38725860512671], [-3.112815692815046, 53.38725580239546], [-3.1128203816230986, 53.38743553996552], [-3.1137223303916843, 53.38742712717532], [-3.1137270230477037, 53.38760686468489], [-3.11402767380216, 53.38760405888934], [-3.114037061797338, 53.38796353385465], [-3.1143377150330407, 53.38796072726561], [-3.1143424103722426, 53.3881404647214], [-3.114643064823332, 53.38813765735711], [-3.114647761478929, 53.38831739478888], [-3.114948417145404, 53.388314586649315]], [[-3.1152396744371074, 53.387952302956684], [-3.114939021352939, 53.38795511181661], [-3.1149343235324944, 53.387775374391666], [-3.1152349753507935, 53.387772565550016], [-3.1152396744371074, 53.387952302956684]], [[-3.11729716741504, 53.38613524669958], [-3.116695887220267, 53.386140873893375], [-3.116681772643189, 53.38560166175875], [-3.116381136267045, 53.38560447416535], [-3.116362322601973, 53.384885524498955], [-3.116662953915441, 53.38488271216562], [-3.116667658521485, 53.38506244957251], [-3.1169682910500063, 53.38505963646399], [-3.116972996972307, 53.385239373846844], [-3.11727363071588, 53.38523655996309], [-3.1172783379544633, 53.38541629732188], [-3.1175789729130874, 53.38541348266293], [-3.117583681467982, 53.385593219997624], [-3.1178843176416553, 53.38559040456349], [-3.117889027512886, 53.385770141874104], [-3.1172877525835014, 53.38577577202221], [-3.11729716741504, 53.38613524669958]], [[-3.116094606823097, 53.38614649805956], [-3.1157939665486474, 53.386149309007294], [-3.1157798633630223, 53.385610096707865], [-3.1160804998403195, 53.385607285815055], [-3.116094606823097, 53.38614649805956]], [[-3.114887348106766, 53.38597799982674], [-3.114586708895899, 53.38598080772856], [-3.1145726210504163, 53.385441595192404], [-3.114873256464164, 53.38543878734545], [-3.114887348106766, 53.38597799982674]], [[-3.1190868618296945, 53.38557913525797], [-3.118786225858709, 53.38558195371968], [-3.1187815122410756, 53.38540221645835], [-3.1190821469463783, 53.385399398015], [-3.1190868618296945, 53.38557913525797]], [[-3.1145726210504163, 53.385441595192404], [-3.1142719855861682, 53.38544440228249], [-3.1142625964730346, 53.38508492719313], [-3.1145632294059347, 53.385082120139636], [-3.1145726210504163, 53.385441595192404]], [[-3.115770461492056, 53.385250621812915], [-3.1154698274955717, 53.385253431912226], [-3.115465127901584, 53.38507369443784], [-3.1151644951202244, 53.38507650376199], [-3.1151550986151597, 53.38471702875943], [-3.1148544683145625, 53.38471983729011], [-3.114845074542838, 53.38436036222805], [-3.1151457023121987, 53.38435755373393], [-3.115150400438417, 53.38453729124957], [-3.115451029422865, 53.3845344819803], [-3.115460428358139, 53.38489395695774], [-3.115761059823307, 53.384891146895015], [-3.115770461492056, 53.385250621812915]], [[-3.11335131605417, 53.384733868590494], [-3.1130506854507067, 53.38473667257996], [-3.1130459961333523, 53.38455693494217], [-3.113346625471187, 53.38455413097095], [-3.11335131605417, 53.384733868590494]], [[-3.1202610862915647, 53.38448943073912], [-3.119960458117363, 53.38449225211815], [-3.1199557397414655, 53.38431251489584], [-3.120256366650069, 53.384309693535194], [-3.1202610862915647, 53.38448943073912]], [[-3.118757944913268, 53.38450353006565], [-3.118457316485489, 53.38450634766036], [-3.118452604437597, 53.38432661034628], [-3.1181519772247475, 53.38432942716578], [-3.1181425558121476, 53.38396995248368], [-3.118443180493832, 53.38396713570087], [-3.118447892440377, 53.384146873026424], [-3.118748518336964, 53.3841440554684], [-3.118757944913268, 53.38450353006565]], [[-3.1205569935079174, 53.384306871417685], [-3.120256366650069, 53.384309693535194], [-3.1202422080301115, 53.38377048188899], [-3.1205428310912477, 53.383767659826624], [-3.1205569935079174, 53.384306871417685]], [[-3.1175318901490803, 53.38361610900046], [-3.1172312678465763, 53.383618923476085], [-3.117221854432417, 53.38325944863809], [-3.11752247420386, 53.38325663419911], [-3.1175318901490803, 53.38361610900046]], [[-3.1169165292447145, 53.38308252487434], [-3.116615910637569, 53.383085337781345], [-3.116601798640685, 53.38254612535422], [-3.1169024134513785, 53.38254331250217], [-3.116907118665226, 53.38272304996528], [-3.1172077346907905, 53.3827202363381], [-3.1172124412207194, 53.38289997377718], [-3.11691182392967, 53.38290278742267], [-3.1169165292447145, 53.38308252487434]], [[-3.1193120454518364, 53.38270051975708], [-3.1190114297808433, 53.38270333868194], [-3.1190067157087227, 53.38252360134719], [-3.1193073301142507, 53.38252078244069], [-3.1193120454518364, 53.38270051975708]], [[-3.1163058864623103, 53.38272867494924], [-3.1160052702849876, 53.382731486305985], [-3.1160005688675563, 53.38255174878792], [-3.116301183779405, 53.38254893744948], [-3.1163058864623103, 53.38272867494924]], [[-3.1181048721880353, 53.38253205352587], [-3.117804257579816, 53.38253486940515], [-3.1177995486202015, 53.382355131991275], [-3.1181001619629667, 53.38235231613033], [-3.1181048721880353, 53.38253205352587]], [[-3.1217027927617576, 53.382138729587766], [-3.1214021812931443, 53.3821415545119], [-3.121397457249731, 53.381961817306916], [-3.121698067452925, 53.381958992401174], [-3.1217027927617576, 53.382138729587766]], [[-3.117794839711225, 53.38217539457167], [-3.1174942275832636, 53.38217820965747], [-3.1174848124480654, 53.38181873476437], [-3.117785422045186, 53.38181591971522], [-3.117794839711225, 53.38217539457167]], [[-3.121397457249731, 53.381961817306916], [-3.121096846995738, 53.38196464145587], [-3.121092124268529, 53.38178490422677], [-3.1213927332571174, 53.38178208009621], [-3.121397457249731, 53.381961817306916]], [[-3.1240982118668086, 53.381756628865936], [-3.123797603335906, 53.38175945980755], [-3.123792869270983, 53.38157972273839], [-3.1240934765365025, 53.38157689181522], [-3.1240982118668086, 53.381756628865936]], [[-3.1231963861213856, 53.38176511942039], [-3.122895777437797, 53.38176794809164], [-3.1228910471690345, 53.381588210967216], [-3.1231916545872354, 53.381585382314384], [-3.1231963861213856, 53.38176511942039]], [[-3.1228910471690345, 53.381588210967216], [-3.122590439699967, 53.38159103886328], [-3.122580981845777, 53.3812315645604], [-3.1228815867841098, 53.38122873670117], [-3.1228910471690345, 53.381588210967216]], [[-3.125892376188202, 53.38138015343823], [-3.1255917704937803, 53.38138298888358], [-3.125587028938537, 53.38120325191364], [-3.125887633367604, 53.38120041648674], [-3.125892376188202, 53.38138015343823]], [[-3.12736690977691, 53.380287543619396], [-3.1270663119295286, 53.380290382737634], [-3.1270615643538466, 53.38011064582563], [-3.1273621609359608, 53.38010780672586], [-3.12736690977691, 53.380287543619396]], [[-3.128531270870818, 53.37883828486206], [-3.1282306833495213, 53.37884112685922], [-3.1282259311215936, 53.37866138997526], [-3.1279253448143534, 53.37866423119719], [-3.127920593902671, 53.378484494289005], [-3.1285217639357645, 53.378478811125426], [-3.128531270870818, 53.37883828486206]]]}, "properties": {"kind": "max_footprint", "threshold_pct": 7.0}}, {"type": "Feature", "geometry": {"type": "Polygon", "coordinates": [[[-3.102427678930099, 53.39256585325688], [-3.102423033027779, 53.39238611521127], [-3.102122347397619, 53.3923888919558], [-3.1021269920336985, 53.3925686300195], [-3.102427678930099, 53.39256585325688]]]}, "properties": {"kind": "max_footprint", "threshold_pct": 10.0}}, {"type": "Feature", "geometry": {"type": "Polygon", "coordinates": [[[-3.108963330909778, 53.38944903216583], [-3.1089586580048354, 53.3892692944219], [-3.1086579950009234, 53.38927208751301], [-3.1086626666398725, 53.38945182527513], [-3.108963330909778, 53.38944903216583]]]}, "properties": {"kind": "max_footprint", "threshold_pct": 10.0}}, {"type": "Feature", "geometry": {"type": "Polygon", "coordinates": [[[-3.1116505701825137, 53.388704909762716], [-3.111641202038218, 53.38834543455115], [-3.1110398895451192, 53.38835103341998], [-3.1110258453018544, 53.38781182045024], [-3.1107251927774535, 53.38781461869451], [-3.1107439134722386, 53.388533569382275], [-3.1110445710602384, 53.38853077106508], [-3.1110492526257087, 53.38871050870446], [-3.1116505701825137, 53.388704909762716]]]}, "properties": {"kind": "max_footprint", "threshold_pct": 10.0}}, {"type": "Feature", "geometry": {"type": "Polygon", "coordinates": [[[-3.111937172946722, 53.38816289638513], [-3.111927802572917, 53.38780342117564], [-3.111627150199599, 53.38780622169079], [-3.111636518041636, 53.38816569693677], [-3.111937172946722, 53.38816289638513]]]}, "properties": {"kind": "max_footprint", "threshold_pct": 10.0}}, {"type": "Feature", "geometry": {"type": "Polygon", "coordinates": [[[-3.116141633386327, 53.387943871835155], [-3.1161369305024085, 53.38776413448341], [-3.115535627118555, 53.38776975595144], [-3.1155403274707383, 53.3879494933398], [-3.116141633386327, 53.387943871835155]]]}, "properties": {"kind": "max_footprint", "threshold_pct": 10.0}}, {"type": "Feature", "geometry": {"type": "Polygon", "coordinates": [[[-3.115535627118555, 53.38776975595144], [-3.1155309268169242, 53.387590018557354], [-3.1152302763150175, 53.38759282813764], [-3.1152349753507935, 53.387772565550016], [-3.115535627118555, 53.38776975595144]]]}, "properties": {"kind": "max_footprint", "threshold_pct": 10.0}}, {"type": "Feature", "geometry": {"type": "Polygon", "coordinates": [[[-3.1152302763150175, 53.38759282813764], [-3.1152255773297792, 53.387413090719505], [-3.1149249280431786, 53.387415899524555], [-3.1149155327559526, 53.387056424634515], [-3.11431423909449, 53.38706203990064], [-3.1143283245061326, 53.38760125233682], [-3.1152302763150175, 53.38759282813764]]]}, "properties": {"kind": "max_footprint", "threshold_pct": 10.0}}, {"type": "Feature", "geometry": {"type": "Polygon", "coordinates": [[[-3.1116177825590614, 53.3874467464219], [-3.111608415120015, 53.38708727113006], [-3.1113077677597007, 53.38709007081531], [-3.111317132667085, 53.387449546143614], [-3.1116177825590614, 53.3874467464219]]]}, "properties": {"kind": "max_footprint", "threshold_pct": 10.0}}, {"type": "Feature", "geometry": {"type": "Polygon", "coordinates": [[[-3.115803368925189, 53.38650878384489], [-3.115798667711639, 53.386329046428955], [-3.1154980261208847, 53.386331856638094], [-3.115502726068677, 53.38651159407233], [-3.115803368925189, 53.38650878384489]]]}, "properties": {"kind": "max_footprint", "threshold_pct": 10.0}}, {"type": "Feature", "geometry": {"type": "Polygon", "coordinates": [[[-3.1182085099559935, 53.38648627477652], [-3.118203798616396, 53.38630653750721], [-3.1179031574304967, 53.38630935377159], [-3.1178984474073066, 53.38612961647817], [-3.118199087327465, 53.38612680023209], [-3.118189664901606, 53.38576732566473], [-3.117889027512886, 53.385770141874104], [-3.1178937374347697, 53.385949879179016], [-3.117593098729683, 53.38595269464983], [-3.1175978074364936, 53.38613243196734], [-3.11729716741504, 53.38613524669958], [-3.1173018749067483, 53.38631498402968], [-3.117602516193943, 53.386312169279094], [-3.117607225002034, 53.38649190658512], [-3.1182085099559935, 53.38648627477652]]]}, "properties": {"kind": "max_footprint", "threshold_pct": 10.0}}, {"type": "Feature", "geometry": {"type": "Polygon", "coordinates": [[[-3.116385839809771, 53.38578421156762], [-3.1163717293333444, 53.385244999343634], [-3.116071095437983, 53.385247810956706], [-3.1160852021173406, 53.385787023235615], [-3.116385839809771, 53.38578421156762]]]}, "properties": {"kind": "max_footprint", "threshold_pct": 10.0}}, {"type": "Feature", "geometry": {"type": "Polygon", "coordinates": [[[-3.1154980261208847, 53.386331856638094], [-3.115493326223639, 53.386152119198115], [-3.1157939665486474, 53.386149309007294], [-3.115789265436216, 53.385969571579885], [-3.1154886263769384, 53.385972381752396], [-3.1154698274955717, 53.385253431912226], [-3.1151691934485455, 53.385256241254645], [-3.1151644951202244, 53.38507650376199], [-3.1148638622883364, 53.38507931232923], [-3.114873256464164, 53.38543878734545], [-3.1151738918273955, 53.385435978741604], [-3.115183288736681, 53.38579545369828], [-3.1148826508420497, 53.385798262338724], [-3.114887348106766, 53.38597799982674], [-3.1151879872671175, 53.38597519116802], [-3.1151973844795844, 53.386334666090306], [-3.1154980261208847, 53.386331856638094]]]}, "properties": {"kind": "max_footprint", "threshold_pct": 10.0}}, {"type": "Feature", "geometry": {"type": "Polygon", "coordinates": [[[-3.1148638622883364, 53.38507931232923], [-3.1148544683145625, 53.38471983729011], [-3.114553837963454, 53.38472264506393], [-3.1145632294059347, 53.385082120139636], [-3.1148638622883364, 53.38507931232923]]]}, "properties": {"kind": "max_footprint", "threshold_pct": 10.0}}, {"type": "Feature", "geometry": {"type": "Polygon", "coordinates": [[[-3.120270525726824, 53.38484890512978], [-3.1202658059838173, 53.38466916793734], [-3.119965176544002, 53.38467198933472], [-3.1199698950213843, 53.38485172654555], [-3.120270525726824, 53.38484890512978]]]}, "properties": {"kind": "max_footprint", "threshold_pct": 10.0}}, {"type": "Feature", "geometry": {"type": "Polygon", "coordinates": [[[-3.1181755316428097, 53.38522811377064], [-3.1181708206578724, 53.385048376461135], [-3.1193733494551315, 53.3850371043483], [-3.119368633458287, 53.38485736710647], [-3.1178654786632376, 53.3848714552636], [-3.117860769045256, 53.3846917179243], [-3.1175601391998784, 53.38469453326677], [-3.1175554308981637, 53.384514795903385], [-3.11725480226777, 53.384517610470674], [-3.117250095282294, 53.384337873083226], [-3.116949467866887, 53.38434068687532], [-3.116954173586756, 53.3845204242811], [-3.1166535448551365, 53.38452323733466], [-3.116662953915441, 53.38488271216562], [-3.1169635851783153, 53.38487989907543], [-3.1169682910500063, 53.38505963646399], [-3.1172689235279214, 53.3850568225986], [-3.11727363071588, 53.38523655996309], [-3.1181755316428097, 53.38522811377064]]]}, "properties": {"kind": "max_footprint", "threshold_pct": 10.0}}, {"type": "Feature", "geometry": {"type": "Polygon", "coordinates": [[[-3.1157516583567744, 53.38453167195419], [-3.1157469576993355, 53.384351934475156], [-3.1154463300310358, 53.384354744482984], [-3.115451029422865, 53.3845344819803], [-3.1157516583567744, 53.38453167195419]]]}, "properties": {"kind": "max_footprint", "threshold_pct": 10.0}}, {"type": "Feature", "geometry": {"type": "Polygon", "coordinates": [[[-3.1178513499612373, 53.38433224322846], [-3.117841931079805, 53.38397276850967], [-3.1172406814632008, 53.38397839829112], [-3.1172453883474374, 53.38415813569004], [-3.1175460144466345, 53.38415532115942], [-3.1175507226470827, 53.38433505853426], [-3.1178513499612373, 53.38433224322846]]]}, "properties": {"kind": "max_footprint", "threshold_pct": 10.0}}, {"type": "Feature", "geometry": {"type": "Polygon", "coordinates": [[[-3.1130413068664264, 53.38437719729861], [-3.1130319284838617, 53.38401772199433], [-3.112731302892405, 53.38402052515391], [-3.1127406787437777, 53.38438000049468], [-3.1130413068664264, 53.38437719729861]]]}, "properties": {"kind": "max_footprint", "threshold_pct": 10.0}}, {"type": "Feature", "geometry": {"type": "Polygon", "coordinates": [[[-3.1154463300310358, 53.384354744482984], [-3.115432232158772, 53.38381553195661], [-3.1151316082366836, 53.383818341152676], [-3.1151457023121987, 53.38435755373393], [-3.1154463300310358, 53.384354744482984]]]}, "properties": {"kind": "max_footprint", "threshold_pct": 10.0}}, {"type": "Feature", "geometry": {"type": "Polygon", "coordinates": [[[-3.1172406814632008, 53.38397839829112], [-3.1172359746295797, 53.38379866088647], [-3.1169353510109086, 53.38380147462362], [-3.1169306454934564, 53.383621737194886], [-3.1166300230897335, 53.38362455015686], [-3.1166394316441224, 53.38398402504519], [-3.1172406814632008, 53.38397839829112]]]}, "properties": {"kind": "max_footprint", "threshold_pct": 10.0}}, {"type": "Feature", "geometry": {"type": "Polygon", "coordinates": [[[-3.1190444297051703, 53.38396149986466], [-3.119030286576275, 53.38342228796362], [-3.1184290449582246, 53.38342792368974], [-3.1184243332143624, 53.383248186341206], [-3.1181237135948456, 53.38325100305067], [-3.1181190031671617, 53.38307126567808], [-3.117517766307195, 53.383076896789845], [-3.11752247420386, 53.38325663419911], [-3.1178230939246743, 53.383253819003286], [-3.117837221715057, 53.38379303114169], [-3.118739091963408, 53.383784580848236], [-3.118743805124843, 53.38396431816119], [-3.1190444297051703, 53.38396149986466]]]}, "properties": {"kind": "max_footprint", "threshold_pct": 10.0}}, {"type": "Feature", "geometry": {"type": "Polygon", "coordinates": [[[-3.117808966590071, 53.38271460681329], [-3.117804257579816, 53.38253486940515], [-3.117503642920958, 53.382537684527634], [-3.117508350665743, 53.38271742195409], [-3.117808966590071, 53.38271460681329]]]}, "properties": {"kind": "max_footprint", "threshold_pct": 10.0}}, {"type": "Feature", "geometry": {"type": "Polygon", "coordinates": [[[-3.1217547745128305, 53.38411583826146], [-3.1217405970617995, 53.38357662687384], [-3.1214399754693525, 53.383579451945174], [-3.12143525101951, 53.38339971478609], [-3.1211346306417846, 53.383402539082184], [-3.121125184425533, 53.38304306471003], [-3.120824566528031, 53.38304588821252], [-3.1208198447615785, 53.382866150999455], [-3.120218611345234, 53.38287179569721], [-3.120213892160509, 53.38269205844165], [-3.119913276641682, 53.38269487963693], [-3.1199038409553905, 53.382335405071856], [-3.119603227916741, 53.38233822547361], [-3.119598511415132, 53.38215848816409], [-3.1192978995911993, 53.38216130779065], [-3.1193073301142507, 53.38252078244069], [-3.11960794446907, 53.382517962777385], [-3.1196173777258904, 53.38287743736774], [-3.11991799456093, 53.382874616910875], [-3.1199227125309146, 53.38305435417908], [-3.120223330580707, 53.38305153294705], [-3.120232769203906, 53.383411007429494], [-3.119932148623093, 53.383413828698274], [-3.1199368667452876, 53.38359356594925], [-3.1202374885916324, 53.38359074466211], [-3.1202422080301115, 53.38377048188899], [-3.120843454101616, 53.38376483700742], [-3.120848176121962, 53.38394457419179], [-3.121148800347108, 53.38394175059738], [-3.121153523683802, 53.38412148775762], [-3.1217547745128305, 53.38411583826146]]]}, "properties": {"kind": "max_footprint", "threshold_pct": 10.0}}, {"type": "Feature", "geometry": {"type": "Polygon", "coordinates": [[[-3.1247136426647617, 53.38229017571943], [-3.1247089046508383, 53.38211043872283], [-3.1241076826801897, 53.382116102950135], [-3.124112418163264, 53.38229583998363], [-3.1247136426647617, 53.38229017571943]]]}, "properties": {"kind": "max_footprint", "threshold_pct": 10.0}}, {"type": "Feature", "geometry": {"type": "Polygon", "coordinates": [[[-3.121421077974818, 53.38286050327443], [-3.121416353728196, 53.382680766092406], [-3.1220175842072755, 53.38267511537694], [-3.1220128574805392, 53.38249537822596], [-3.1217122435318663, 53.38249820394372], [-3.121707518121404, 53.3823184667686], [-3.1214069053873597, 53.38232129171114], [-3.1214021812931443, 53.3821415545119], [-3.1211015697737325, 53.38214437867925], [-3.121096846995738, 53.38196464145587], [-3.120796236690956, 53.381967464848046], [-3.1207915152291545, 53.38178772760056], [-3.120490906139008, 53.38179055021755], [-3.120486185993371, 53.38161081294594], [-3.120185578117859, 53.38161363478776], [-3.12018085928836, 53.38143389749205], [-3.1198802526274863, 53.38143671855873], [-3.1198708176514387, 53.38107724391334], [-3.119570213470558, 53.38108006418653], [-3.119565497323969, 53.38090032683685], [-3.1192648943577135, 53.380903146334894], [-3.119279039153561, 53.381442358421786], [-3.119579645915882, 53.381439538868655], [-3.1195937949642416, 53.38197875084883], [-3.119894405472033, 53.38197593048383], [-3.1199038409553905, 53.382335405071856], [-3.1202044539433063, 53.3823325839133], [-3.120213892160509, 53.38269205844165], [-3.120815123045904, 53.38268641378064], [-3.1208198447615785, 53.382866150999455], [-3.121421077974818, 53.38286050327443]]]}, "properties": {"kind": "max_footprint", "threshold_pct": 10.0}}, {"type": "Feature", "geometry": {"type": "Polygon", "coordinates": [[[-3.1225053263343976, 53.37835576931091], [-3.1225005982971066, 53.378176032059024], [-3.1222000148169897, 53.378178858848536], [-3.12220474158915, 53.37835859611883], [-3.1225053263343976, 53.37835576931091]]]}, "properties": {"kind": "max_footprint", "threshold_pct": 10.0}}, {"type": "Feature", "geometry": {"type": "Polygon", "coordinates": [[[-3.123511193458072, 53.38230150122065], [-3.1235064605058493, 53.382121764150284], [-3.1241076826801897, 53.382116102950135], [-3.1241029472480384, 53.3819363659109], [-3.1238023374517354, 53.38193919687094], [-3.1237881352569676, 53.3813999856635], [-3.124389347206345, 53.38139432309728], [-3.1243940837511013, 53.38157406013529], [-3.1249952980274798, 53.38156839450507], [-3.1250047763313584, 53.38192786849008], [-3.1253053859238915, 53.381925034502906], [-3.1253101264176832, 53.38210477146835], [-3.126211958685585, 53.382096264910714], [-3.1262024701565703, 53.381736791084904], [-3.1256012537572335, 53.38174246280622], [-3.1255917704937803, 53.38138298888358], [-3.1252911647483694, 53.38138582357215], [-3.1252864244584786, 53.38120608658376], [-3.1249858199274496, 53.3812089204971], [-3.12497634203126, 53.38084944646619], [-3.1246757399799403, 53.38085227958587], [-3.1246662648182024, 53.3804928054951], [-3.124065065623977, 53.380498469390446], [-3.124060330650102, 53.38031873229956], [-3.1237597322418984, 53.38032156309369], [-3.1237549985842152, 53.3801418259786], [-3.124055595727143, 53.380138995202934], [-3.1240508608551005, 53.37995925810057], [-3.1243514566818495, 53.379956426586574], [-3.1243561928191568, 53.3801361636705], [-3.1246567898602406, 53.380133331381344], [-3.124652052457673, 53.37995359431586], [-3.1249526481825542, 53.37995076128842], [-3.1249621255691657, 53.38031023537675], [-3.125563321927114, 53.380304566977834], [-3.1255585806777844, 53.380124829973454], [-3.1258591775150175, 53.38012199465736], [-3.12584495027719, 53.379582783665185], [-3.126145543267695, 53.37957994764774], [-3.1261502868945397, 53.37975968463242], [-3.1267514752529686, 53.37975401029045], [-3.126756221461308, 53.37993374723244], [-3.12765800741187, 53.379925229988594], [-3.1276627574670095, 53.38010496686937], [-3.1279633539469804, 53.380102126256126], [-3.1279586026265873, 53.37992238939386], [-3.1282591977902126, 53.379919548042395], [-3.128240187958676, 53.379200600609906], [-3.127939597855923, 53.37920344188737], [-3.1279443489719534, 53.37938317877259], [-3.1267419829894, 53.379394536389285], [-3.1267372369341664, 53.37921479943009], [-3.127639007702082, 53.37920628240809], [-3.127634257902325, 53.37902654549863], [-3.1279348467909798, 53.37902370499638], [-3.127930095777123, 53.37884396809966], [-3.127328920479082, 53.37884964831047], [-3.12732417204663, 53.37866991137101], [-3.1270235855861728, 53.37867275032286], [-3.1270188384699247, 53.3784930133592], [-3.1267182532235696, 53.378495851535895], [-3.1267135074234993, 53.378316114547985], [-3.1264129233912463, 53.37831895194951], [-3.1264034344744216, 53.377959477919525], [-3.1270045974274456, 53.37795380243372], [-3.1270093443905624, 53.37813353941461], [-3.127911092232559, 53.37812502045534], [-3.1279158430420733, 53.378304757375055], [-3.1285170105449076, 53.3782990742485], [-3.1285217639357645, 53.378478811125426], [-3.12882234887565, 53.37847596840861], [-3.1288271035827613, 53.37865570526128], [-3.1291276897366616, 53.37865286176927], [-3.1291134219733214, 53.37811365124954], [-3.1294140042806986, 53.3781108070564], [-3.129399733182342, 53.37757159654056], [-3.1297003116433135, 53.377568751646315], [-3.12969555344777, 53.377389014814746], [-3.1299961305925192, 53.37738616918238], [-3.129991371183094, 53.37720643236357], [-3.1302919470116244, 53.37720358599307], [-3.1302871863883435, 53.377023849187104], [-3.1299866118248443, 53.377026695539065], [-3.1299818525177683, 53.37684695870879], [-3.1302824258162523, 53.37684411237534], [-3.130277665295348, 53.37666437555787], [-3.1305782372776436, 53.37666152848635], [-3.130573475542938, 53.37648179168167], [-3.1311746168239396, 53.37647609530579], [-3.131155560277482, 53.37575714817802], [-3.1314561257813405, 53.375754298929344], [-3.1313560657971466, 53.37197982539054], [-3.131055526853712, 53.37198267424964], [-3.131050763920686, 53.371802937332724], [-3.130750226190676, 53.37180578541674], [-3.130745464573477, 53.37162604847555], [-3.1301443914891296, 53.37163174233702], [-3.1301396324523396, 53.37145200535301], [-3.1280358838983835, 53.371471909908806], [-3.1280406340828995, 53.37165164702244], [-3.126838485869769, 53.371663004485384], [-3.126843231046842, 53.371842741667216], [-3.1259416155573807, 53.37185125187658], [-3.125951098476673, 53.37221072633385], [-3.12565055734891, 53.37221356159421], [-3.1256600379427546, 53.372573036065454], [-3.125960581599878, 53.37257020076816], [-3.1259700649270012, 53.37292967517953], [-3.125669518740464, 53.372932510513735], [-3.125688480947495, 53.373651459341396], [-3.125989032193022, 53.37364862393332], [-3.126008000274787, 53.374367572595304], [-3.1257074439700494, 53.37437040807721], [-3.1257121848531186, 53.37455014524682], [-3.125111069561063, 53.37455581397782], [-3.1251158079654062, 53.37473555117861], [-3.1254163669017654, 53.37473271717295], [-3.1254211066219204, 53.37491245434953], [-3.1251205464206966, 53.37491528837366], [-3.1251347620922574, 53.37545449992432], [-3.1254353260881564, 53.37545166584483], [-3.125444805987135, 53.37581114014634], [-3.1248436728846793, 53.3758168076225], [-3.1248389354395743, 53.37563707043772], [-3.1242378046632355, 53.37564273485055], [-3.1242520095616766, 53.37618194649834], [-3.1239514403022866, 53.37618477762515], [-3.123956174105281, 53.37636451484804], [-3.1242567446296476, 53.37636168370279], [-3.124261479748531, 53.37654142090151], [-3.124562051486974, 53.376538588981205], [-3.1245715244075054, 53.37689806332453], [-3.1242709501390444, 53.37690089528172], [-3.1242662149183307, 53.3767211580945], [-3.1236650687587093, 53.37672681970207], [-3.1236792669834097, 53.37726603135716], [-3.1239798438837654, 53.37726320087639], [-3.123984577992169, 53.37744293806485], [-3.1233834216104492, 53.37744859830657], [-3.123388153239613, 53.37762833552615], [-3.12368873272099, 53.377625505765174], [-3.12370293170905, 53.3781647173342], [-3.1234023484323705, 53.37816754715042], [-3.123411812148607, 53.37852702153793], [-3.123712397955554, 53.37852419168482], [-3.1237171311551486, 53.378703928851536], [-3.123115956960063, 53.37870958783788], [-3.123125418451238, 53.3790690622278], [-3.1228248287470315, 53.37907189062275], [-3.1228484770390885, 53.37997057658921], [-3.1222472848258667, 53.3799762312931], [-3.1222661942526977, 53.38069518011026], [-3.122566795445879, 53.38069235306301], [-3.1225762529949606, 53.381051827400334], [-3.1228768566679457, 53.381048999559525], [-3.1228815867841098, 53.38122873670117], [-3.1231821916715767, 53.38122590808518], [-3.1231963861213856, 53.38176511942039], [-3.123496994754093, 53.381762289992345], [-3.1235017276045225, 53.381942027074196], [-3.122900507757426, 53.38194768521033], [-3.122895777437797, 53.38176794809164], [-3.122595168703341, 53.38177077600614], [-3.122590439699967, 53.38159103886328], [-3.1222898321800474, 53.38159386600257], [-3.1222756492711254, 53.38105465448441], [-3.1219750454964514, 53.381057480811684], [-3.1219655930086816, 53.380698006400735], [-3.1213643903681954, 53.380703656711425], [-3.1213832854242867, 53.38142260565755], [-3.1216838918313083, 53.38141978080701], [-3.121698067452925, 53.381958992401174], [-3.1219986776053044, 53.38195616673864], [-3.1220034041795537, 53.382135903906835], [-3.1223040155465247, 53.3821330774691], [-3.1223087434370327, 53.38231281461314], [-3.123511193458072, 53.38230150122065]], [[-3.1267372369341664, 53.37921479943009], [-3.126436646576109, 53.37921763692399], [-3.1264319018370985, 53.379037899940556], [-3.126732490929969, 53.37903506246515], [-3.1267372369341664, 53.37921479943009]]]}, "properties": {"kind": "max_footprint", "threshold_pct": 10.0}}]}