{"type": "FeatureCollection", "features": [{"type": "Feature", "geometry": {"type": "Polygon", "coordinates": [[[-3.0736364041562307, 53.407750055734546], [-3.0736273499768485, 53.40739057712336], [-3.073025761337566, 53.40739598586584], [-3.0730348104472114, 53.4077554645475], [-3.0736364041562307, 53.407750055734546]]]}, "properties": {"kind": "max_footprint", "threshold_pct": 4.0}}, {"type": "Feature", "geometry": {"type": "Polygon", "coordinates": [[[-3.089541813198283, 53.40616771104581], [-3.0895372193063197, 53.40598797263819], [-3.0892364364826825, 53.405990717411115], [-3.089241029107351, 53.40617045583662], [-3.089541813198283, 53.40616771104581]]]}, "properties": {"kind": "max_footprint", "threshold_pct": 4.0}}, {"type": "Feature", "geometry": {"type": "Polygon", "coordinates": [[[-3.076895217142982, 53.405743122591275], [-3.0768861361549527, 53.40538364424264], [-3.076585356336912, 53.40538635713092], [-3.0765808171834297, 53.40520661793037], [-3.075979259935364, 53.405212041399245], [-3.075983796554333, 53.40539178063513], [-3.0756830165898226, 53.405394491251045], [-3.0756875519903284, 53.405574230498864], [-3.0759883332221123, 53.4055715198653], [-3.0759928699386982, 53.405751259089755], [-3.076895217142982, 53.405743122591275]]]}, "properties": {"kind": "max_footprint", "threshold_pct": 4.0}}, {"type": "Feature", "geometry": {"type": "Polygon", "coordinates": [[[-3.0936836159746544, 53.40343313148685], [-3.0936790050848164, 53.40325339324421], [-3.0933782419620033, 53.40325614835249], [-3.09338285158476, 53.40343588661307], [-3.0936836159746544, 53.40343313148685]]]}, "properties": {"kind": "max_footprint", "threshold_pct": 4.0}}, {"type": "Feature", "geometry": {"type": "Polygon", "coordinates": [[[-3.103890960046095, 53.40262005599414], [-3.103886306276244, 53.40244031834167], [-3.1035855499157456, 53.40244309912864], [-3.103580897462948, 53.40226336145234], [-3.102377876588521, 53.40227447695415], [-3.102373229253677, 53.40209473919972], [-3.102072475177021, 53.40209751616369], [-3.1020678291591364, 53.40191777838545], [-3.101767076299462, 53.401920554573984], [-3.101771721050383, 53.402100292370314], [-3.1014709668737748, 53.40210306781956], [-3.1014756104076855, 53.40228280562823], [-3.101776365851272, 53.40228003016091], [-3.10178101070213, 53.40245976794577], [-3.1020817673627388, 53.402456991703], [-3.1020864135305732, 53.402636729464064], [-3.103890960046095, 53.40262005599414]]]}, "properties": {"kind": "max_footprint", "threshold_pct": 4.0}}, {"type": "Feature", "geometry": {"type": "Polygon", "coordinates": [[[-3.108882290359533, 53.39789949363034], [-3.1088776163582783, 53.39771975613756], [-3.1085768937876685, 53.39772254932658], [-3.1085722211033135, 53.39754281180988], [-3.107670056889815, 53.39755118677898], [-3.1076747257743036, 53.397730924350235], [-3.108276171166794, 53.39772534175836], [-3.10828084263478, 53.39790507928751], [-3.108882290359533, 53.39789949363034]]]}, "properties": {"kind": "max_footprint", "threshold_pct": 4.0}}, {"type": "Feature", "geometry": {"type": "Polygon", "coordinates": [[[-3.085439407043023, 53.39865430645319], [-3.0854302563937073, 53.39829482868774], [-3.0863324430496575, 53.398286621664475], [-3.0863232849970395, 53.39792714398307], [-3.0860225586943533, 53.3979298803791], [-3.0860134033721, 53.39757040263917], [-3.0857126795535077, 53.39757313824232], [-3.085717255923351, 53.397752877132966], [-3.085115805605169, 53.39775834610316], [-3.085120379490889, 53.39793808502372], [-3.0845189264425423, 53.39794355100052], [-3.084523497844083, 53.39812328995095], [-3.0842227699794478, 53.398126021821284], [-3.0842273401634572, 53.39830576078379], [-3.084528069294799, 53.39830302889566], [-3.0845372123437618, 53.39866250676792], [-3.085439407043023, 53.39865430645319]]]}, "properties": {"kind": "max_footprint", "threshold_pct": 4.0}}, {"type": "Feature", "geometry": {"type": "Polygon", "coordinates": [[[-3.118965380898563, 53.39241196539977], [-3.1189606653541033, 53.39223222835641], [-3.1180586166173514, 53.392240681236856], [-3.1180633283632058, 53.39242041833527], [-3.118965380898563, 53.39241196539977]]]}, "properties": {"kind": "max_footprint", "threshold_pct": 4.0}}, {"type": "Feature", "geometry": {"type": "Polygon", "coordinates": [[[-3.096413931525605, 53.39262124466123], [-3.0964093109482427, 53.39244150625485], [-3.0961086243215257, 53.39244426785758], [-3.0961132436326326, 53.392624006281935], [-3.096413931525605, 53.39262124466123]]]}, "properties": {"kind": "max_footprint", "threshold_pct": 4.0}}, {"type": "Feature", "geometry": {"type": "Polygon", "coordinates": [[[-3.1174525413766374, 53.392066575564286], [-3.1174384141921507, 53.391527364107425], [-3.1171377361418915, 53.39153017863262], [-3.1171518595278864, 53.3920693901445], [-3.1174525413766374, 53.392066575564286]]]}, "properties": {"kind": "max_footprint", "threshold_pct": 4.0}}, {"type": "Feature", "geometry": {"type": "Polygon", "coordinates": [[[-3.0954795512902815, 53.39137135790963], [-3.0954749348592765, 53.39119161940925], [-3.0951742569469674, 53.391194378614884], [-3.0951788721118088, 53.391374117133246], [-3.0954795512902815, 53.39137135790963]]]}, "properties": {"kind": "max_footprint", "threshold_pct": 4.0}}, {"type": "Feature", "geometry": {"type": "Polygon", "coordinates": [[[-3.1040550014489274, 53.38571913114902], [-3.104050349850665, 53.385539392994325], [-3.103449075354215, 53.38554495343505], [-3.103453724421038, 53.385724691625946], [-3.1040550014489274, 53.38571913114902]]]}, "properties": {"kind": "max_footprint", "threshold_pct": 4.0}}, {"type": "Feature", "geometry": {"type": "Polygon", "coordinates": [[[-3.103449075354215, 53.38554495343505], [-3.103439777370564, 53.385185477036046], [-3.1031391425787374, 53.38518825608487], [-3.1031484380309875, 53.38554773252006], [-3.103449075354215, 53.38554495343505]]]}, "properties": {"kind": "max_footprint", "threshold_pct": 4.0}}, {"type": "Feature", "geometry": {"type": "Polygon", "coordinates": [[[-3.1061454882455353, 53.385160431536775], [-3.106140827937614, 53.384980693491805], [-3.105539561736119, 53.38498626442024], [-3.105534904009638, 53.38480652633326], [-3.105234272099407, 53.38480931064402], [-3.1052296156886645, 53.38462957253316], [-3.1046283542492867, 53.38463513884778], [-3.104633008128732, 53.384814876994916], [-3.1049336401391003, 53.38481209419789], [-3.1049382953342586, 53.38499183232114], [-3.105238928560227, 53.384989048749134], [-3.105243585071124, 53.38516878684852], [-3.1061454882455353, 53.385160431536775]]]}, "properties": {"kind": "max_footprint", "threshold_pct": 4.0}}, {"type": "Feature", "geometry": {"type": "Polygon", "coordinates": [[[-3.106131507472128, 53.38462121738466], [-3.1061268473145587, 53.38444147932248], [-3.1058262180358023, 53.3844442651107], [-3.1058308769277376, 53.384624003191036], [-3.106131507472128, 53.38462121738466]]]}, "properties": {"kind": "max_footprint", "threshold_pct": 4.0}}, {"type": "Feature", "geometry": {"type": "Polygon", "coordinates": [[[-3.1067187804944743, 53.384076429406484], [-3.1067141179560696, 53.38389669136341], [-3.1073153685690293, 53.38389111459785], [-3.107310703549613, 53.38371137658538], [-3.1067094554678056, 53.383716953314625], [-3.106704793029682, 53.3835372152601], [-3.1061035472784413, 53.383542788925666], [-3.1061128671425466, 53.383902265101575], [-3.1064134925743714, 53.38389947861092], [-3.106418153847186, 53.38407921667215], [-3.1067187804944743, 53.384076429406484]]]}, "properties": {"kind": "max_footprint", "threshold_pct": 4.0}}, {"type": "Feature", "geometry": {"type": "Polygon", "coordinates": [[[-3.110002288505935, 53.38314703025913], [-3.1099929361394065, 53.38278755450993], [-3.109692318903215, 53.382790349973554], [-3.109682969268792, 53.38243087416502], [-3.109382354513294, 53.38243366883542], [-3.10937768103695, 53.38225393090436], [-3.1090770674966546, 53.382256724799774], [-3.109072395336017, 53.38207698684477], [-3.1093730076108628, 53.382074192967565], [-3.109368334235033, 53.38189445502505], [-3.1096689451941892, 53.381891660409224], [-3.1096642706031945, 53.381711922479184], [-3.108762441371235, 53.38172030400162], [-3.1087671121659666, 53.381900041986285], [-3.1084665010560846, 53.38190283433169], [-3.108485179675479, 53.38262178628568], [-3.108785795847187, 53.38261899386752], [-3.108790466893068, 53.3827987318235], [-3.109091084280034, 53.382795938630345], [-3.109100429053512, 53.383155414488726], [-3.110002288505935, 53.38314703025913]]]}, "properties": {"kind": "max_footprint", "threshold_pct": 4.0}}, {"type": "Feature", "geometry": {"type": "Polygon", "coordinates": [[[-3.110265489839849, 53.381706331013596], [-3.1102561357470675, 53.38134685520911], [-3.109955528684678, 53.381349651283884], [-3.109950852979107, 53.38116991335483], [-3.1096502471318157, 53.38117270865462], [-3.109645572741889, 53.38099297070164], [-3.109344968109697, 53.38099576522644], [-3.1093543144090714, 53.38135524116309], [-3.1096549215720075, 53.38135244660187], [-3.1096642706031945, 53.381711922479184], [-3.110265489839849, 53.381706331013596]]]}, "properties": {"kind": "max_footprint", "threshold_pct": 4.0}}, {"type": "Feature", "geometry": {"type": "Polygon", "coordinates": [[[-3.115056447512783, 53.380942539847695], [-3.115051750396907, 53.38076280221739], [-3.114751147936911, 53.38076561034572], [-3.1147558437874494, 53.38094534799431], [-3.115056447512783, 53.380942539847695]]]}, "properties": {"kind": "max_footprint", "threshold_pct": 4.0}}, {"type": "Feature", "geometry": {"type": "Polygon", "coordinates": [[[-3.118240614718572, 53.376238425274764], [-3.118221776151763, 53.375519474928446], [-3.1179212109368066, 53.37552229084929], [-3.117940044443785, 53.37624124126896], [-3.118240614718572, 53.376238425274764]]]}, "properties": {"kind": "max_footprint", "threshold_pct": 4.0}}, {"type": "Feature", "geometry": {"type": "Polygon", "coordinates": [[[-3.0877737999937462, 53.4076220763413], [-3.087764626677168, 53.40726259939743], [-3.08746383468589, 53.40726533975051], [-3.0874592493690045, 53.407085601252135], [-3.086556876901356, 53.40709381771277], [-3.086547714019756, 53.40673434059184], [-3.087149290644724, 53.40672886378028], [-3.0871401228909536, 53.40636938670781], [-3.087741694249313, 53.40636390693767], [-3.0877371079117815, 53.40618416842855], [-3.0889402449670076, 53.406173199869954], [-3.0889310623016577, 53.40581372297747], [-3.08953262546378, 53.40580823422482], [-3.0895372193063197, 53.40598797263819], [-3.089838002080531, 53.405985227107784], [-3.0898425972397874, 53.40616496549752], [-3.090143381231853, 53.406162219191756], [-3.090147977707857, 53.406341957557906], [-3.0904487629177724, 53.406339210476766], [-3.09045336071055, 53.40651894881928], [-3.090754147138319, 53.40651620096278], [-3.0907587462478965, 53.406695939281676], [-3.091059533893513, 53.406693190649776], [-3.0910641343199186, 53.40687292894506], [-3.0913649231833835, 53.40687017953777], [-3.0913695249266437, 53.4070499178094], [-3.094076633874399, 53.4070251388953], [-3.094072020724949, 53.40684540078506], [-3.094372809092693, 53.40684264380287], [-3.0943681947255386, 53.406662905704856], [-3.0946689817762985, 53.406660147983125], [-3.094664366191469, 53.40648040989738], [-3.0943635804080305, 53.406483167601124], [-3.0943497377533804, 53.40594395325562], [-3.094048955722186, 53.40594671014804], [-3.0940443428705264, 53.405766972003455], [-3.092540438306735, 53.405780745013786], [-3.0925358318409923, 53.40560100677379], [-3.0919342722029737, 53.405606510639835], [-3.0919250644891267, 53.405247034070946], [-3.092225841798429, 53.405244282552495], [-3.092202817044643, 53.40434559111976], [-3.091601275048432, 53.404351093220015], [-3.091615082148999, 53.40489030820434], [-3.0910135323516497, 53.404895807382374], [-3.0910089324696655, 53.404716069024154], [-3.0907081587639453, 53.40471881745912], [-3.0907035601986323, 53.40453907907729], [-3.0904027877106186, 53.4045418267369], [-3.0903981904619484, 53.404362088331446], [-3.0900974191916437, 53.40436483521575], [-3.0900928232595897, 53.40418509678668], [-3.0903935932627378, 53.40418234992027], [-3.090388996112988, 53.40400261150339], [-3.0912913020242025, 53.40399436641335], [-3.0912959029753764, 53.404174104776544], [-3.0921982122425136, 53.404165852816035], [-3.0921936074899237, 53.40398611450661], [-3.092795144219394, 53.403980609448375], [-3.0927997515062557, 53.404160347721955], [-3.0934012905717254, 53.4041548395982], [-3.0934059004424532, 53.40433457783018], [-3.0940074418438366, 53.404329066640855], [-3.0940120542984832, 53.40450880483123], [-3.0943128261919064, 53.404506048082474], [-3.0943174399633513, 53.40468578624914], [-3.094618213074309, 53.404683028725], [-3.0946228281625787, 53.40486276686799], [-3.095224376769897, 53.404857249511515], [-3.0952289944422167, 53.40503698761284], [-3.095529769938561, 53.40503422778046], [-3.0955343889277733, 53.405213965858074], [-3.096135942305786, 53.40520844388505], [-3.0961405638791426, 53.40538818192098], [-3.0964413417607943, 53.405385419780316], [-3.096436718920215, 53.40520568176237], [-3.0967374954849065, 53.40520291888224], [-3.096732871426855, 53.405023180876576], [-3.097033646674591, 53.40502041725701], [-3.0970290213990923, 53.40484067926361], [-3.0967282474185516, 53.40484344286518], [-3.096723623459996, 53.404663704848055], [-3.0964228506968885, 53.4046664676742], [-3.096418228055249, 53.40448672963336], [-3.0961174565095764, 53.40448949168408], [-3.096112835184824, 53.40430975361952], [-3.0955112944786465, 53.40431527541272], [-3.0955066757378975, 53.40413553730648], [-3.0952059065774087, 53.40413829704896], [-3.09520128915348, 53.40395855891904], [-3.094599753217747, 53.40396407609582], [-3.0945951383777297, 53.403784337924215], [-3.093993604777635, 53.40378985203545], [-3.0939843803149416, 53.40343037560324], [-3.0936836159746544, 53.40343313148685], [-3.093688226914098, 53.40361286972377], [-3.092785929794371, 53.40362113288404], [-3.0927813226562098, 53.403441394593315], [-3.09248055811758, 53.403444147447324], [-3.092475952296066, 53.403264409132944], [-3.0918744256043302, 53.40326991253296], [-3.0918698223665055, 53.403090174176995], [-3.091569060213415, 53.40309292472299], [-3.0915644582921713, 53.40291318634339], [-3.091263697356629, 53.40291593611408], [-3.0912590967519367, 53.40273619771085], [-3.090657577266471, 53.4027416949443], [-3.0906529792453354, 53.40256195649952], [-3.0903522206954275, 53.40256470396227], [-3.0903476239907772, 53.402384965493894], [-3.0900468666584366, 53.402387712181394], [-3.0900422712702444, 53.4022079736894], [-3.091245295234823, 53.4021969824668], [-3.091249895691034, 53.402376720887204], [-3.091550652825486, 53.40237397117025], [-3.091555254598206, 53.402553709566995], [-3.0921567712526064, 53.402548207825156], [-3.0921613756088933, 53.40272794618034], [-3.0927628945992103, 53.402722441373115], [-3.092767501539115, 53.402902179686755], [-3.0933690228652617, 53.40289667181413], [-3.0933736323888374, 53.403076410086186], [-3.093674394244586, 53.40307365499585], [-3.0936790050848164, 53.40325339324421], [-3.094280531181614, 53.403247880755515], [-3.0942897580792383, 53.403607357163246], [-3.0948912890458393, 53.40360184157312], [-3.0948774411713904, 53.403062627060685], [-3.0951782027789783, 53.40305986818344], [-3.0951828199545304, 53.40323960634201], [-3.095784345554796, 53.403234086279376], [-3.0957889653141706, 53.40341382439626], [-3.0960897293068337, 53.40341106321088], [-3.0960943503829985, 53.40359080130406], [-3.096395115593032, 53.40358803934329], [-3.0963997379860126, 53.40376777741276], [-3.0973020371189803, 53.40375948693209], [-3.09730666336303, 53.403939224941816], [-3.0985097332452356, 53.40392816029188], [-3.0985051019327448, 53.403748422354234], [-3.0988058680116546, 53.40374565431625], [-3.098801235481895, 53.40356591639089], [-3.099402764955999, 53.403560378078815], [-3.099398129941917, 53.40338064018381], [-3.099698893337098, 53.40337786990972], [-3.099694257105817, 53.40319813202706], [-3.0984912082942233, 53.403209208506894], [-3.0984958394572395, 53.40338894646173], [-3.097292784780193, 53.40340001089544], [-3.0972742806998528, 53.402681058753494], [-3.0969735219743355, 53.402683822896435], [-3.096978146652739, 53.402863560958494], [-3.0966773866104385, 53.40286632436206], [-3.0966727631990647, 53.40268658628198], [-3.096372004374056, 53.40268934891016], [-3.09636738227944, 53.402509610806355], [-3.096066624671723, 53.402512372659174], [-3.096052762487204, 53.40197315825945], [-3.0966542700509647, 53.4019676339044], [-3.096658893263384, 53.40214737200738], [-3.0969596482376427, 53.40214460867582], [-3.0969642727667877, 53.40232434675506], [-3.097565785100018, 53.402318817783865], [-3.0975704122129213, 53.402498555821396], [-3.0981719268810357, 53.402493023784686], [-3.098176556577747, 53.40267276178046], [-3.098778073580663, 53.402667226678254], [-3.098782705861236, 53.402846964632225], [-3.099684984792888, 53.402838656244505], [-3.0996803487112374, 53.402658918344635], [-3.099981106988364, 53.40265614738536], [-3.0999764696895795, 53.40247640949782], [-3.099374955619474, 53.40248195062291], [-3.099370320904574, 53.402302212693556], [-3.0990695650617193, 53.402304982102], [-3.0990649316636634, 53.40212524414887], [-3.0987641770379466, 53.402128012781944], [-3.098754912925304, 53.40176853682245], [-3.0975519040599804, 53.40177960363696], [-3.097542650282175, 53.401420127510406], [-3.0972419004752494, 53.40142289228465], [-3.0972372749279304, 53.401243154194766], [-3.0969365263381667, 53.401245918193666], [-3.0969319021075163, 53.40106618008006], [-3.096631154734911, 53.40106894330363], [-3.0966265318209025, 53.40088920516631], [-3.096325785665461, 53.40089196761454], [-3.0963165425203907, 53.40053249128673], [-3.0972187732362597, 53.40052420177802], [-3.0972233985845397, 53.4007039398908], [-3.0978248880134154, 53.400698409729046], [-3.0978202601314058, 53.40051867165231], [-3.0984217468274085, 53.40051313849733], [-3.0984263772431473, 53.40069287653805], [-3.0987271217833006, 53.40069010880658], [-3.0987317535157293, 53.40086984682353], [-3.0990324992729303, 53.40086707831671], [-3.0990371323220764, 53.40104681630989], [-3.0993378792963258, 53.401044047027725], [-3.0993425136622177, 53.40122378499716], [-3.099643261853513, 53.4012210149396], [-3.099647897536175, 53.401400752885266], [-3.0999486469445157, 53.401397982052316], [-3.099953283943978, 53.40157771997422], [-3.100254034569361, 53.40157494836589], [-3.10025867288565, 53.40175468626401], [-3.1005594247280754, 53.40175191388028], [-3.1005640643612176, 53.40193165175461], [-3.101466323389819, 53.401923330005154], [-3.101461679955819, 53.40174359218503], [-3.1020631831912335, 53.40173804060149], [-3.102053891405372, 53.401378565016365], [-3.1029561382820305, 53.4013702320695], [-3.1029514886633445, 53.401190494322634], [-3.102349993329386, 53.40119605034168], [-3.1023406993096234, 53.40083657475838], [-3.1017392088432505, 53.400842127675794], [-3.1017438532943715, 53.40102186550646], [-3.101443106719349, 53.40102464084727], [-3.101438463535111, 53.40084490299849], [-3.1011377181770214, 53.40084767756389], [-3.101133076309604, 53.400667939691324], [-3.1005315879773714, 53.400673486514044], [-3.1005269486936062, 53.40049374859961], [-3.1002262057194794, 53.40049652085694], [-3.100216929835347, 53.40013704497481], [-3.1017206315383987, 53.40012317629576], [-3.101725275789669, 53.400302914149364], [-3.1023267586549124, 53.40029736134047], [-3.102331405489826, 53.40047709915217], [-3.1029328906887934, 53.400471543277874], [-3.1029282413201997, 53.40029180550236], [-3.1038304649429764, 53.40028346606544], [-3.103825811823924, 53.4001037283385], [-3.10472803119572, 53.40009538214022], [-3.1047233743263, 53.39991564446193], [-3.1050241127499154, 53.39991286089937], [-3.1050287708861415, 53.40009259855952], [-3.105930989656687, 53.40008424327367], [-3.1059263277200437, 53.39990450566793], [-3.105625589446801, 53.39990729150237], [-3.1056162682575343, 53.39954781623745], [-3.105315532467724, 53.3995506012783], [-3.1053108732150596, 53.3993708636191], [-3.1050101386418936, 53.39937364788455], [-3.104996164984843, 53.398834434818156], [-3.104695434161785, 53.398837218271936], [-3.104676808387297, 53.39811826736404], [-3.104376082580915, 53.39812104998805], [-3.104366772527511, 53.3977615744635], [-3.104968219023582, 53.39775600853072], [-3.1049635615387317, 53.3975762707961], [-3.105264283444992, 53.39757348671199], [-3.105268942196471, 53.39775322442847], [-3.1055696653192464, 53.39775043956901], [-3.1055743253874835, 53.397930177261635], [-3.1058750497267713, 53.397927391626766], [-3.1058797111117937, 53.39810712929553], [-3.1064811621732344, 53.39810155571782], [-3.106485826141736, 53.398281293344546], [-3.1070872795358255, 53.398275716701555], [-3.1071012793425226, 53.39881492943837], [-3.1074020097643538, 53.3988121399265], [-3.1074066777337066, 53.398991877475815], [-3.107707409372042, 53.39898908718851], [-3.1077120786583428, 53.399168824713904], [-3.10801281151318, 53.39916603365116], [-3.107998800004807, 53.39862682111229], [-3.107698070950124, 53.3986296121205], [-3.107693401814508, 53.39844987457791], [-3.1073926739762894, 53.3984526648107], [-3.1073833383890785, 53.398093189671954], [-3.107984788948605, 53.398087608521855], [-3.107980118697016, 53.397907870980234], [-3.107679394709016, 53.397910661915745], [-3.1076747257743036, 53.397730924350235], [-3.106772557308922, 53.39773929255881], [-3.1067678922243065, 53.39755955493305], [-3.1064671705687537, 53.397562342803276], [-3.1064578430832794, 53.3972028674983], [-3.1061571239107697, 53.397205654575004], [-3.106152461509869, 53.39702591689574], [-3.107054615077126, 53.39701755344846], [-3.1070592812777815, 53.397197291073226], [-3.108262157064342, 53.39718612913651], [-3.1082668283815766, 53.39736586668286], [-3.1088682685066042, 53.39736028113484], [-3.1088635946561824, 53.39718054362486], [-3.1085628758853945, 53.397183336759305], [-3.108558203351831, 53.397003599225414], [-3.1088589208560378, 53.397000806109176], [-3.108854247106169, 53.396821068587755], [-3.1091549632935367, 53.396818274732496], [-3.1091456134115325, 53.396458799708846], [-3.1088448997572535, 53.39646159352771], [-3.108840226158208, 53.39628185598909], [-3.10914093854596, 53.39627906218843], [-3.1091362637306763, 53.39609932466227], [-3.109436974801633, 53.39609653012264], [-3.1094322987701375, 53.395916792608965], [-3.1103344278816727, 53.39590840450155], [-3.1103391077126537, 53.39608814196058], [-3.1106398185823316, 53.396085344392205], [-3.1106538621768838, 53.3966245566803], [-3.110353147507642, 53.39662735430335], [-3.1103578275399886, 53.39680709173946], [-3.1100571115538567, 53.39680988862354], [-3.1100711481532284, 53.39734910095216], [-3.109469708430524, 53.397354692557926], [-3.1094743848644355, 53.39753443002578], [-3.1103765481728116, 53.39752604142665], [-3.1103812284568804, 53.397705778834116], [-3.1112833951119905, 53.3976973833653], [-3.111278711028074, 53.39751764601252], [-3.1109779901266883, 53.397520445241106], [-3.1109733073597616, 53.39734070786436], [-3.1112740269945465, 53.39733790865401], [-3.111264659078647, 53.396978433919784], [-3.111565376129885, 53.39697563398867], [-3.111560690980953, 53.39679589663118], [-3.111259975196273, 53.39679869654405], [-3.111236556540153, 53.395900009579535], [-3.110635137484856, 53.39590560695139], [-3.110630456437734, 53.39572586950482], [-3.1118332892808938, 53.395714671805344], [-3.1118286032182643, 53.39553493442599], [-3.1115278963495134, 53.39553773496837], [-3.1115232116037412, 53.39535799756504], [-3.1109218002479793, 53.395363596341866], [-3.110917118085472, 53.395183858896324], [-3.1106164135984757, 53.39518665713076], [-3.110611732752758, 53.39500691966127], [-3.110311029481839, 53.39500971712032], [-3.1103063499528827, 53.39482997962691], [-3.110005647898039, 53.394832776310594], [-3.1100009696858164, 53.39465303879321], [-3.110301670474261, 53.39465024212773], [-3.1102969910459737, 53.394470504622824], [-3.111199089310092, 53.39446211013821], [-3.111203772537532, 53.39464184758845], [-3.1115044731245574, 53.3946390478944], [-3.111509157668768, 53.39481878532066], [-3.1118098594718004, 53.394815984851235], [-3.1118145453328103, 53.39499572225352], [-3.1121152483518477, 53.39499292100869], [-3.1121246227579364, 53.395352395759595], [-3.112425328259413, 53.395349593721114], [-3.1124300168045336, 53.3955293310697], [-3.1127307235220254, 53.39552652825582], [-3.1127401032965043, 53.3958860028993], [-3.1136422307450458, 53.39587758980507], [-3.113632843371766, 53.395518115271166], [-3.1139335498873897, 53.39551530942861], [-3.1139288550100366, 53.395335572171334], [-3.114229560208714, 53.395332765589906], [-3.1142201680726624, 53.39497329109472], [-3.113919465406831, 53.394976097639585], [-3.1139147706809784, 53.394796360365135], [-3.113313367730643, 53.39480197114688], [-3.1133086755880695, 53.39462223383014], [-3.112707274968635, 53.39462784154679], [-3.112702585409289, 53.394448104187795], [-3.1121011871208424, 53.39445370883936], [-3.1120965001446725, 53.394273971438125], [-3.1123971980477423, 53.39427116950915], [-3.112387821713951, 53.39391169472598], [-3.1120871263435737, 53.39391449661846], [-3.1120824395186446, 53.393734759200015], [-3.1117817453641807, 53.39373756031712], [-3.111777059855976, 53.39355782287471], [-3.111476366917428, 53.39356062321647], [-3.1114716827259223, 53.393380885750084], [-3.1135765233728474, 53.39336126758622], [-3.113571830367734, 53.39318153024189], [-3.1144739003749495, 53.393173111155605], [-3.114478597178905, 53.393352848445105], [-3.114779288346569, 53.39335004055054], [-3.114783986467338, 53.39352977781603], [-3.115084678850761, 53.39352696914603], [-3.1150893782883684, 53.393706706387505], [-3.1156907654361694, 53.39370108673963], [-3.115686063465952, 53.39352134953475], [-3.1159867556976906, 53.39351853859346], [-3.1159773493764136, 53.39315906420315], [-3.116278039025, 53.393156252541345], [-3.1162733346739806, 53.39297651535592], [-3.1165740230057035, 53.39297370295534], [-3.116578728622985, 53.39315344012247], [-3.1171801076670995, 53.39314781301339], [-3.1171753995172984, 53.39296807588291], [-3.1168747112868154, 53.39297088979768], [-3.1168370580409963, 53.39153299240075], [-3.1171377361418915, 53.39153017863262], [-3.1171330284478307, 53.391350441450534], [-3.1174337052319534, 53.391347626943656], [-3.117428996322403, 53.39116788977415], [-3.117729671789756, 53.391165074528566], [-3.117724961664746, 53.39098533737168], [-3.118025635815329, 53.39098252138739], [-3.1180209244748833, 53.39080278424309], [-3.1195242881369705, 53.39078869305788], [-3.1195290058078755, 53.3909684301104], [-3.1201303534498, 53.39096278830035], [-3.1201209130943965, 53.39060331426307], [-3.1198202418309764, 53.39060613550985], [-3.1198155229954874, 53.39042639846423], [-3.1204168629394338, 53.39042075525036], [-3.1204215843070475, 53.39060049225924], [-3.1207222554689182, 53.3905976694984], [-3.1207175328352452, 53.39041793250789], [-3.1210182026802613, 53.39041510900842], [-3.1210040312859078, 53.389875898057696], [-3.1204026991412785, 53.38988154418932], [-3.120388535800124, 53.38934233307664], [-3.1200878734496156, 53.389345154951826], [-3.1200831537034146, 53.3891654178844], [-3.1215864586182422, 53.38915130103059], [-3.12158173259305, 53.38897156404939], [-3.121882392157632, 53.38896873842607], [-3.121858756464546, 53.38807005352598], [-3.12215940964875, 53.38806722723773], [-3.122154681396786, 53.38788749025889], [-3.122755985080892, 53.38788183544831], [-3.122751254348077, 53.3877020985006], [-3.1230519048479697, 53.38769926997831], [-3.1230471729001934, 53.387519533043246], [-3.1227465236661387, 53.38752236154711], [-3.122737062454893, 53.38716288762295], [-3.123037709157316, 53.387160059155946], [-3.1230329773622114, 53.38698032220367], [-3.123333622747948, 53.38697749299814], [-3.123314691013365, 53.38625854520537], [-3.12421661167599, 53.38625005326846], [-3.1242118750724166, 53.38607031636124], [-3.124512513925704, 53.38606748422024], [-3.1244983006235274, 53.385528273519455], [-3.1247989356287715, 53.3855254406769], [-3.124789457817418, 53.38516596688457], [-3.1250900902403744, 53.38516313332203], [-3.1250853501455023, 53.384983396435715], [-3.1253859812518425, 53.38498056213477], [-3.125381239942317, 53.38480082526118], [-3.1256818697320425, 53.38479799022183], [-3.125672384734748, 53.38443851649432], [-3.12597301194226, 53.38443568073507], [-3.125963524617812, 53.38407620702153], [-3.126264149243155, 53.38407337054235], [-3.1262594043918943, 53.38389363369545], [-3.1265600277006564, 53.383890796477885], [-3.12655053562014, 53.38353132280384], [-3.1268511563467913, 53.38352848486642], [-3.1268464091175763, 53.38334874803925], [-3.1271470285276615, 53.38334590936349], [-3.1271327833498592, 53.382806698903025], [-3.1274333989124243, 53.3828038595259], [-3.12742864935649, 53.382624122712755], [-3.127729263602521, 53.38262128259734], [-3.127724512832218, 53.38244154579695], [-3.1280251257617158, 53.38243870494321], [-3.1280156218435264, 53.38207923136219], [-3.1283162321910796, 53.38207638978869], [-3.1283019729008767, 53.38153717942962], [-3.128602579401154, 53.38153433715487], [-3.128597825141283, 53.38135460037553], [-3.128898430325074, 53.3813517573625], [-3.1288889194280274, 53.38099228382367], [-3.1291895220300034, 53.380989440090914], [-3.1291800088068786, 53.380629966566126], [-3.129480608827084, 53.38062712211366], [-3.129475851026956, 53.38044738536119], [-3.129776449730709, 53.380444540170515], [-3.1297621728415, 53.379905329934196], [-3.130062767698294, 53.37990248404238], [-3.130058007572336, 53.37972274730399], [-3.1303586011127105, 53.37971990067399], [-3.130349078483925, 53.37936042721706], [-3.1306496694426746, 53.3793575798674], [-3.1306449069398865, 53.37917784314888], [-3.1309454965822336, 53.379174995061064], [-3.130931205585639, 53.37863578492663], [-3.1312317913812713, 53.37863293613777], [-3.131222261776061, 53.37827346272321], [-3.131522844990201, 53.37827061321478], [-3.1315037813342324, 53.37755166639095], [-3.131804359436774, 53.37754881620008], [-3.131794825386169, 53.37718934279082], [-3.132095400907362, 53.377186491880416], [-3.1320667923957393, 53.37610807162618], [-3.131766224464494, 53.37611092242523], [-3.131728092772369, 53.374673028282785], [-3.132028650584445, 53.37467017763228], [-3.132000046378921, 53.3735917568956], [-3.132300596550935, 53.37358890559991], [-3.1322958280979942, 53.37340916880893], [-3.1319952791907313, 53.373412020086036], [-3.1319905120537994, 53.37323228327077], [-3.132291059696322, 53.37322943201218], [-3.13226721845696, 53.37233074794241], [-3.1319666771379295, 53.37233359910813], [-3.13195714353034, 53.37197412540286], [-3.1316566046893617, 53.37197697577496], [-3.1316518392270716, 53.371797238895155], [-3.13135130159949, 53.3718000884922], [-3.131346537453053, 53.37162035158809], [-3.131046001038868, 53.37162320041007], [-3.131041238208259, 53.37144346348169], [-3.1307407030074734, 53.371446311528615], [-3.1307359414926603, 53.37126657457593], [-3.130435407505277, 53.37126942184783], [-3.1304306473062353, 53.37108968487087], [-3.129228515903383, 53.37110106631948], [-3.1292237608137903, 53.37092132926266], [-3.128021633651254, 53.37093269853349], [-3.1280263836825606, 53.37111243566433], [-3.1259226503305064, 53.37113230289314], [-3.1259273915607624, 53.3713120401476], [-3.125025786994087, 53.371320543382275], [-3.1250305244815006, 53.37150028068638], [-3.1247299882594497, 53.37150311360341], [-3.1247347245331762, 53.3716828509202], [-3.1241336494070824, 53.37168851452164], [-3.1241383832024585, 53.37186825186958], [-3.123837844298427, 53.37187108255396], [-3.1238425768800484, 53.372050819914605], [-3.1235420366604845, 53.372053649860895], [-3.1235467680283233, 53.37223338723422], [-3.1238473095125525, 53.3722305572695], [-3.123852042195937, 53.37241029461864], [-3.1241525848939613, 53.37240746387898], [-3.124166787043538, 53.372946675836715], [-3.1238662405514015, 53.3729495066317], [-3.1238709734383256, 53.373129243957884], [-3.12357042563057, 53.37313207401475], [-3.123575157303636, 53.373311811353666], [-3.123274608180261, 53.373314640672405], [-3.1232793386394393, 53.373494378023985], [-3.1229787882004425, 53.373497206604604], [-3.122974059006025, 53.373317469234614], [-3.1223729605050274, 53.373323124089346], [-3.1223965943376983, 53.37422181106604], [-3.1226971499375633, 53.3742189839249], [-3.1227160629779127, 53.3749379333293], [-3.1224155023186437, 53.37494076054407], [-3.122406048226523, 53.37458128581654], [-3.1221054900461596, 53.374584112237926], [-3.122086587531102, 53.37386516264034], [-3.121485481136562, 53.373870813066155], [-3.1214996503577277, 53.37441002538335], [-3.12119909328982, 53.374412849516574], [-3.1212085371614675, 53.374772324402784], [-3.121509096759085, 53.374769500232766], [-3.12151854336358, 53.375128975059226], [-3.121217981236201, 53.37513179926602], [-3.1212227033497246, 53.37531153668905], [-3.1209221399066727, 53.37531436015763], [-3.1209363027570984, 53.37585357244742], [-3.1212368699949384, 53.375850748923675], [-3.1212415923115597, 53.37603048632375], [-3.1215421607635805, 53.376027662024995], [-3.1215516080791033, 53.376387136771115], [-3.1218521790102867, 53.37638431167896], [-3.1218569040092303, 53.37656404902502], [-3.122157476154604, 53.376561223157815], [-3.1221622024693607, 53.37674096047974], [-3.122462775828924, 53.3767381338375], [-3.1224722311409554, 53.37709760842732], [-3.1218710793108952, 53.37710326102878], [-3.1218663541595335, 53.37692352369994], [-3.1212652046563156, 53.376929173238], [-3.1212604820858094, 53.37674943586662], [-3.119757613764491, 53.37676354637851], [-3.1197623300098685, 53.37694328384177], [-3.11946175492839, 53.37694610369258], [-3.119466469959438, 53.37712584116847], [-3.1188653171143135, 53.37713147863684], [-3.1188606046133525, 53.37695174112424], [-3.118560029379821, 53.37695455870509], [-3.11855531819456, 53.37677482116839], [-3.118254744175403, 53.37677763797426], [-3.118245324486874, 53.37641816284699], [-3.1179447529470967, 53.37642097885952], [-3.117949461501036, 53.376600716444365], [-3.117348315739598, 53.37660634623616], [-3.117353021814126, 53.37678608385191], [-3.1170524475924783, 53.37678889763118], [-3.1170665623245366, 53.377328110499], [-3.117367140341327, 53.377325296664786], [-3.117376552945814, 53.37768477184467], [-3.117677133442163, 53.37768195721712], [-3.1176865487792913, 53.37804143233742], [-3.1179871317552346, 53.378038616916534], [-3.1179965498251163, 53.37839809197722], [-3.118297135280693, 53.37839527576295], [-3.1183018456567417, 53.37857501326635], [-3.1180012589360095, 53.37857782949894], [-3.1180059680975396, 53.37875756701493], [-3.117404791973842, 53.378763197246684], [-3.1174000853426493, 53.37858345969402], [-3.1167989115468506, 53.37858908686231], [-3.116803615647702, 53.37876882445163], [-3.116202439119232, 53.378774448629756], [-3.1162071407402956, 53.37895418624995], [-3.115906551135033, 53.37895699722227], [-3.1159112515414535, 53.37913673485504], [-3.115610660620447, 53.379139545088925], [-3.1155918643587452, 53.37842059445025], [-3.1158924502190293, 53.37841778428955], [-3.1158877500147764, 53.37823804663383], [-3.1161883345593737, 53.37823523573474], [-3.1161836331405297, 53.37805549809161], [-3.115883049861065, 53.37805830897241], [-3.1158783497578915, 53.37787857130521], [-3.1146760211952547, 53.37788980718834], [-3.114680716237947, 53.378069544928685], [-3.114380132705922, 53.37807235202604], [-3.114389520412474, 53.37843182752611], [-3.11408893429969, 53.37843463390334], [-3.1140936269635118, 53.378614371663026], [-3.114394214341459, 53.378611565267526], [-3.114412990562141, 53.379330516175855], [-3.1150141752881755, 53.37932490096851], [-3.1150188719999967, 53.379504638644676], [-3.1147182783969942, 53.379507446645015], [-3.1147229738940756, 53.37968718433374], [-3.1132199987957443, 53.37970121307584], [-3.113215309624894, 53.379521475295775], [-3.112914715719151, 53.379524278755746], [-3.112910027863957, 53.37934454095166], [-3.11260943517304, 53.37934734363665], [-3.112604748633477, 53.37916760580859], [-3.112304157157389, 53.379170407718604], [-3.1123182131315548, 53.37970962124034], [-3.1126188084033526, 53.37970681927558], [-3.1126328686267946, 53.38024603269097], [-3.1135346655272325, 53.38023762209197], [-3.1135299749398215, 53.380057884347366], [-3.114431767590447, 53.38004946699245], [-3.1144270732576533, 53.3798697292969], [-3.114727669441649, 53.37986692201674], [-3.1147323650397136, 53.380046659694], [-3.115032962438489, 53.38004385163881], [-3.1150376593523323, 53.380223589292065], [-3.1147370606882725, 53.38022639736554], [-3.114741756387324, 53.38040613503133], [-3.1150423563166814, 53.38040332693957], [-3.11504705333154, 53.38058306458135], [-3.1153476544757015, 53.380580255714555], [-3.115357051187607, 53.38093973094432], [-3.115056447512783, 53.380942539847695], [-3.115065841896067, 53.38130201509111], [-3.114765235640013, 53.38130482327429], [-3.114769931642042, 53.38148456090568], [-3.1144693240701105, 53.381487368350385], [-3.1144787136948637, 53.38184684363253], [-3.114178103541643, 53.381849650357005], [-3.1141921845611167, 53.38238886329205], [-3.1135909565106497, 53.38239447458026], [-3.113586265317919, 53.38221473690444], [-3.1129850395965617, 53.3822203451289], [-3.1129756624241653, 53.381860869687024], [-3.112675052018717, 53.381863672627546], [-3.1126703647735594, 53.381683934879746], [-3.112369755583117, 53.381686737045236], [-3.1123510121680398, 53.380967785923715], [-3.112651616296966, 53.38096498383122], [-3.1126375554687375, 53.38042577048463], [-3.1123369551358055, 53.3804285725224], [-3.112327584032912, 53.38006909689283], [-3.1120269861801915, 53.38007189813735], [-3.112031670441154, 53.38025163597323], [-3.11173107127277, 53.38025443647925], [-3.111759170304333, 53.38133286348359], [-3.1114585634935485, 53.38133566334225], [-3.1114632455763522, 53.38151540117448], [-3.111763853652523, 53.38151260129758], [-3.111773220499992, 53.381872076908365], [-3.110570777769991, 53.38188327202106], [-3.110575456207552, 53.38206300989074], [-3.111176680204087, 53.38205741381153], [-3.111181361222848, 53.38223715163908], [-3.111782587548918, 53.38223155249623], [-3.111791954799308, 53.38259102806116], [-3.1114913391305232, 53.382593828047455], [-3.1114960215657836, 53.382773565839535], [-3.1111954045811614, 53.382776365087246], [-3.1112094483925423, 53.38331557848383], [-3.110908827561045, 53.38331837702939], [-3.1109275482854506, 53.38403732821751], [-3.110626922341384, 53.384040126079114], [-3.110622243350366, 53.38386038827246], [-3.110321618621561, 53.38386318535902], [-3.1103169409464293, 53.383683447528426], [-3.1094150702549523, 53.383691834192376], [-3.1094103964267896, 53.38351209630143], [-3.1091097740279783, 53.38351489032421], [-3.10910510151562, 53.38333515240932], [-3.108503859098353, 53.383340738147965], [-3.108513199111111, 53.38370021404473], [-3.108212575296034, 53.38370300581516], [-3.1082172441121743, 53.38388274377312], [-3.108517869192822, 53.383879951984504], [-3.1085272095069123, 53.384239427846886], [-3.108226581895078, 53.38424221967187], [-3.1082312508618446, 53.38442195761261], [-3.107930621934185, 53.38442474869891], [-3.107939957487086, 53.384784224599606], [-3.1076393259779587, 53.38478701496539], [-3.1076439925640496, 53.384966752925315], [-3.107343359739081, 53.38496954255237], [-3.1073480251096894, 53.38514928052473], [-3.1070473909688765, 53.385152069413074], [-3.107052055123974, 53.38533180739787], [-3.1064507841605127, 53.38533738294021], [-3.106460107558364, 53.385696858965225], [-3.10585883133154, 53.38570243155258], [-3.1058681498669922, 53.38606190762726], [-3.106469431156756, 53.38605633496732], [-3.106474093031155, 53.386236072959775], [-3.1067747348665917, 53.38623328547629], [-3.106779398056896, 53.38641302344485], [-3.1070800411079493, 53.38641023518628], [-3.1070893701705864, 53.386769711069924], [-3.1061874332722557, 53.386778073683786], [-3.1061920940813974, 53.38695781167147], [-3.1064927410301273, 53.3869550248723], [-3.1064974031552177, 53.38713476283612], [-3.1070986994338865, 53.38712918693065], [-3.107103364140788, 53.387308924852405], [-3.107404013470712, 53.38730613574612], [-3.1074086794936298, 53.387485873643975], [-3.107709330039218, 53.38748308376256], [-3.107713997378179, 53.38766282163652], [-3.107413345566729, 53.387665611536114], [-3.107418011690013, 53.387845349422534], [-3.106816705384827, 53.387850926987156], [-3.1068073782519163, 53.38749145113595], [-3.10650672755582, 53.387494238746534], [-3.106516052156991, 53.38785371463404], [-3.106215398879014, 53.38785650152396], [-3.106220059988922, 53.38803623947725], [-3.105919405394922, 53.38803902562836], [-3.1059147455509044, 53.38785928765692], [-3.1056140921726803, 53.3878620730329], [-3.105604775166735, 53.387502597036516], [-3.1053041242701536, 53.38750538161929], [-3.1052948099963036, 53.38714590556375], [-3.105595458361196, 53.38714312101725], [-3.1055768253513043, 53.38642416890992], [-3.105276182049631, 53.38642695338387], [-3.105271525188172, 53.38624721532459], [-3.104670240966132, 53.386252781965474], [-3.1047074770070644, 53.38769068656942], [-3.105008129269674, 53.38768790348244], [-3.105012785265939, 53.38786764151401], [-3.105313438744353, 53.387864857651934], [-3.1053180960565863, 53.38804459565966], [-3.1056187507508066, 53.3880418110225], [-3.105623409379035, 53.38822154900635], [-3.105022097408693, 53.38822711756], [-3.105017441312277, 53.388047379539856], [-3.104716786517891, 53.38805016266311], [-3.1047121317374473, 53.387870424619145], [-3.1044114781588945, 53.38787320696728], [-3.104402171279938, 53.38751373082588], [-3.104101520183089, 53.38751651238086], [-3.104096868084536, 53.38733677428347], [-3.103796218203508, 53.38733955506336], [-3.1037869166881698, 53.38698007881513], [-3.1040875640375276, 53.38697729807147], [-3.104078260190641, 53.38661782183656], [-3.103476970505144, 53.38662338249454], [-3.103481619871968, 53.386803120651074], [-3.1031809736884064, 53.38680589986278], [-3.103194918291412, 53.38734511435231], [-3.1028942682603695, 53.38734789286137], [-3.102898915295495, 53.38752763103117], [-3.102598263948617, 53.38753040880138], [-3.1026075556370465, 53.38788988516], [-3.1029082095156837, 53.38788710735363], [-3.1029175039357915, 53.38824658365316], [-3.1032181602962594, 53.38824380505362], [-3.103227457448159, 53.38860328129404], [-3.102626139613511, 53.388608837808526], [-3.1026214935444423, 53.388429099654985], [-3.1014188623393903, 53.38844020352781], [-3.1014235033446895, 53.38861994175366], [-3.102325480621226, 53.388611614930284], [-3.1023301254743076, 53.38879135309617], [-3.10383342626567, 53.388777459827054], [-3.103838077498543, 53.38895719789674], [-3.1041387387727615, 53.38895441695385], [-3.1041433913216365, 53.38913415499968], [-3.1038427287814407, 53.3891369359607], [-3.103861334413299, 53.38985588815926], [-3.1032599990547376, 53.38986144795511], [-3.103246052351923, 53.38932223370617], [-3.1029453883956957, 53.38932501241428], [-3.102950035980627, 53.38950475052108], [-3.102649370708405, 53.389507528490284], [-3.1026540170773, 53.38968726660944], [-3.102353350489084, 53.38969004383973], [-3.1023719314001803, 53.39040899633149], [-3.1017705879454196, 53.39041454866566], [-3.1017752307659165, 53.390594286810455], [-3.101474557697533, 53.39059706186004], [-3.10147919930186, 53.39077680001718], [-3.1011785249174464, 53.39077957432781], [-3.1011738845792265, 53.39059983615261], [-3.100873211411012, 53.390602609688145], [-3.100863933416474, 53.39024313328446], [-3.1005632627305397, 53.39024590602682], [-3.1005493499111023, 53.38970669132414], [-3.1008500167988733, 53.389703918635966], [-3.1008361006303016, 53.38916470393591], [-3.100535437540568, 53.389167476569924], [-3.1005308001834777, 53.38898773830707], [-3.099929476386373, 53.38899328126802], [-3.099934111211489, 53.389173019567], [-3.0996334479721677, 53.38917578993001], [-3.099638081581132, 53.38935552824129], [-3.0984354230616185, 53.389366602195494], [-3.098444680300864, 53.38972607894511], [-3.0993466818613644, 53.38971777450678], [-3.099351314353796, 53.38989751281893], [-3.0996519827070426, 53.389894743140744], [-3.099661250373508, 53.39025421971178], [-3.099961921209043, 53.39025144924049], [-3.0999665563831167, 53.39043118749936], [-3.1002672284348836, 53.39042841625299], [-3.1002765014648004, 53.39078789271746], [-3.100577175998904, 53.390785120677975], [-3.1005818138547894, 53.39096485888355], [-3.0999804622044684, 53.39097040224161], [-3.0999758268808306, 53.39079066399992], [-3.0996751522470043, 53.390793434525335], [-3.0996705182393307, 53.390613696259884], [-3.0993698448217737, 53.3906164660102], [-3.09936521213004, 53.390436727720974], [-3.099064539928753, 53.390439496696224], [-3.0990599085529316, 53.39025975838324], [-3.0987592375679167, 53.39026252658344], [-3.0987731280465267, 53.390801741559315], [-3.0984724532134145, 53.390804509056544], [-3.0984817112492222, 53.391163985714556], [-3.098782388614603, 53.39116121818127], [-3.0987777583056646, 53.390981479873155], [-3.099379110354725, 53.39097594257147], [-3.0993837431959435, 53.39115568084354], [-3.0996844204118754, 53.391152911039086], [-3.0996890545690774, 53.39133264928737], [-3.0993883760869934, 53.39133541910988], [-3.099402275059124, 53.39187463387449], [-3.099101592728667, 53.39187740299401], [-3.0990969609543195, 53.391697664726834], [-3.098796279840238, 53.39170043307126], [-3.098791649381891, 53.39152069478033], [-3.0975889294923915, 53.39153176051526], [-3.097584304148522, 53.39135202214651], [-3.097283625317911, 53.39135478666958], [-3.0972790012899485, 53.391175048277134], [-3.096978323675759, 53.39117781202512], [-3.096973700963677, 53.390998073608934], [-3.096673024565912, 53.39100083658187], [-3.09667764601185, 53.391180575016044], [-3.095775612721934, 53.39118885944654], [-3.0957848481659314, 53.39154833640564], [-3.0963862088069005, 53.39154281413712], [-3.096390829135776, 53.3917225525721], [-3.096691510647913, 53.39171979028426], [-3.0966961322926836, 53.39189952869554], [-3.0975981803293777, 53.39189123723555], [-3.097602805822497, 53.392070975587096], [-3.0973021219271186, 53.392073740182184], [-3.097306746203766, 53.392253478546024], [-3.097006060992425, 53.39225624240201], [-3.097010684052569, 53.392435980778124], [-3.096709997525262, 53.39243874389502], [-3.096714619368879, 53.39261848228342], [-3.096413931525605, 53.39262124466123], [-3.0964231728294274, 53.392980721456794], [-3.0967238632052507, 53.392977959043016], [-3.0967284851980077, 53.39315769741422], [-3.097029176790413, 53.39315493422532], [-3.0970338000991937, 53.393334672572806], [-3.097334492908177, 53.39333190860881], [-3.0973483669319055, 53.3938711235629], [-3.0970476703239167, 53.39387388758094], [-3.097043046865945, 53.39369414925063], [-3.096441656033486, 53.39369967497926], [-3.0964370351579182, 53.393519936607234], [-3.0961363409334637, 53.39352269831789], [-3.096131721373922, 53.39334295992215], [-3.0958310283661024, 53.39334572085767], [-3.095826410122559, 53.39316598243824], [-3.095525718331377, 53.393168742598675], [-3.0955118676976436, 53.39262952725207], [-3.0952111796556543, 53.39263228660149], [-3.0952019486806264, 53.39227280963919], [-3.0949012631214967, 53.392275568195565], [-3.09489664897468, 53.39209582968787], [-3.0945959646321506, 53.392098587469185], [-3.094600577512735, 53.39227832599485], [-3.0942998918543587, 53.39228108303707], [-3.0943045035183134, 53.39246082157496], [-3.094003816544088, 53.39246357787804], [-3.094008426991386, 53.39264331642818], [-3.093707738701308, 53.39264607199208], [-3.0937123479319215, 53.392825810554434], [-3.094313726995035, 53.39282029863359], [-3.0943183388078017, 53.393000037154316], [-3.094619029531245, 53.392997280040284], [-3.094623642659918, 53.39317701853734], [-3.094924334600042, 53.393174260648244], [-3.0949381780827654, 53.393713476051154], [-3.094036090716597, 53.39372174760873], [-3.0940314799717448, 53.393542009092954], [-3.0937307853501586, 53.3935447647466], [-3.093726175921231, 53.393365026207135], [-3.093124789061988, 53.39337053520722], [-3.093138609899451, 53.393909750916045], [-3.093439307152889, 53.39390699674078], [-3.0934485238250584, 53.39426647381552], [-3.0928471242031152, 53.39427198148069], [-3.0928425183750177, 53.394092242910325], [-3.0925418197561103, 53.39409499558924], [-3.0925234020045362, 53.393376041178776], [-3.0916213210469534, 53.39338429445775], [-3.091644324364829, 53.394282987725305], [-3.091945024398665, 53.39428023729986], [-3.0919542286050454, 53.394639714531], [-3.092254931122198, 53.394636963312585], [-3.0922595345660713, 53.39481670190165], [-3.0913574230668273, 53.39482495333917], [-3.0913436242815022, 53.394285737393595], [-3.090742223966441, 53.39429123445872], [-3.0907835988620467, 53.39590888246322], [-3.091084310442439, 53.395906134148134], [-3.0910889091668468, 53.396085872768786], [-3.090186770477743, 53.39609411549619], [-3.090182175552918, 53.39591437682182], [-3.0898814638242076, 53.395917122865356], [-3.089876870215325, 53.3957373841674], [-3.089275449142711, 53.39574287394708], [-3.089280040218561, 53.3959226126808], [-3.0895807520460834, 53.395919868151665], [-3.0895853444378494, 53.39609960686179], [-3.088983918200356, 53.39610509519859], [-3.0889793283416522, 53.395925356452736], [-3.0886786164153723, 53.395928099467476], [-3.0886740278725586, 53.395748360698036], [-3.088373317163438, 53.39575110293771], [-3.0883687299364877, 53.395571364144686], [-3.0880680204445317, 53.39557410560933], [-3.0880863645822942, 53.39629306081854], [-3.088387079140357, 53.396290319282464], [-3.0883916665646884, 53.3964700580526], [-3.0880909507400642, 53.39647279960653], [-3.088100123203605, 53.39683227716538], [-3.0877994047964843, 53.396835017997795], [-3.087803989835652, 53.39701475678648], [-3.0869018305186073, 53.39702297479396], [-3.086906411807246, 53.397202713630456], [-3.086605690669699, 53.39720545146967], [-3.0866148508615447, 53.39756492916116], [-3.08691557453237, 53.39756219128628], [-3.0869201559688566, 53.39774193010564], [-3.0875216056959616, 53.39773645204848], [-3.087507853934482, 53.39719723568035], [-3.088109295864483, 53.39719175470134], [-3.088118468722706, 53.39755123221441], [-3.0878177452490934, 53.397553973118235], [-3.0878269157713403, 53.39791345064416], [-3.0881276417782786, 53.397910709704625], [-3.0881322283800734, 53.39809044844113], [-3.0878315011064505, 53.39809318939853], [-3.0878360864908867, 53.39827292814718], [-3.0863324430496575, 53.398286621664475], [-3.086341601299309, 53.398646099322995], [-3.0860408699297888, 53.398648835790326], [-3.0860591819531664, 53.39936779111005], [-3.085758445467343, 53.39937052689137], [-3.085763022329512, 53.399550265724855], [-3.085462284527655, 53.39955300076671], [-3.0854577089322848, 53.39937326191542], [-3.0851569723480052, 53.39937599618218], [-3.085170695481344, 53.39991521277226], [-3.0854714358660633, 53.39991247845207], [-3.0854760116091025, 53.40009221728618], [-3.0857767532114355, 53.40008948219088], [-3.0857859073789107, 53.400448959806305], [-3.085485163242856, 53.40045169493724], [-3.085494315073516, 53.40081117256543], [-3.084892821586191, 53.40081664062658], [-3.0848973950415424, 53.40099637946771], [-3.084295898823595, 53.40100184453513], [-3.0842913279020623, 53.40082210565839], [-3.083990580986231, 53.40082483703831], [-3.083986011380768, 53.40064509813807], [-3.083685265682677, 53.40064782874285], [-3.083666992819864, 53.39992887301359], [-3.0830655114111805, 53.39993433180899], [-3.083042684106403, 53.39903563684096], [-3.082441215169313, 53.39904109242944], [-3.0824457779984855, 53.399220831470025], [-3.082145042189528, 53.39922355814609], [-3.0821541654615308, 53.399583036245616], [-3.081853427069901, 53.399585762199926], [-3.081857987512691, 53.399765501258855], [-3.0815572478051796, 53.39976822647361], [-3.081566366304256, 53.400127704609844], [-3.0818671085454508, 53.400124979359575], [-3.081876229774457, 53.400484457437436], [-3.082176974500326, 53.40048173139436], [-3.082186098459375, 53.400841209413834], [-3.082486845669958, 53.4008384825779], [-3.0824959723591627, 53.401197960539], [-3.082796722054497, 53.401195232910204], [-3.0828058514739696, 53.40155471081289], [-3.0831066036540955, 53.401551982391226], [-3.0831111697044618, 53.40173172131621], [-3.083411923102433, 53.40172899211941], [-3.0834210578845105, 53.4020884699167], [-3.082819545971492, 53.40209392762404], [-3.0828149810898755, 53.401914188692714], [-3.0825142263266914, 53.401916916392565], [-3.0825233536050276, 53.402276394285046], [-3.0822225962587395, 53.40227912126306], [-3.082227158704528, 53.402458860218495], [-3.0819264000421316, 53.402461586456894], [-3.0819218388633667, 53.40228184748371], [-3.0816210814189247, 53.40228457294698], [-3.081611961742617, 53.40192509494796], [-3.0813112067831305, 53.40192781961836], [-3.081306648285547, 53.401748080592526], [-3.0810058945440058, 53.40175080448783], [-3.0810013373624336, 53.401571065438546], [-3.0807005848388394, 53.40157378855876], [-3.0806914731566786, 53.40121431040753], [-3.080390723117979, 53.40121703273491], [-3.0803952776676065, 53.40139677183111], [-3.0800945263129624, 53.40139949341889], [-3.0800990796446266, 53.40157923252709], [-3.079798326974037, 53.40158195337523], [-3.07980287908771, 53.40176169249545], [-3.0801036330252773, 53.40175897162958], [-3.0801127399335355, 53.40211844981742], [-3.080413496356107, 53.40211572815874], [-3.0804180511507333, 53.40229546722635], [-3.080117293461147, 53.402298188902755], [-3.080121847037745, 53.40247792798239], [-3.0798210880321406, 53.40248064891916], [-3.079825640390684, 53.40266038801079], [-3.0795248800690596, 53.40266310820788], [-3.079529431209521, 53.402842847311526], [-3.0792286695718762, 53.402845566768946], [-3.0792332194942276, 53.40302530588457], [-3.0789324565405605, 53.40302802460233], [-3.0789415539979297, 53.40338750285187], [-3.079242319485784, 53.4033847840987], [-3.0792468695549893, 53.40356452319718], [-3.079848402918056, 53.403559083383215], [-3.079852955570466, 53.403738822440545], [-3.081056026777236, 53.403727933652775], [-3.0810651423661564, 53.40408741160846], [-3.0807643721036952, 53.404090134977004], [-3.0807598155518674, 53.403910395984276], [-3.080158277414193, 53.40391584041362], [-3.0801673854982345, 53.40427531846427], [-3.0795658420959446, 53.40428075993486], [-3.0795612905637584, 53.40410102087694], [-3.0789597494999277, 53.40410645928236], [-3.0789552005510186, 53.4039267201833], [-3.078353661825737, 53.403932155523634], [-3.0783491154600533, 53.403752416383455], [-3.078048347291179, 53.403755132899796], [-3.078043802241536, 53.40357539373621], [-3.077743035290894, 53.403578109477436], [-3.0777612107142565, 53.40429706616825], [-3.0780619827335003, 53.40429435035625], [-3.0780665279787427, 53.40447408949698], [-3.077464981356994, 53.4044795203989], [-3.077460438646124, 53.404299781222804], [-3.076858894363254, 53.40430520905962], [-3.076877055362327, 53.40502416587116], [-3.0771778325970214, 53.40502145226077], [-3.077182374236151, 53.40520119143168], [-3.0780847094487265, 53.40519304600273], [-3.078111983120838, 53.40627148058989], [-3.077510411153888, 53.40627691184558], [-3.0775194976998184, 53.40663639006636], [-3.0772187091083274, 53.40663910459334], [-3.0772141670782713, 53.40645936546812], [-3.0766125922834013, 53.40646479221427], [-3.0766080528368884, 53.406285053047995], [-3.076307266633523, 53.406287765267166], [-3.0763118048126983, 53.4064675044511], [-3.0760110172931667, 53.40647021593044], [-3.076015554253816, 53.40664995512631], [-3.075714765418119, 53.40665266586584], [-3.075710229724822, 53.40647292665229], [-3.075409442107678, 53.406475636616655], [-3.0754049077305226, 53.40629589737974], [-3.0751041213319334, 53.40629860656896], [-3.0750950552586196, 53.405939128042704], [-3.0747942713459, 53.40594183643914], [-3.074789739649701, 53.405762097149804], [-3.0741881742126105, 53.40576751163501], [-3.0741927033742042, 53.4059472509596], [-3.073891919315257, 53.40594995708362], [-3.073896447258265, 53.40612969642015], [-3.0741972325845306, 53.40612699027851], [-3.0742017618435864, 53.40630672959169], [-3.074502548388451, 53.40630402267493], [-3.0745116095874567, 53.406663501248886], [-3.0748123986182763, 53.40666079353938], [-3.074816930558267, 53.40684053280015], [-3.07541851100835, 53.40683511507334], [-3.075423045531867, 53.407014854293095], [-3.0757238369511137, 53.407012144275775], [-3.075728372790815, 53.40719188347218], [-3.074825994584533, 53.40720001130456], [-3.074830526670808, 53.40737975054817], [-3.075432114725266, 53.407374332715484], [-3.0754411841138265, 53.40773381111503], [-3.082660286349891, 53.40766855992802], [-3.0826511561251277, 53.40730908237858], [-3.0817487774934675, 53.40731726253233], [-3.081730532841812, 53.40659830715169], [-3.081429744935917, 53.40660103228357], [-3.0814251851630274, 53.40642129340637], [-3.082026758391066, 53.4064158424206], [-3.0820313206986327, 53.406595581262295], [-3.0823321085063675, 53.40659285461542], [-3.082336672130374, 53.406772593433644], [-3.08263746115636, 53.40676986601151], [-3.0826420260968335, 53.40694960480626], [-3.0829428163410686, 53.406946876608856], [-3.082947382598035, 53.407126615380086], [-3.083248174060518, 53.40712388640742], [-3.083252741634005, 53.40730362515517], [-3.0835535343147344, 53.40730089540721], [-3.083562672143967, 53.40766037285001], [-3.0877737999937462, 53.4076220763413]], [[-3.0847475567742872, 53.406930491516995], [-3.084145976826579, 53.40693595624427], [-3.0841414055492917, 53.40675621753842], [-3.0838406167690158, 53.406758948748035], [-3.0838223372209983, 53.40603999379637], [-3.0841231209319635, 53.40603726265794], [-3.0841185499005834, 53.405857523923515], [-3.0862240256284967, 53.405838384869824], [-3.08622860553091, 53.40601812347958], [-3.085927822164493, 53.406020859920325], [-3.0859324008488795, 53.406200598542185], [-3.085631616165898, 53.40620333424329], [-3.0856361936322307, 53.406383072877254], [-3.085335407632682, 53.406385807838696], [-3.0853445601784237, 53.40674528512508], [-3.0847429829622786, 53.40675075284674], [-3.0847475567742872, 53.406930491516995]], [[-3.0766262109159883, 53.40700400967879], [-3.0760246283215595, 53.407009433500974], [-3.076015554253816, 53.40664995512631], [-3.0763163430406997, 53.40664724362933], [-3.0763208813175287, 53.406826982801824], [-3.0766216713229504, 53.40682427052966], [-3.0766262109159883, 53.40700400967879]], [[-3.09316504602617, 53.40667392901692], [-3.091961896533331, 53.40668494020918], [-3.091957292354432, 53.40650520196192], [-3.091656506124674, 53.40650795284836], [-3.091651903262628, 53.406328214577464], [-3.09105033318919, 53.40633371404206], [-3.091036532503921, 53.405794499087605], [-3.0907357511948232, 53.40579724762998], [-3.090726553519954, 53.40543777092923], [-3.091027332294537, 53.405435022422665], [-3.091031932374482, 53.405614760758], [-3.0913327123668246, 53.40561201147607], [-3.0913373137635234, 53.40579174978777], [-3.091938876134196, 53.405786248915696], [-3.0919434801149532, 53.40596598718583], [-3.093748173641362, 53.405949466282976], [-3.093757396958991, 53.406308942590854], [-3.0934566122939695, 53.40631169800423], [-3.0934612227598994, 53.40649143616753], [-3.0931604367779606, 53.40649419084138], [-3.09316504602617, 53.40667392901692]], [[-3.0889310623016577, 53.40581372297747], [-3.0883294989419436, 53.40581920870026], [-3.088324910217902, 53.40563947020969], [-3.088926471043078, 53.40563398452265], [-3.0889310623016577, 53.40581372297747]], [[-3.088324910217902, 53.40563947020969], [-3.087723349195247, 53.40564495286689], [-3.0877187630550886, 53.40546521433492], [-3.0883203215432307, 53.40545973171342], [-3.088324910217902, 53.40563947020969]], [[-3.083507848117945, 53.405503507850206], [-3.083207068110505, 53.40550623742036], [-3.08320250102842, 53.40532649861543], [-3.083503279768607, 53.40532376906305], [-3.083507848117945, 53.405503507850206]], [[-3.0871034538485347, 53.40493147818922], [-3.086501902569162, 53.40493695464405], [-3.0864927408704843, 53.40457747738586], [-3.086793514000424, 53.404574739572844], [-3.086798096092311, 53.40475447818696], [-3.087098870440144, 53.40475173959866], [-3.0871034538485347, 53.40493147818922]], [[-3.0786771701108866, 53.40482813375882], [-3.078376394387866, 53.404830851138776], [-3.07837184777761, 53.404651112027175], [-3.078672622233421, 53.404648394664925], [-3.0786771701108866, 53.40482813375882]], [[-3.0864927408704843, 53.40457747738586], [-3.0861919676912613, 53.40458021444145], [-3.0861828087240633, 53.40422073712473], [-3.0864835793689416, 53.40421800010479], [-3.0864927408704843, 53.40457747738586]], [[-3.07837184777761, 53.404651112027175], [-3.078071073272884, 53.40465382863197], [-3.0780665279787427, 53.40447408949698], [-3.078367301216271, 53.40447137290987], [-3.07837184777761, 53.404651112027175]], [[-3.0897920532069953, 53.40418784289566], [-3.0894912831049677, 53.404190588247246], [-3.089482096457741, 53.40383111130041], [-3.0900836315438176, 53.403825619911395], [-3.0900882273769805, 53.404005358351895], [-3.0897874585915277, 53.40400810444299], [-3.0897920532069953, 53.40418784289566]], [[-3.0861828087240633, 53.40422073712473], [-3.0858820380299163, 53.40422347338726], [-3.0858774598873713, 53.40404373470248], [-3.0861782293143665, 53.404040998457795], [-3.0861828087240633, 53.40422073712473]], [[-3.0858774598873713, 53.40404373470248], [-3.0852759208856324, 53.40404920491962], [-3.085271345326621, 53.403869466193505], [-3.0849705770190456, 53.403872200148136], [-3.0849660027763868, 53.403692461398485], [-3.0846652356867277, 53.4036951945779], [-3.084651517055324, 53.40315597824127], [-3.0849522803436824, 53.40315324511527], [-3.0849568544387074, 53.40333298388208], [-3.0852576189449428, 53.40333024998087], [-3.085262194356278, 53.40350998872412], [-3.0855629600803884, 53.4035072540477], [-3.0855675368080604, 53.403686992767454], [-3.085868303750045, 53.40368425731581], [-3.0858774598873713, 53.40404373470248]], [[-3.082268222925507, 53.40407651056007], [-3.08196745285927, 53.4040792369583], [-3.0819628912388457, 53.403899498036566], [-3.082263660037933, 53.403896771656086], [-3.082268222925507, 53.40407651056007]], [[-3.0918836322285506, 53.40362938922771], [-3.091582866274209, 53.40363213982747], [-3.0915782642044327, 53.403452401465024], [-3.091879028891678, 53.403449650883196], [-3.0918836322285506, 53.40362938922771]], [[-3.0879736709640975, 53.403665087946926], [-3.0873721377209042, 53.40367056869652], [-3.0873675533905707, 53.403490830083754], [-3.0867660224843125, 53.40349630776802], [-3.086756859039959, 53.403136830453995], [-3.087358384877866, 53.40313135284109], [-3.08736296910956, 53.403311091465305], [-3.0876637332216212, 53.40330835150491], [-3.087668318769728, 53.40348809010552], [-3.08796908409955, 53.403485349369895], [-3.0879736709640975, 53.403665087946926]], [[-3.0915782642044327, 53.403452401465024], [-3.0912774994676786, 53.403455151289464], [-3.0912728987144984, 53.403275412903405], [-3.0915736621841696, 53.403272663096864], [-3.0915782642044327, 53.403452401465024]], [[-3.0954651093071686, 53.4025178940927], [-3.095164351550357, 53.40252065367342], [-3.095155117646299, 53.40216117730478], [-3.0954558728691093, 53.40215841776003], [-3.0954651093071686, 53.4025178940927]], [[-3.081329441263895, 53.40264677566455], [-3.0807279210616474, 53.402652222875176], [-3.080718808791318, 53.402292744792575], [-3.0813203239254285, 53.40228729765289], [-3.081329441263895, 53.40264677566455]], [[-3.0942574648061183, 53.402349189636], [-3.0936559513796973, 53.40235470194515], [-3.093651340787483, 53.40217496366818], [-3.0930498296966533, 53.402180472912015], [-3.0930313979595123, 53.40146151960335], [-3.093632898914627, 53.40145601050305], [-3.0936375093084414, 53.4016357488029], [-3.0939382609785517, 53.40163299309879], [-3.093942872688922, 53.401812731374996], [-3.094243625576375, 53.40180997489559], [-3.0942482386033285, 53.401989713148104], [-3.094548992708122, 53.401986955893385], [-3.094553607051686, 53.40216669412223], [-3.0942528516799097, 53.402169451394904], [-3.0942574648061183, 53.402349189636]], [[-3.0960481418584505, 53.40179342011476], [-3.0957473892689644, 53.40179618113829], [-3.09574276995687, 53.40161644296988], [-3.0951412671627287, 53.4016219627089], [-3.095136650434208, 53.40144222449883], [-3.0948359002295707, 53.401444983214354], [-3.094831284817643, 53.40126524498059], [-3.095733531481766, 53.401256966615925], [-3.0957381506944714, 53.40143670479576], [-3.0960389007500684, 53.40143394380821], [-3.0960481418584505, 53.40179342011476]], [[-3.0894177954615274, 53.40131477203186], [-3.0879140455738714, 53.401328485999095], [-3.087904873177036, 53.40096900869056], [-3.0876041255852797, 53.400971749176264], [-3.0875995407277714, 53.40079201049557], [-3.0872987943535946, 53.4007947502061], [-3.0872942108122974, 53.40061501150184], [-3.087895700977549, 53.40060953135914], [-3.087900287052623, 53.40078927002769], [-3.0888025257311096, 53.40078104408013], [-3.0888071156562247, 53.400960782689396], [-3.08910786305055, 53.40095803917437], [-3.0891124542919566, 53.40113777776005], [-3.0894132029038026, 53.40113503346978], [-3.0894177954615274, 53.40131477203186]], [[-3.0984124861453695, 53.40015366239875], [-3.0975102636277443, 53.40016196088712], [-3.097505637161913, 53.399982222775165], [-3.0972048974899704, 53.39998498740535], [-3.0971910221914865, 53.39944577298116], [-3.0974917580630352, 53.39944300840501], [-3.0974825055792876, 53.39908353212961], [-3.0977832388675424, 53.39908076683219], [-3.0977878663512874, 53.39926050495474], [-3.0980886008565194, 53.399257738882035], [-3.098097858506906, 53.399617215073945], [-3.098398595495893, 53.39961444820791], [-3.0984124861453695, 53.40015366239875]], [[-3.1038211587549314, 53.399923990605856], [-3.1020167262610583, 53.39994066244682], [-3.10201208084291, 53.39976092459987], [-3.1017113431857437, 53.39976370057142], [-3.1016834793267836, 53.39868527326087], [-3.1010820190636355, 53.39869082271521], [-3.101068095408719, 53.39815160887418], [-3.1013688217651834, 53.398148834579864], [-3.101373464200242, 53.39832857251452], [-3.101674191773446, 53.398325797444876], [-3.101678835525138, 53.398505535355746], [-3.101979564315079, 53.398502759510755], [-3.1019842093834304, 53.3986824973978], [-3.10228493939011, 53.398679720777466], [-3.102294232210169, 53.399039196498244], [-3.102594964700315, 53.399036419084474], [-3.1025996124520647, 53.39921615691817], [-3.102900346158957, 53.399213378729044], [-3.1029049952274623, 53.39939311653892], [-3.1035064650247115, 53.39938755785263], [-3.103511116676771, 53.399567295620585], [-3.10381185276711, 53.3995645151234], [-3.1038211587549314, 53.399923990605856]], [[-3.099610813471194, 53.399962849159586], [-3.099310074147925, 53.39996561909085], [-3.0993008061639458, 53.39960614306609], [-3.0990000693244255, 53.399608912203995], [-3.098990804073391, 53.39924943612024], [-3.0992915383793633, 53.399246667018424], [-3.099296172246729, 53.39942640504511], [-3.0995969077696186, 53.39942363516798], [-3.099610813471194, 53.399962849159586]], [[-3.092980714771853, 53.39948439753236], [-3.092679978155427, 53.399487150749216], [-3.0926753721570877, 53.39930741232687], [-3.0923746367578944, 53.3993101647685], [-3.092365427443385, 53.39895068787077], [-3.0926661603090553, 53.398947935464975], [-3.0926707662082973, 53.39912767389881], [-3.0929715002911746, 53.39912492071781], [-3.092980714771853, 53.39948439753236]], [[-3.1010866603817955, 53.39887056065077], [-3.1007859289086013, 53.39887333426011], [-3.1007812888571618, 53.39869359630649], [-3.1010820190636355, 53.39869082271521], [-3.1010866603817955, 53.39887056065077]], [[-3.092365427443385, 53.39895068787077], [-3.091763961563457, 53.39895619041053], [-3.0917593595139885, 53.39877645191724], [-3.0923608228604316, 53.398770949413326], [-3.092365427443385, 53.39895068787077]], [[-3.0899457795372336, 53.39843346403596], [-3.089344320466262, 53.398438954352024], [-3.0893397286989512, 53.39825921569841], [-3.0896404569924325, 53.39825647093687], [-3.089635864007821, 53.398076732295415], [-3.089936590985203, 53.39807398679453], [-3.0899457795372336, 53.39843346403596]], [[-3.091121101622848, 53.39734404295319], [-3.0908203799098577, 53.39734679141149], [-3.0908157821057824, 53.397167052812996], [-3.0902143410646867, 53.397172547422095], [-3.0902097458432882, 53.39699280878208], [-3.0899090265151985, 53.396995554932914], [-3.0898906511902124, 53.396276600244086], [-3.0901913654519952, 53.39627385416479], [-3.0902005555487833, 53.39663333148487], [-3.091102705636882, 53.396625088596444], [-3.091111903530921, 53.39698456578626], [-3.0914126226612084, 53.39698181660655], [-3.0914172229490426, 53.39716155517496], [-3.0911165025521483, 53.397164304372595], [-3.091121101622848, 53.39734404295319]], [[-3.106152461509869, 53.39702591689574], [-3.105851743553793, 53.397028703197094], [-3.1058470824696176, 53.39684896549395], [-3.10614779915912, 53.39684617921076], [-3.106152461509869, 53.39702591689574]], [[-3.1058470824696176, 53.39684896549395], [-3.105546365729975, 53.396851751019945], [-3.1055417059624997, 53.39667201329297], [-3.1058424214355824, 53.39666922778512], [-3.1058470824696176, 53.39684896549395]], [[-3.1076467132207046, 53.396652498836815], [-3.1073459980486544, 53.39665528888786], [-3.107341330732036, 53.396475551264075], [-3.1070406167763216, 53.39647834053975], [-3.1070359507764382, 53.39629860289207], [-3.107637376104604, 53.396293023619826], [-3.1076467132207046, 53.396652498836815]], [[-3.103737412071868, 53.39668871043877], [-3.103436696248201, 53.396691490646184], [-3.1034320453966933, 53.396511752786594], [-3.10313133078955, 53.3965145322187], [-3.1031359803745056, 53.39669427009639], [-3.102835264450792, 53.39669704878941], [-3.1028259678639873, 53.396337572992095], [-3.1025252544233672, 53.39634035089173], [-3.102520607471493, 53.396160612966405], [-3.1034227438437623, 53.39615227705023], [-3.1034180931423374, 53.39597253917348], [-3.1043202252648356, 53.39596419649696], [-3.1043341889179024, 53.396503409947044], [-3.1037327599538083, 53.39650897259727], [-3.103737412071868, 53.39668871043877]], [[-3.0898906511902124, 53.396276600244086], [-3.0895899368790145, 53.396279345566164], [-3.0895853444378494, 53.39609960686179], [-3.0898860574825027, 53.39609686155758], [-3.0898906511902124, 53.396276600244086]], [[-3.10550908899361, 53.395413849043564], [-3.104907675628175, 53.39541941753375], [-3.104903018794578, 53.39523967972466], [-3.10460231330317, 53.39524246281588], [-3.1045976577861034, 53.39506272498293], [-3.104898362011073, 53.39505994190984], [-3.104893705277658, 53.394880204089276], [-3.105495111044461, 53.39487463570787], [-3.1054997703107254, 53.39505437349216], [-3.1058004743853833, 53.39505158814761], [-3.1058051349682034, 53.39523132590803], [-3.1055044296271084, 53.39523411127074], [-3.10550908899361, 53.395413849043564]], [[-3.1012991912316488, 53.3954527648727], [-3.1006977764659256, 53.39545831216213], [-3.1006884983094505, 53.39509883603156], [-3.1003877933846415, 53.39510160850438], [-3.1003785179606247, 53.394742132314796], [-3.1006792203525744, 53.39473935987807], [-3.1006838593060615, 53.394919097957676], [-3.1009845629145354, 53.39491632474574], [-3.1009892031843584, 53.395096062801535], [-3.101289908009352, 53.39509328881438], [-3.1012991912316488, 53.3954527648727]], [[-3.092856336007941, 53.39463145860429], [-3.092555633589836, 53.39463421133701], [-3.092551028929064, 53.39445447276015], [-3.0928517300807554, 53.39445172004535], [-3.092856336007941, 53.39463145860429]], [[-3.109089518343414, 53.39430194908557], [-3.108788819886534, 53.394304742686074], [-3.1087794739451526, 53.393945267465575], [-3.108478777970716, 53.39394806027256], [-3.1084741063417556, 53.393768322635516], [-3.1090754957076965, 53.393762736300786], [-3.109089518343414, 53.39430194908557]], [[-3.107558018727408, 53.393237483350084], [-3.1069566364570487, 53.39324306200461], [-3.106951971360491, 53.393063324253774], [-3.107553351098283, 53.39305774563558], [-3.107558018727408, 53.393237483350084]], [[-3.11416381949921, 53.392816443642005], [-3.1135624445089407, 53.39282205553599], [-3.1135530588520566, 53.39246258080718], [-3.113853743839969, 53.39245977527528], [-3.113844355852569, 53.39210030056005], [-3.1141450382575804, 53.392097494307635], [-3.1141403430734282, 53.3919177569597], [-3.1144410241617533, 53.391914949968495], [-3.1144598102661942, 53.392633899252665], [-3.1141591241130477, 53.392636706317], [-3.11416381949921, 53.392816443642005]], [[-3.1147417051995636, 53.39191214222019], [-3.1144410241617533, 53.391914949968495], [-3.1144363277619282, 53.3917352126331], [-3.1147370075335696, 53.39173240490311], [-3.1147417051995636, 53.39191214222019]], [[-3.113834968067122, 53.39174082582193], [-3.1129329281463005, 53.39174923992718], [-3.112928238127785, 53.3915695024947], [-3.1138302742501263, 53.39156108844425], [-3.113834968067122, 53.39174082582193]], [[-3.1159303208051328, 53.39136169190751], [-3.115328966680251, 53.39136731259372], [-3.115324266633578, 53.39118757529602], [-3.115925618226206, 53.39118195464643], [-3.1159303208051328, 53.39136169190751]], [[-3.1144081504237353, 53.390656788500415], [-3.113506133596026, 53.390665206819065], [-3.1135014413480087, 53.390485469388715], [-3.113200770237231, 53.39048827396261], [-3.113196079305745, 53.39030853650827], [-3.113797418944707, 53.39030292664], [-3.113802112408321, 53.390482664057814], [-3.1144034543774874, 53.39047705112489], [-3.1144081504237353, 53.390656788500415]], [[-3.1038845925787766, 53.39075457827854], [-3.1029825704748015, 53.39076291710833], [-3.1029779225399503, 53.39058317904163], [-3.1026772496713937, 53.39058595711939], [-3.1026726030526235, 53.39040621902886], [-3.103273946207565, 53.3904006621525], [-3.1032692971066207, 53.39022092409244], [-3.1035699673430166, 53.39021814453679], [-3.1035746177100387, 53.390397882578775], [-3.1038752891624934, 53.390395102248], [-3.1038845925787766, 53.39075457827854]], [[-3.1198155229954874, 53.39042639846423], [-3.1195148529473773, 53.39042921893562], [-3.119510135428692, 53.39024948186589], [-3.1189087977123666, 53.390255120500896], [-3.118904082776492, 53.390075383388705], [-3.118603415108293, 53.39007820155232], [-3.1185939879207103, 53.38971872727403], [-3.1188946530568744, 53.389715909147114], [-3.1188993678913284, 53.38989564627078], [-3.119200034242793, 53.38989282736851], [-3.1192047503939806, 53.39007256446806], [-3.1198060854767697, 53.390066924355764], [-3.1198155229954874, 53.39042639846423]], [[-3.113196079305745, 53.39030853650827], [-3.1128954094105774, 53.390311340306866], [-3.1128907197955975, 53.390131602828546], [-3.113191388424712, 53.3901287990482], [-3.113196079305745, 53.39030853650827]], [[-3.1059613462464277, 53.38965666711357], [-3.1056606802086693, 53.389659452670976], [-3.105656021179588, 53.38947971473295], [-3.1050546914857886, 53.38948528354049], [-3.10505003503882, 53.38930554556045], [-3.1047493713827934, 53.38930832881057], [-3.104735406140304, 53.388769114781745], [-3.1053367258064215, 53.38876354763328], [-3.10534138336911, 53.388943285612356], [-3.1056420443929977, 53.38894050088451], [-3.1056513622006157, 53.38929997678918], [-3.1059520257063586, 53.38929719126808], [-3.1059613462464277, 53.38965666711357]], [[-3.1092079083959576, 53.38728938521247], [-3.1086066102884513, 53.38729497175145], [-3.1086019392523863, 53.387115233920554], [-3.1083012913891035, 53.38711802603645], [-3.1082872823797327, 53.38657881245485], [-3.108587926445604, 53.3865760203935], [-3.1085972682665584, 53.386935496083936], [-3.108897914813789, 53.3869327032293], [-3.1089025870654354, 53.387112441047734], [-3.1092032348282324, 53.38710964741795], [-3.1092079083959576, 53.38728938521247]], [[-3.107394681575422, 53.38694665993317], [-3.1070940347771536, 53.386949449003154], [-3.1070893701705864, 53.386769711069924], [-3.1073900157030483, 53.38676692201812], [-3.107394681575422, 53.38694665993317]], [[-3.107653325886794, 53.385326228827964], [-3.107352690530471, 53.385329018491355], [-3.1073480251096894, 53.38514928052473], [-3.1076486592003283, 53.385146490879485], [-3.107653325886794, 53.385326228827964]], [[-3.1130225503030067, 53.38365824666711], [-3.112721927242686, 53.38366104979017], [-3.1127172394934455, 53.38348131209972], [-3.1124166176482624, 53.38348411444769], [-3.112411931214969, 53.383304376733236], [-3.1130131723238534, 53.38329877131696], [-3.1130225503030067, 53.38365824666711]], [[-3.112397872217469, 53.382765163555504], [-3.1120972553839508, 53.38276796507366], [-3.112092570417724, 53.38258822731806], [-3.112393185985762, 53.38258542581813], [-3.112397872217469, 53.382765163555504]]]}, "properties": {"kind": "max_footprint", "threshold_pct": 4.0}}, {"type": "Feature", "geometry": {"type": "Polygon", "coordinates": [[[-3.077245962314934, 53.407717539224556], [-3.077232335491711, 53.407178321934666], [-3.0766307505578703, 53.4071837488222], [-3.0766443697765777, 53.40772296621817], [-3.077245962314934, 53.407717539224556]]]}, "properties": {"kind": "max_footprint", "threshold_pct": 7.0}}, {"type": "Feature", "geometry": {"type": "Polygon", "coordinates": [[[-3.091966500761767, 53.40686467845071], [-3.091961896533331, 53.40668494020918], [-3.091661109036244, 53.40668769111355], [-3.091665711997338, 53.406867429373], [-3.091966500761767, 53.40686467845071]]]}, "properties": {"kind": "max_footprint", "threshold_pct": 7.0}}, {"type": "Feature", "geometry": {"type": "Polygon", "coordinates": [[[-3.086848502356893, 53.406731602564804], [-3.08684391972269, 53.4065518640136], [-3.0865431326528943, 53.40655460202281], [-3.086547714019756, 53.40673434059184], [-3.086848502356893, 53.406731602564804]]]}, "properties": {"kind": "max_footprint", "threshold_pct": 7.0}}, {"type": "Feature", "geometry": {"type": "Polygon", "coordinates": [[[-3.079014340704418, 53.406263328025204], [-3.0790097911681733, 53.40608358899473], [-3.07870900662323, 53.40608630725606], [-3.078713554892156, 53.40626604630426], [-3.079014340704418, 53.406263328025204]]]}, "properties": {"kind": "max_footprint", "threshold_pct": 7.0}}, {"type": "Feature", "geometry": {"type": "Polygon", "coordinates": [[[-3.0751086544417476, 53.40647834582353], [-3.075099588270891, 53.40611886730868], [-3.0747988030908577, 53.406121575722786], [-3.0747942713459, 53.40594183643914], [-3.0741927033742042, 53.4059472509596], [-3.0741972325845306, 53.40612699027851], [-3.0744980178620662, 53.406124283379384], [-3.074502548388451, 53.40630402267493], [-3.0748033348845722, 53.40630131500071], [-3.074807866727044, 53.406481054272895], [-3.0751086544417476, 53.40647834582353]]]}, "properties": {"kind": "max_footprint", "threshold_pct": 7.0}}, {"type": "Feature", "geometry": {"type": "Polygon", "coordinates": [[[-3.090138784805303, 53.405982480819894], [-3.090129592100561, 53.405623004059024], [-3.089528031670668, 53.40562849580576], [-3.0895372193063197, 53.40598797263819], [-3.090138784805303, 53.405982480819894]]]}, "properties": {"kind": "max_footprint", "threshold_pct": 7.0}}, {"type": "Feature", "geometry": {"type": "Polygon", "coordinates": [[[-3.0841185499005834, 53.405857523923515], [-3.084113978918383, 53.405677785183386], [-3.083813197741991, 53.40568051628624], [-3.083808628076236, 53.40550077752258], [-3.083507848117945, 53.405503507850206], [-3.083516984964074, 53.40586298540734], [-3.0841185499005834, 53.405857523923515]]]}, "properties": {"kind": "max_footprint", "threshold_pct": 7.0}}, {"type": "Feature", "geometry": {"type": "Polygon", "coordinates": [[[-3.0765898955392315, 53.40556609632577], [-3.076585356336912, 53.40538635713092], [-3.0762845764700337, 53.40538906926176], [-3.076289114405083, 53.40556880847428], [-3.0765898955392315, 53.40556609632577]]]}, "properties": {"kind": "max_footprint", "threshold_pct": 7.0}}, {"type": "Feature", "geometry": {"type": "Polygon", "coordinates": [[[-3.08320250102842, 53.40532649861543], [-3.083197933995474, 53.405146759804786], [-3.082897156473391, 53.405149488581934], [-3.0829017222390966, 53.40532922741033], [-3.08320250102842, 53.40532649861543]]]}, "properties": {"kind": "max_footprint", "threshold_pct": 7.0}}, {"type": "Feature", "geometry": {"type": "Polygon", "coordinates": [[[-3.0877141769642704, 53.40528547579719], [-3.087705004930658, 53.40492599870462], [-3.0874042294142585, 53.40492873882564], [-3.0874133989134243, 53.4052882159539], [-3.0877141769642704, 53.40528547579719]]]}, "properties": {"kind": "max_footprint", "threshold_pct": 7.0}}, {"type": "Feature", "geometry": {"type": "Polygon", "coordinates": [[[-3.094918986135616, 53.40468027044344], [-3.0949143698298256, 53.4045005323127], [-3.094613598035692, 53.404503290576315], [-3.094618213074309, 53.404683028725], [-3.094918986135616, 53.40468027044344]]]}, "properties": {"kind": "max_footprint", "threshold_pct": 7.0}}, {"type": "Feature", "geometry": {"type": "Polygon", "coordinates": [[[-3.094613598035692, 53.404503290576315], [-3.094608983046726, 53.40432355242186], [-3.0943082124701, 53.40432630991008], [-3.0943128261919064, 53.404506048082474], [-3.094613598035692, 53.404503290576315]]]}, "properties": {"kind": "max_footprint", "threshold_pct": 7.0}}, {"type": "Feature", "geometry": {"type": "Polygon", "coordinates": [[[-3.0823594909869434, 53.407671287438994], [-3.0823549271174238, 53.40749154864937], [-3.082054132972792, 53.40749427538504], [-3.082049570419782, 53.40731453657192], [-3.081147191493623, 53.40732271218061], [-3.0811426327918867, 53.40714297330853], [-3.08084184098578, 53.40714569697865], [-3.080837283600475, 53.40696595808313], [-3.0814388646288746, 53.406960510020845], [-3.0814251851630274, 53.40642129340637], [-3.082026758391066, 53.4064158424206], [-3.0820313206986327, 53.406595581262295], [-3.082632896265002, 53.40659012721107], [-3.082628331422758, 53.406410388404886], [-3.08292911786494, 53.406407660260804], [-3.0829245518044868, 53.406227921466694], [-3.0832253369302185, 53.4062251925829], [-3.0832207696515814, 53.40604545380083], [-3.082619201885609, 53.40605091077538], [-3.082614637190703, 53.40587117195208], [-3.082313854501338, 53.40587389928537], [-3.082304727793413, 53.40551442158604], [-3.082003947589504, 53.405517148126364], [-3.0819993855764434, 53.40533740925035], [-3.082300164513094, 53.405334682727805], [-3.082295601281872, 53.405154943863856], [-3.0819948236124644, 53.40515767036863], [-3.0819811380150113, 53.404618453689196], [-3.081680364098171, 53.40462117938328], [-3.0816758035977014, 53.40444144046093], [-3.081074258151221, 53.40444688954127], [-3.0810697002341705, 53.40426715057774], [-3.0804681571258943, 53.404272596592854], [-3.0804727125085893, 53.40445233559188], [-3.0807734853544173, 53.404449612945285], [-3.0807780420533133, 53.40462935192087], [-3.0810788161173095, 53.4046266284991], [-3.081087932196602, 53.404986106397615], [-3.080486378950737, 53.40499155255464], [-3.0804818234210107, 53.40481181357277], [-3.079880272513537, 53.40481725666456], [-3.079875719567236, 53.404637517641525], [-3.079274170998241, 53.404642957668095], [-3.079269620635311, 53.40446321860391], [-3.0789688475445685, 53.40446593746333], [-3.078977945784979, 53.404825415621424], [-3.0786771701108866, 53.40482813375882], [-3.0786862660126104, 53.40518761192946], [-3.0783854877551273, 53.40519032934482], [-3.078399128172904, 53.405729546611035], [-3.079000692242529, 53.40572411091665], [-3.0789961428531267, 53.40554437186904], [-3.0795977041924094, 53.4055389331802], [-3.079606808089295, 53.40589841119886], [-3.0793060249095667, 53.405901130957446], [-3.079310575664168, 53.406080869975916], [-3.0796113601112, 53.40607815019961], [-3.079620464301938, 53.40643762818397], [-3.0802220381183556, 53.40643218628806], [-3.0802265928218784, 53.40661192523623], [-3.0793242282217466, 53.40662008699705], [-3.0793196773202567, 53.40644034799571], [-3.0778157416776697, 53.406453935692035], [-3.0778202862424244, 53.406633674781865], [-3.0775194976998184, 53.40663639006636], [-3.077524041046105, 53.40681612916815], [-3.077223251187253, 53.40681884371284], [-3.077232335491711, 53.407178321934666], [-3.0781347125259066, 53.40717017592204], [-3.0781392585536533, 53.40734991497131], [-3.0784400520679815, 53.40734719810104], [-3.0784491468050588, 53.407706676147086], [-3.0796523305123413, 53.40769580094922], [-3.079638673271147, 53.40715658408413], [-3.079337881220004, 53.40715930396671], [-3.0793287791722013, 53.40679982599265], [-3.079930358155992, 53.40679438554083], [-3.079934911690153, 53.406974124495285], [-3.080235702375938, 53.406971403115406], [-3.0802402572264787, 53.40715114204641], [-3.080541049130639, 53.407148419891286], [-3.080545605297584, 53.407328158798855], [-3.080846398420121, 53.40732543586849], [-3.0808555134359095, 53.407684913630995], [-3.0823594909869434, 53.407671287438994]], [[-3.0814251851630274, 53.40642129340637], [-3.081124398475414, 53.40642401776302], [-3.081119840018911, 53.40624427886236], [-3.0814206254391983, 53.40624155452345], [-3.0814251851630274, 53.40642129340637]], [[-3.081119840018911, 53.40624427886236], [-3.08081905454958, 53.40624700244377], [-3.080814497409435, 53.406067263519645], [-3.081115281611453, 53.40606453995596], [-3.081119840018911, 53.40624427886236]]]}, "properties": {"kind": "max_footprint", "threshold_pct": 7.0}}, {"type": "Feature", "geometry": {"type": "Polygon", "coordinates": [[[-3.0943082124701, 53.40432630991008], [-3.0943035987979304, 53.40414657173196], [-3.0937020600300738, 53.40415208440019], [-3.09370667116795, 53.40433182261423], [-3.0943082124701, 53.40432630991008]]]}, "properties": {"kind": "max_footprint", "threshold_pct": 7.0}}, {"type": "Feature", "geometry": {"type": "Polygon", "coordinates": [[[-3.088588972502432, 53.404198819757426], [-3.0885843829555446, 53.404019081233244], [-3.088283613923073, 53.40402182353728], [-3.088279025692696, 53.40384208498952], [-3.087978257877994, 53.40384482651828], [-3.087987431853833, 53.40420430364379], [-3.088588972502432, 53.404198819757426]]]}, "properties": {"kind": "max_footprint", "threshold_pct": 7.0}}, {"type": "Feature", "geometry": {"type": "Polygon", "coordinates": [[[-3.0870759541378514, 53.403853046560066], [-3.0870667879620948, 53.40349356930459], [-3.0867660224843125, 53.40349630776802], [-3.08676144073749, 53.40331656911387], [-3.0861599121682515, 53.40332204373286], [-3.0861644913808823, 53.403501782422666], [-3.0864652569572364, 53.40349904547404], [-3.0864698374862423, 53.40367878414031], [-3.086770604280428, 53.403676046416464], [-3.0867751861258363, 53.403855785059164], [-3.0870759541378514, 53.403853046560066]]]}, "properties": {"kind": "max_footprint", "threshold_pct": 7.0}}, {"type": "Feature", "geometry": {"type": "Polygon", "coordinates": [[[-3.096992020986475, 53.40340277511041], [-3.096987396158808, 53.4032230370655], [-3.0966866335824026, 53.403225800505055], [-3.0966912571429983, 53.403405538567945], [-3.096992020986475, 53.40340277511041]]]}, "properties": {"kind": "max_footprint", "threshold_pct": 7.0}}, {"type": "Feature", "geometry": {"type": "Polygon", "coordinates": [[[-3.0966866335824026, 53.403225800505055], [-3.0966820100715506, 53.403046062436424], [-3.096381248712463, 53.40304882510059], [-3.096376626518396, 53.40286908700825], [-3.096075866376628, 53.40287184889703], [-3.096085108280385, 53.40323132511201], [-3.0966866335824026, 53.403225800505055]]]}, "properties": {"kind": "max_footprint", "threshold_pct": 7.0}}, {"type": "Feature", "geometry": {"type": "Polygon", "coordinates": [[[-3.0954512547246043, 53.40197867958509], [-3.0954466366297813, 53.40179894140443], [-3.0948451312023875, 53.40180445966472], [-3.0948497467632756, 53.40198419788132], [-3.0954512547246043, 53.40197867958509]]]}, "properties": {"kind": "max_footprint", "threshold_pct": 7.0}}, {"type": "Feature", "geometry": {"type": "Polygon", "coordinates": [[[-3.0975519040599804, 53.40177960363696], [-3.09754727714619, 53.40159986557654], [-3.0972465260723308, 53.4016026303688], [-3.097251151719174, 53.401782368447215], [-3.0975519040599804, 53.40177960363696]]]}, "properties": {"kind": "max_footprint", "threshold_pct": 7.0}}, {"type": "Feature", "geometry": {"type": "Polygon", "coordinates": [[[-3.101748497795458, 53.40120160333141], [-3.1017438532943715, 53.40102186550646], [-3.101142360094376, 53.401027415430725], [-3.1011377181770214, 53.40084767756389], [-3.1005362273110464, 53.40085322442273], [-3.1005408666946312, 53.40103296232568], [-3.1008416134194645, 53.40103018925688], [-3.1008462541198583, 53.40120992713605], [-3.101748497795458, 53.40120160333141]]]}, "properties": {"kind": "max_footprint", "threshold_pct": 7.0}}, {"type": "Feature", "geometry": {"type": "Polygon", "coordinates": [[[-3.1005362273110464, 53.40085322442273], [-3.1005315879773714, 53.400673486514044], [-3.1002308437363864, 53.400676258789424], [-3.1002354818031885, 53.400855996716174], [-3.1005362273110464, 53.40085322442273]]]}, "properties": {"kind": "max_footprint", "threshold_pct": 7.0}}, {"type": "Feature", "geometry": {"type": "Polygon", "coordinates": [[[-3.0871217879752235, 53.40565043249428], [-3.087108037306235, 53.40511121677406], [-3.0868072604239813, 53.40511395539805], [-3.086802678233497, 53.40493421679536], [-3.086501902569162, 53.40493695464405], [-3.0864973216951808, 53.40475721601781], [-3.086196547248766, 53.40475995309122], [-3.0861873881830277, 53.40440047578596], [-3.0858866162217145, 53.404403212066285], [-3.0858820380299163, 53.40422347338726], [-3.085581267286514, 53.40422620889233], [-3.0855766904111235, 53.404046470189755], [-3.0849751513109154, 53.404051938892046], [-3.0849660027763868, 53.403692461398485], [-3.0846652356867277, 53.4036951945779], [-3.084660662760395, 53.403515455804744], [-3.084359896888652, 53.40351818820893], [-3.0843507537177683, 53.40315871060987], [-3.084651517055324, 53.40315597824127], [-3.0846423715470355, 53.40279650065493], [-3.085845414268638, 53.40278556374904], [-3.0858499920664184, 53.402965302473824], [-3.086150753890787, 53.40296256633608], [-3.0861553330048874, 53.403142305037335], [-3.0876591477228468, 53.40312861289855], [-3.0876637332216212, 53.40330835150491], [-3.0879644972843505, 53.40330561078712], [-3.08796908409955, 53.403485349369895], [-3.0882698493800262, 53.40348260787684], [-3.088279025692696, 53.40384208498952], [-3.0885797934580337, 53.40383934270336], [-3.0885752040099006, 53.403659604167764], [-3.0909813342170027, 53.403637638754745], [-3.090976734681426, 53.40345790035651], [-3.090675969845689, 53.40346064866613], [-3.090657577266471, 53.4027416949443], [-3.0903568174495297, 53.40274444242495], [-3.0903522206954275, 53.40256470396227], [-3.0900514620960675, 53.402567450667675], [-3.0900468666584366, 53.402387712181394], [-3.0897461092766565, 53.402390458111526], [-3.0897415151554717, 53.40221071960162], [-3.089440758991275, 53.40221346475649], [-3.0894361661865077, 53.402033726223024], [-3.0906391854787265, 53.40202274113091], [-3.090629989881642, 53.40166326418987], [-3.0897277330884574, 53.40167150403765], [-3.089723139164964, 53.40149176550491], [-3.0894223880686598, 53.40149451058824], [-3.0894177954615274, 53.40131477203186], [-3.0888162956545897, 53.40132025989078], [-3.0888208857278436, 53.401499998482905], [-3.0882193831895046, 53.40150548334819], [-3.0882147956501353, 53.40132574472033], [-3.08761329544827, 53.40133122652051], [-3.087608710492113, 53.40115148785125], [-3.087307961584116, 53.40115422759748], [-3.0873033779442003, 53.40097448890465], [-3.0867018825141246, 53.400979966089416], [-3.0866881394915784, 53.40044074986959], [-3.086086651465724, 53.40044622391805], [-3.0860958083639316, 53.400805701474965], [-3.0857950617433443, 53.400808437398865], [-3.0857996389994233, 53.40098817618657], [-3.085198143076723, 53.400993645798], [-3.0852027178481993, 53.40117338461561], [-3.084300469794303, 53.401181583406135], [-3.084295898823595, 53.40100184453513], [-3.0836944024089528, 53.4010073065732], [-3.0836989708458087, 53.401187045479794], [-3.083398221297834, 53.4011897753806], [-3.0834027885168984, 53.401369514299255], [-3.08310203765285, 53.401372243460514], [-3.0831066036540955, 53.401551982391226], [-3.0834073557850976, 53.40154925321219], [-3.083411923102433, 53.40172899211941], [-3.0837126764512686, 53.40172626216525], [-3.0837172450847197, 53.40190600104898], [-3.08582252601846, 53.401886870039284], [-3.0858271035700016, 53.40206660879267], [-3.0861278590592236, 53.40206387274404], [-3.0861324379270125, 53.40224361147387], [-3.086433194633976, 53.402240874650055], [-3.086442355051383, 53.402600352056936], [-3.085840836520107, 53.40260582501852], [-3.0858362588208252, 53.40242608628229], [-3.084633226235526, 53.40243702304571], [-3.0846286536535628, 53.4022572842325], [-3.0837263824990733, 53.40226547879925], [-3.0837309512799767, 53.402445217665814], [-3.083430192863137, 53.402447947691094], [-3.083425625349255, 53.40226820880676], [-3.0831248681503, 53.40227093805689], [-3.0831203019525626, 53.402091199149055], [-3.0825187899413113, 53.40209665534167], [-3.0825370448907625, 53.40281561108089], [-3.0813340000066938, 53.402826514661804], [-3.081329441263895, 53.40264677566455], [-3.080126400663332, 53.4026576670563], [-3.0801309543379096, 53.402837406124505], [-3.0798301927982044, 53.402840127096695], [-3.0798347452547, 53.403019866176905], [-3.079533982398947, 53.40302258640945], [-3.0795385336373347, 53.403202325501645], [-3.0801400618340358, 53.40319688424374], [-3.0801446156555854, 53.4033766232948], [-3.0807461461905143, 53.40337117897183], [-3.080750702595277, 53.40355091798169], [-3.0816530018313153, 53.403542745763495], [-3.081657562086468, 53.403722484714415], [-3.082559864682315, 53.40371430562627], [-3.0825781213994046, 53.40443326115969], [-3.0834804387591572, 53.404425075041544], [-3.083485006862752, 53.40460481385728], [-3.083785780484912, 53.4046020836186], [-3.083790349904852, 53.40478182241084], [-3.0840911247450493, 53.40477909139692], [-3.0841002662668515, 53.405138568928656], [-3.084701820868577, 53.405133104557315], [-3.08470639423772, 53.40531284327902], [-3.0850071727320194, 53.405310109939364], [-3.085011747417617, 53.40548984863755], [-3.085914086406902, 53.405481644020455], [-3.085918664943505, 53.40566138265946], [-3.0871217879752235, 53.40565043249428]], [[-3.0846926742779055, 53.40477362709678], [-3.0843918995360724, 53.40477635962556], [-3.084382755676589, 53.40441688210654], [-3.0849843000422976, 53.404411416362734], [-3.0849888744818097, 53.40459115508949], [-3.0846881010563743, 53.40459388835794], [-3.0846926742779055, 53.40477362709678]], [[-3.0900698443409875, 53.40328640455556], [-3.0897690806239706, 53.40328915057511], [-3.089764486255655, 53.40310941209383], [-3.0900652487055957, 53.40310666609216], [-3.0900698443409875, 53.40328640455556]], [[-3.089764486255655, 53.40310941209383], [-3.089463723756284, 53.40311215733811], [-3.0894591307044568, 53.40293241883323], [-3.089759891936765, 53.402929673606835], [-3.089764486255655, 53.40310941209383]], [[-3.0885476683579487, 53.40258117283394], [-3.087946150517009, 53.402586656398825], [-3.0879323909596166, 53.40204744054755], [-3.0882331461037325, 53.40204469919736], [-3.088237733840518, 53.4022244378023], [-3.088538490202275, 53.40222169567692], [-3.0885476683579487, 53.40258117283394]], [[-3.084036279744755, 53.40262222572621], [-3.0837355201100327, 53.402624956526665], [-3.0837309512799767, 53.402445217665814], [-3.084031709647664, 53.40244248688316], [-3.084036279744755, 53.40262222572621]]]}, "properties": {"kind": "max_footprint", "threshold_pct": 7.0}}, {"type": "Feature", "geometry": {"type": "Polygon", "coordinates": [[[-3.1020213717291796, 53.40012040028805], [-3.1020167262610583, 53.39994066244682], [-3.10171598733709, 53.39994343843645], [-3.101706699084356, 53.39958396270064], [-3.1014059626440162, 53.39958673789682], [-3.1013966771246513, 53.39922726210193], [-3.1010959431679037, 53.3992300365047], [-3.101114509339289, 53.39994898814381], [-3.1014152483631645, 53.39994621366879], [-3.101419891297657, 53.40012595154619], [-3.1020213717291796, 53.40012040028805]]]}, "properties": {"kind": "max_footprint", "threshold_pct": 7.0}}, {"type": "Feature", "geometry": {"type": "Polygon", "coordinates": [[[-3.104695434161785, 53.398837218271936], [-3.104690777643026, 53.39865748055356], [-3.1040893183800735, 53.39866304515311], [-3.104093972365407, 53.39884278290773], [-3.104695434161785, 53.398837218271936]]]}, "properties": {"kind": "max_footprint", "threshold_pct": 7.0}}, {"type": "Feature", "geometry": {"type": "Polygon", "coordinates": [[[-3.093965931984988, 53.40271142267015], [-3.0939567081177155, 53.40235194616925], [-3.0933551945920783, 53.402357456963706], [-3.093350585266861, 53.402177718668774], [-3.09274907407687, 53.402183226397874], [-3.0927398606431127, 53.40182374971913], [-3.092439107507728, 53.40182650241177], [-3.0924298968061112, 53.40146702567426], [-3.0930313979595123, 53.40146151960335], [-3.093022182388371, 53.40110204291465], [-3.093322930356873, 53.40109928877906], [-3.0933137124502186, 53.40073981210337], [-3.093915203170879, 53.40073430163198], [-3.0939198146331917, 53.40091403993679], [-3.0948220541427403, 53.40090576849588], [-3.094817438879766, 53.40072603024495], [-3.094215948456801, 53.400731545260285], [-3.094211335777224, 53.400551806967705], [-3.0939105917581733, 53.40055456332143], [-3.0939013690815895, 53.400195086683205], [-3.093299885962097, 53.40020059704693], [-3.0932952772318845, 53.40002085868333], [-3.092994536864597, 53.40002361271129], [-3.0929853220865375, 53.39966413593106], [-3.0926845842033157, 53.39966688916587], [-3.092679978155427, 53.399487150749216], [-3.0923792414894518, 53.399489903208796], [-3.0923746367578944, 53.3993101647685], [-3.0920739013091656, 53.399312916452864], [-3.092064694528181, 53.39895343951929], [-3.0902602959975116, 53.398969933507615], [-3.090255700281769, 53.398790194924814], [-3.0896542362427204, 53.398795686826936], [-3.0896496431098806, 53.39861594820264], [-3.087544526284656, 53.39863514588098], [-3.0875536948653295, 53.39899462337395], [-3.0872529611594373, 53.39899736290606], [-3.0872483781111963, 53.39881762414459], [-3.0863461804980243, 53.398825838143686], [-3.0863690772305294, 53.39972453216133], [-3.0860683382603473, 53.3997272687356], [-3.086072916487815, 53.39990700753979], [-3.0863736567248194, 53.39990427094769], [-3.0863828158611977, 53.40026374850327], [-3.0866835585826258, 53.40026101111821], [-3.0866881394915784, 53.40044074986959], [-3.087891114951809, 53.40042979268484], [-3.087895700977549, 53.40060953135914], [-3.0887979358553714, 53.40060130546515], [-3.0888025257311096, 53.40078104408013], [-3.089704763965196, 53.400772811316614], [-3.0897001702888036, 53.400593072755264], [-3.090000915001131, 53.400590327004004], [-3.090005509944408, 53.40077006554749], [-3.0903062558741876, 53.400767319021014], [-3.0903108521337934, 53.400947057540876], [-3.0906115992810235, 53.40094431023917], [-3.09062079448241, 53.40130378722597], [-3.0909215441140105, 53.401301039131134], [-3.0909261430558326, 53.40148077759805], [-3.091226893904895, 53.401478028727986], [-3.0912360944708777, 53.40183750560883], [-3.09153684780436, 53.40183475594561], [-3.091541449428563, 53.40201449435955], [-3.0918422039795166, 53.40201174392104], [-3.0918468069202136, 53.40219148231132], [-3.0921475626886368, 53.40218873109753], [-3.0921521669458545, 53.4023684694642], [-3.092452923931745, 53.40236571747513], [-3.0924575295055114, 53.40254545581813], [-3.0930590458626646, 53.402539949532034], [-3.093063654020033, 53.40271968783343], [-3.093965931984988, 53.40271142267015]], [[-3.091185493807612, 53.39986038248093], [-3.09088475436048, 53.39986313118985], [-3.0908801558639096, 53.39968339267146], [-3.090579417634122, 53.3996861406052], [-3.0905748204538197, 53.399506402063146], [-3.089973346379495, 53.39951189562294], [-3.0899687517822225, 53.39933215703944], [-3.089668015937702, 53.39933490266551], [-3.0896634226566295, 53.39915516405837], [-3.090866360671003, 53.399144177081894], [-3.0908709590191705, 53.39932391561748], [-3.0911716946659036, 53.39932116696225], [-3.0911762943303254, 53.39950090547419], [-3.0914770311943625, 53.39949815604379], [-3.091481632175064, 53.3996778945321], [-3.091180894044228, 53.399680643980425], [-3.091185493807612, 53.39986038248093]], [[-3.0878773571706013, 53.399890576627634], [-3.087275877140192, 53.39989605662757], [-3.087271293845433, 53.399716317894715], [-3.0869705550230853, 53.399719056740885], [-3.0869568092350184, 53.399179840454444], [-3.0875582792296408, 53.39917436211186], [-3.0875536948653295, 53.39899462337395], [-3.088155162129154, 53.39898914203794], [-3.0881597490269965, 53.39916888074013], [-3.088460483851665, 53.39916613891834], [-3.0884650720656306, 53.399345877596964], [-3.088164335974182, 53.399348619436594], [-3.088168922970714, 53.39952835812736], [-3.087868185563128, 53.39953109922758], [-3.0878773571706013, 53.399890576627634]]]}, "properties": {"kind": "max_footprint", "threshold_pct": 7.0}}, {"type": "Feature", "geometry": {"type": "Polygon", "coordinates": [[[-3.0857309853282593, 53.39829209377058], [-3.0857218323424234, 53.39793261601789], [-3.0854211059412644, 53.39793535089944], [-3.0854302563937073, 53.39829482868774], [-3.0857309853282593, 53.39829209377058]]]}, "properties": {"kind": "max_footprint", "threshold_pct": 7.0}}, {"type": "Feature", "geometry": {"type": "Polygon", "coordinates": [[[-3.0887428611977077, 53.39844444163905], [-3.088738271963814, 53.39826470294969], [-3.089039000356073, 53.39826195970268], [-3.0890344099048495, 53.398082221025454], [-3.0893351369810333, 53.39807947703908], [-3.08933054531251, 53.39789973837402], [-3.0887290936441265, 53.39790522555381], [-3.0887336827792864, 53.39808496425459], [-3.0881322283800734, 53.39809044844113], [-3.088141401731681, 53.39844992589702], [-3.0887428611977077, 53.39844444163905]]]}, "properties": {"kind": "max_footprint", "threshold_pct": 7.0}}, {"type": "Feature", "geometry": {"type": "Polygon", "coordinates": [[[-3.1034599512561902, 53.39759017985819], [-3.1034553001545295, 53.39741044202724], [-3.1031545792144897, 53.39741322154987], [-3.1031592290495293, 53.39759295939892], [-3.1034599512561902, 53.39759017985819]]]}, "properties": {"kind": "max_footprint", "threshold_pct": 7.0}}, {"type": "Feature", "geometry": {"type": "Polygon", "coordinates": [[[-3.110672587674604, 53.397343506317505], [-3.1106632248250285, 53.39698403151037], [-3.1103625076226784, 53.396986829169855], [-3.1103718679390884, 53.397346304013446], [-3.110672587674604, 53.397343506317505]]]}, "properties": {"kind": "max_footprint", "threshold_pct": 7.0}}, {"type": "Feature", "geometry": {"type": "Polygon", "coordinates": [[[-3.1031545792144897, 53.39741322154987], [-3.1031499294294678, 53.3972334836951], [-3.1034506491029026, 53.39723070419058], [-3.1034459981013054, 53.397050966348175], [-3.1037467164581147, 53.39704818610452], [-3.10374206423997, 53.3968684482745], [-3.104042781280159, 53.39686566729177], [-3.104038127845493, 53.396685929474124], [-3.1022338324533787, 53.396702603903826], [-3.1022291866680822, 53.39652286597184], [-3.1019284718609623, 53.39652564237517], [-3.1019238273921808, 53.39634590441938], [-3.1016231138016415, 53.39634868004742], [-3.101618470649349, 53.39616894206783], [-3.101317758275393, 53.396171716920605], [-3.1013131164395626, 53.39599197891722], [-3.1010124052821895, 53.395994752994724], [-3.101007764762792, 53.39581501496753], [-3.100707054822007, 53.395817788269795], [-3.1007024156190153, 53.39563805021883], [-3.100401706894817, 53.39564082274584], [-3.10039243117148, 53.3952813465906], [-3.099189605907713, 53.395292428982515], [-3.099208137290175, 53.39601138155881], [-3.0995088487468454, 53.39600861202442], [-3.0995134829835695, 53.39618835013616], [-3.0998141956569105, 53.396185579826536], [-3.0998188312100172, 53.39636531791449], [-3.10042025894016, 53.39635977498757], [-3.1004295352621787, 53.39671925107411], [-3.1010309678589616, 53.39671370504615], [-3.1010356086279534, 53.39689344304472], [-3.1013363261180436, 53.39689066887687], [-3.101340968203539, 53.397070406851626], [-3.102543842730744, 53.3970593025358], [-3.102548489932561, 53.3972390404325], [-3.1028492097060165, 53.39723626244242], [-3.1028538582244303, 53.39741600031529], [-3.1031545792144897, 53.39741322154987]]]}, "properties": {"kind": "max_footprint", "threshold_pct": 7.0}}, {"type": "Feature", "geometry": {"type": "Polygon", "coordinates": [[[-3.0978202601314058, 53.40051867165231], [-3.0978110045167413, 53.40015919548162], [-3.0972095226889773, 53.400164725535305], [-3.0972048974899704, 53.39998498740535], [-3.0969041577682725, 53.399987751278225], [-3.0968995338858356, 53.39980801312455], [-3.096598795381208, 53.39981077622213], [-3.0965941728153115, 53.399631038044745], [-3.0959926981904875, 53.39963656193204], [-3.095983458274995, 53.39927708548811], [-3.0956827234215876, 53.39927984625986], [-3.095668867721331, 53.39874063149709], [-3.095969598774497, 53.398737870779286], [-3.095964979040391, 53.39855813253159], [-3.096265708777141, 53.3985553710745], [-3.0962703297779663, 53.398735109304226], [-3.097172522490059, 53.39872682033543], [-3.0971771473407865, 53.398906558505445], [-3.0983800753272472, 53.3988954958733], [-3.0983847052946976, 53.399075233965526], [-3.0989861715226263, 53.39906969806979], [-3.098990804073391, 53.39924943612024], [-3.099592272635487, 53.39924389715933], [-3.0995969077696186, 53.39942363516798], [-3.0998976432426457, 53.39942086453355], [-3.0998837341895826, 53.39888165054457], [-3.099282270794175, 53.39888719094785], [-3.0992776370763537, 53.39870745290398], [-3.0989769065705977, 53.39871022195169], [-3.0989722741693346, 53.398530483884066], [-3.098671544880461, 53.39853325215649], [-3.098666913795726, 53.39835351406509], [-3.0971632729378524, 53.398367343978215], [-3.097158648236376, 53.39818760579102], [-3.0968579211821874, 53.39819036948388], [-3.0968486744618158, 53.39783089305633], [-3.0965479498912325, 53.397833655955935], [-3.096538705903083, 53.397474179469484], [-3.0962379838160654, 53.39747694157588], [-3.096228742560024, 53.397117465030554], [-3.095326583600504, 53.39712574669846], [-3.0953219668468304, 53.39694600836327], [-3.0950212483609127, 53.39694876738684], [-3.0950166329234863, 53.39676902902795], [-3.094715915654505, 53.396771787276336], [-3.0947113015332994, 53.396592048893766], [-3.0941098693795954, 53.39659756308296], [-3.094105257841142, 53.39641782465874], [-3.093203113038258, 53.396426090209644], [-3.093198505349053, 53.396246351725885], [-3.09289779158216, 53.39624910537717], [-3.0928931852090553, 53.396069366869746], [-3.0925924726591485, 53.396072119745895], [-3.092587867602116, 53.395892381214814], [-3.092287156269196, 53.39589513331586], [-3.092282552528209, 53.39571539476114], [-3.0919818424122787, 53.39571814608708], [-3.0919726376118466, 53.39535866892461], [-3.0916719299793907, 53.39536141945752], [-3.091662727909908, 53.39500194223635], [-3.0913620227608876, 53.39500469197625], [-3.0913574230668273, 53.39482495333917], [-3.0910567191347753, 53.39482770230403], [-3.091084310442439, 53.395906134148134], [-3.0913850219733625, 53.395903385075854], [-3.091394222004714, 53.39626286227565], [-3.0916949360192225, 53.39626011241036], [-3.091699537375673, 53.39643985098375], [-3.092000252607238, 53.39643710034333], [-3.0920048552797508, 53.3966168388931], [-3.0923055717283705, 53.39661408747756], [-3.0923101757169738, 53.39679382600369], [-3.092911610998781, 53.396788320865134], [-3.0929162175700906, 53.396968059349675], [-3.0935176551868664, 53.39696255114638], [-3.0935222643409377, 53.397142289589326], [-3.094725144045822, 53.39713126402432], [-3.0947297583159328, 53.39731100238973], [-3.0953312004038414, 53.39730548502794], [-3.0953358172568417, 53.39748522335167], [-3.0950350949710854, 53.39748798242916], [-3.095039710607111, 53.39766772076514], [-3.094137539652073, 53.39767599350807], [-3.0941329278159704, 53.39749625511818], [-3.0938322053316947, 53.39749901116672], [-3.093827594811832, 53.39731927275318], [-3.092624709445425, 53.39733028930328], [-3.092620104041626, 53.397150550812235], [-3.092319383842757, 53.39715330303876], [-3.0923147797551014, 53.396973564524075], [-3.0920140607733115, 53.39697631597547], [-3.092009458001776, 53.39679657743714], [-3.0917087402370664, 53.39679932811338], [-3.0917041387816213, 53.396619589551435], [-3.0914034222339937, 53.396622339452534], [-3.0914218232863626, 53.397341293737675], [-3.0920232664649214, 53.39733579303492], [-3.0920278693849967, 53.39751553155607], [-3.092328592166646, 53.39751278005094], [-3.0923424050239428, 53.39805199552629], [-3.0920416784423135, 53.3980547470852], [-3.0920462815604504, 53.39823448558346], [-3.091444825715277, 53.39823998646535], [-3.091440225130516, 53.39806024793125], [-3.090838771620765, 53.39806574574831], [-3.090834173618847, 53.39788600717269], [-3.0905334480564473, 53.39788875492744], [-3.0905288513706544, 53.39770901632821], [-3.09082957566639, 53.397706268591364], [-3.0908203799098577, 53.39734679141149], [-3.0905196581474104, 53.397349539112554], [-3.0905150616099566, 53.39716980049615], [-3.089913620469985, 53.39717529359082], [-3.089904432609829, 53.396815816269275], [-3.0896037144989186, 53.39681856164501], [-3.089599121909548, 53.39663882295778], [-3.088997688072707, 53.39664431140183], [-3.0889930980658815, 53.39646457267313], [-3.088692382339965, 53.39646731574147], [-3.0886969710802163, 53.39664705448804], [-3.088396254038366, 53.39664979681704], [-3.088400841561391, 53.39682953557575], [-3.088100123203605, 53.39683227716538], [-3.088104709509376, 53.397012015936205], [-3.0887061487088032, 53.397006531964], [-3.08871073759714, 53.3971862706934], [-3.08901145838943, 53.3971835275536], [-3.089016048593757, 53.39736326625941], [-3.089316770603298, 53.39736052234451], [-3.0893259536933804, 53.39771999970322], [-3.089626678186821, 53.39771725499535], [-3.089631271072618, 53.39789699364823], [-3.089931996783319, 53.39789424816522], [-3.089936590985203, 53.39807398679453], [-3.090237317913163, 53.39807124053635], [-3.0902465089985913, 53.39843071774204], [-3.090547238410514, 53.39842797069085], [-3.0905518352941024, 53.398607709267196], [-3.092656948659213, 53.39858845858022], [-3.092661554459361, 53.39876819702545], [-3.092962286008742, 53.39876544388032], [-3.0929668931251775, 53.39894518230192], [-3.093267625891739, 53.39894242838158], [-3.0932814513387163, 53.399481643558225], [-3.093582187856003, 53.39947888882678], [-3.0935867977042744, 53.399658627189595], [-3.0938875354387623, 53.399655871682924], [-3.0938921466034315, 53.399835610022066], [-3.09479436330963, 53.39982733890442], [-3.094798978324361, 53.40000707718396], [-3.0954004584139185, 53.40000155928312], [-3.0954050760119576, 53.400181297521], [-3.096006558436477, 53.40017577655498], [-3.0960111786178777, 53.40035551475119], [-3.09661266337727, 53.400349990719974], [-3.096617286142083, 53.40052972887448], [-3.0978202601314058, 53.40051867165231]], [[-3.0944705564621016, 53.39893140512749], [-3.0941698238939215, 53.39893416207693], [-3.0941652117105307, 53.39875442372712], [-3.0938644803594717, 53.39875717990133], [-3.0938598694924204, 53.398577441527834], [-3.094461329611475, 53.398571928458075], [-3.0944705564621016, 53.39893140512749]]]}, "properties": {"kind": "max_footprint", "threshold_pct": 7.0}}, {"type": "Feature", "geometry": {"type": "Polygon", "coordinates": [[[-3.113623456200438, 53.395158640714335], [-3.113618762690502, 53.39497890342732], [-3.113318059923688, 53.3949817084579], [-3.113313367730643, 53.39480197114688], [-3.113012666179763, 53.39480477540205], [-3.1130079753035806, 53.39462503806704], [-3.112105874147428, 53.39463344623489], [-3.11211056122443, 53.39481318362466], [-3.112411262926642, 53.39481038164093], [-3.112415951320467, 53.39499011900672], [-3.113017357106401, 53.39498451273132], [-3.1130220480834985, 53.39516425005487], [-3.113623456200438, 53.395158640714335]]]}, "properties": {"kind": "max_footprint", "threshold_pct": 7.0}}, {"type": "Feature", "geometry": {"type": "Polygon", "coordinates": [[[-3.106101178409909, 53.39504880204588], [-3.1060918548618304, 53.394689326544146], [-3.105791153370137, 53.39469211260959], [-3.1058004743853833, 53.39505158814761], [-3.106101178409909, 53.39504880204588]]]}, "properties": {"kind": "max_footprint", "threshold_pct": 7.0}}, {"type": "Feature", "geometry": {"type": "Polygon", "coordinates": [[[-3.094059145184789, 53.394620440101825], [-3.094054534191958, 53.39444070161467], [-3.0943552350957986, 53.39443794511411], [-3.094350622886167, 53.394258206639165], [-3.09495202201221, 53.39425269140254], [-3.094942792676277, 53.39389321450734], [-3.0943413986157355, 53.39389872967212], [-3.0943460107261465, 53.3940784681585], [-3.0937446139344282, 53.39408398033064], [-3.093749223561682, 53.394263718847206], [-3.0934485238250584, 53.39426647381552], [-3.0934577406955084, 53.394625950867365], [-3.094059145184789, 53.394620440101825]]]}, "properties": {"kind": "max_footprint", "threshold_pct": 7.0}}, {"type": "Feature", "geometry": {"type": "Polygon", "coordinates": [[[-3.1153806705302847, 53.39334442249005], [-3.115375969927493, 53.3931646852554], [-3.1150752801271864, 53.3931674946459], [-3.1150799794637005, 53.39334723189885], [-3.1153806705302847, 53.39334442249005]]]}, "properties": {"kind": "max_footprint", "threshold_pct": 7.0}}, {"type": "Feature", "geometry": {"type": "Polygon", "coordinates": [[[-3.1147698922566316, 53.39299056600235], [-3.114765194287462, 53.392810828719654], [-3.1150658816057986, 53.39280802012285], [-3.1150470851695515, 53.39208907100792], [-3.1147464029160847, 53.392091879531556], [-3.1147557985007146, 53.39245135413708], [-3.1144551136643104, 53.39245416194022], [-3.1144692036215127, 53.392993373860364], [-3.1147698922566316, 53.39299056600235]]]}, "properties": {"kind": "max_footprint", "threshold_pct": 7.0}}, {"type": "Feature", "geometry": {"type": "Polygon", "coordinates": [[[-3.101201727357206, 53.391678265117896], [-3.1011924462315674, 53.391318788819035], [-3.1008917679988386, 53.39132156242682], [-3.10090104659214, 53.3916810387618], [-3.101201727357206, 53.391678265117896]]]}, "properties": {"kind": "max_footprint", "threshold_pct": 7.0}}, {"type": "Feature", "geometry": {"type": "Polygon", "coordinates": [[[-3.1168323516130734, 53.39135325520036], [-3.1168276452357695, 53.3911735179942], [-3.117128320804403, 53.39117070426269], [-3.1171236132116094, 53.39099096706913], [-3.116522264555944, 53.39099659373842], [-3.1165316747276943, 53.39135606819311], [-3.1168323516130734, 53.39135325520036]]]}, "properties": {"kind": "max_footprint", "threshold_pct": 7.0}}, {"type": "Feature", "geometry": {"type": "Polygon", "coordinates": [[[-3.1183121722476805, 53.390440493251], [-3.118307459793197, 53.39026075610784], [-3.118608128778131, 53.390257938682886], [-3.1185939879207103, 53.38971872727403], [-3.118293322733851, 53.38972154464394], [-3.118283898281034, 53.389362070306014], [-3.1179832355754757, 53.389364886882234], [-3.1179785246910585, 53.38918514968632], [-3.117377201659899, 53.38919078053112], [-3.117391326869237, 53.389729992211684], [-3.117691992208101, 53.38972717711277], [-3.1176967019785087, 53.389906914309826], [-3.117997368532732, 53.38990409843557], [-3.1180115019460084, 53.39044330993728], [-3.1183121722476805, 53.390440493251]]]}, "properties": {"kind": "max_footprint", "threshold_pct": 7.0}}, {"type": "Feature", "geometry": {"type": "Polygon", "coordinates": [[[-3.121577006618686, 53.388791827062434], [-3.121572280695148, 53.38861209006975], [-3.121271623611596, 53.38861491489929], [-3.12127634826921, 53.38879465191037], [-3.121577006618686, 53.388791827062434]]]}, "properties": {"kind": "max_footprint", "threshold_pct": 7.0}}, {"type": "Feature", "geometry": {"type": "Polygon", "coordinates": [[[-3.1053274108313214, 53.38840407165793], [-3.1053227534189083, 53.388224333661654], [-3.104721441348399, 53.38822990070137], [-3.104726096228969, 53.38840963873389], [-3.1053274108313214, 53.38840407165793]]]}, "properties": {"kind": "max_footprint", "threshold_pct": 7.0}}, {"type": "Feature", "geometry": {"type": "Polygon", "coordinates": [[[-3.1080006434755973, 53.387120817395406], [-3.1079959750214057, 53.38694107952242], [-3.107695328323511, 53.38694387010627], [-3.1076999955118847, 53.38712360799741], [-3.1080006434755973, 53.387120817395406]]]}, "properties": {"kind": "max_footprint", "threshold_pct": 7.0}}, {"type": "Feature", "geometry": {"type": "Polygon", "coordinates": [[[-3.1052948099963036, 53.38714590556375], [-3.105285495922798, 53.38678642948526], [-3.105586141756054, 53.38678364497504], [-3.1055814835286295, 53.386603906945346], [-3.1052808389611717, 53.386606691437436], [-3.105276182049631, 53.38642695338387], [-3.104975538697873, 53.38642973710091], [-3.1049941615813275, 53.38714868935331], [-3.1052948099963036, 53.38714590556375]]]}, "properties": {"kind": "max_footprint", "threshold_pct": 7.0}}, {"type": "Feature", "geometry": {"type": "Polygon", "coordinates": [[[-3.1206782153758703, 53.377474031939464], [-3.1206734951831545, 53.37729429454854], [-3.1203729177237585, 53.37729711670607], [-3.1203776366514075, 53.377476854115365], [-3.1206782153758703, 53.377474031939464]]]}, "properties": {"kind": "max_footprint", "threshold_pct": 7.0}}, {"type": "Feature", "geometry": {"type": "Polygon", "coordinates": [[[-3.1185741632395456, 53.377493771280704], [-3.1185647406157377, 53.37713429623603], [-3.1182641640665025, 53.37713711307855], [-3.118273584160181, 53.377496588159914], [-3.1185741632395456, 53.377493771280704]]]}, "properties": {"kind": "max_footprint", "threshold_pct": 7.0}}, {"type": "Feature", "geometry": {"type": "Polygon", "coordinates": [[[-3.1007812888571618, 53.39869359630649], [-3.100776648855637, 53.39851385834715], [-3.101077377795402, 53.39851108477394], [-3.101068095408719, 53.39815160887418], [-3.1013688217651834, 53.398148834579864], [-3.1013641793800644, 53.39796909663947], [-3.101063454290265, 53.39797187091572], [-3.1010588132217385, 53.39779213295154], [-3.1007580893486666, 53.39779490645252], [-3.100753449596704, 53.39761516846454], [-3.100452726940362, 53.397617941190184], [-3.100448088504934, 53.39743820317842], [-3.1001473670653246, 53.397440975128795], [-3.100138092877372, 53.39708149905199], [-3.0998373739210936, 53.397084270209035], [-3.099828102465824, 53.39672479407323], [-3.098925952897334, 53.39673310289281], [-3.098921321044182, 53.3965533647622], [-3.0986206056882466, 53.39655613283629], [-3.0986113446645005, 53.396196656521816], [-3.0971077798033866, 53.39621048535404], [-3.0970939076389916, 53.39567127056921], [-3.097394616911214, 53.395668506371166], [-3.0973899916894103, 53.39548876811611], [-3.0979914075516177, 53.39548323748449], [-3.0979867798466243, 53.39530349925973], [-3.099189605907713, 53.395292428982515], [-3.0991803405154803, 53.394932952660014], [-3.099481044373313, 53.39493018323386], [-3.099476410485518, 53.394750445082074], [-3.099777113027084, 53.3947476749168], [-3.099772477922722, 53.3945679367773], [-3.1000731791480187, 53.39456516587293], [-3.1000778155187896, 53.39474490399437], [-3.101581327228979, 53.39473103802498], [-3.1015906127844204, 53.39509051407006], [-3.101891317509547, 53.39508773856856], [-3.1018959616286255, 53.395267476564435], [-3.1024973734618935, 53.395261923253784], [-3.102502020163846, 53.39544166120778], [-3.103103434330099, 53.39543610483229], [-3.1031080836149765, 53.39561584274435], [-3.1037095001141295, 53.395610283303974], [-3.103714151981985, 53.39579002117409], [-3.104315570813949, 53.3957844586688], [-3.1043202252648356, 53.39596419649696], [-3.1046209358722194, 53.39596141409041], [-3.1046255916396817, 53.39614115189471], [-3.1049263034634915, 53.396138368712855], [-3.1049356176817167, 53.39649784426805], [-3.1046349033248517, 53.39650062748615], [-3.1046535272961893, 53.397219578600286], [-3.104954246719331, 53.39721679530965], [-3.1049635615387317, 53.3975762707961], [-3.105264283444992, 53.39757348671199], [-3.105268942196471, 53.39775322442847], [-3.1055696653192464, 53.39775043956901], [-3.1055743253874835, 53.397930177261635], [-3.1061757740159157, 53.39792460523469], [-3.106180436667593, 53.39810434288529], [-3.107684063693954, 53.39809039947552], [-3.107679394709016, 53.397910661915745], [-3.1073786706707915, 53.397913452094016], [-3.107374003002716, 53.39773371451032], [-3.106772557308922, 53.39773929255881], [-3.1067678922243065, 53.39755955493305], [-3.1064671705687537, 53.397562342803276], [-3.106462506800932, 53.39738260515366], [-3.106161786361823, 53.3973853922485], [-3.1061571239107697, 53.397205654575004], [-3.1058564046881068, 53.3972084408945], [-3.105851743553793, 53.397028703197094], [-3.1055510255475767, 53.39703148874123], [-3.105546365729975, 53.396851751019945], [-3.1052456489402083, 53.39685453578873], [-3.105231673587792, 53.39631532253614], [-3.105532386577919, 53.39631253782178], [-3.105537046245147, 53.396492275560234], [-3.1061384746080822, 53.396486703823626], [-3.1061244881576564, 53.395947490699946], [-3.106425198464352, 53.39594470375032], [-3.1064205351480174, 53.395764966049114], [-3.1058191170174587, 53.395770539154896], [-3.105814456284241, 53.39559080141167], [-3.104611624487536, 53.395601938464615], [-3.1046069688703133, 53.39542220064309], [-3.104306262062373, 53.39542498299528], [-3.1043016077616823, 53.39524524514993], [-3.104000902170132, 53.39524802672682], [-3.1039915962518108, 53.39488855098272], [-3.1036908931430793, 53.39489133176623], [-3.103686241525408, 53.39471159386746], [-3.103986943367726, 53.39470881310208], [-3.1039822905336876, 53.394529075215694], [-3.105485792662282, 53.39451516012211], [-3.1054811335463675, 53.39433542232066], [-3.106683929281717, 53.39432427668981], [-3.1066885934631596, 53.3945040144187], [-3.1069892935379873, 53.39450122609999], [-3.1069939590359934, 53.39468096380496], [-3.1072946603270304, 53.39467817471096], [-3.1073086609214187, 53.39521738773704], [-3.107609365961517, 53.39521459783137], [-3.1076280391893754, 53.395933548379936], [-3.1073273290834114, 53.39593633835828], [-3.1073226619676095, 53.39575660071158], [-3.107021953077931, 53.3957593899146], [-3.107031284826744, 53.39611886523863], [-3.1076327076218813, 53.396113286002745], [-3.107637376104604, 53.396293023619826], [-3.107938088693366, 53.396290232847925], [-3.107947428342536, 53.39664970802856], [-3.1082481434141336, 53.39664691646312], [-3.108252814580622, 53.39682665402663], [-3.108854247106169, 53.396821068587755], [-3.1088448997572535, 53.39646159352771], [-3.1085441860527037, 53.39646438658936], [-3.108539513720183, 53.39628464903256], [-3.108238801231897, 53.39628744131883], [-3.1082247883353804, 53.39574822855946], [-3.10852549702417, 53.39574543632775], [-3.1085301692059164, 53.39592517390175], [-3.1094322987701375, 53.395916792608965], [-3.1094276227889384, 53.39573705508953], [-3.110630456437734, 53.39572586950482], [-3.110625775440963, 53.395546132052544], [-3.1109264824608496, 53.39554333378167], [-3.1109218002479793, 53.395363596341866], [-3.1106210944945447, 53.39536639459451], [-3.1106164135984757, 53.39518665713076], [-3.110315709061131, 53.39518945460804], [-3.110311029481839, 53.39500971712032], [-3.1097096227890044, 53.39501530976699], [-3.109704945792875, 53.39483557223713], [-3.109404243637403, 53.394838367406514], [-3.10941359514713, 53.39519784249692], [-3.109112890408521, 53.39520063694555], [-3.109108215894937, 53.395020899385024], [-3.108807512372476, 53.395023693058306], [-3.10880283917559, 53.394843955473846], [-3.1085021368692773, 53.3948467483718], [-3.1084834496499276, 53.39412779790387], [-3.108182752358893, 53.394130589971915], [-3.108173411583407, 53.393771114667196], [-3.1078727167748235, 53.393773905941764], [-3.107877385871112, 53.393953643615184], [-3.107275993570615, 53.39395922392927], [-3.107261994030357, 53.393420010782826], [-3.1063599166001135, 53.39342837541209], [-3.1063505914219887, 53.39306889984354], [-3.106951971360491, 53.393063324253774], [-3.106942641317913, 53.39270384873492], [-3.107544015990652, 53.39269827018941], [-3.107553351098283, 53.39305774563558], [-3.1078540408918784, 53.39305495519085], [-3.1078587097872847, 53.393234692887184], [-3.108159400796942, 53.39323190166715], [-3.108164071008863, 53.39341163933957], [-3.1087654554100546, 53.39340605459183], [-3.108760782665545, 53.39322631695578], [-3.1084600917563674, 53.393229109690026], [-3.1084554203283994, 53.39304937203007], [-3.1081547306352553, 53.39305216398901], [-3.1081500605237995, 53.392872426305125], [-3.107849372046692, 53.39287521748879], [-3.1078447032517222, 53.392695479781004], [-3.108746764733576, 53.39268710401328], [-3.108751437327307, 53.39286684166652], [-3.109052125653679, 53.39286404821157], [-3.1090661475352657, 53.3934032610823], [-3.1093668396102023, 53.393400466815656], [-3.109371514937585, 53.39358020440956], [-3.109672208228539, 53.3935774093676], [-3.1096815615668256, 53.39393688450185], [-3.109982257340126, 53.39393408866635], [-3.1099869353510705, 53.39411382620667], [-3.1102876323403974, 53.39411102959582], [-3.1102923116680197, 53.3942907671122], [-3.110893708028379, 53.39428517158269], [-3.1108983899390754, 53.3944649090569], [-3.1118004879009886, 53.39445651002946], [-3.1118051736611934, 53.394636247443216], [-3.112105874147428, 53.39463344623489], [-3.1120871263435737, 53.39391449661846], [-3.1117864309227827, 53.39391729775381], [-3.1117817453641807, 53.39373756031712], [-3.1114810511593176, 53.39374036067713], [-3.111476366917428, 53.39356062321647], [-3.1108749808891885, 53.39356622162864], [-3.1108609360635504, 53.39302700910291], [-3.110560246772755, 53.393029807118644], [-3.1105555665311804, 53.39285006958038], [-3.110856254555714, 53.392847271582845], [-3.110851573098232, 53.39266753405709], [-3.1105508863399467, 53.392670332036374], [-3.1105368460682827, 53.39213111937002], [-3.110837529027905, 53.39212832144537], [-3.1108328477718334, 53.391948583896685], [-3.1111335294149107, 53.391945785233204], [-3.111138211937176, 53.39212552276368], [-3.1114388947960836, 53.3921227233249], [-3.111443578634919, 53.392302460831395], [-3.111744262709652, 53.39229966061731], [-3.1117489478650846, 53.392479398099844], [-3.112049633155643, 53.39247659711043], [-3.1120543196277017, 53.392656334569004], [-3.1123550061340843, 53.39265353280428], [-3.112350318395795, 53.39247379536396], [-3.1135530588520566, 53.39246258080718], [-3.1135483660993266, 53.39228284343416], [-3.1138490498210247, 53.39228003792053], [-3.113839661934602, 53.39192056319386], [-3.1129376182152617, 53.391928977353906], [-3.1129329281463005, 53.39174923992718], [-3.1123315679468386, 53.39175484554536], [-3.1123268804606465, 53.39157510807639], [-3.1126275593194315, 53.39157230566406], [-3.1126228706175083, 53.39139256820761], [-3.112923548159715, 53.391389765056495], [-3.1129188582420864, 53.391210027612566], [-3.113820886767592, 53.3912016136717], [-3.1138255804836175, 53.39138135106083], [-3.1141262578239672, 53.391378544881526], [-3.114130952856622, 53.39155828224665], [-3.1144316314126166, 53.39155547529199], [-3.1144363277619282, 53.3917352126331], [-3.1150376872546826, 53.39172959641606], [-3.1150423861868464, 53.39190933371484], [-3.1153430671235895, 53.391906524452445], [-3.1153477673724765, 53.392086261727215], [-3.115648449524846, 53.39208345168943], [-3.1156578527066943, 53.39244292618517], [-3.1162592219245178, 53.39243730376516], [-3.1162404056335977, 53.39171835489723], [-3.1165410851018747, 53.391715542624866], [-3.1165316747276943, 53.39135606819311], [-3.1162309977917113, 53.39135888042884], [-3.1162357016873576, 53.391538617665894], [-3.1156343451313417, 53.39154423990281], [-3.115629643767976, 53.39136450262915], [-3.1150282895419754, 53.391370121801245], [-3.1150235907614294, 53.39119038448524], [-3.114422238865532, 53.39119600059256], [-3.1144175426677565, 53.39101626323424], [-3.114116867910151, 53.39101907013405], [-3.1141121730289893, 53.390839332751725], [-3.113510825894511, 53.390844944243675], [-3.113506133596026, 53.390665206819065], [-3.1129047887918584, 53.39067081524633], [-3.112900099075998, 53.390491077779465], [-3.1125994278643256, 53.390493880839315], [-3.112585362817539, 53.38995466834954], [-3.1131866975941325, 53.3899490615824], [-3.113191388424712, 53.3901287990482], [-3.1137927255315736, 53.39012318921646], [-3.113797418944707, 53.39030292664], [-3.1143987583817485, 53.390297313743645], [-3.1144034543774874, 53.39047705112489], [-3.1147041252863166, 53.3904742435229], [-3.114718217374851, 53.391013455577394], [-3.1150188920314226, 53.3910106471635], [-3.1150141933519526, 53.390830909836026], [-3.1156155399812686, 53.39082529077371], [-3.1156202411929383, 53.3910050280646], [-3.1159209156978576, 53.39100221737958], [-3.115925618226206, 53.39118195464643], [-3.1162262939466574, 53.39117914318604], [-3.1162215901521964, 53.39099940593753], [-3.116522264555944, 53.39099659373842], [-3.1165175595459775, 53.39081685650249], [-3.117118905669449, 53.39081122986983], [-3.1171236132116094, 53.39099096706913], [-3.1174242874635003, 53.390988152598915], [-3.1174195786552445, 53.39080841541795], [-3.117720251590393, 53.390805600209056], [-3.117710831593667, 53.39044612586656], [-3.117109490737023, 53.39045175545402], [-3.1171047833467562, 53.39027201823752], [-3.1162027754802653, 53.390280456886074], [-3.1161980719387565, 53.39010071960886], [-3.116799408034942, 53.390095094636834], [-3.1167947020119624, 53.389915357390514], [-3.116494035255198, 53.389918170236726], [-3.11648933054885, 53.38973843296637], [-3.115887999415568, 53.389744056351134], [-3.115883297291826, 53.389564319038435], [-3.1155826329153227, 53.389567129577], [-3.1155779321081445, 53.38938739224027], [-3.1161792582785965, 53.38938177044271], [-3.1161745549900224, 53.38920203313684], [-3.1167758784261843, 53.38919640834797], [-3.1167711726562706, 53.38901667107297], [-3.1170718330324805, 53.38901385756139], [-3.1170671260472314, 53.388834120298995], [-3.1164658077760956, 53.38883974652857], [-3.1164705122294505, 53.38901948382762], [-3.116169851752032, 53.38902229582523], [-3.1161651485646265, 53.388842558507896], [-3.1155638299899504, 53.388848180195595], [-3.115554428830603, 53.38848870547047], [-3.115253771999283, 53.38849151514225], [-3.1152490727613524, 53.38831177775281], [-3.114647761478929, 53.38831739478888], [-3.114643064823331, 53.38813765735711], [-3.1155450278734738, 53.38812923072243], [-3.1155497283267604, 53.38830896809934], [-3.11645169471961, 53.388300534597086], [-3.116456399021176, 53.388480271913316], [-3.117057712228605, 53.38847464575702], [-3.1170624191126057, 53.38865438303087], [-3.118565707574635, 53.388640304301475], [-3.1185704208389144, 53.38882004147792], [-3.1197730557598886, 53.388808764795435], [-3.119768337431897, 53.388629027692446], [-3.1209709664772283, 53.38861773897187], [-3.120966243136338, 53.388438001936656], [-3.1203649312470385, 53.38844364777414], [-3.1203602104887427, 53.38826391069641], [-3.11975890092815, 53.38826955346926], [-3.119754182752393, 53.38808981634905], [-3.119152875520599, 53.38809545605733], [-3.1191434443847785, 53.38773598172625], [-3.118842793224533, 53.38773880040824], [-3.1188380789985426, 53.387559063215754], [-3.118537429053443, 53.38756188112244], [-3.118528003285215, 53.38720240668353], [-3.119429945373442, 53.38719395080278], [-3.1194346620296693, 53.38737368797003], [-3.1203366074588113, 53.38736522522177], [-3.1203413279632595, 53.38754496232817], [-3.1206419776039507, 53.38754213987985], [-3.12064669942501, 53.38772187696213], [-3.1209473502807623, 53.38771905373845], [-3.120952073418461, 53.38789879079661], [-3.121252725489271, 53.38789596679761], [-3.1212574499436343, 53.38807570383164], [-3.121558103229503, 53.388072879057276], [-3.1215486518398654, 53.387713405020286], [-3.121849302543188, 53.38771057952577], [-3.1218445756587654, 53.387530842517066], [-3.122445874381207, 53.38752518929403], [-3.1224411450159697, 53.38734545231641], [-3.122140496945998, 53.38734827928799], [-3.1221357688974365, 53.38716854228622], [-3.1224364157015954, 53.38716571533304], [-3.122431686438084, 53.386985978343944], [-3.1230329773622114, 53.38698032220367], [-3.1230235139246676, 53.38662084828191], [-3.122722871019593, 53.386623676693674], [-3.1227181406429074, 53.386443939705764], [-3.122417498952717, 53.38644676734221], [-3.1224080408834363, 53.386087293312336], [-3.1221074016738566, 53.38609012015505], [-3.1221026739812188, 53.38591038311311], [-3.1227039498180864, 53.38590472870763], [-3.1227086800421557, 53.38608446571275], [-3.1230093191500052, 53.386081637356234], [-3.123014050690674, 53.38626137433721], [-3.123615331285157, 53.38625571531664], [-3.1236105972130352, 53.38607597837255], [-3.1239112361681878, 53.38607314774534], [-3.1238970304601965, 53.38553393693388], [-3.1241976655673303, 53.38553110560511], [-3.1241881928186266, 53.38517163173899], [-3.1244888253434966, 53.3851687996902], [-3.1244840877799067, 53.384989062766984], [-3.124784718988186, 53.38498622997978], [-3.1247799802099157, 53.38480649306927], [-3.125381239942317, 53.38480082526118], [-3.125371757476235, 53.38444135149676], [-3.125672384734748, 53.38443851649432], [-3.125662899941455, 53.38407904274388], [-3.125963524617812, 53.38407620702153], [-3.125954037497415, 53.38371673328504], [-3.126254659591659, 53.3837138968428], [-3.126249914842449, 53.38353415998442], [-3.12655053562014, 53.38353132280384], [-3.126545789656438, 53.38335158595821], [-3.1268464091175763, 53.38334874803925], [-3.1268416619394115, 53.38316901120635], [-3.1271422800839965, 53.38316617254906], [-3.127128035059383, 53.38262696207136], [-3.12742864935649, 53.382624122712755], [-3.1274191503978455, 53.38226464906923], [-3.1280203737770713, 53.38225896815558], [-3.1280061181297367, 53.38171975775823], [-3.128306725946498, 53.381716916221734], [-3.128297219906367, 53.3813574426318], [-3.128597825141283, 53.38135460037553], [-3.1285883167749144, 53.380995126799654], [-3.1288889194280274, 53.38099228382367], [-3.1288841640562093, 53.38081254704563], [-3.1291847653928673, 53.3808097033314], [-3.1291704957883497, 53.38027049301837], [-3.129471093277988, 53.38026764860296], [-3.129466335580181, 53.38008791183899], [-3.1297669317533963, 53.380085066685375], [-3.1297478964128467, 53.37936611964621], [-3.130349078483925, 53.37936042721706], [-3.1303395560599316, 53.37900095373714], [-3.1306401444883094, 53.37899810642459], [-3.130635382087943, 53.37881836969456], [-3.1309359691999488, 53.37881552164386], [-3.1309264420225524, 53.37845604820367], [-3.1312270265530495, 53.37845319943335], [-3.1312079677525, 53.377734252558284], [-3.131508547171354, 53.37773140310552], [-3.131499015548353, 53.37737192967064], [-3.131799592385842, 53.37736907949831], [-3.131790058437752, 53.37700960607758], [-3.1320906326939206, 53.37700675518576], [-3.13207156035284, 53.376287808349595], [-3.131770991156638, 53.37629065916718], [-3.1317185603618185, 53.37431355468974], [-3.132019115644238, 53.37431070407636], [-3.1319857449681194, 53.373052546449706], [-3.132286291345916, 53.373049695209716], [-3.132271986602301, 53.372510484767844], [-3.131971444018599, 53.37251333595214], [-3.1319619103085103, 53.37215386225838], [-3.1316613702028864, 53.37215671264904], [-3.1316518392270716, 53.371797238895155], [-3.13135130159949, 53.3718000884922], [-3.131346537453053, 53.37162035158809], [-3.131046001038868, 53.37162320041007], [-3.131041238208259, 53.37144346348169], [-3.1307407030074734, 53.371446311528615], [-3.1307359414926603, 53.37126657457593], [-3.130435407505277, 53.37126942184783], [-3.1304306473062353, 53.37108968487087], [-3.1259226503305064, 53.37113230289314], [-3.1259273915607624, 53.3713120401476], [-3.1256268567561603, 53.37131487531565], [-3.125631596772787, 53.37149461258284], [-3.1250305244815006, 53.37150028068638], [-3.1250352620198485, 53.37168001798474], [-3.1247347245331762, 53.3716828509202], [-3.1247394608578243, 53.371862588231274], [-3.124438922055596, 53.371865420428676], [-3.1244436571665166, 53.37204515775245], [-3.12414311704873, 53.37204798921179], [-3.1241478509458975, 53.372227726548246], [-3.1244483923283473, 53.372224895070474], [-3.1244720689011647, 53.37312358157451], [-3.1247726165562204, 53.37312074924803], [-3.1247773532882657, 53.373300486513166], [-3.124476804368466, 53.373303318858106], [-3.124481539886682, 53.37348305613597], [-3.123579889027575, 53.373491548686815], [-3.1235846208023883, 53.37367128601421], [-3.1232840691494776, 53.3736741153698], [-3.1233029916982584, 53.37439306469576], [-3.123002434935251, 53.374395893368465], [-3.1230213532384092, 53.375114842676254], [-3.1227207913650967, 53.37511767066605], [-3.1227160629779127, 53.3749379333293], [-3.1224155023186437, 53.37494076054407], [-3.1224107752471704, 53.37476102318318], [-3.1221102158019485, 53.37476384962295], [-3.1221007643411807, 53.37440437484711], [-3.1214996503577277, 53.37441002538335], [-3.1215138200359385, 53.374949237648856], [-3.1218143808476437, 53.37494641270386], [-3.1218238300834984, 53.37530588748207], [-3.122124393374191, 53.37530306174367], [-3.1221338453430856, 53.37566253646212], [-3.1218332795225514, 53.37566536223732], [-3.121838004318282, 53.37584509960635], [-3.1221385714037564, 53.375842273812744], [-3.1221432975152417, 53.37602201115761], [-3.1224438658148546, 53.37601918458899], [-3.1224485932421246, 53.37619892190973], [-3.1218474540621473, 53.376204574327154], [-3.1218521790102867, 53.37638431167896], [-3.1224533207202265, 53.376378659224734], [-3.1224580482491584, 53.37655839653397], [-3.122758620292882, 53.376555569153496], [-3.1227633491376547, 53.37673530643861], [-3.123063922395538, 53.37673247828307], [-3.123078113030041, 53.3772716900487], [-3.1227775359770575, 53.37727451825949], [-3.1227822650252217, 53.377454255521634], [-3.1224816866563256, 53.37745708299418], [-3.122476958873224, 53.37727734571362], [-3.1218758045130626, 53.377282998351895], [-3.1218805297660412, 53.37746273566927], [-3.1221811082365942, 53.377459909710055], [-3.122190561425143, 53.377819384290774], [-3.1215893993728914, 53.377825035526136], [-3.1215846752833865, 53.37764529820184], [-3.120983515558131, 53.37765094637372], [-3.120978794049579, 53.37747120900692], [-3.1206782153758703, 53.377474031939464], [-3.1206876559135694, 53.37783350670412], [-3.1203870746589324, 53.377836328916764], [-3.1203823556298, 53.37765659151892], [-3.1191800351643457, 53.37766787272928], [-3.1191753212462827, 53.37748813525226], [-3.1185741632395456, 53.377493771280704], [-3.118578874627438, 53.37767350879444], [-3.1179777138878926, 53.37767914183291], [-3.1179824227962465, 53.37785887937757], [-3.1182830044564427, 53.37785606321834], [-3.118292424955295, 53.37821553825383], [-3.118593009095083, 53.378212721301225], [-3.118597720685621, 53.37839245879202], [-3.120100646950043, 53.37837836258693], [-3.120105364917002, 53.37855809998018], [-3.1204059512828963, 53.37855527845073], [-3.120415389899349, 53.3789147531833], [-3.1207159787448364, 53.37891193086038], [-3.1207112581460614, 53.37873219351534], [-3.121011845675613, 53.378729370454096], [-3.1210071238624377, 53.37854963312172], [-3.1213077100760556, 53.37854680932218], [-3.121317156283516, 53.37890628394443], [-3.1216177449766804, 53.3789034593514], [-3.1216224694217787, 53.37908319663553], [-3.1213218794634274, 53.37908602124695], [-3.121326602694127, 53.37926575854373], [-3.1216271939176785, 53.379262933913914], [-3.1216319184643826, 53.37944267118658], [-3.1207301408457258, 53.379451142861036], [-3.1207254200946677, 53.379271405533224], [-3.1198236458147983, 53.379279870342096], [-3.119818928910113, 53.379100132953425], [-3.1195183386472345, 53.379102953024585], [-3.1195136230584604, 53.378923215611806], [-3.1192130340100674, 53.37892603490789], [-3.1192083197371776, 53.37874629747101], [-3.1186071440186875, 53.378751933756384], [-3.1186212793982753, 53.3792911461599], [-3.11892187107844, 53.379288328340536], [-3.118940724021524, 53.38000727805819], [-3.117137142814971, 53.380024174063834], [-3.1171324370947566, 53.37984443653299], [-3.1165312454848135, 53.37985006244433], [-3.1165265423457074, 53.379670324871114], [-3.1156247583472854, 53.379678758007714], [-3.115629457690629, 53.379858495635844], [-3.1153288616581505, 53.37986130518622], [-3.115342956195533, 53.38040051809107], [-3.1156435560238607, 53.3803977084858], [-3.1156529551653556, 53.38075718369044], [-3.1159535574737824, 53.38075437329183], [-3.115967660361104, 53.38129358600088], [-3.116869478371168, 53.3812851500997], [-3.1168741832308413, 53.381464887602945], [-3.1171747903984035, 53.381462074104036], [-3.117184202800322, 53.381821549056745], [-3.1168835931019707, 53.38182436259231], [-3.1168882981134276, 53.38200410007836], [-3.116287076034118, 53.38200972491578], [-3.1162823735534944, 53.38182998739308], [-3.1156811538027447, 53.38183560916673], [-3.1156764539034976, 53.38165587160168], [-3.1153758452177125, 53.38165868133503], [-3.115389941270817, 53.382197894067836], [-3.1150893287382426, 53.38220070309925], [-3.115103421449726, 53.38273991583536], [-3.114802805070254, 53.38274272416485], [-3.114826287605505, 53.383641412035075], [-3.1145256648479434, 53.38364421969918], [-3.1145209695054255, 53.38346448211833], [-3.1142203479629154, 53.38346728900731], [-3.1142156539364207, 53.383287551402425], [-3.113915033608964, 53.3832903575163], [-3.113905648238433, 53.38293088225281], [-3.1136050303915344, 53.38293368757332], [-3.113600339047457, 53.382753949914694], [-3.1142015721598084, 53.38274833855339], [-3.1141968783352247, 53.38256860092557], [-3.1138962630697575, 53.38257140696637], [-3.113891570561114, 53.38239166931456], [-3.11298972825839, 53.38240008284125], [-3.1129850395965617, 53.3822203451289], [-3.1126844266602465, 53.38222314810594], [-3.112679739314278, 53.3820434103696], [-3.112379127592998, 53.38204621257159], [-3.112369755583117, 53.381686737045236], [-3.112069146342285, 53.38168953845392], [-3.112087885501877, 53.38240848955668], [-3.1123884998044464, 53.38240568807501], [-3.112397872217469, 53.382765163555504], [-3.1126984890005938, 53.382762361280534], [-3.112707864146199, 53.38312183670159], [-3.1130084834099154, 53.383119033633285], [-3.1130131723238534, 53.38329877131696], [-3.113313792802666, 53.38329596747357], [-3.1133231733129, 53.38365544278722], [-3.113623796272355, 53.383652638150465], [-3.1136284878686897, 53.38383237578041], [-3.113929112043251, 53.38382957036855], [-3.113933804955614, 53.38400930797449], [-3.114234430345279, 53.384006501787525], [-3.1142391245736967, 53.38418623936946], [-3.1136378712127235, 53.38419185102312], [-3.113642562960424, 53.384371588635844], [-3.113341934938646, 53.38437439334567], [-3.1133372444565475, 53.384194655714644], [-3.112735990792884, 53.38420026282717], [-3.112731302892405, 53.38402052515391], [-3.1124306772505346, 53.384023327556626], [-3.1124259906660443, 53.38384358985938], [-3.1121253662393498, 53.38384639148702], [-3.11210662546755, 53.38312744056771], [-3.111806006052646, 53.383130241365535], [-3.1118013222511642, 53.38295050360314], [-3.1115007040514, 53.382953303625904], [-3.1115100691736965, 53.38331277918143], [-3.1112094483925423, 53.38331557848383], [-3.1112281741791854, 53.38403452959902], [-3.1115288000225756, 53.38403173022371], [-3.1115428486880052, 53.384570943445205], [-3.1112422190477966, 53.38457374287522], [-3.1112515825452762, 53.38493321836404], [-3.111552214716763, 53.38493041889754], [-3.111570947378644, 53.38564936973344], [-3.111270310144431, 53.38565216927284], [-3.111265628169116, 53.38547243155424], [-3.1109649921502522, 53.38547523031851], [-3.110960311490977, 53.38529549257595], [-3.1106596766874657, 53.385298290565125], [-3.110654997344202, 53.385118552798595], [-3.1103543637560436, 53.38512135001267], [-3.1103496857287665, 53.38494161222219], [-3.1094477884594816, 53.38494999926846], [-3.1094524626897657, 53.38512973711356], [-3.1097530964288116, 53.385126942170146], [-3.1097577719750413, 53.38530667999129], [-3.110058406929483, 53.38530388427278], [-3.11006308379169, 53.38548362207002], [-3.1103637199615255, 53.3854808255764], [-3.110373076368251, 53.38584030111722], [-3.1109743536198184, 53.38583470578645], [-3.110979034430109, 53.38601444351182], [-3.111279674246121, 53.386011644692864], [-3.111289038549224, 53.38637112008994], [-3.1109883962017144, 53.38637391894536], [-3.111002439236684, 53.386913132052676], [-3.1104011467959434, 53.38691872760208], [-3.1103871113556822, 53.38637951438544], [-3.1100864688571876, 53.386382310970106], [-3.110072437666993, 53.38584309764725], [-3.109771798915434, 53.38584589342036], [-3.1097905022066192, 53.3865648445789], [-3.1091892144266327, 53.386570434000035], [-3.1091798677435376, 53.38621095835945], [-3.1088792263096856, 53.38621375189824], [-3.1088698823591083, 53.385854276198344], [-3.108569243406493, 53.38585706894384], [-3.108536550021898, 53.384598903686324], [-3.1082359198788225, 53.38460169554766], [-3.1082405889460136, 53.38478143347697], [-3.107939957487086, 53.384784224599606], [-3.1079492932407815, 53.38514370047737], [-3.1076486592003283, 53.385146490879485], [-3.107657992623447, 53.385505966770694], [-3.1079586291952794, 53.385503176332236], [-3.1079679653505847, 53.385862652164164], [-3.108268604403647, 53.385859860932456], [-3.108282612810384, 53.38639907458285], [-3.108583255610479, 53.38639628253968], [-3.108592597330965, 53.386755758241584], [-3.1088932426123916, 53.38675296540513], [-3.108897914813789, 53.3869327032293], [-3.1091985613107713, 53.38692990961772], [-3.1092032348282324, 53.38710964741795], [-3.109503882540769, 53.38710685303124], [-3.10952258217665, 53.3878258041021], [-3.1092219294007166, 53.387828598561605], [-3.1092172556821986, 53.38764886078429], [-3.10861595251129, 53.387654447396045], [-3.108611281374752, 53.3874747095766], [-3.1083106309797937, 53.38747750172887], [-3.1083012913891035, 53.38711802603645], [-3.1080006434755973, 53.387120817395406], [-3.108014649139432, 53.38766003097999], [-3.108315300850473, 53.387657239566494], [-3.108319970771377, 53.38783697739837], [-3.107718664767337, 53.387842559504776], [-3.1077560056877775, 53.389280462244336], [-3.1074553424829707, 53.38928325230746], [-3.107450675958193, 53.389103514466896], [-3.1068493519299905, 53.389109092285814], [-3.106840024094859, 53.38874961651485], [-3.1065393645374386, 53.38875240425251], [-3.1065300394348245, 53.38839292842231], [-3.1062293823591323, 53.38839571536667], [-3.106224721148962, 53.38821597742483], [-3.105924065289057, 53.38821876359408], [-3.1059287252333085, 53.38839850155406], [-3.1056280680573676, 53.388401286984504], [-3.105646703271753, 53.3891202388397], [-3.1059473655115073, 53.38911745333673], [-3.1059613462464277, 53.38965666711357], [-3.105360014120801, 53.389662237471384], [-3.1053553563577347, 53.38948249951522], [-3.104754026563758, 53.389488066808724], [-3.1047493713827934, 53.38930832881057], [-3.1044487076767004, 53.389311111303684], [-3.1044440538117937, 53.389131373281685], [-3.1041433913216365, 53.38913415499968], [-3.1041620020175444, 53.38985310712579], [-3.103861334413299, 53.38985588815926], [-3.103879940845619, 53.390574840266154], [-3.10418061351413, 53.390572059160235], [-3.1041992258114415, 53.391291011103014], [-3.103597870295417, 53.39129657270268], [-3.1035932196783023, 53.391116834689356], [-3.1029918664944782, 53.391122393224585], [-3.102987218459644, 53.39094265516933], [-3.1026865430588675, 53.390945433283264], [-3.1026772496713937, 53.39058595711939], [-3.1020759037843635, 53.39059151100379], [-3.1020805479209015, 53.390771249124775], [-3.1011785249174464, 53.39077957432781], [-3.1011831653055753, 53.39095931249727], [-3.1014838409561096, 53.390956538168574], [-3.1014884826602835, 53.39113627631425], [-3.1017891595270273, 53.39113350121041], [-3.1017938025472733, 53.39131323933229], [-3.1014931244143833, 53.391316014454205], [-3.1015024080723594, 53.3916754907169], [-3.101201727357206, 53.391678265117896], [-3.1012110086825, 53.3920377413938], [-3.1009103253850427, 53.39204051507387], [-3.1009056859636397, 53.391860776920716], [-3.1006050038824835, 53.3918635498256], [-3.100609642037681, 53.39204328799684], [-3.1003089586404333, 53.39204606016271], [-3.100304321751439, 53.39186632197342], [-3.100003639570523, 53.39186909336419], [-3.0999943684745257, 53.39150961693233], [-3.099693688776122, 53.391512387529936], [-3.099712226102755, 53.392231340442905], [-3.1000129108659578, 53.39222856977313], [-3.1000314540551694, 53.3929475225223], [-3.099730764226953, 53.39295029326425], [-3.09974003358815, 53.39330976964056], [-3.0991386487169965, 53.39331530892532], [-3.0991340165440766, 53.393135570703954], [-3.0988333253000593, 53.39313833919262], [-3.098824063636256, 53.39277886269663], [-3.0982226860639392, 53.39278439733055], [-3.0982180578392793, 53.392604659037914], [-3.0979173702447076, 53.39260742520121], [-3.0979081164772175, 53.392247948562755], [-3.097306746203766, 53.392253478546024], [-3.0973206193321374, 53.39279269360318], [-3.097019930322036, 53.392795457513174], [-3.0970245535313605, 53.392975195872104], [-3.0973252438077417, 53.39297243194411], [-3.0973298683330888, 53.393152170279315], [-3.097630559826021, 53.39314940557621], [-3.09763981155857, 53.39350888219343], [-3.097940505534373, 53.39350611669718], [-3.097949759998632, 53.3938655932555], [-3.0976490634901492, 53.39386835878777], [-3.097653689530576, 53.39404809707635], [-3.0970522938316196, 53.39405362590552], [-3.0970476703239167, 53.39387388758094], [-3.0967469736661966, 53.393876650841804], [-3.096742351474575, 53.3936969124935], [-3.096140960542696, 53.39370243670789], [-3.0961363409334637, 53.39352269831789], [-3.095835646659321, 53.393525459271395], [-3.0958310283661024, 53.39334572085767], [-3.0952296422014522, 53.393351240457406], [-3.095234257962019, 53.39353097890708], [-3.095534952335501, 53.3935282194678], [-3.095553420939701, 53.39424717313736], [-3.0958541203289562, 53.39424441286906], [-3.095858738870561, 53.394424151254164], [-3.096159439476529, 53.39442139021072], [-3.09617791920545, 53.395140343621925], [-3.0955765078124187, 53.395145865095515], [-3.0955857429091815, 53.39550534183871], [-3.0949843262516, 53.39551086035549], [-3.094979711211335, 53.39533112195082], [-3.094679004074551, 53.39533388005547], [-3.0946836178483395, 53.39551361847813], [-3.0943829093954474, 53.39551637584356], [-3.094364459663896, 53.39479742204683], [-3.0937630527409476, 53.394802934362566], [-3.0937722724417167, 53.39516241134419], [-3.0934715663729677, 53.395165166402215], [-3.093490001303608, 53.395884120368564], [-3.093790712438304, 53.39588136523875], [-3.093795322561423, 53.39606110369808], [-3.094096034913051, 53.396058347793165], [-3.094100646352293, 53.39623808622881], [-3.0944013599208486, 53.396235329548716], [-3.0944059726762427, 53.3964150679607], [-3.095007402197577, 53.396409552293], [-3.095012017535708, 53.396589290663336], [-3.096515596802773, 53.39657548815317], [-3.0965202185234015, 53.39675522642788], [-3.096820935494291, 53.39675246363623], [-3.096825558531217, 53.39693220188722], [-3.0971262767189582, 53.39692943832036], [-3.097130901072209, 53.39710917654764], [-3.0974316204768, 53.397106412205545], [-3.0974362461464033, 53.397286150409094], [-3.097736966767844, 53.39728338529179], [-3.0977415937538244, 53.39746312347159], [-3.098042315592111, 53.397460357579035], [-3.0980469438944995, 53.3976400957351], [-3.0989491129104794, 53.39763179346001], [-3.09895374506259, 53.39781153155628], [-3.0998559174300437, 53.397803222411945], [-3.099860553431954, 53.39798296044838], [-3.1007627291505413, 53.39797464443476], [-3.100767369002327, 53.39815438241127], [-3.1004666425460243, 53.39815715519112], [-3.1004712811810413, 53.39833689317997], [-3.1001705534081574, 53.398339665220625], [-3.1001798282944866, 53.39869914121727], [-3.1007812888571618, 53.39869359630649]], [[-3.096797821055589, 53.39585377229541], [-3.0964971104174017, 53.39585653499708], [-3.0964924889453425, 53.395676796693756], [-3.096793198317029, 53.395674034010085], [-3.096797821055589, 53.39585377229541]], [[-3.103681589957771, 53.39453185596297], [-3.102478787153902, 53.394542971380645], [-3.102469494299786, 53.394183495409685], [-3.1021687960066044, 53.39418627233506], [-3.1021641509208773, 53.394006534322905], [-3.102765544924536, 53.39400097975118], [-3.102760897356075, 53.393821241769494], [-3.103362288627074, 53.39381568420544], [-3.1033715888794093, 53.394175160090725], [-3.1036722869725972, 53.39417238013681], [-3.103681589957771, 53.39453185596297]], [[-3.102173441142295, 53.39436601034149], [-3.1018727415327705, 53.394368786527814], [-3.101868097663457, 53.39418904850331], [-3.1021687960066044, 53.39418627233506], [-3.102173441142295, 53.39436601034149]], [[-3.0991664428008634, 53.394393738133324], [-3.0988657426924364, 53.39439650674822], [-3.098861111486942, 53.39421676854315], [-3.0991618103289835, 53.39421399994631], [-3.0991664428008634, 53.394393738133324]], [[-3.101868097663457, 53.39418904850331], [-3.10156739927036, 53.39419182391441], [-3.101562756717362, 53.394012085866095], [-3.1018634538440946, 53.394009310473066], [-3.101868097663457, 53.39418904850331]], [[-3.105462497583848, 53.39361647105747], [-3.1045604154522852, 53.39362482211308], [-3.104555760385886, 53.393445084228546], [-3.105157145991056, 53.39343951765152], [-3.1051478309432827, 53.39308004193782], [-3.105749211282883, 53.3930744724049], [-3.105753871314296, 53.393254210228335], [-3.1060545626752045, 53.393251424308055], [-3.106059224023043, 53.393431162107625], [-3.1054578387185, 53.393436733227325], [-3.105462497583848, 53.39361647105747]], [[-3.1051478309432827, 53.39308004193782], [-3.1045464504032982, 53.393085608442355], [-3.1045417954871084, 53.39290587054065], [-3.103940417279402, 53.39291143398052], [-3.1039357649458075, 53.39273169603687], [-3.104837828383481, 53.392723349795766], [-3.1048424845158658, 53.39290308768506], [-3.105143173494541, 53.39290030407237], [-3.1051478309432827, 53.39308004193782]], [[-3.1036257750485694, 53.39237500066231], [-3.1033250896183775, 53.39237778043519], [-3.1033204399673493, 53.39219804243813], [-3.103621124131318, 53.39219526268337], [-3.1036257750485694, 53.39237500066231]], [[-3.1108281665661113, 53.39176884634224], [-3.1099261251333687, 53.39177723773561], [-3.10991209321368, 53.39123802487395], [-3.110513446622251, 53.39123243147806], [-3.110522806249656, 53.39159190665203], [-3.11082348541074, 53.39158910878207], [-3.1108281665661113, 53.39176884634224]], [[-3.107511344695318, 53.39144010594726], [-3.107210666247455, 53.39144289547139], [-3.107206000386498, 53.391263157681415], [-3.1075066775682147, 53.39126036817547], [-3.107511344695318, 53.39144010594726]], [[-3.107206000386498, 53.391263157681415], [-3.106905323154596, 53.39126594643032], [-3.1069006586099572, 53.391086208616464], [-3.1065999825940205, 53.39108899659014], [-3.1065906561874814, 53.39072952090892], [-3.1068913296711904, 53.39072673297155], [-3.106895994115489, 53.39090647079687], [-3.1071966688151353, 53.39090368208429], [-3.107206000386498, 53.391263157681415]], [[-3.109602064604579, 53.39088134513015], [-3.1093013903067765, 53.39088413989906], [-3.1092967157336426, 53.390704402219185], [-3.1095973887653443, 53.390701607468465], [-3.109602064604579, 53.39088134513015]], [[-3.1092967157336426, 53.390704402219185], [-3.1089960426516634, 53.39070719621285], [-3.108991369394894, 53.39052745850904], [-3.1092920412107836, 53.39052466453355], [-3.1092967157336426, 53.390704402219185]], [[-3.1065906561874814, 53.39072952090892], [-3.1062899826536188, 53.39073230808926], [-3.1062853207916774, 53.390552570221914], [-3.1065859930594457, 53.39054978305972], [-3.1065906561874814, 53.39072952090892]], [[-3.105984648473769, 53.390555356627054], [-3.1056839761057344, 53.39055814227517], [-3.105679316826097, 53.39037840436579], [-3.105378645674032, 53.39038118923874], [-3.1053739877105775, 53.39020145130551], [-3.105674657596573, 53.39019866645068], [-3.105669998417161, 53.39001892852984], [-3.1059706669869898, 53.39001614293616], [-3.105984648473769, 53.390555356627054]], [[-3.1122846953535994, 53.389957470597594], [-3.111683360274503, 53.38996307282265], [-3.1116786758245025, 53.38978333525987], [-3.112280008371546, 53.38977773307128], [-3.1122846953535994, 53.389957470597594]], [[-3.1116786758245025, 53.38978333525987], [-3.1110773430759298, 53.38978893442041], [-3.1110726612083406, 53.3896091968154], [-3.1107719960245297, 53.38961199524194], [-3.1107673154733, 53.389432257613], [-3.1104666515051504, 53.38943505526431], [-3.1104619722702505, 53.38925531761139], [-3.110161309517765, 53.38925811448749], [-3.1101566315991658, 53.38907837681064], [-3.110757954521858, 53.38907278233789], [-3.1107626349724096, 53.389252519978314], [-3.1110632976242294, 53.389249721588236], [-3.1110679793911076, 53.38942945920468], [-3.111368643258563, 53.38942666003937], [-3.111373326341797, 53.389606397631866], [-3.111673991424885, 53.389603597691334], [-3.1116786758245025, 53.38978333525987]], [[-3.1155779321081445, 53.38938739224027], [-3.1149766057354573, 53.389393011009815], [-3.1149719075107924, 53.38921327363072], [-3.1155732313515228, 53.38920765489777], [-3.1155779321081445, 53.38938739224027]], [[-3.1128532046914756, 53.38869370279546], [-3.112251887537804, 53.38869930779304], [-3.11224251432981, 53.38833983265444], [-3.111641202038218, 53.38834543455115], [-3.111636518041636, 53.38816569693676], [-3.112538482605712, 53.38815729301099], [-3.112543170400007, 53.38833703057063], [-3.112843826419786, 53.38833422772987], [-3.1128532046914756, 53.38869370279546]], [[-3.121839848825178, 53.387351105502624], [-3.121238552431043, 53.3873567556611], [-3.121233828179919, 53.387177018604106], [-3.1218351220424276, 53.38717136848245], [-3.121839848825178, 53.387351105502624]], [[-3.121233828179919, 53.387177018604106], [-3.1209331811724463, 53.387179842529555], [-3.12092845823793, 53.387000105448436], [-3.1212291039796014, 53.38699728154139], [-3.121233828179919, 53.387177018604106]], [[-3.119721156942874, 53.38683165634701], [-3.119420512213161, 53.38683447645107], [-3.1194157957091093, 53.3866547392666], [-3.119716439173045, 53.386651919180906], [-3.119721156942874, 53.38683165634701]], [[-3.1122050235139325, 53.386901931870696], [-3.111904377520184, 53.38690473305159], [-3.111895007851789, 53.38654525776184], [-3.1115943643392328, 53.386548058149316], [-3.1115849974038943, 53.38618858280016], [-3.1118856383849263, 53.38618578244916], [-3.1118903230931654, 53.38636552010836], [-3.112190965289569, 53.3863627189822], [-3.1122050235139325, 53.386901931870696]], [[-3.113698867868598, 53.386528439541614], [-3.113398224658545, 53.38653124447061], [-3.113393533571089, 53.3863515069084], [-3.1130928915763514, 53.38635431106222], [-3.113088201805097, 53.38617457347602], [-3.1127875610256743, 53.38617737685467], [-3.112778184165939, 53.38581790162854], [-3.1124775458675575, 53.38582070421377], [-3.1124634847532056, 53.385281491276835], [-3.112162850201516, 53.38528429305042], [-3.11215347890864, 53.384924817693964], [-3.1124541109289985, 53.38492201595687], [-3.1124587978158993, 53.385101753619715], [-3.1127594310515128, 53.38509895110747], [-3.1127641192544906, 53.38527868874634], [-3.1130647537053555, 53.385275885458995], [-3.1130788224138977, 53.38581509828639], [-3.113379460611423, 53.38581229418737], [-3.1133888425340843, 53.38617176934045], [-3.113689483212621, 53.38616896444799], [-3.113698867868598, 53.386528439541614]], [[-3.122093218748475, 53.38555090901201], [-3.1214919477710192, 53.38555656031629], [-3.1214872227622634, 53.38537682322034], [-3.121186588462984, 53.38537964771876], [-3.121177141129226, 53.38502017347283], [-3.1214777728971908, 53.38501734901121], [-3.12148249780432, 53.38519708611864], [-3.121783130787122, 53.385194260881725], [-3.1217878570107276, 53.38537399796503], [-3.1220884912083653, 53.38537117195285], [-3.122093218748475, 53.38555090901201]], [[-3.1160240764603038, 53.38345043632087], [-3.1157234551703983, 53.38345324699405], [-3.115718754816255, 53.38327350948061], [-3.116019374840636, 53.38327069882576], [-3.1160240764603038, 53.38345043632087]], [[-3.119551349188483, 53.38036111475341], [-3.119250750018172, 53.38036393419639], [-3.1192460353397222, 53.380184196805395], [-3.119546633244746, 53.38018137738078], [-3.119551349188483, 53.38036111475341]], [[-3.1168459548316867, 53.380386462497285], [-3.1165453552055813, 53.380389275129545], [-3.1165406519147507, 53.38020953757354], [-3.1168412502755625, 53.3802067249596], [-3.1168459548316867, 53.380386462497285]], [[-3.1162353515283883, 53.38003261185068], [-3.115934754331721, 53.380035422932835], [-3.115930053672576, 53.37985568532874], [-3.1162306496039744, 53.37985287426492], [-3.1162353515283883, 53.38003261185068]], [[-3.1209929587275416, 53.37801042109014], [-3.120692376258553, 53.37801324407784], [-3.1206876559135694, 53.37783350670412], [-3.120988237117451, 53.37783068373479], [-3.1209929587275416, 53.37801042109014]]]}, "properties": {"kind": "max_footprint", "threshold_pct": 7.0}}, {"type": "Feature", "geometry": {"type": "Polygon", "coordinates": [[[-3.0787362969708334, 53.4071647414594], [-3.078731748457223, 53.40698500243981], [-3.0781301665470724, 53.406990436867055], [-3.0781347125259066, 53.40717017592204], [-3.0787362969708334, 53.4071647414594]]]}, "properties": {"kind": "max_footprint", "threshold_pct": 10.0}}, {"type": "Feature", "geometry": {"type": "Polygon", "coordinates": [[[-3.079027989606851, 53.40680254508232], [-3.0790234399237573, 53.40662280606899], [-3.0781210747361363, 53.40663095873988], [-3.078125620617149, 53.40681069780633], [-3.079027989606851, 53.40680254508232]]]}, "properties": {"kind": "max_footprint", "threshold_pct": 10.0}}, {"type": "Feature", "geometry": {"type": "Polygon", "coordinates": [[[-3.0811289569809617, 53.40660375665797], [-3.081124398475414, 53.40642401776302], [-3.0805228249530643, 53.40642946420386], [-3.080527380923929, 53.406609203134295], [-3.0811289569809617, 53.40660375665797]]]}, "properties": {"kind": "max_footprint", "threshold_pct": 10.0}}, {"type": "Feature", "geometry": {"type": "Polygon", "coordinates": [[[-3.0811107232530386, 53.40588480104387], [-3.0811061649436673, 53.405705062126046], [-3.080805383276238, 53.40570778565426], [-3.0808099403183227, 53.405887524589815], [-3.0811107232530386, 53.40588480104387]]]}, "properties": {"kind": "max_footprint", "threshold_pct": 10.0}}, {"type": "Feature", "geometry": {"type": "Polygon", "coordinates": [[[-3.085604152402104, 53.405124902319464], [-3.085599575280499, 53.40494516364548], [-3.0852987994191055, 53.404947898464386], [-3.085303375273489, 53.40512763715621], [-3.085604152402104, 53.405124902319464]]]}, "properties": {"kind": "max_footprint", "threshold_pct": 10.0}}, {"type": "Feature", "geometry": {"type": "Polygon", "coordinates": [[[-3.0795840487143824, 53.40499971610935], [-3.0795749453072228, 53.40464023803353], [-3.079274170998241, 53.404642957668095], [-3.0792832718709686, 53.40500243577934], [-3.0795840487143824, 53.40499971610935]]]}, "properties": {"kind": "max_footprint", "threshold_pct": 10.0}}, {"type": "Feature", "geometry": {"type": "Polygon", "coordinates": [[[-3.081684924647706, 53.40480091829989], [-3.081680364098171, 53.40462117938328], [-3.0813795901322667, 53.404623904319905], [-3.0813750308989873, 53.404444165379815], [-3.081074258151221, 53.40444688954127], [-3.0810833741324353, 53.404806367451215], [-3.081684924647706, 53.40480091829989]]]}, "properties": {"kind": "max_footprint", "threshold_pct": 10.0}}, {"type": "Feature", "geometry": {"type": "Polygon", "coordinates": [[[-3.0846698086622575, 53.403874933345335], [-3.0846652356867277, 53.4036951945779], [-3.084364468547868, 53.40369792699989], [-3.0843690402562705, 53.403877665785146], [-3.0846698086622575, 53.403874933345335]]]}, "properties": {"kind": "max_footprint", "threshold_pct": 10.0}}, {"type": "Feature", "geometry": {"type": "Polygon", "coordinates": [[[-3.083753795921797, 53.40334391191288], [-3.0837492268951228, 53.40316417307489], [-3.083147699875857, 53.40316963251034], [-3.0831522663683506, 53.403349371383875], [-3.083753795921797, 53.40334391191288]]]}, "properties": {"kind": "max_footprint", "threshold_pct": 10.0}}, {"type": "Feature", "geometry": {"type": "Polygon", "coordinates": [[[-3.083147699875857, 53.40316963251034], [-3.0831385670382567, 53.40281015474613], [-3.0825370448907625, 53.40281561108089], [-3.082541608750871, 53.402995350001405], [-3.0828423711162385, 53.40299262219493], [-3.082846936292526, 53.403172361091954], [-3.083147699875857, 53.40316963251034]]]}, "properties": {"kind": "max_footprint", "threshold_pct": 10.0}}, {"type": "Feature", "geometry": {"type": "Polygon", "coordinates": [[[-3.0813522354683456, 53.403545470593635], [-3.081347676529363, 53.40336573161926], [-3.0816484416252243, 53.403363006806856], [-3.0816438814681937, 53.40318326784451], [-3.082245408978534, 53.40317781598303], [-3.0822408463364037, 53.402998077050476], [-3.0816393213602233, 53.40300352887643], [-3.0816347613013115, 53.40282378990267], [-3.0810332386630304, 53.40282923866356], [-3.081042353761614, 53.4031887166764], [-3.080741589834769, 53.40319143995624], [-3.0807461461905143, 53.40337117897183], [-3.0810469113844547, 53.40336845567423], [-3.081051469056328, 53.403548194666364], [-3.0813522354683456, 53.403545470593635]]]}, "properties": {"kind": "max_footprint", "threshold_pct": 10.0}}, {"type": "Feature", "geometry": {"type": "Polygon", "coordinates": [[[-3.0831294343971587, 53.402450676959006], [-3.0831248681503, 53.40227093805689], [-3.082824110902219, 53.402273666549654], [-3.0828286758820562, 53.40245340546956], [-3.0831294343971587, 53.402450676959006]]]}, "properties": {"kind": "max_footprint", "threshold_pct": 10.0}}, {"type": "Feature", "geometry": {"type": "Polygon", "coordinates": [[[-3.0897369210837096, 53.40203098108603], [-3.089732327061373, 53.4018512425647], [-3.0903338341735376, 53.40184575005442], [-3.090329237666692, 53.40166601156316], [-3.0897277330884574, 53.40167150403765], [-3.089723139164964, 53.40149176550491], [-3.0888208857278436, 53.401499998482905], [-3.088825475850475, 53.40167973706928], [-3.0885247233390354, 53.401682479898476], [-3.08852931224408, 53.401862218496994], [-3.0888300660224894, 53.40185947564997], [-3.0888346562438844, 53.40203921422491], [-3.0897369210837096, 53.40203098108603]]]}, "properties": {"kind": "max_footprint", "threshold_pct": 10.0}}, {"type": "Feature", "geometry": {"type": "Polygon", "coordinates": [[[-3.091532246229661, 53.401655017525925], [-3.0915276447044664, 53.401475279100566], [-3.091226893904895, 53.401478028727986], [-3.0912314941631407, 53.40165776717129], [-3.091532246229661, 53.401655017525925]]]}, "properties": {"kind": "max_footprint", "threshold_pct": 10.0}}, {"type": "Feature", "geometry": {"type": "Polygon", "coordinates": [[[-3.0867293698898726, 53.402058398374656], [-3.086724788537367, 53.401878659674736], [-3.0870255426117814, 53.401875921371854], [-3.087016377520697, 53.40151644399055], [-3.0867156259802155, 53.401519182257765], [-3.0867110447755675, 53.401339443540714], [-3.0855080431887147, 53.40135038896483], [-3.085512619325573, 53.40153012775318], [-3.0852118675388027, 53.401532862233665], [-3.085216442457928, 53.40171260103413], [-3.085817948516165, 53.40170713128018], [-3.08582252601846, 53.401886870039284], [-3.0861232802406935, 53.40188413400846], [-3.0861278590592236, 53.40206387274404], [-3.0867293698898726, 53.402058398374656]]]}, "properties": {"kind": "max_footprint", "threshold_pct": 10.0}}, {"type": "Feature", "geometry": {"type": "Polygon", "coordinates": [[[-3.096006558436477, 53.40017577655498], [-3.09600193830478, 53.399996038353066], [-3.0957011983841936, 53.39999879919675], [-3.095705817249063, 53.40017853741666], [-3.096006558436477, 53.40017577655498]]]}, "properties": {"kind": "max_footprint", "threshold_pct": 10.0}}, {"type": "Feature", "geometry": {"type": "Polygon", "coordinates": [[[-3.0957011983841936, 53.39999879919675], [-3.0956965795690117, 53.39981906097112], [-3.095395840865554, 53.39982182103951], [-3.0954004584139185, 53.40000155928312], [-3.0957011983841936, 53.39999879919675]]]}, "properties": {"kind": "max_footprint", "threshold_pct": 10.0}}, {"type": "Feature", "geometry": {"type": "Polygon", "coordinates": [[[-3.0902924673920382, 53.400228103427054], [-3.09027867935488, 53.39968888778163], [-3.0896772026480854, 53.399694379862616], [-3.089681796077398, 53.39987411845258], [-3.0899825357223243, 53.39987137277285], [-3.0899917252628675, 53.40023084989986], [-3.0902924673920382, 53.400228103427054]]]}, "properties": {"kind": "max_footprint", "threshold_pct": 10.0}}, {"type": "Feature", "geometry": {"type": "Polygon", "coordinates": [[[-3.09479436330963, 53.39982733890442], [-3.094789748344546, 53.39964760061916], [-3.0944890107589123, 53.39965035839769], [-3.094493624457194, 53.39983009670095], [-3.09479436330963, 53.39982733890442]]]}, "properties": {"kind": "max_footprint", "threshold_pct": 10.0}}, {"type": "Feature", "geometry": {"type": "Polygon", "coordinates": [[[-3.0896772026480854, 53.399694379862616], [-3.0896726092681868, 53.39951464126692], [-3.089371872107465, 53.39951738615358], [-3.0893764642205603, 53.39969712476718], [-3.0896772026480854, 53.399694379862616]]]}, "properties": {"kind": "max_footprint", "threshold_pct": 10.0}}, {"type": "Feature", "geometry": {"type": "Polygon", "coordinates": [[[-3.0936098476895157, 53.40055731891785], [-3.0936052375932817, 53.40037758058365], [-3.09330449474189, 53.40038033540479], [-3.093299885962097, 53.40020059704693], [-3.0926984026442867, 53.40020610438142], [-3.0926937964477457, 53.40002636598196], [-3.0920923154653988, 53.40003187025136], [-3.0920739013091656, 53.399312916452864], [-3.0917731658109155, 53.39931566737996], [-3.0917685636624337, 53.3991359288981], [-3.091467829381444, 53.399138679049976], [-3.0914862332052615, 53.39985763301469], [-3.091185493807612, 53.39986038248093], [-3.09119009362048, 53.4000401209757], [-3.0917915748999327, 53.400034621250114], [-3.091796177295962, 53.40021435970336], [-3.0920969191282666, 53.40021160868669], [-3.09210152284066, 53.40039134711629], [-3.0927030088903815, 53.400385842775165], [-3.092707615186029, 53.40056558116318], [-3.0936098476895157, 53.40055731891785]]]}, "properties": {"kind": "max_footprint", "threshold_pct": 10.0}}, {"type": "Feature", "geometry": {"type": "Polygon", "coordinates": [[[-3.0989815390216955, 53.398889960013605], [-3.0989769065705977, 53.39871022195169], [-3.098676176015011, 53.39871299024214], [-3.0986808071993814, 53.398892728322096], [-3.0989815390216955, 53.398889960013605]]]}, "properties": {"kind": "max_footprint", "threshold_pct": 10.0}}, {"type": "Feature", "geometry": {"type": "Polygon", "coordinates": [[[-3.089959562735953, 53.398972679855206], [-3.089954968286956, 53.39879294125451], [-3.0896542362427204, 53.398795686826936], [-3.0896588294249696, 53.398975425445535], [-3.089959562735953, 53.398972679855206]]]}, "properties": {"kind": "max_footprint", "threshold_pct": 10.0}}, {"type": "Feature", "geometry": {"type": "Polygon", "coordinates": [[[-3.088756629195604, 53.39898365767279], [-3.0887474504809718, 53.3986241803227], [-3.088145988481497, 53.39862966461637], [-3.088155162129154, 53.39898914203794], [-3.088756629195604, 53.39898365767279]]]}, "properties": {"kind": "max_footprint", "threshold_pct": 10.0}}, {"type": "Feature", "geometry": {"type": "Polygon", "coordinates": [[[-3.098676176015011, 53.39871299024214], [-3.098671544880461, 53.39853325215649], [-3.098370815541766, 53.39853601967164], [-3.098375445409604, 53.39871575777533], [-3.098676176015011, 53.39871299024214]]]}, "properties": {"kind": "max_footprint", "threshold_pct": 10.0}}, {"type": "Feature", "geometry": {"type": "Polygon", "coordinates": [[[-3.097473253294605, 53.398724055831295], [-3.097468627226911, 53.39854431767356], [-3.097167897689081, 53.39854708215968], [-3.097172522490059, 53.39872682033543], [-3.097473253294605, 53.398724055831295]]]}, "properties": {"kind": "max_footprint", "threshold_pct": 10.0}}, {"type": "Feature", "geometry": {"type": "Polygon", "coordinates": [[[-3.089353504149073, 53.39879843164208], [-3.0893489122829694, 53.39861869299992], [-3.089048181406661, 53.398621437039935], [-3.0890527720060295, 53.398801175699994], [-3.089353504149073, 53.39879843164208]]]}, "properties": {"kind": "max_footprint", "threshold_pct": 10.0}}, {"type": "Feature", "geometry": {"type": "Polygon", "coordinates": [[[-3.096566438464182, 53.39855260886015], [-3.0965618162463615, 53.398372870642675], [-3.0959603593559817, 53.39837839427815], [-3.095955739721267, 53.398198656018955], [-3.095655012468219, 53.39820141668282], [-3.095650394149877, 53.39802167839994], [-3.0953496681138306, 53.398024438288594], [-3.0953589022668204, 53.398383914884576], [-3.095659630836241, 53.398381154959964], [-3.0956642492539443, 53.39856089323139], [-3.096566438464182, 53.39855260886015]]]}, "properties": {"kind": "max_footprint", "threshold_pct": 10.0}}, {"type": "Feature", "geometry": {"type": "Polygon", "coordinates": [[[-3.0932538008909347, 53.39840321315345], [-3.093244584471596, 53.398043736306086], [-3.0929438580385966, 53.39804649013673], [-3.092939251169957, 53.397866751686536], [-3.092337800688648, 53.39787225704022], [-3.092347009408768, 53.398231734006636], [-3.0920462815604504, 53.39823448558346], [-3.092050884728106, 53.39841422407601], [-3.0932538008909347, 53.39840321315345]]]}, "properties": {"kind": "max_footprint", "threshold_pct": 10.0}}, {"type": "Feature", "geometry": {"type": "Polygon", "coordinates": [[[-3.094752830411048, 53.398209694130884], [-3.094743601424086, 53.397850217451584], [-3.094442876505749, 53.39785297505052], [-3.0944382633533802, 53.39767323668433], [-3.094137539652073, 53.39767599350807], [-3.0941329278159704, 53.39749625511818], [-3.0935314827978235, 53.39750176645803], [-3.09353609210064, 53.397681504883806], [-3.093836815901155, 53.39767874957455], [-3.0938460371888645, 53.39803822637304], [-3.0941467634731095, 53.39803547027065], [-3.094151375458045, 53.39821520864334], [-3.094752830411048, 53.398209694130884]]]}, "properties": {"kind": "max_footprint", "threshold_pct": 10.0}}, {"type": "Feature", "geometry": {"type": "Polygon", "coordinates": [[[-3.0920232664649214, 53.39733579303492], [-3.09201866359436, 53.39715605450805], [-3.091717943296451, 53.39715880522012], [-3.0917225449003922, 53.39733854376492], [-3.0920232664649214, 53.39733579303492]]]}, "properties": {"kind": "max_footprint", "threshold_pct": 10.0}}, {"type": "Feature", "geometry": {"type": "Polygon", "coordinates": [[[-3.1034459981013054, 53.397050966348175], [-3.103441347149738, 53.396871228500046], [-3.102539195578917, 53.39687956463337], [-3.102543842730744, 53.3970593025358], [-3.1034459981013054, 53.397050966348175]]]}, "properties": {"kind": "max_footprint", "threshold_pct": 10.0}}, {"type": "Feature", "geometry": {"type": "Polygon", "coordinates": [[[-3.091717943296451, 53.39715880522012], [-3.0917087402370664, 53.39679932811338], [-3.0914080224228577, 53.3968020780324], [-3.0914172229490426, 53.39716155517496], [-3.091717943296451, 53.39715880522012]]]}, "properties": {"kind": "max_footprint", "threshold_pct": 10.0}}, {"type": "Feature", "geometry": {"type": "Polygon", "coordinates": [[[-3.1070826130339904, 53.39809597911115], [-3.107073280180917, 53.39773650391318], [-3.1064718343867432, 53.39774208044719], [-3.1064671705687537, 53.397562342803276], [-3.1061664488630325, 53.3975651299163], [-3.106161786361823, 53.3973853922485], [-3.105861065872561, 53.397388178586155], [-3.1058564046881068, 53.3972084408945], [-3.105555685415304, 53.39721122645676], [-3.105546365729975, 53.396851751019945], [-3.1052456489402083, 53.39685453578873], [-3.105236331988487, 53.39649506029274], [-3.1049356176817167, 53.39649784426805], [-3.104954246719331, 53.39721679530965], [-3.105254966092374, 53.39721401126183], [-3.1052596247436255, 53.39739374898976], [-3.1055603453331564, 53.39739096416657], [-3.1055696653192464, 53.39775043956901], [-3.1061711114143966, 53.39774486757837], [-3.1061757740159157, 53.39792460523469], [-3.1064764982549047, 53.39792181808538], [-3.1064811621732344, 53.39810155571782], [-3.1070826130339904, 53.39809597911115]]]}, "properties": {"kind": "max_footprint", "threshold_pct": 10.0}}, {"type": "Feature", "geometry": {"type": "Polygon", "coordinates": [[[-3.094119092605322, 53.39695703991421], [-3.0941098693795954, 53.39659756308296], [-3.093207720777026, 53.39660582868769], [-3.093212328565361, 53.39678556716004], [-3.0935130460823763, 53.396782812697715], [-3.0935176551868664, 53.39696255114638], [-3.094119092605322, 53.39695703991421]]]}, "properties": {"kind": "max_footprint", "threshold_pct": 10.0}}, {"type": "Feature", "geometry": {"type": "Polygon", "coordinates": [[[-3.108548858435484, 53.39664412414046], [-3.1085441860527037, 53.39646438658936], [-3.1082434722978927, 53.396467178893836], [-3.1082481434141336, 53.39664691646312], [-3.108548858435484, 53.39664412414046]]]}, "properties": {"kind": "max_footprint", "threshold_pct": 10.0}}, {"type": "Feature", "geometry": {"type": "Polygon", "coordinates": [[[-3.1007627291505413, 53.39797464443476], [-3.1007580893486666, 53.39779490645252], [-3.1004573654256853, 53.39779767919623], [-3.100452726940362, 53.397617941190184], [-3.100152004234124, 53.39762071315862], [-3.1001473670653246, 53.397440975128795], [-3.099846645575833, 53.397443746321954], [-3.0998373739210936, 53.397084270209035], [-3.0995366549149477, 53.39708704060886], [-3.0995320204289687, 53.396907302525776], [-3.099231302639559, 53.39691007215034], [-3.0992266694700072, 53.39673033404348], [-3.098625236274836, 53.39673587098492], [-3.0986206056882466, 53.39655613283629], [-3.098319890282502, 53.39655890015317], [-3.0983152610122735, 53.39637916198077], [-3.0980145468232814, 53.39638192852243], [-3.098023802880421, 53.39674140489755], [-3.098324519602528, 53.39673863831983], [-3.09832914897235, 53.396918376480784], [-3.098629866911236, 53.39691560912784], [-3.098634497597448, 53.39709534726504], [-3.0992359358589505, 53.397089810251465], [-3.099240569128182, 53.397269548346884], [-3.099541289450782, 53.39726677868624], [-3.099550558672013, 53.39762625482378], [-3.0998512814780024, 53.397623484369824], [-3.0998559174300437, 53.397803222411945], [-3.100156641452806, 53.397800451182704], [-3.100161278721372, 53.39798018920108], [-3.1007627291505413, 53.39797464443476]]]}, "properties": {"kind": "max_footprint", "threshold_pct": 10.0}}, {"type": "Feature", "geometry": {"type": "Polygon", "coordinates": [[[-3.0968070666818877, 53.3962132488489], [-3.096802443843875, 53.396033510575016], [-3.096501731939174, 53.39603627329468], [-3.0965063535106605, 53.39621601158657], [-3.0968070666818877, 53.3962132488489]]]}, "properties": {"kind": "max_footprint", "threshold_pct": 10.0}}, {"type": "Feature", "geometry": {"type": "Polygon", "coordinates": [[[-3.105532386577919, 53.39631253782178], [-3.1055230673938325, 53.39595306232769], [-3.1058237778008118, 53.3959502768924], [-3.1058191170174587, 53.395770539154896], [-3.104916989445646, 53.395778893134775], [-3.104912332511865, 53.39559915533714], [-3.1043109164131293, 53.3956047208349], [-3.104315570813949, 53.3957844586688], [-3.1046162801548376, 53.39578167628037], [-3.1046209358722194, 53.39596141409041], [-3.1049216464295224, 53.39595863092668], [-3.1049263034634915, 53.396138368712855], [-3.1052270152372077, 53.39613558477382], [-3.105231673587792, 53.39631532253614], [-3.105532386577919, 53.39631253782178]]]}, "properties": {"kind": "max_footprint", "threshold_pct": 10.0}}, {"type": "Feature", "geometry": {"type": "Polygon", "coordinates": [[[-3.110029039713987, 53.395731463811536], [-3.1100243612501495, 53.395551726322815], [-3.1097236540792506, 53.39555452232219], [-3.1097283312766186, 53.395734259829126], [-3.110029039713987, 53.395731463811536]]]}, "properties": {"kind": "max_footprint", "threshold_pct": 10.0}}, {"type": "Feature", "geometry": {"type": "Polygon", "coordinates": [[[-3.0943829093954474, 53.39551637584356], [-3.0943736844304435, 53.39515689895663], [-3.094072978460881, 53.39515965552901], [-3.094077589652111, 53.395339393993275], [-3.0937768823664817, 53.395342149826426], [-3.093781492340833, 53.395521888302916], [-3.0943829093954474, 53.39551637584356]]]}, "properties": {"kind": "max_footprint", "threshold_pct": 10.0}}, {"type": "Feature", "geometry": {"type": "Polygon", "coordinates": [[[-3.1043109164131293, 53.3956047208349], [-3.104306262062373, 53.39542498299528], [-3.104005555204368, 53.395427764590295], [-3.104000902170132, 53.39524802672682], [-3.103700196528531, 53.39525080754656], [-3.103695544810787, 53.395071069659245], [-3.1030941359103728, 53.39507662899099], [-3.103089486775524, 53.39489689106175], [-3.102788783516727, 53.394899669573796], [-3.102784135698303, 53.39471993162073], [-3.1018820294212532, 53.39472826255966], [-3.101891317509547, 53.39508773856856], [-3.1024927268099236, 53.39508218529409], [-3.1024973734618935, 53.395261923253784], [-3.1027980793035597, 53.395259145462745], [-3.102802727271971, 53.39543888339863], [-3.103404141338218, 53.395433325508805], [-3.1034087918895654, 53.39561306340275], [-3.1043109164131293, 53.3956047208349]]]}, "properties": {"kind": "max_footprint", "threshold_pct": 10.0}}, {"type": "Feature", "geometry": {"type": "Polygon", "coordinates": [[[-3.1091269142509623, 53.395739849592786], [-3.109122239586533, 53.39556011204946], [-3.109422946858039, 53.39555731756439], [-3.1094182709774367, 53.395377580033525], [-3.108816858917049, 53.39538316821004], [-3.1088121856196294, 53.395203430637046], [-3.108210775891054, 53.39520901574854], [-3.1081920933353255, 53.39449006525371], [-3.107891393461313, 53.394492856600976], [-3.1078960627584973, 53.39467259425147], [-3.10759536156787, 53.394675384859774], [-3.107609365961517, 53.39521459783137], [-3.1079100709514, 53.395211807168536], [-3.107914740449487, 53.39539154479609], [-3.1082154466555876, 53.39538875335792], [-3.108220117470363, 53.39556849096156], [-3.10882153226474, 53.39556290577732], [-3.108826205662701, 53.395742643338856], [-3.1091269142509623, 53.395739849592786]]]}, "properties": {"kind": "max_footprint", "threshold_pct": 10.0}}, {"type": "Feature", "geometry": {"type": "Polygon", "coordinates": [[[-3.0970892836836703, 53.39549153229615], [-3.0970846597780883, 53.39531179401735], [-3.097385366517356, 53.39530902985531], [-3.0973807413950545, 53.3951292915888], [-3.097080035922245, 53.39513205573283], [-3.0970661646531266, 53.39459284084493], [-3.096765462929874, 53.394595604177816], [-3.0967608405393747, 53.394415865852395], [-3.0964601400328053, 53.39441862841012], [-3.0964786248274283, 53.3951375817494], [-3.09617791920545, 53.395140343621925], [-3.096187159368082, 53.3954998202932], [-3.0970892836836703, 53.39549153229615]]]}, "properties": {"kind": "max_footprint", "threshold_pct": 10.0}}, {"type": "Feature", "geometry": {"type": "Polygon", "coordinates": [[[-3.0985835627886535, 53.395118227441], [-3.098574302561818, 53.394758751034935], [-3.099175707894111, 53.39475321449017], [-3.099171075322572, 53.3945734763146], [-3.0985696725231047, 53.3945790128233], [-3.098565042534193, 53.39439927460595], [-3.0976629417607078, 53.394407573636336], [-3.097667567950416, 53.39458731190773], [-3.097968269524425, 53.394584546303406], [-3.0979728970303095, 53.39476428455108], [-3.0982735998209576, 53.39476151817157], [-3.098282857514927, 53.3951209946137], [-3.0985835627886535, 53.395118227441]]]}, "properties": {"kind": "max_footprint", "threshold_pct": 10.0}}, {"type": "Feature", "geometry": {"type": "Polygon", "coordinates": [[[-3.103972985015753, 53.39416959942574], [-3.1039683323318554, 53.393989861522186], [-3.1036676355550603, 53.39399264221514], [-3.1036722869725972, 53.39417238013681], [-3.103972985015753, 53.39416959942574]]]}, "properties": {"kind": "max_footprint", "threshold_pct": 10.0}}, {"type": "Feature", "geometry": {"type": "Polygon", "coordinates": [[[-3.104269029058606, 53.39398708007212], [-3.104264375158408, 53.39380734218092], [-3.103963679698004, 53.393810123612894], [-3.1039683323318554, 53.393989861522186], [-3.104269029058606, 53.39398708007212]]]}, "properties": {"kind": "max_footprint", "threshold_pct": 10.0}}, {"type": "Feature", "geometry": {"type": "Polygon", "coordinates": [[[-3.0970522938316196, 53.39405362590552], [-3.0970476703239167, 53.39387388758094], [-3.0967469736661966, 53.393876650841804], [-3.096751595907537, 53.39405638918439], [-3.0970522938316196, 53.39405362590552]]]}, "properties": {"kind": "max_footprint", "threshold_pct": 10.0}}, {"type": "Feature", "geometry": {"type": "Polygon", "coordinates": [[[-3.106669937038402, 53.39378506346878], [-3.106665273057634, 53.39360532571697], [-3.10606388542102, 53.393610899901454], [-3.1060685468691362, 53.393790637689555], [-3.106669937038402, 53.39378506346878]]]}, "properties": {"kind": "max_footprint", "threshold_pct": 10.0}}, {"type": "Feature", "geometry": {"type": "Polygon", "coordinates": [[[-3.1006745814489842, 53.39455962179272], [-3.1006699425952933, 53.39437988370169], [-3.1003692427361473, 53.3943826561023], [-3.1003599677112046, 53.3940231798669], [-3.100059270334926, 53.39402595147427], [-3.1000546341636324, 53.39384621332991], [-3.0997539380038415, 53.39384898416209], [-3.0997493031487586, 53.39366924599399], [-3.1000499980422065, 53.39366647517984], [-3.1000360899771304, 53.393127260695266], [-3.0997353988826264, 53.39313003145528], [-3.099744668343529, 53.393489507820135], [-3.099143280939743, 53.39349504714096], [-3.0991386487169965, 53.39331530892532], [-3.0988379562066766, 53.39331807743203], [-3.0988333253000593, 53.39313833919262], [-3.098532634006231, 53.39314110692418], [-3.0985280044157157, 53.392961368661034], [-3.0979266242112664, 53.39296690181678], [-3.0979358783769015, 53.39332637840944], [-3.0985372636465445, 53.39332084518161], [-3.0985418933366544, 53.39350058343332], [-3.098842587163104, 53.393497815665704], [-3.098851849225396, 53.39385729211588], [-3.098250456457344, 53.39386282696608], [-3.098255085030492, 53.394042565218626], [-3.099457875432776, 53.394031492417575], [-3.0994625091211985, 53.3942112305923], [-3.0997632078635706, 53.39420846048117], [-3.099772477922722, 53.3945679367773], [-3.1006745814489842, 53.39455962179272]]]}, "properties": {"kind": "max_footprint", "threshold_pct": 10.0}}, {"type": "Feature", "geometry": {"type": "Polygon", "coordinates": [[[-3.1060499013775047, 53.39307168650275], [-3.106045240129941, 53.39289194869174], [-3.105443862423122, 53.39289751970261], [-3.1054485211381375, 53.39307725754991], [-3.1060499013775047, 53.39307168650275]]]}, "properties": {"kind": "max_footprint", "threshold_pct": 10.0}}, {"type": "Feature", "geometry": {"type": "Polygon", "coordinates": [[[-3.1057398913704257, 53.39271499674083], [-3.1057352314893807, 53.39253525890018], [-3.1054345451434164, 53.3925380439908], [-3.1054392037582144, 53.392717781849576], [-3.1057398913704257, 53.39271499674083]]]}, "properties": {"kind": "max_footprint", "threshold_pct": 10.0}}, {"type": "Feature", "geometry": {"type": "Polygon", "coordinates": [[[-3.1054345451434164, 53.3925380439908], [-3.105429886578726, 53.3923583061263], [-3.1051292014488885, 53.39236109044169], [-3.105133858747345, 53.392540828324314], [-3.1054345451434164, 53.3925380439908]]]}, "properties": {"kind": "max_footprint", "threshold_pct": 10.0}}, {"type": "Feature", "geometry": {"type": "Polygon", "coordinates": [[[-3.1036629841875554, 53.393812904287735], [-3.1036583328700806, 53.393633166354604], [-3.1039590271141972, 53.39363038569788], [-3.1039497220967145, 53.39327090985066], [-3.1033483386237, 53.39327647033455], [-3.103343688722608, 53.393096732366125], [-3.103042998177365, 53.39309951145432], [-3.1030383495925666, 53.392919773462076], [-3.1024369708846535, 53.392925329330936], [-3.102427678930099, 53.39256585325688], [-3.1021269920336993, 53.392568630019504], [-3.1021177028114995, 53.392209153886384], [-3.1015163339337795, 53.392214705068014], [-3.101530260244565, 53.39275391936758], [-3.1006281951573538, 53.392762240624485], [-3.100614280242765, 53.39222302616233], [-3.100313595579299, 53.39222579834627], [-3.1003367810217712, 53.393124489178156], [-3.102140926241686, 53.393107844176235], [-3.1021502159634764, 53.39346732025208], [-3.102450909191286, 53.39346454339906], [-3.102455555393446, 53.39364428141029], [-3.1033576385759334, 53.393635946254214], [-3.103362288627074, 53.39381568420544], [-3.1036629841875554, 53.393812904287735]]]}, "properties": {"kind": "max_footprint", "threshold_pct": 10.0}}, {"type": "Feature", "geometry": {"type": "Polygon", "coordinates": [[[-3.1156437480097767, 53.39190371443296], [-3.115639046545277, 53.39172397717077], [-3.115338366925256, 53.39172678717195], [-3.1153430671235895, 53.391906524452445], [-3.1156437480097767, 53.39190371443296]]]}, "properties": {"kind": "max_footprint", "threshold_pct": 10.0}}, {"type": "Feature", "geometry": {"type": "Polygon", "coordinates": [[[-3.115338366925256, 53.39172678717195], [-3.115333666777476, 53.39154704988568], [-3.1147323099181006, 53.391552667580264], [-3.1147370075335696, 53.39173240490311], [-3.115338366925256, 53.39172678717195]]]}, "properties": {"kind": "max_footprint", "threshold_pct": 10.0}}, {"type": "Feature", "geometry": {"type": "Polygon", "coordinates": [[[-3.1096254445551517, 53.391780033352596], [-3.109620768464449, 53.391600295719556], [-3.1093200891021056, 53.39160309056128], [-3.1093247639266384, 53.3917828282125], [-3.1096254445551517, 53.391780033352596]]]}, "properties": {"kind": "max_footprint", "threshold_pct": 10.0}}, {"type": "Feature", "geometry": {"type": "Polygon", "coordinates": [[[-3.1147323099181006, 53.391552667580264], [-3.1147276123531604, 53.39137293025172], [-3.1144269351138183, 53.391375737945154], [-3.1144316314126166, 53.39155547529199], [-3.1147323099181006, 53.391552667580264]]]}, "properties": {"kind": "max_footprint", "threshold_pct": 10.0}}, {"type": "Feature", "geometry": {"type": "Polygon", "coordinates": [[[-3.1033204399673493, 53.39219804243813], [-3.1033157903663335, 53.39201830443534], [-3.103616473264092, 53.392015524698685], [-3.103597870295417, 53.39129657270268], [-3.103297192462366, 53.39129935236693], [-3.103292543111393, 53.39111961433549], [-3.1029918664944782, 53.391122393224585], [-3.102987218459644, 53.39094265516933], [-3.1026865430588675, 53.390945433283264], [-3.1026818963401417, 53.39076569520419], [-3.1023812221555045, 53.39076847254301], [-3.1023905131106844, 53.3911279487316], [-3.102691189827573, 53.391125171356606], [-3.102695836646256, 53.39130490942424], [-3.102094480630225, 53.39131046345332], [-3.1020991249665713, 53.391490201551406], [-3.10179844561746, 53.39149297744843], [-3.101807731907652, 53.39185245366354], [-3.1021084137891246, 53.39184967773035], [-3.1021130582753336, 53.39202941581122], [-3.1027144244208, 53.39202386163744], [-3.1027190714893917, 53.39220359967642], [-3.1033204399673493, 53.39219804243813]]]}, "properties": {"kind": "max_footprint", "threshold_pct": 10.0}}, {"type": "Feature", "geometry": {"type": "Polygon", "coordinates": [[[-3.116216886408328, 53.390819668683264], [-3.1162121827150506, 53.39063993142327], [-3.115911510792894, 53.39064274282869], [-3.1159068084162787, 53.39046300554467], [-3.1156061377096176, 53.39046581617476], [-3.115601436649637, 53.39028607886668], [-3.1150000976167624, 53.390291697819194], [-3.1150094947230205, 53.39065117250282], [-3.1156108388201624, 53.390645553477114], [-3.1156155399812686, 53.39082529077371], [-3.116216886408328, 53.390819668683264]]]}, "properties": {"kind": "max_footprint", "threshold_pct": 10.0}}, {"type": "Feature", "geometry": {"type": "Polygon", "coordinates": [[[-3.1114997886307343, 53.394459310462395], [-3.1114951041873, 53.39427957302468], [-3.1120965001446725, 53.394273971438125], [-3.1120918132189153, 53.394094234031165], [-3.111791116531785, 53.39409703518476], [-3.1117864309227827, 53.39391729775381], [-3.1114857354515926, 53.39392009813203], [-3.1114810511593176, 53.39374036067713], [-3.1105789682424714, 53.39374875721438], [-3.110569607406929, 53.39338928217798], [-3.1102689155332266, 53.39339207947306], [-3.110264236457259, 53.39321234192804], [-3.1099635457995185, 53.3932151384478], [-3.1099448350639483, 53.39249618813755], [-3.109644149420921, 53.39249898382737], [-3.1096394731290324, 53.392319246217276], [-3.10933878870193, 53.3923220411318], [-3.1093341137265504, 53.392142303497764], [-3.1090334305153764, 53.392145097637034], [-3.109028756856476, 53.391965359979075], [-3.1081267107199837, 53.39197373779981], [-3.1081220409099077, 53.391794000081546], [-3.107520679100124, 53.39179958147366], [-3.10751601187262, 53.39161984371333], [-3.1072153321585962, 53.39162263325562], [-3.107210666247455, 53.39144289547139], [-3.1069099877494066, 53.39144568423844], [-3.1069006586099572, 53.391086208616464], [-3.1065999825940205, 53.39108899659014], [-3.106595319365674, 53.3909092587524], [-3.106294644565703, 53.390912045950884], [-3.1062899826536188, 53.39073230808926], [-3.105688635435484, 53.390737880178825], [-3.1056932948153473, 53.39091761807674], [-3.1053926198649915, 53.3909204030041], [-3.105387961751239, 53.39074066508803], [-3.1050872880168927, 53.390743449240226], [-3.105082631219337, 53.390563711300295], [-3.104781958701004, 53.390566494677316], [-3.104772647788306, 53.39020701874403], [-3.1050733177744836, 53.390204235403274], [-3.1050686611271847, 53.390024497446156], [-3.105669998417161, 53.39001892852984], [-3.1056606802086693, 53.389659452670976], [-3.1050593479828383, 53.38966502151477], [-3.1050546914857886, 53.38948528354049], [-3.1041526965695074, 53.38949363107421], [-3.1041620020175444, 53.38985310712579], [-3.103861334413299, 53.38985588815926], [-3.1038706375293987, 53.390215364224154], [-3.1041713076657502, 53.39021258315448], [-3.104189919562693, 53.39093153514308], [-3.1044905947133703, 53.39092875324389], [-3.104509212475652, 53.39164770506839], [-3.104208532260383, 53.39165048704003], [-3.104213185559928, 53.39183022499995], [-3.1045138670413777, 53.391827443010186], [-3.10451852165717, 53.39200718094625], [-3.104819204354751, 53.3920043981813], [-3.104814548472766, 53.39182466026334], [-3.105115229854075, 53.391821876759415], [-3.1051198870022536, 53.39200161465926], [-3.1054205695996653, 53.39199883038014], [-3.1054252280641426, 53.392178568256085], [-3.1060265956410453, 53.392172997390354], [-3.106031256688067, 53.3923527352243], [-3.106331941667543, 53.39234994863765], [-3.1063366040309317, 53.39252968644772], [-3.108441406345965, 53.39251015901579], [-3.1084460776231975, 53.39268989669294], [-3.108746764733576, 53.39268710401328], [-3.108751437327307, 53.39286684166652], [-3.109052125653679, 53.39286404821157], [-3.109061473524463, 53.39322352346444], [-3.109362164333106, 53.393220729216004], [-3.109371514937585, 53.39358020440956], [-3.109672208228539, 53.3935774093676], [-3.1096768848725302, 53.393757146937595], [-3.1099775793794993, 53.3937543511203], [-3.109982257340126, 53.39393408866635], [-3.110282953063109, 53.39393129207373], [-3.1102876323403974, 53.39411102959582], [-3.110588329279394, 53.394108232227886], [-3.1105930098733725, 53.394287969726015], [-3.1111944061330266, 53.39428237268226], [-3.111199089310092, 53.39446211013821], [-3.1114997886307343, 53.394459310462395]]]}, "properties": {"kind": "max_footprint", "threshold_pct": 10.0}}, {"type": "Feature", "geometry": {"type": "Polygon", "coordinates": [[[-3.1197636191546505, 53.38844929058372], [-3.11975890092815, 53.38826955346926], [-3.1194582460717317, 53.388272373720234], [-3.119453529161861, 53.388092636581675], [-3.11885222182862, 53.38809827477603], [-3.118856936206718, 53.38827801195132], [-3.1191575911645835, 53.38827519321426], [-3.119162306859284, 53.38845493036545], [-3.1197636191546505, 53.38844929058372]]]}, "properties": {"kind": "max_footprint", "threshold_pct": 10.0}}, {"type": "Feature", "geometry": {"type": "Polygon", "coordinates": [[[-3.1132523738136695, 53.39246538558198], [-3.1132476823271555, 53.39228564819072], [-3.1135483660993266, 53.39228284343416], [-3.1135389807452905, 53.391923368670945], [-3.1123362554834504, 53.39193458300863], [-3.1123268804606465, 53.39157510807639], [-3.1126275593194315, 53.39157230566406], [-3.112618181966014, 53.391212830745424], [-3.1123175056395134, 53.391215633121234], [-3.1123034437859274, 53.39067642064549], [-3.111702098578342, 53.39068202301651], [-3.111697413926805, 53.390502285476636], [-3.111396742513508, 53.390505085508366], [-3.111392059178426, 53.390325347944525], [-3.110790718732871, 53.39033094570042], [-3.110786037980272, 53.390151208094395], [-3.1104853689480287, 53.390154005818594], [-3.1104806895118173, 53.38997426818862], [-3.111082024993872, 53.38996867201966], [-3.1110773430759298, 53.38978893442041], [-3.110776676626102, 53.38979173286516], [-3.1107673154733, 53.389432257613], [-3.1104666515051504, 53.38943505526431], [-3.1104619722702505, 53.38925531761139], [-3.109860646714966, 53.38926091060657], [-3.109855970062345, 53.389081172911524], [-3.1095553084752265, 53.38908396825542], [-3.1095506331388694, 53.38890423053643], [-3.10924997276743, 53.38890702510513], [-3.109245298747306, 53.388727287362194], [-3.1089446395915505, 53.38873008115572], [-3.1089352942339756, 53.38837060561629], [-3.108634637559828, 53.38837339861645], [-3.1086206236980667, 53.38783418520975], [-3.108319970771377, 53.38783697739837], [-3.108324640742506, 53.388016715224516], [-3.1080239864997043, 53.388019506674375], [-3.1080333240608273, 53.38837898234585], [-3.107732667235999, 53.38838177307508], [-3.1077420024661047, 53.38874124875997], [-3.1080426618228034, 53.388738457994386], [-3.1080473307791134, 53.38891819581007], [-3.1077466701564607, 53.38892098659383], [-3.1077606735287406, 53.38946020006101], [-3.1074600090579376, 53.389462990142306], [-3.1074553424829707, 53.38928325230746], [-3.1068540159227997, 53.3892888301627], [-3.1068446879873446, 53.388929354403196], [-3.1065440271639666, 53.38893214215901], [-3.1065393645374386, 53.38875240425251], [-3.1062387049298708, 53.38875519123317], [-3.1062620122340623, 53.38965388079915], [-3.1059613462464277, 53.38965666711357], [-3.105966006591646, 53.38983640502772], [-3.1062666738453086, 53.38983361869517], [-3.1062713355066935, 53.39001335658545], [-3.106572003976258, 53.3900105694777], [-3.106576666953834, 53.39019030734412], [-3.106877336639299, 53.39018751946119], [-3.1068866652770595, 53.3905469951405], [-3.1071873374445036, 53.39054420646424], [-3.107201334575725, 53.39108341988571], [-3.107502010491308, 53.39108063039793], [-3.1075066775682147, 53.39126036817547], [-3.108408708812123, 53.39125199511528], [-3.1083993671117565, 53.39089251966356], [-3.1080986926129226, 53.39089531140431], [-3.108094023104199, 53.39071557365166], [-3.1077933498212476, 53.39071836461718], [-3.1077886816288385, 53.390538626840645], [-3.1074880095617687, 53.39054141703096], [-3.1074786758597193, 53.39018194142432], [-3.1077793453946456, 53.39017915127036], [-3.107774677352861, 53.389999413476616], [-3.108376013739979, 53.38999383093395], [-3.1083853549379836, 53.39035330644298], [-3.109287366738204, 53.390344926842225], [-3.1092920412107836, 53.39052466453355], [-3.1095927129763985, 53.390521869801056], [-3.1095973887653443, 53.390701607468465], [-3.1098980617467533, 53.390698811960725], [-3.10990273885209, 53.3908785496042], [-3.110203413049296, 53.390875753321204], [-3.1102080914710517, 53.391055490940744], [-3.1105087668840494, 53.39105269388248], [-3.110513446622251, 53.39123243147806], [-3.1108141232510427, 53.39122963364455], [-3.1108281665661113, 53.39176884634224], [-3.1111288469430116, 53.39176604769699], [-3.1111335294149107, 53.391945785233204], [-3.1114342110076274, 53.39194298581265], [-3.1114388947960836, 53.3921227233249], [-3.1117395776046113, 53.39211992312904], [-3.111744262709652, 53.39229966061731], [-3.1126463146314407, 53.392291255432575], [-3.1126510035855257, 53.39247099286038], [-3.1132523738136695, 53.39246538558198]], [[-3.1089820230321448, 53.390167983084226], [-3.108681353698128, 53.3901707762663], [-3.1086766818581935, 53.38999103852709], [-3.108977349926162, 53.38998824536322], [-3.1089820230321448, 53.390167983084226]], [[-3.1086766818581935, 53.38999103852709], [-3.108376013739979, 53.38999383093395], [-3.1083713432163265, 53.38981409317084], [-3.108672010068507, 53.38981130078215], [-3.1086766818581935, 53.38999103852709]], [[-3.1083713432163265, 53.38981409317084], [-3.1080706763139148, 53.38981688480251], [-3.108051999785639, 53.389097933620015], [-3.1083526616240436, 53.38909514206108], [-3.1083713432163265, 53.38981409317084]], [[-3.10716400989609, 53.389645517313845], [-3.106863344058907, 53.38964830589929], [-3.106858679965772, 53.389468568033884], [-3.107159344536943, 53.389465779466576], [-3.10716400989609, 53.389645517313845]]]}, "properties": {"kind": "max_footprint", "threshold_pct": 10.0}}, {"type": "Feature", "geometry": {"type": "Polygon", "coordinates": [[[-3.113304412494185, 53.382936492137006], [-3.1132997224155994, 53.38275675446012], [-3.1129991057333073, 53.38275955824872], [-3.1130037945464006, 53.38293929594387], [-3.113304412494185, 53.382936492137006]]]}, "properties": {"kind": "max_footprint", "threshold_pct": 10.0}}, {"type": "Feature", "geometry": {"type": "Polygon", "coordinates": [[[-3.1186919631366146, 53.381987207403135], [-3.118687250532674, 53.38180747002706], [-3.1183866410875054, 53.38181028734657], [-3.1183913524260314, 53.38199002474097], [-3.1186919631366146, 53.381987207403135]]]}, "properties": {"kind": "max_footprint", "threshold_pct": 10.0}}, {"type": "Feature", "geometry": {"type": "Polygon", "coordinates": [[[-3.1186495515254693, 53.38036957081209], [-3.1186448393775956, 53.38018983338439], [-3.117442446845408, 53.3802010974615], [-3.1174471539321176, 53.38038083496255], [-3.1186495515254693, 53.38036957081209]]]}, "properties": {"kind": "max_footprint", "threshold_pct": 10.0}}, {"type": "Feature", "geometry": {"type": "Polygon", "coordinates": [[[-3.1171418485857862, 53.38020391158892], [-3.117137142814971, 53.380024174063834], [-3.1168365457700267, 53.38002698741619], [-3.1168412502755625, 53.3802067249596], [-3.1171418485857862, 53.38020391158892]]]}, "properties": {"kind": "max_footprint", "threshold_pct": 10.0}}, {"type": "Feature", "geometry": {"type": "Polygon", "coordinates": [[[-3.1219136079595753, 53.378720896730194], [-3.121908882350918, 53.378541159452986], [-3.121608296238887, 53.37854398476594], [-3.1216130205823833, 53.37872372206154], [-3.1219136079595753, 53.378720896730194]]]}, "properties": {"kind": "max_footprint", "threshold_pct": 10.0}}, {"type": "Feature", "geometry": {"type": "Polygon", "coordinates": [[[-3.121608296238887, 53.37854398476594], [-3.1216035719461908, 53.37836424746459], [-3.121302987048504, 53.37836707200243], [-3.1213077100760556, 53.37854680932218], [-3.121608296238887, 53.37854398476594]]]}, "properties": {"kind": "max_footprint", "threshold_pct": 10.0}}, {"type": "Feature", "geometry": {"type": "Polygon", "coordinates": [[[-3.12070181710079, 53.37837271880805], [-3.120692376258553, 53.37801324407784], [-3.1203917937388077, 53.378016066308874], [-3.1203870746589324, 53.377836328916764], [-3.1200864933535524, 53.37783915037272], [-3.1200959290338153, 53.378198625187935], [-3.120396512869427, 53.37819580369522], [-3.1204012320507895, 53.37837554107582], [-3.12070181710079, 53.37837271880805]]]}, "properties": {"kind": "max_footprint", "threshold_pct": 10.0}}, {"type": "Feature", "geometry": {"type": "Polygon", "coordinates": [[[-3.1161980719387565, 53.39010071960886], [-3.116188665007503, 53.38974124503726], [-3.115887999415568, 53.389744056351134], [-3.115883297291826, 53.389564319038435], [-3.115281968488262, 53.38956993935858], [-3.1152772689470725, 53.389390202003526], [-3.1149766057354573, 53.389393011009815], [-3.1149719075107924, 53.38921327363072], [-3.1146712455146246, 53.38921608186172], [-3.1146665486064564, 53.3890363444586], [-3.114365887825739, 53.38903915191434], [-3.114361192234038, 53.38885941448722], [-3.114962511213051, 53.38885379885538], [-3.1149672093366574, 53.389033536245904], [-3.115267870016329, 53.38903072727623], [-3.1152725694564296, 53.38921046464275], [-3.1161745549900224, 53.38920203313684], [-3.116169851752032, 53.38902229582523], [-3.1158691912240295, 53.38902510706588], [-3.115864489302573, 53.38884536973025], [-3.1155638299899504, 53.388848180195595], [-3.115559129384999, 53.38866844283589], [-3.115258471287758, 53.38867125252598], [-3.115253771999283, 53.38849151514225], [-3.11465245818504, 53.38849713221491], [-3.114647761478929, 53.38831739478888], [-3.114347105761942, 53.38832020217146], [-3.1143424103722426, 53.3881404647214], [-3.114041755870654, 53.38814327132874], [-3.114037061797338, 53.38796353385465], [-3.114939021352939, 53.38795511181661], [-3.114943719223909, 53.38813484923583], [-3.1161463363208255, 53.38812360918118], [-3.1161510393059038, 53.38830334652147], [-3.116752350082721, 53.38829772191573], [-3.116757055650194, 53.38847745921364], [-3.117659025233543, 53.388469016572834], [-3.117663734649383, 53.38864875381003], [-3.1191670226047017, 53.388634667510914], [-3.119162306859284, 53.38845493036545], [-3.1188616506355173, 53.38845774912086], [-3.118856936206718, 53.38827801195132], [-3.1176543158683536, 53.38828927932992], [-3.1176496065538144, 53.38810954208124], [-3.1170482986124677, 53.38811517119209], [-3.1170388851988147, 53.387755696604216], [-3.117940839439645, 53.3877472519125], [-3.1179314186334106, 53.38738777741168], [-3.1173301209202, 53.38739340788978], [-3.117320705379863, 53.3870339332927], [-3.1176213517301594, 53.387031118468784], [-3.117626060740822, 53.38721085575187], [-3.1200312398453174, 53.3871883097643], [-3.1200359590331797, 53.38736804689479], [-3.120637255833674, 53.38736240279181], [-3.1206325341141796, 53.38718266569806], [-3.120331887005131, 53.38718548810964], [-3.120327166602218, 53.38700575099177], [-3.119425228767939, 53.387014213629776], [-3.119420512213161, 53.38683447645107], [-3.1191198674327234, 53.38683729579818], [-3.1191151521944493, 53.38665755859537], [-3.1188145086290793, 53.38666037716722], [-3.1188097947072793, 53.386480639940295], [-3.1200123636013903, 53.38646936118486], [-3.120017082586243, 53.38664909833831], [-3.12031772594869, 53.386646276738794], [-3.120322446250071, 53.386826013868145], [-3.120923735354208, 53.386820368361604], [-3.12092845823793, 53.387000105448436], [-3.121830395310512, 53.38699163145652], [-3.1218351220424276, 53.38717136848245], [-3.1221357688974365, 53.38716854228622], [-3.1221310408997223, 53.38698880527869], [-3.122431686438084, 53.386985978343944], [-3.1224269572254344, 53.3868062413491], [-3.1227276014471514, 53.386803413675835], [-3.122722871019593, 53.386623676693674], [-3.1221215850568367, 53.38662933124645], [-3.122116857211665, 53.38644959422172], [-3.1218162154197686, 53.38645242034433], [-3.121802035986513, 53.385913209180494], [-3.1221026739812188, 53.38591038311311], [-3.122093218748475, 53.38555090901201], [-3.12059004092376, 53.38556503159608], [-3.1205805985510886, 53.38520555728809], [-3.120279965365115, 53.38520837949747], [-3.120270525726824, 53.38484890512978], [-3.1199698950213843, 53.38485172654555], [-3.119960458117363, 53.38449225211815], [-3.1202610862915643, 53.38448943073912], [-3.1202658059838173, 53.38466916793734], [-3.1208670647111614, 53.38466352287194], [-3.1208717869854192, 53.38484326002763], [-3.1211724175385465, 53.384840436341264], [-3.121177141129226, 53.38502017347283], [-3.1217784046143437, 53.385014523792684], [-3.121783130787122, 53.385194260881725], [-3.122083763719098, 53.38519143488795], [-3.1220884912083653, 53.38537117195285], [-3.123291027490366, 53.385359860335306], [-3.1232815624374433, 53.38500038634711], [-3.1241834565206807, 53.38499189479733], [-3.1241787202736675, 53.384812157849915], [-3.1247799802099157, 53.38480649306927], [-3.124775241482608, 53.38462675615302], [-3.1250758701086805, 53.38462392264586], [-3.125071130166734, 53.38444418574232], [-3.125371757476235, 53.38444135149676], [-3.125362275214099, 53.38408187770938], [-3.1250616504357582, 53.384084711918014], [-3.1250569106467294, 53.38390497499726], [-3.124756287082975, 53.383907808430614], [-3.1247515486104622, 53.383728071485656], [-3.1244509262612974, 53.38373090414373], [-3.1244461891052757, 53.3835511671746], [-3.1250474312215832, 53.383545501138514], [-3.1250521709086705, 53.38372523807076], [-3.125954037497415, 53.38371673328504], [-3.1259492940137363, 53.383536996408196], [-3.126249914842449, 53.38353415998442], [-3.1262404254971026, 53.38317468625046], [-3.1265410437437757, 53.38317184910681], [-3.1265268063120004, 53.382632638518196], [-3.126827420711216, 53.3826298006732], [-3.126808433121622, 53.38191085321526], [-3.1262072143955697, 53.38191652800068], [-3.126197725968588, 53.381557054163366], [-3.126798939633098, 53.38155137945187], [-3.1268036863518383, 53.38173111633645], [-3.1271042943729137, 53.381728277827065], [-3.127109042408089, 53.38190801468739], [-3.1280108699610825, 53.381899494563086], [-3.1279918629422903, 53.3811805473092], [-3.1282924669629684, 53.381177705828215], [-3.1282829612294987, 53.380818232203836], [-3.1285835626684166, 53.3808153900031], [-3.128578808613038, 53.380635653200805], [-3.1288794087355267, 53.380632810261844], [-3.1288698982475647, 53.38027333667705], [-3.1291704957883497, 53.38027049301837], [-3.1291657393558068, 53.38009075623588], [-3.129466335580181, 53.38008791183899], [-3.1294615779335335, 53.379908175069296], [-3.1297621728415, 53.379905329934196], [-3.129757413980778, 53.37972559317727], [-3.1288556328991226, 53.379734126256814], [-3.128846122922485, 53.37937465261461], [-3.129447305300545, 53.379368964725714], [-3.1294425478585306, 53.37918922793304], [-3.1300437275015764, 53.37918353705436], [-3.1300389675803566, 53.379003800293006], [-3.1303395560599316, 53.37900095373714], [-3.13033479492473, 53.37882121698858], [-3.130635382087943, 53.37881836969456], [-3.1306258574408368, 53.378458896217296], [-3.1309264420225524, 53.37845604820367], [-3.1309121516406186, 53.377916838000324], [-3.130611570854231, 53.3779196859583], [-3.1306020467191895, 53.3775602124236], [-3.1309026249754264, 53.377557364502714], [-3.1308930985151036, 53.37719789098213], [-3.131193674190026, 53.37719504234169], [-3.131198438659621, 53.377374779086296], [-3.131799592385842, 53.37736907949831], [-3.131785291540591, 53.376829869358595], [-3.1320858645317466, 53.376827018485336], [-3.1320763283612085, 53.37646754506725], [-3.1317757579000363, 53.37647039590338], [-3.1317137942334106, 53.3741338178846], [-3.1320143482510225, 53.37413096728979], [-3.1319857449681194, 53.373052546449706], [-3.132286291345916, 53.373049695209716], [-3.1322815230467786, 53.372869958401516], [-3.1319809779336936, 53.37287280962295], [-3.1319619103085103, 53.37215386225838], [-3.1316613702028864, 53.37215671264904], [-3.1316518392270716, 53.371797238895155], [-3.13135130159949, 53.3718000884922], [-3.131346537453053, 53.37162035158809], [-3.131046001038868, 53.37162320041007], [-3.131041238208259, 53.37144346348169], [-3.1307407030074734, 53.371446311528615], [-3.1307359414926603, 53.37126657457593], [-3.130435407505277, 53.37126942184783], [-3.1304306473062353, 53.37108968487087], [-3.1259226503305064, 53.37113230289314], [-3.1259273915607624, 53.3713120401476], [-3.1256268567561603, 53.37131487531565], [-3.1256363368403735, 53.3716743498443], [-3.1250352620198485, 53.37168001798474], [-3.125044737249348, 53.37203949256424], [-3.124744197233394, 53.37204232553661], [-3.1247773532882657, 53.373300486513166], [-3.1250779021571367, 53.37329765341167], [-3.1250921164531555, 53.373836865117326], [-3.1244910110758592, 53.373842530674445], [-3.1245004824687044, 53.37420200518995], [-3.124199927174064, 53.374204836870554], [-3.12421886551139, 53.37492378590646], [-3.1239183051064554, 53.374926616904226], [-3.123923038553172, 53.37510635416728], [-3.123622476832461, 53.37510918442687], [-3.123627209065177, 53.37528892170263], [-3.1230260829413323, 53.37529457998886], [-3.1230213532384092, 53.375114842676254], [-3.122420229440943, 53.37512049789924], [-3.1224155023186437, 53.37494076054407], [-3.1221149416085496, 53.37494358700226], [-3.1221054900461596, 53.374584112237926], [-3.121804931814986, 53.37458693790272], [-3.12181910544017, 53.37512615009584], [-3.122119667465964, 53.37512332437584], [-3.1221291193332306, 53.375482799105754], [-3.1224296838380226, 53.37547997259235], [-3.1224391384384154, 53.375839447262535], [-3.122739705422244, 53.375836619955685], [-3.122744434063637, 53.376016357263744], [-3.1230450022615748, 53.376013529181876], [-3.123049732218778, 53.37619326646578], [-3.1233503016308233, 53.376190437608855], [-3.1233644956025595, 53.37672964937089], [-3.123063922395538, 53.37673247828307], [-3.1230923041223084, 53.37781090176267], [-3.1227917232741014, 53.37781373002871], [-3.122801181726385, 53.378173204512855], [-3.1231017651048116, 53.37817037620998], [-3.123120687680217, 53.378889325035715], [-3.1228200992411934, 53.37889215341227], [-3.1228248287470315, 53.37907189062274], [-3.123125418451238, 53.3790690622278], [-3.1231301492731305, 53.379248799414135], [-3.1228295583037267, 53.37925162782751], [-3.122834287911281, 53.37943136502655], [-3.1225336956258087, 53.37943419270163], [-3.122538424018994, 53.37961392991333], [-3.1228390175696896, 53.379611102219826], [-3.1228437472789596, 53.379790839407384], [-3.122242557596244, 53.379796494074476], [-3.1222472848258667, 53.3799762312931], [-3.121946688643002, 53.37997905750996], [-3.12195141465819, 53.380158794741256], [-3.122252012106324, 53.38015596850601], [-3.122256739437614, 53.38033570571315], [-3.1216555419599645, 53.38034135746374], [-3.1216602668115, 53.38052109470197], [-3.1213596667311627, 53.38052391946055], [-3.121350219609478, 53.38016444494158], [-3.1210496220089237, 53.38016726890663], [-3.121044899789541, 53.37998753162014], [-3.120443706966653, 53.379993177243264], [-3.1204389873285616, 53.37981343991427], [-3.1207395825001316, 53.37981061749946], [-3.1207301408457258, 53.379451142861036], [-3.1201289555127856, 53.37945678686043], [-3.1201242372921616, 53.379277049495855], [-3.1195230542867156, 53.37928269043164], [-3.1195277699769033, 53.379462427832934], [-3.119227177132893, 53.37946524718411], [-3.1192413207119705, 53.38000445940868], [-3.1195419173517194, 53.380001640002426], [-3.119551349188483, 53.38036111475341], [-3.1198519483080824, 53.380358294553695], [-3.1198566655678324, 53.38053803190221], [-3.1201572659020043, 53.38053521092738], [-3.1201619844777926, 53.380714948251764], [-3.120462586026538, 53.380712126501805], [-3.1204673059183934, 53.38089186380212], [-3.1207679086817097, 53.38088904127703], [-3.1207726298896596, 53.381068778553214], [-3.119269609238962, 53.381082883702945], [-3.119274324170911, 53.38126262106524], [-3.118071901676221, 53.38127389163664], [-3.1180671918056997, 53.38109415420094], [-3.117766587320734, 53.38109696993352], [-3.117761878766206, 53.38091723247376], [-3.1180624819858274, 53.3809144167595], [-3.1180577722166003, 53.38073467931234], [-3.1183583741202434, 53.380731862859676], [-3.118353663136345, 53.38055212542513], [-3.117752461809047, 53.38055775753702], [-3.11775717026231, 53.38073749500827], [-3.1165547619389713, 53.38074875022434], [-3.1165594653815325, 53.38092848776314], [-3.116860068803602, 53.38092567507595], [-3.116869478371168, 53.3812851500997], [-3.1171700842733547, 53.38128233661907], [-3.1171747903984035, 53.381462074104036], [-3.117475397515357, 53.381459259848334], [-3.1174942275832636, 53.38217820965747], [-3.117193615404677, 53.38218102398648], [-3.1171983217827703, 53.38236076144276], [-3.1165970947428954, 53.38236638786705], [-3.116592390895688, 53.38218665037414], [-3.115991166184364, 53.382192273734574], [-3.1159958675006822, 53.38237201126412], [-3.115394640056242, 53.382377631633965], [-3.1154087367156986, 53.38291684429797], [-3.1157093542596104, 53.38291403443654], [-3.11571405451266, 53.38309377196145], [-3.116315291979834, 53.383088149931524], [-3.116329400635422, 53.38362736236198], [-3.1157281555750864, 53.38363298450173], [-3.115718754816255, 53.38327350948061], [-3.115418134741327, 53.38327631937863], [-3.1154134357032484, 53.383096581841194], [-3.1151128168433004, 53.383099390964055], [-3.115117514615867, 53.38327912851982], [-3.114816894439886, 53.38328193690418], [-3.114821590997442, 53.3834616744725], [-3.1151222124389513, 53.38345886606985], [-3.1151316082366836, 53.383818341152676], [-3.1148309842640747, 53.38382114959192], [-3.114826287605505, 53.383641412035075], [-3.114225042039891, 53.38364702660645], [-3.1142203479629154, 53.38346728900731], [-3.113919726369927, 53.38347009513946], [-3.113915033608964, 53.3832903575163], [-3.1136144132310406, 53.38329316287335], [-3.1136050303915344, 53.38293368757332], [-3.113304412494185, 53.382936492137006], [-3.1133184830325633, 53.38347570513326], [-3.113619104726472, 53.383472900514775], [-3.113623796272355, 53.383652638150465], [-3.1139244191813553, 53.383649832756866], [-3.113929112043251, 53.38382957036855], [-3.1142297361673443, 53.38382676419984], [-3.1142391245736967, 53.38418623936946], [-3.1145397511784667, 53.384183432407355], [-3.114553837963454, 53.38472264506393], [-3.114253207561847, 53.38472545208087], [-3.1142485131819795, 53.384545714516136], [-3.113947883995514, 53.384548520757924], [-3.1139431909317445, 53.38436878316919], [-3.113642562960424, 53.384371588635844], [-3.113651946607192, 53.38473106384414], [-3.1133513160541706, 53.38473386859049], [-3.113346625471187, 53.38455413097095], [-3.112745366745086, 53.38455973815648], [-3.1127406787437777, 53.38438000049469], [-3.112440050570713, 53.38438280293391], [-3.112435363885423, 53.38420306524814], [-3.111834109919314, 53.38420866781952], [-3.111838794073395, 53.384388405541785], [-3.1121394223472487, 53.38438560461629], [-3.112148793337786, 53.38474508000714], [-3.112449424092501, 53.384742278288286], [-3.1124541109289985, 53.38492201595687], [-3.1127547428989533, 53.384919213462894], [-3.1127594310515128, 53.38509895110747], [-3.113060064236708, 53.38509614783836], [-3.1130647537053555, 53.385275885458995], [-3.1133653881057897, 53.38527308141473], [-3.113374769725763, 53.38563255660222], [-3.11367540660713, 53.38562975176454], [-3.113680098758499, 53.385809489331436], [-3.1139807368551127, 53.3858066837186], [-3.1140088984175884, 53.386885108889835], [-3.1137082527264326, 53.386887914612295], [-3.1137035602722833, 53.38670817707983], [-3.113402915796453, 53.38671098202712], [-3.113398224658545, 53.38653124447061], [-3.113097581398042, 53.3865340486427], [-3.113088201805097, 53.38617457347602], [-3.1127875610256743, 53.38617737685467], [-3.112782872570595, 53.38599763924446], [-3.112482233006489, 53.386000441847955], [-3.1124728587790327, 53.38564096657385], [-3.1121722216959595, 53.385643768383936], [-3.1121675359235415, 53.38546403072004], [-3.111866900055774, 53.385466831755004], [-3.11187626911959, 53.38582630711356], [-3.111575630670028, 53.38582910742808], [-3.1115803140117784, 53.38600884511699], [-3.1118809537270664, 53.38600604478423], [-3.1118903230931654, 53.38636552010836], [-3.112190965289569, 53.3863627189822], [-3.1121956513139604, 53.386542456617434], [-3.1124962947257355, 53.3865396547161], [-3.1125056694572835, 53.38689912993287], [-3.111904377520184, 53.38690473305159], [-3.111899692660795, 53.38672499540959], [-3.111599047882457, 53.38672779581531], [-3.11158968084638, 53.386368320477615], [-3.111289038549224, 53.38637112008994], [-3.1112937207763087, 53.3865508577799], [-3.110993077163028, 53.38655365665353], [-3.111002439236684, 53.386913132052676], [-3.110100500500091, 53.38692152424137], [-3.110081791743491, 53.386202573201544], [-3.109781150460455, 53.38620536901109], [-3.1097951781551343, 53.38674458235419], [-3.1094945330244905, 53.38674737746143], [-3.1094898583417634, 53.38656763966792], [-3.1091892144266327, 53.386570434000035], [-3.1091845410599563, 53.38639069618261], [-3.108583255610479, 53.38639628253968], [-3.108587926445604, 53.3865760203935], [-3.108888570461242, 53.38657322757523], [-3.1088932426123916, 53.38675296540513], [-3.109193887843572, 53.38675017181175], [-3.1091985613107713, 53.38692990961772], [-3.1094992077574912, 53.38692711524921], [-3.109503882540769, 53.38710685303124], [-3.109804530203029, 53.387104057887605], [-3.1098092063024096, 53.38728379564571], [-3.1095085573743226, 53.38728659080756], [-3.109527257211317, 53.38800554185548], [-3.1092266031695, 53.38800833633317], [-3.1092359508578675, 53.38836781185916], [-3.109536607431492, 53.38836501734506], [-3.109531932296264, 53.388185279603135], [-3.109832587553697, 53.38818248435027], [-3.1098419404062683, 53.38854195979196], [-3.1101425981452393, 53.3885391637457], [-3.11015195373088, 53.38889863912806], [-3.110452613951425, 53.388895842288406], [-3.1104572930856746, 53.38907557995276], [-3.111058615907703, 53.389069983966024], [-3.1110632976242294, 53.389249721588236], [-3.1113639602256957, 53.389246922441146], [-3.111368643258563, 53.38942666003937], [-3.1116693070756503, 53.38942386011708], [-3.111673991424885, 53.389603597691334], [-3.1119746564575914, 53.38960079699378], [-3.111979342123223, 53.38978053454408], [-3.113482672860605, 53.38976651961001], [-3.113477980864917, 53.38958678215101], [-3.1140793102746973, 53.389581170914866], [-3.1140840048024034, 53.38976090833733], [-3.114384670697573, 53.3897581015655], [-3.114389366541791, 53.38993783896393], [-3.114690033652476, 53.38993503141679], [-3.1146947308132362, 53.39011476879123], [-3.1161980719387565, 53.39010071960886]], [[-3.1131585536701034, 53.388870636667136], [-3.11225657421741, 53.38887904535375], [-3.112251887537804, 53.38869930779304], [-3.1116505701825137, 53.38870490976272], [-3.1116458860851774, 53.3885251721598], [-3.1113452285978895, 53.38852797199093], [-3.111335863086174, 53.38816849673142], [-3.111937172946722, 53.38816289638513], [-3.111932487734625, 53.38798315878324], [-3.1125337948618346, 53.38797755544559], [-3.112538482605712, 53.38815729301099], [-3.112839137359589, 53.38815449018845], [-3.1128485155304144, 53.38851396526553], [-3.113149172765679, 53.38851116164952], [-3.1131585536701034, 53.388870636667136]], [[-3.1104338979176664, 53.388176891573615], [-3.1101332427608366, 53.388179688340436], [-3.1101238875776653, 53.38782021291222], [-3.11042454020272, 53.387817416181846], [-3.1104151826890534, 53.387457940767135], [-3.1107158327320668, 53.387455143316245], [-3.110729872875646, 53.38799435637504], [-3.110429219035032, 53.387997153880605], [-3.1104338979176664, 53.388176891573615]], [[-3.1158080701892996, 53.3866885212551], [-3.1152067818941807, 53.38669414098964], [-3.1152020831616154, 53.38651440354284], [-3.1149014402040236, 53.38651721225642], [-3.1148920454220006, 53.386157737309034], [-3.115493326223639, 53.386152119198115], [-3.1154980261208847, 53.386331856638094], [-3.115798667711639, 53.386329046428955], [-3.1158080701892996, 53.3866885212551]], [[-3.1146007971959118, 53.386520020213105], [-3.114300154137294, 53.38652282741286], [-3.114295459252548, 53.386343089905466], [-3.1145961010454033, 53.386340282724], [-3.1146007971959118, 53.386520020213105]], [[-3.1160852021173406, 53.38578702323563], [-3.11578456437434, 53.38578983414674], [-3.1157798633630223, 53.385610096707865], [-3.1160804998403195, 53.385607285815055], [-3.1160852021173406, 53.38578702323563]], [[-3.1157798633630223, 53.385610096707865], [-3.11547922683517, 53.38561290684379], [-3.115474527140099, 53.385433169380875], [-3.115173891827395, 53.385435978741604], [-3.115159796842429, 53.38489676626357], [-3.115460428358139, 53.38489395695774], [-3.1154698274955717, 53.385253431912226], [-3.115770461492056, 53.38525062181292], [-3.1157798633630223, 53.385610096707865]], [[-3.1229856622099263, 53.38518295236536], [-3.1226850294305133, 53.38518578062979], [-3.12268029946079, 53.385006043595965], [-3.1223796678961575, 53.38500887108508], [-3.122365482089049, 53.384469659893966], [-3.1226661098568234, 53.384466832460106], [-3.122670839673946, 53.38464656951112], [-3.122971468656462, 53.384643741301986], [-3.1229856622099263, 53.38518295236536]], [[-3.116662953915441, 53.38488271216562], [-3.1163623226019737, 53.38488552449897], [-3.116357619312158, 53.38470578706803], [-3.1166582493599924, 53.38470297475302], [-3.116662953915441, 53.38488271216562]], [[-3.116357619312158, 53.38470578706803], [-3.116056989213745, 53.38470859862617], [-3.116052287240132, 53.3845288611712], [-3.116352916072924, 53.38452604963138], [-3.116357619312158, 53.38470578706803]], [[-3.1199557397414655, 53.38431251489584], [-3.119354485772047, 53.38431815534657], [-3.1193497699780646, 53.3841384180818], [-3.1190491441828656, 53.38414123715353], [-3.1190397152781717, 53.38378176257004], [-3.11934033854224, 53.383778943535035], [-3.119345054234796, 53.38395868081129], [-3.11964567871371, 53.383955861001084], [-3.1196503957225508, 53.38413559825323], [-3.1199510214163118, 53.3841327776678], [-3.1199557397414655, 53.38431251489584]], [[-3.1160475853170837, 53.38434912371048], [-3.1157469576993355, 53.384351934475156], [-3.1157422570924482, 53.38417219699042], [-3.1160428834446012, 53.38416938624404], [-3.1160475853170837, 53.38434912371048]], [[-3.1157422570924482, 53.38417219699042], [-3.1154416306897446, 53.38417500697992], [-3.1154369313989907, 53.383995269471136], [-3.1157375565361107, 53.383992459499915], [-3.1157422570924482, 53.38417219699042]], [[-3.1154369313989907, 53.383995269471136], [-3.115136306211333, 53.38399807868551], [-3.1151316082366836, 53.383818341152676], [-3.115432232158772, 53.38381553195661], [-3.1154369313989907, 53.383995269471136]], [[-3.1244461891052757, 53.3835511671746], [-3.1238449467851983, 53.383556830183345], [-3.123840212211161, 53.38337709317159], [-3.1244414520001973, 53.383371430199716], [-3.1244461891052757, 53.3835511671746]], [[-3.1190161439036572, 53.38288307601097], [-3.118715526916494, 53.38288589419737], [-3.1187108140591575, 53.382706156850006], [-3.1181095824637572, 53.382711790915685], [-3.118086031591669, 53.3818131039093], [-3.1183866410875054, 53.38181028734657], [-3.11838192979964, 53.38163054994644], [-3.1189831461085085, 53.38162491458733], [-3.118978432340538, 53.38144517721813], [-3.119279039153561, 53.381442358421786], [-3.1192837541869145, 53.38162209577261], [-3.119584362214617, 53.38161927620112], [-3.1195937949642416, 53.38197875084883], [-3.1192931844057337, 53.38198157045705], [-3.1192978995911993, 53.38216130779065], [-3.118997287716562, 53.38216412666047], [-3.118992573796519, 53.38198438930848], [-3.1186919631366146, 53.381987207403135], [-3.118701388496528, 53.382346682138035], [-3.119002001687296, 53.3823438640067], [-3.1190067157087227, 53.38252360134719], [-3.1193073301142507, 53.38252078244069], [-3.1193120454518364, 53.38270051975709], [-3.1190114297808433, 53.38270333868194], [-3.1190161439036572, 53.38288307601097]], [[-3.117813675650964, 53.38289434421572], [-3.117513058461156, 53.382897159374856], [-3.117508350665743, 53.38271742195409], [-3.117808966590071, 53.38271460681329], [-3.117813675650964, 53.38289434421572]]]}, "properties": {"kind": "max_footprint", "threshold_pct": 10.0}}]}