{"type": "FeatureCollection", "features": [{"type": "Feature", "geometry": {"type": "Polygon", "coordinates": [[[-3.085066647484058, 53.40764671256961], [-3.0850574969807423, 53.40728723530478], [-3.083854326946307, 53.40729816490175], [-3.083863467310357, 53.40765764230896], [-3.085066647484058, 53.40764671256961]]]}, "properties": {"kind": "max_footprint", "threshold_pct": 4.0}}, {"type": "Feature", "geometry": {"type": "Polygon", "coordinates": [[[-3.085649926326733, 53.406922288744816], [-3.085645348712648, 53.406742550128], [-3.0847429829622786, 53.40675075284674], [-3.0847475567742872, 53.406930491516995], [-3.085649926326733, 53.406922288744816]]]}, "properties": {"kind": "max_footprint", "threshold_pct": 4.0}}, {"type": "Feature", "geometry": {"type": "Polygon", "coordinates": [[[-3.0922857119552978, 53.40758087960816], [-3.092276500616873, 53.40722140320099], [-3.0916749180680982, 53.40722690587474], [-3.0916703150079554, 53.4070471676267], [-3.091068734795821, 53.407052667234616], [-3.0910641343199186, 53.40687292894506], [-3.09046255644451, 53.406878425487164], [-3.0904579585527956, 53.406698687156094], [-3.0889540193355294, 53.406712415165785], [-3.088949427829956, 53.40653267673957], [-3.0886486411055807, 53.40653542005116], [-3.088639460777266, 53.40617594314581], [-3.0883386765381378, 53.406178685664216], [-3.088343265410293, 53.40635842413759], [-3.087741694249313, 53.40636390693767], [-3.087746280636191, 53.40654364544106], [-3.0874454937143514, 53.40654638572273], [-3.087454664101452, 53.406905862748054], [-3.08805624296517, 53.40690038135584], [-3.0880470675086844, 53.40654090440192], [-3.0883478543318197, 53.406538162605294], [-3.0883524433027194, 53.40671790106724], [-3.088653231343818, 53.40671515849526], [-3.088657821631444, 53.40689489693364], [-3.0892594001001634, 53.40688940948145], [-3.0892639929719032, 53.40706914787835], [-3.089865573777686, 53.40706365736043], [-3.089870169233592, 53.40724339571584], [-3.0904717523763496, 53.40723790213215], [-3.090480948506075, 53.40759737875426], [-3.0922857119552978, 53.40758087960816]]]}, "properties": {"kind": "max_footprint", "threshold_pct": 4.0}}, {"type": "Feature", "geometry": {"type": "Polygon", "coordinates": [[[-3.0751403875761256, 53.40773652044543], [-3.0751313207224267, 53.407377042010594], [-3.074830526670808, 53.40737975054817], [-3.07482146254702, 53.40702027205521], [-3.074520670981448, 53.407022979800004], [-3.0745116095874567, 53.406663501248886], [-3.0748123986182763, 53.40666079353938], [-3.074807866727044, 53.406481054272895], [-3.074206291151373, 53.40648646889916], [-3.0742017618435864, 53.40630672959169], [-3.07390097524999, 53.40630943575095], [-3.073905503290433, 53.40648917507606], [-3.0736047153807746, 53.40649188049546], [-3.073613769073086, 53.40685135916377], [-3.0739145595174744, 53.40684865370911], [-3.0739190877040743, 53.40702839301708], [-3.0736182959922997, 53.407031098489355], [-3.0736364041562307, 53.407750055734546], [-3.0751403875761256, 53.40773652044543]]]}, "properties": {"kind": "max_footprint", "threshold_pct": 4.0}}, {"type": "Feature", "geometry": {"type": "Polygon", "coordinates": [[[-3.095270555728826, 53.40665463026723], [-3.095265937609352, 53.40647489221741], [-3.0955667232437705, 53.40647213224122], [-3.0955574846192815, 53.40611265616037], [-3.0952567015194625, 53.406115416100604], [-3.0952520835490462, 53.40593567803362], [-3.0949513016668235, 53.405938437198415], [-3.0949559183699598, 53.406118175283375], [-3.094655135170785, 53.406120933708685], [-3.094659750656298, 53.40630067180589], [-3.0943589661401685, 53.40630342949167], [-3.0943681947255386, 53.406662905704856], [-3.095270555728826, 53.40665463026723]]]}, "properties": {"kind": "max_footprint", "threshold_pct": 4.0}}, {"type": "Feature", "geometry": {"type": "Polygon", "coordinates": [[[-3.093757396958991, 53.406308942590854], [-3.093752785275368, 53.406129204439786], [-3.093452001877644, 53.40613195983521], [-3.093447391510921, 53.40595222166045], [-3.0925450448220393, 53.40596048324808], [-3.092540438306735, 53.405780745013786], [-3.0916380949736197, 53.40578899973046], [-3.0916426976871016, 53.40596873801852], [-3.0922442624932702, 53.40596323559569], [-3.092248867790848, 53.40614297384218], [-3.0928504349333985, 53.40613746835364], [-3.0928550428151262, 53.40631720655854], [-3.093757396958991, 53.406308942590854]]]}, "properties": {"kind": "max_footprint", "threshold_pct": 4.0}}, {"type": "Feature", "geometry": {"type": "Polygon", "coordinates": [[[-3.0967374954849065, 53.40520291888224], [-3.096732871426855, 53.405023180876576], [-3.096131320782152, 53.4050287058434], [-3.096135942305786, 53.40520844388505], [-3.0967374954849065, 53.40520291888224]]]}, "properties": {"kind": "max_footprint", "threshold_pct": 4.0}}, {"type": "Feature", "geometry": {"type": "Polygon", "coordinates": [[[-3.078672622233421, 53.404648394664925], [-3.0786680744048844, 53.40446865556531], [-3.0780665279787427, 53.40447408949698], [-3.078071073272884, 53.40465382863197], [-3.078672622233421, 53.404648394664925]]]}, "properties": {"kind": "max_footprint", "threshold_pct": 4.0}}, {"type": "Feature", "geometry": {"type": "Polygon", "coordinates": [[[-3.100281865215599, 53.402653375668706], [-3.100277226649805, 53.40247363779922], [-3.0999764696895795, 53.40247640949782], [-3.099981106988364, 53.40265614738536], [-3.100281865215599, 53.402653375668706]]]}, "properties": {"kind": "max_footprint", "threshold_pct": 4.0}}, {"type": "Feature", "geometry": {"type": "Polygon", "coordinates": [[[-3.0966681398374325, 53.40250684819616], [-3.0966635165255383, 53.402327110104636], [-3.096362760234552, 53.402329872696825], [-3.09636738227944, 53.402509610806355], [-3.0966681398374325, 53.40250684819616]]]}, "properties": {"kind": "max_footprint", "threshold_pct": 4.0}}, {"type": "Feature", "geometry": {"type": "Polygon", "coordinates": [[[-3.096362760234552, 53.402329872696825], [-3.0963581382393874, 53.402150134581575], [-3.0960573831656664, 53.40215289639843], [-3.09606200389384, 53.402332634531646], [-3.096362760234552, 53.402329872696825]]]}, "properties": {"kind": "max_footprint", "threshold_pct": 4.0}}, {"type": "Feature", "geometry": {"type": "Polygon", "coordinates": [[[-3.1011655704302226, 53.401926104678985], [-3.101160928263173, 53.40174636684079], [-3.100860176520588, 53.401749140739206], [-3.1008648174206837, 53.401928878595484], [-3.1011655704302226, 53.401926104678985]]]}, "properties": {"kind": "max_footprint", "threshold_pct": 4.0}}, {"type": "Feature", "geometry": {"type": "Polygon", "coordinates": [[[-3.096052762487204, 53.40197315825945], [-3.0960481418584505, 53.40179342011476], [-3.0957473892689644, 53.40179618113829], [-3.095752008630752, 53.40197591930096], [-3.096052762487204, 53.40197315825945]]]}, "properties": {"kind": "max_footprint", "threshold_pct": 4.0}}, {"type": "Feature", "geometry": {"type": "Polygon", "coordinates": [[[-3.100860176520588, 53.401749140739206], [-3.1008555356704184, 53.40156940287721], [-3.1005547851448463, 53.40157217600022], [-3.100550145611529, 53.401392438114435], [-3.100249396302971, 53.40139521046204], [-3.10025867288565, 53.40175468626401], [-3.100860176520588, 53.401749140739206]]]}, "properties": {"kind": "max_footprint", "threshold_pct": 4.0}}, {"type": "Feature", "geometry": {"type": "Polygon", "coordinates": [[[-3.0963350290094063, 53.401251443919456], [-3.0963304073125744, 53.401071705769866], [-3.0960296598405166, 53.40107446747878], [-3.0960342802704393, 53.40125420564635], [-3.0963350290094063, 53.401251443919456]]]}, "properties": {"kind": "max_footprint", "threshold_pct": 4.0}}, {"type": "Feature", "geometry": {"type": "Polygon", "coordinates": [[[-3.102900346158957, 53.399213378729044], [-3.102895697140462, 53.39903364091344], [-3.102594964700315, 53.399036419084474], [-3.1025996124520647, 53.39921615691817], [-3.102900346158957, 53.399213378729044]]]}, "properties": {"kind": "max_footprint", "threshold_pct": 4.0}}, {"type": "Feature", "geometry": {"type": "Polygon", "coordinates": [[[-3.102590316998562, 53.39885668124506], [-3.1025856693468055, 53.39867694339989], [-3.10228493939011, 53.398679720777466], [-3.102289585775149, 53.39885945864074], [-3.102590316998562, 53.39885668124506]]]}, "properties": {"kind": "max_footprint", "threshold_pct": 4.0}}, {"type": "Feature", "geometry": {"type": "Polygon", "coordinates": [[[-3.0839768723173187, 53.400285620320425], [-3.0839585947803037, 53.39956666461658], [-3.084259332828138, 53.39956393336118], [-3.0842547622999703, 53.3993841944387], [-3.084555499031834, 53.39938146244382], [-3.084550927286046, 53.39920172353343], [-3.0851523980686437, 53.39919625730739], [-3.0851478238384895, 53.399016518426876], [-3.0848470897385605, 53.399019251900725], [-3.0848425168243736, 53.398839512996695], [-3.084241051010469, 53.39884497763697], [-3.0842364806789675, 53.398665238691635], [-3.0836350172018983, 53.39867070026723], [-3.083644152847048, 53.399030178223356], [-3.0833434185012876, 53.399032907910794], [-3.083347985130794, 53.39921264689805], [-3.0830472494691334, 53.399215375846005], [-3.0830563803419286, 53.39957485383893], [-3.082755642097559, 53.39957758206511], [-3.082760206340809, 53.3997573210708], [-3.083060945851998, 53.399754592826824], [-3.083070077019479, 53.40011407078543], [-3.08337081901523, 53.40011134174861], [-3.0833753859395023, 53.40029108070157], [-3.0839768723173187, 53.400285620320425]]]}, "properties": {"kind": "max_footprint", "threshold_pct": 4.0}}, {"type": "Feature", "geometry": {"type": "Polygon", "coordinates": [[[-3.10228493939011, 53.398679720777466], [-3.1022802930550535, 53.398499982908525], [-3.101979564315079, 53.398502759510755], [-3.1019842093834304, 53.3986824973978], [-3.10228493939011, 53.398679720777466]]]}, "properties": {"kind": "max_footprint", "threshold_pct": 4.0}}, {"type": "Feature", "geometry": {"type": "Polygon", "coordinates": [[[-3.101979564315079, 53.398502759510755], [-3.101970274328281, 53.398143283719456], [-3.1016695480717087, 53.398146059528266], [-3.101678835525138, 53.398505535355746], [-3.101979564315079, 53.398502759510755]]]}, "properties": {"kind": "max_footprint", "threshold_pct": 4.0}}, {"type": "Feature", "geometry": {"type": "Polygon", "coordinates": [[[-3.0863278639987195, 53.39810688282663], [-3.08631412714145, 53.397567666278796], [-3.0857126795535077, 53.39757313824232], [-3.085717255923351, 53.397752877132966], [-3.085416530788868, 53.39775561199669], [-3.0854211059412644, 53.39793535089944], [-3.085120379490889, 53.39793808502372], [-3.0851249534258107, 53.39811782393853], [-3.0863278639987195, 53.39810688282663]]]}, "properties": {"kind": "max_footprint", "threshold_pct": 4.0}}, {"type": "Feature", "geometry": {"type": "Polygon", "coordinates": [[[-3.1062224027898524, 53.399721981482905], [-3.1062037506783513, 53.39900303105239], [-3.1059030187890757, 53.39900581755336], [-3.105898357153328, 53.39882607991324], [-3.1055976264806286, 53.39882886563881], [-3.1055929661617365, 53.39864912797483], [-3.105292236705614, 53.398651912925004], [-3.1052875777035513, 53.39847217523716], [-3.1049868494640074, 53.39847495941193], [-3.1049821917787463, 53.39829522170023], [-3.1052829187516053, 53.398292437543574], [-3.1052782598497775, 53.398112699844276], [-3.1058797111117937, 53.39810712929553], [-3.1058750497267713, 53.397927391626766], [-3.1064764982549047, 53.39792181808538], [-3.1064811621732344, 53.39810155571782], [-3.1067818876287046, 53.39809876779313], [-3.106786552863874, 53.39827850540168], [-3.1079894592504322, 53.39826734605773], [-3.107980118697016, 53.397907870980234], [-3.1073786706707915, 53.397913452094016], [-3.107374003002716, 53.39773371451032], [-3.106772557308922, 53.39773929255881], [-3.1067678922243065, 53.39755955493305], [-3.1064671705687537, 53.397562342803276], [-3.106462506800932, 53.39738260515366], [-3.106161786361823, 53.3973853922485], [-3.1061571239107697, 53.397205654575004], [-3.105555685415304, 53.39721122645676], [-3.1055510255475767, 53.39703148874123], [-3.105250307491235, 53.397034273528135], [-3.1052456489402083, 53.39685453578873], [-3.1049449321003286, 53.396857319800304], [-3.104940274865975, 53.39667758203705], [-3.103737412071868, 53.39668871043877], [-3.10374206423997, 53.3968684482745], [-3.104042781280159, 53.39686566729177], [-3.104047434764882, 53.39704540510369], [-3.1043481530215895, 53.3970426233456], [-3.104352807822963, 53.397222361133686], [-3.1046535272961893, 53.397219578600286], [-3.1046581834142364, 53.397399316364485], [-3.1043574626744053, 53.397402098916004], [-3.104362117575923, 53.39758183669262], [-3.1040613955193996, 53.397584618505036], [-3.1040520882996625, 53.397225142909875], [-3.103751368726304, 53.39722792392883], [-3.1037467164581147, 53.39704818610452], [-3.1031452796944636, 53.397053745834604], [-3.1031499294294678, 53.3972334836951], [-3.1028492097060165, 53.39723626244242], [-3.102863155411275, 53.39777547604386], [-3.103163878934588, 53.39777269724225], [-3.103173178854768, 53.39813217291173], [-3.103473904861369, 53.39812939331665], [-3.1034785561631657, 53.39830913112471], [-3.103779283386407, 53.398306350754304], [-3.1037932413921134, 53.398845564089704], [-3.1043947032886354, 53.398840000968455], [-3.104399358590761, 53.399019738699245], [-3.104098626400805, 53.39902252065662], [-3.104107934621798, 53.39938199613724], [-3.104408669345249, 53.3993792141436], [-3.1044133247976133, 53.3995589518572], [-3.105315532467724, 53.3995506012783], [-3.105320191770511, 53.39973033893178], [-3.1062224027898524, 53.399721981482905]]]}, "properties": {"kind": "max_footprint", "threshold_pct": 4.0}}, {"type": "Feature", "geometry": {"type": "Polygon", "coordinates": [[[-3.1037327599538083, 53.39650897259727], [-3.1037281078857917, 53.39632923475008], [-3.1034273945952138, 53.396332014921285], [-3.1034320453966933, 53.396511752786594], [-3.1037327599538083, 53.39650897259727]]]}, "properties": {"kind": "max_footprint", "threshold_pct": 4.0}}, {"type": "Feature", "geometry": {"type": "Polygon", "coordinates": [[[-3.1130220480834985, 53.39516425005487], [-3.113017357106401, 53.39498451273132], [-3.112716654238657, 53.394987316247594], [-3.1127213439493344, 53.39516705358941], [-3.1130220480834985, 53.39516425005487]]]}, "properties": {"kind": "max_footprint", "threshold_pct": 4.0}}, {"type": "Feature", "geometry": {"type": "Polygon", "coordinates": [[[-3.112716654238657, 53.394987316247594], [-3.112702585409289, 53.394448104187795], [-3.1124018862902805, 53.394450906892146], [-3.112415951320467, 53.39499011900672], [-3.112716654238657, 53.394987316247594]]]}, "properties": {"kind": "max_footprint", "threshold_pct": 4.0}}, {"type": "Feature", "geometry": {"type": "Polygon", "coordinates": [[[-3.119848555909762, 53.39168455766315], [-3.11984383676974, 53.39150482065193], [-3.119543159125049, 53.391507641233545], [-3.1195384413019154, 53.39132790419824], [-3.1189370883925798, 53.39133354305359], [-3.118946519025036, 53.39169301719194], [-3.119848555909762, 53.39168455766315]]]}, "properties": {"kind": "max_footprint", "threshold_pct": 4.0}}, {"type": "Feature", "geometry": {"type": "Polygon", "coordinates": [[[-3.1192330483663393, 53.39115098694503], [-3.119228331910796, 53.390971249879875], [-3.118927657962986, 53.390974068892305], [-3.118932373152425, 53.391153805975804], [-3.1192330483663393, 53.39115098694503]]]}, "properties": {"kind": "max_footprint", "threshold_pct": 4.0}}, {"type": "Feature", "geometry": {"type": "Polygon", "coordinates": [[[-3.0978849829293855, 53.3913492568664], [-3.0978803563691093, 53.391169518509955], [-3.0984817112492222, 53.391163985714556], [-3.0984770822064243, 53.39098424738842], [-3.098176406057397, 53.39098701414663], [-3.098171778330514, 53.39080727579674], [-3.097570428415406, 53.390812807005965], [-3.097575053610031, 53.390992545391875], [-3.0972743773117206, 53.39099530987893], [-3.097283625317911, 53.39135478666958], [-3.0978849829293855, 53.3913492568664]]]}, "properties": {"kind": "max_footprint", "threshold_pct": 4.0}}, {"type": "Feature", "geometry": {"type": "Polygon", "coordinates": [[[-3.1215959108211178, 53.38951077497579], [-3.121591184694263, 53.38933103800605], [-3.12129052254694, 53.3893338629092], [-3.121295247407817, 53.38951359989733], [-3.1215959108211178, 53.38951077497579]]]}, "properties": {"kind": "max_footprint", "threshold_pct": 4.0}}, {"type": "Feature", "geometry": {"type": "Polygon", "coordinates": [[[-3.106511389831335, 53.38767397669316], [-3.10650672755582, 53.387494238746534], [-3.1062060768095834, 53.38749702560015], [-3.1062107378192327, 53.3876767635649], [-3.106511389831335, 53.38767397669316]]]}, "properties": {"kind": "max_footprint", "threshold_pct": 4.0}}, {"type": "Feature", "geometry": {"type": "Polygon", "coordinates": [[[-3.105590800033575, 53.386963382999], [-3.105586141756054, 53.38678364497504], [-3.10588678753921, 53.38678085970787], [-3.1058821280459905, 53.38660112169632], [-3.1052808389611717, 53.386606691437436], [-3.105276182049631, 53.38642695338387], [-3.104975538697873, 53.38642973710091], [-3.104970883102187, 53.3862499990235], [-3.104670240966132, 53.386252781965474], [-3.1046655866862714, 53.38607304386421], [-3.1043649457659215, 53.386075826031174], [-3.1043789049583514, 53.38661504037216], [-3.1046795496760193, 53.38661225815085], [-3.104684204106047, 53.386791996234926], [-3.1049848500394583, 53.38678921323856], [-3.1049895057853565, 53.38696895129879], [-3.105590800033575, 53.386963382999]]]}, "properties": {"kind": "max_footprint", "threshold_pct": 4.0}}, {"type": "Feature", "geometry": {"type": "Polygon", "coordinates": [[[-3.1082079065301054, 53.38352326785146], [-3.108203237814383, 53.38334352988204], [-3.1073013736612842, 53.383351900543225], [-3.107306038580366, 53.38353163856716], [-3.1082079065301054, 53.38352326785146]]]}, "properties": {"kind": "max_footprint", "threshold_pct": 4.0}}, {"type": "Feature", "geometry": {"type": "Polygon", "coordinates": [[[-3.1141593295556294, 53.38113069969668], [-3.1141546361853027, 53.38095096201727], [-3.113854032308521, 53.38095376789358], [-3.113858724413492, 53.38113350559128], [-3.1141593295556294, 53.38113069969668]]]}, "properties": {"kind": "max_footprint", "threshold_pct": 4.0}}, {"type": "Feature", "geometry": {"type": "Polygon", "coordinates": [[[-3.113854032308521, 53.38095376789358], [-3.1138399562963386, 53.38041455476611], [-3.113539356165085, 53.38041735983087], [-3.1135346655272325, 53.38023762209197], [-3.1129334676440235, 53.380243229914726], [-3.112942843908931, 53.380602705459815], [-3.113243445406366, 53.3805999018903], [-3.1132481348797687, 53.38077963963598], [-3.1135487375921085, 53.38077683529145], [-3.1135534283812816, 53.38095657301315], [-3.113854032308521, 53.38095376789358]]]}, "properties": {"kind": "max_footprint", "threshold_pct": 4.0}}, {"type": "Feature", "geometry": {"type": "Polygon", "coordinates": [[[-3.1150188719999967, 53.379504638644676], [-3.1150141752881755, 53.37932490096851], [-3.114713582950403, 53.37932770895055], [-3.1147088875543023, 53.37914797125034], [-3.114408296431257, 53.37915077845739], [-3.11440360235085, 53.37897104073316], [-3.1141030124425346, 53.378973847165206], [-3.1140983196777925, 53.378794109416994], [-3.113797730984206, 53.378796915074055], [-3.1138071140337553, 53.379156390601324], [-3.1141077052577377, 53.3791535849077], [-3.1141123981234027, 53.37933332264446], [-3.114412990562141, 53.379330516175855], [-3.1144176847435014, 53.37951025388862], [-3.1150188719999967, 53.379504638644676]]]}, "properties": {"kind": "max_footprint", "threshold_pct": 4.0}}, {"type": "Feature", "geometry": {"type": "Polygon", "coordinates": [[[-3.115901850779156, 53.37877725958376], [-3.1158971504738218, 53.37859752193951], [-3.1155965633483773, 53.37860033211851], [-3.1156012623885383, 53.37878006978105], [-3.115901850779156, 53.37877725958376]]]}, "properties": {"kind": "max_footprint", "threshold_pct": 4.0}}, {"type": "Feature", "geometry": {"type": "Polygon", "coordinates": [[[-3.115577767693006, 53.377881381411015], [-3.1155730689054772, 53.3777016437198], [-3.1152724880551736, 53.37770445305064], [-3.1152771855775963, 53.377884190760135], [-3.115577767693006, 53.377881381411015]]]}, "properties": {"kind": "max_footprint", "threshold_pct": 4.0}}, {"type": "Feature", "geometry": {"type": "Polygon", "coordinates": [[[-3.120058187530231, 53.37676072578944], [-3.120048752661594, 53.37640125088244], [-3.119748181425869, 53.37640407143479], [-3.119743465332622, 53.37622433395431], [-3.1194428953111757, 53.37622715373166], [-3.119433465806742, 53.375867678716794], [-3.119132898264536, 53.37587049770079], [-3.1191376117264435, 53.37605023522945], [-3.118837042868595, 53.37605305347519], [-3.118846467414492, 53.37641252855202], [-3.1194476101394346, 53.37640689123049], [-3.1194523250183894, 53.376586628723594], [-3.1197528975698257, 53.376583808909515], [-3.119757613764491, 53.37676354637851], [-3.120058187530231, 53.37676072578944]]]}, "properties": {"kind": "max_footprint", "threshold_pct": 4.0}}, {"type": "Feature", "geometry": {"type": "Polygon", "coordinates": [[[-3.118827618525368, 53.375693578375426], [-3.118818194384803, 53.37533410325271], [-3.118517630536056, 53.375336920668424], [-3.118527052146763, 53.37569639582783], [-3.118827618525368, 53.375693578375426]]]}, "properties": {"kind": "max_footprint", "threshold_pct": 4.0}}, {"type": "Feature", "geometry": {"type": "Polygon", "coordinates": [[[-3.1212038152002584, 53.37459258696255], [-3.1211849278631143, 53.373873637144236], [-3.120583821163929, 53.37387928303066], [-3.1205932596717094, 53.37423875802482], [-3.1208938155763053, 53.37423593542314], [-3.1209032568167334, 53.374595410357564], [-3.1212038152002584, 53.37459258696255]]]}, "properties": {"kind": "max_footprint", "threshold_pct": 4.0}}, {"type": "Feature", "geometry": {"type": "Polygon", "coordinates": [[[-3.0814571046035284, 53.40767946542676], [-3.0814479845180767, 53.407319987735235], [-3.081147191493623, 53.40732271218061], [-3.081138074139198, 53.406963234430734], [-3.0814388646288746, 53.406960510020845], [-3.081443424548946, 53.4071402488809], [-3.081744216256941, 53.40713752369574], [-3.0817487774934675, 53.40731726253233], [-3.082951948904133, 53.407306354145646], [-3.0829428163410686, 53.406946876608856], [-3.0826420260968335, 53.40694960480626], [-3.08263746115636, 53.40676986601151], [-3.0829382501332314, 53.40676713783189], [-3.0829245518044868, 53.406227921466694], [-3.083826907034251, 53.406219732542866], [-3.0838223372209983, 53.40603999379637], [-3.0847246882063395, 53.40603179810862], [-3.0847201146403758, 53.4058520594098], [-3.0850208969364683, 53.40584932601675], [-3.0850163221524327, 53.40566958733002], [-3.085918664943505, 53.40566138265946], [-3.085914086406902, 53.405481644020455], [-3.086816424952848, 53.40547343258624], [-3.0868118426637636, 53.405293693995], [-3.088014954965777, 53.40528273488303], [-3.0880103676570703, 53.40510299635747], [-3.088611920977546, 53.4050975122925], [-3.0886348706871862, 53.40599620468457], [-3.088935653609634, 53.40599346142656], [-3.0889402449670076, 53.406173199869954], [-3.089241029107351, 53.40617045583662], [-3.089245621781435, 53.406350194256405], [-3.0904487629177724, 53.406339210476766], [-3.090439567480623, 53.405979733774565], [-3.090138784805303, 53.405982480819894], [-3.0901249958223675, 53.40544326566999], [-3.089523437926979, 53.405448757380945], [-3.089518844232712, 53.40526901895045], [-3.0892180664781153, 53.40527176365186], [-3.0892042894934884, 53.40473254827237], [-3.088903515491123, 53.40473529216271], [-3.0888989245289142, 53.404555553673575], [-3.0885981517443404, 53.40455829678861], [-3.0885935620986977, 53.404378558275894], [-3.08829279053192, 53.404381300615626], [-3.0882882022028135, 53.404201562079315], [-3.087987431853833, 53.40420430364379], [-3.087978257877994, 53.40384482651828], [-3.0876774900139434, 53.40384756728962], [-3.087668318769728, 53.40348809010552], [-3.0855629600803884, 53.4035072540477], [-3.0855583834019553, 53.403327515322246], [-3.08676144073749, 53.40331656911387], [-3.086756859039959, 53.403136830453995], [-3.0864560960470633, 53.40313956812436], [-3.086451515665893, 53.40295982944094], [-3.086150753890787, 53.40296256633608], [-3.0861461748259504, 53.4027828276291], [-3.085544653662077, 53.40278829911158], [-3.08554007718059, 53.402608560363255], [-3.087043873385556, 53.402594876065805], [-3.0870484562022558, 53.40277461472502], [-3.087349216562434, 53.40277187557556], [-3.0873538006954906, 53.402951614211176], [-3.0876545622734066, 53.40294887428648], [-3.0876591477228468, 53.40312861289855], [-3.087959910518498, 53.403125872198636], [-3.0879644972843505, 53.40330561078712], [-3.0885660252617564, 53.403300127079376], [-3.08857061461114, 53.403479865626416], [-3.0888713797928804, 53.403477122618575], [-3.088889742752674, 53.404196076678126], [-3.089190512953522, 53.40419333284139], [-3.089195105084106, 53.404373071324095], [-3.0894958765027076, 53.40437032671207], [-3.0895050634464476, 53.404729803624576], [-3.0901066112040922, 53.404724312056715], [-3.0901020151731444, 53.4045445736391], [-3.0898012425862222, 53.40454731978386], [-3.0897782695088893, 53.403648627520504], [-3.089477503208252, 53.403651372818395], [-3.0894683168575248, 53.40329189583727], [-3.0897690806239706, 53.40328915057511], [-3.089764486255655, 53.40310941209383], [-3.0900652487055957, 53.40310666609216], [-3.0900698443409875, 53.40328640455556], [-3.090370608008562, 53.403283657778594], [-3.0903752049604836, 53.40346339621837], [-3.0912774994676786, 53.403455151289464], [-3.091282100270356, 53.403634889669824], [-3.091582866274209, 53.40363213982747], [-3.0915920705622946, 53.40399161653517], [-3.0918928390508738, 53.4039888658996], [-3.091897442536324, 53.40416860422695], [-3.0921982122425136, 53.404165852816035], [-3.092202817044643, 53.40434559111976], [-3.092503587968443, 53.40434283893349], [-3.092508194087277, 53.404522577213555], [-3.0931097383205235, 53.40451707053292], [-3.0931143470232683, 53.40469680877137], [-3.093715893592532, 53.4046912990251], [-3.093720504879239, 53.404871037221966], [-3.094021279356649, 53.40486828119476], [-3.0940166668027533, 53.404688543015844], [-3.0943174399633513, 53.40468578624914], [-3.0943220537844334, 53.404865524410106], [-3.095224376769897, 53.404857249511515], [-3.0952289944422167, 53.40503698761284], [-3.096131320782152, 53.4050287058434], [-3.096126699308239, 53.40484896779602], [-3.0958259251784943, 53.40485172912528], [-3.0958213050214853, 53.40467199105418], [-3.094918986135616, 53.40468027044344], [-3.0949143698298256, 53.4045005323127], [-3.0943128261919064, 53.404506048082474], [-3.0943082124701, 53.40432630991008], [-3.0940074418438366, 53.404329066640855], [-3.0940028294388133, 53.404149328444774], [-3.0937020600300738, 53.40415208440019], [-3.093692837903149, 53.40379260795498], [-3.0930913040053674, 53.40379811752178], [-3.093095912509784, 53.40397785578316], [-3.092795144219394, 53.403980609448375], [-3.092785929794371, 53.40362113288404], [-3.0924851639886466, 53.403623885756005], [-3.09248055811758, 53.403444147447324], [-3.0921797935293984, 53.40344689954396], [-3.0921705844700726, 53.4030874228736], [-3.0918698223665055, 53.403090174176995], [-3.091865219178203, 53.40291043581529], [-3.090962936371592, 53.40291868512742], [-3.0909583370339435, 53.40273894670626], [-3.090657577266471, 53.4027416949443], [-3.0906437833514646, 53.40220247959283], [-3.091245295234823, 53.4021969824668], [-3.091249895691034, 53.402376720887204], [-3.091550652825486, 53.40237397117025], [-3.091555254598206, 53.402553709566995], [-3.091856012950167, 53.40255095907476], [-3.0918606160394253, 53.4027306974479], [-3.0921613756088933, 53.40272794618034], [-3.092165980014714, 53.402907684529836], [-3.0924667408016897, 53.40290493248698], [-3.092471346524102, 53.40308467081283], [-3.0927721085285835, 53.40308191799466], [-3.0927767155676142, 53.40326165629684], [-3.0939797681580243, 53.403250637378555], [-3.0939751560507283, 53.40307089914815], [-3.093674394244586, 53.40307365499585], [-3.093669783453958, 53.402893916741775], [-3.0933690228652617, 53.40289667181413], [-3.093359803966884, 53.40253719525291], [-3.0930590458626646, 53.402539949532034], [-3.0930544377548714, 53.40236021122489], [-3.0927536808680887, 53.40236296472869], [-3.09274907407687, 53.402183226397874], [-3.0924483184075267, 53.40218597912639], [-3.092443712932855, 53.40200624077194], [-3.092142958480952, 53.40200899272516], [-3.0921383543228, 53.401829254347064], [-3.091837601088339, 53.401832005525016], [-3.0918329982466783, 53.40165226712328], [-3.091532246229661, 53.401655017525925], [-3.0915184418025854, 53.401115802232646], [-3.0921199381855002, 53.40111030077746], [-3.092124542145529, 53.40129003917845], [-3.092425291529619, 53.40128728729692], [-3.0924206863026695, 53.40110754891386], [-3.093322930356873, 53.40109928877906], [-3.0933321484618626, 53.401458765431855], [-3.093632898914627, 53.40145601050305], [-3.093651340787483, 53.40217496366818], [-3.0939520962585036, 53.40217220791023], [-3.093965931984988, 53.40271142267015], [-3.0942666912074235, 53.40270866610096], [-3.0942713044825227, 53.40288840432486], [-3.0945720649223643, 53.402885646980344], [-3.094576679514144, 53.40306538518056], [-3.0948774411713904, 53.403062627060685], [-3.0948820570798805, 53.40324236523723], [-3.0951828199545304, 53.40323960634201], [-3.0951920544546554, 53.40359908264196], [-3.095492819813797, 53.40359632295339], [-3.095497438405473, 53.40377606107681], [-3.095798204982027, 53.40377330061286], [-3.095802824890511, 53.40395303871258], [-3.0961035926844764, 53.40395027747325], [-3.0961082139097917, 53.404130015549235], [-3.0964089829211674, 53.404127253534504], [-3.0964136054633413, 53.40430699158679], [-3.096714375692128, 53.404304228796654], [-3.0967189995511886, 53.404483966825225], [-3.0970197709973815, 53.40448120325965], [-3.0970290213990923, 53.40484067926361], [-3.0973297953298706, 53.40483791490461], [-3.0973390484650305, 53.405197390849665], [-3.0976398248804355, 53.40519462569721], [-3.0976444527898996, 53.40537436364313], [-3.09824600800576, 53.405368831029875], [-3.0982413775618554, 53.40518909311998], [-3.0979406012460475, 53.4051918597873], [-3.09793134304209, 53.40483238391432], [-3.0976305692108754, 53.40483514978817], [-3.097612058469219, 53.404116197901445], [-3.0973112896568518, 53.40411896294582], [-3.09730666336303, 53.403939224941816], [-3.0970058957680155, 53.40394198921079], [-3.097001270791078, 53.40376225118304], [-3.096700504413418, 53.40376501467662], [-3.0966958807533373, 53.40358527662515], [-3.096395115593032, 53.40358803934329], [-3.0963904932497806, 53.40340830126812], [-3.0960897293068337, 53.40341106321088], [-3.096085108280385, 53.40323132511201], [-3.095784345554796, 53.403234086279376], [-3.0957797258451207, 53.40305434815679], [-3.0954789643368934, 53.40305710854881], [-3.0954743459439658, 53.4028773704025], [-3.0951735856530997, 53.40288013001917], [-3.095168968576893, 53.402700391849145], [-3.0948682095033893, 53.402703150690456], [-3.0948635937438764, 53.40252341249675], [-3.094562835887737, 53.40252617056272], [-3.094553607051686, 53.40216669412223], [-3.0942528516799097, 53.402169451394904], [-3.09423439967135, 53.401450498373386], [-3.0948359002295707, 53.401444983214354], [-3.094831284817643, 53.40126524498059], [-3.0954327826433996, 53.40125972682815], [-3.0954189291041323, 53.40072051220033], [-3.094215948456801, 53.400731545260285], [-3.094211335777224, 53.400551806967705], [-3.0939105917581733, 53.40055456332143], [-3.0939013690815895, 53.400195086683205], [-3.0954050760119576, 53.400181297521], [-3.0954096936596738, 53.40036103575317], [-3.0957104361636203, 53.400358275630836], [-3.095715055127868, 53.4005380138393], [-3.0963165425203907, 53.40053249128673], [-3.0963026781756637, 53.39999327675209], [-3.0966034179968323, 53.39999051439381], [-3.0966080406621868, 53.40017025255976], [-3.0972095226889773, 53.400164725535305], [-3.0972141479377404, 53.400344463659536], [-3.097514890143345, 53.40034169899334], [-3.097519516708719, 53.40052143709381], [-3.0978202601314058, 53.40051867165231], [-3.0978248880134154, 53.400698409729046], [-3.0981256326531814, 53.40069564351222], [-3.0981302618518565, 53.400875381565236], [-3.0990324992729303, 53.40086707831671], [-3.0990371323220764, 53.40104681630989], [-3.098435638224065, 53.4010523526023], [-3.0984402687892465, 53.40123209062584], [-3.099041765421065, 53.401226554297374], [-3.0990649316636634, 53.40212524414887], [-3.0981626676370317, 53.402133547775996], [-3.098158038089739, 53.40195380976307], [-3.0972557774157794, 53.401962106519925], [-3.097251151719174, 53.401782368447215], [-3.0966496468882845, 53.40178789579569], [-3.0966542700509647, 53.4019676339044], [-3.0969550237582473, 53.401964870590824], [-3.0969596482376427, 53.40214460867582], [-3.0972604031621507, 53.4021418445869], [-3.0972696548041863, 53.402501320703685], [-3.0975704122129213, 53.402498555821396], [-3.0975750393756027, 53.40267829385319], [-3.0984773151041156, 53.40266999460804], [-3.0984726841403902, 53.402490256630294], [-3.099074198509622, 53.402484720049394], [-3.099078832007374, 53.402664457991065], [-3.0996803487112374, 53.402658918344635], [-3.0996757126794643, 53.40247918043904], [-3.0999764696895795, 53.40247640949782], [-3.099967195241678, 53.40211693370555], [-3.099666440765542, 53.402119704610676], [-3.099652533268709, 53.4015804908252], [-3.0993517825435695, 53.40158326091884], [-3.099333244980291, 53.400864309052565], [-3.0996339906377957, 53.400861539031084], [-3.099629355104741, 53.40068180106823], [-3.0999300994455052, 53.400679030307494], [-3.099934736245434, 53.40085876825229], [-3.1002354818031885, 53.400855996716174], [-3.100240119919886, 53.40103573463718], [-3.1005408666946312, 53.40103296232568], [-3.1005455061281255, 53.40121270022293], [-3.1008462541198583, 53.40120992713605], [-3.1008508948701756, 53.40138966500951], [-3.1011516440788975, 53.40138689114722], [-3.101156286146066, 53.40156662899688], [-3.1035622881522684, 53.40154441068987], [-3.1035576359497226, 53.40136467298495], [-3.103858384708502, 53.401361892306646], [-3.1038537312890995, 53.4011821546141], [-3.102049245587412, 53.40119882721521], [-3.1020445998194304, 53.40101908940835], [-3.1017438532943715, 53.40102186550646], [-3.101734564442093, 53.40066238983936], [-3.1020353084334014, 53.40065961377741], [-3.1020306628153507, 53.40047987595336], [-3.103233633213258, 53.40046876420476], [-3.1032289825778263, 53.40028902644737], [-3.1023267586549124, 53.40029736134047], [-3.1023174651350516, 53.3999378856999], [-3.1026182039590564, 53.39993510819568], [-3.102608908105562, 53.399575632568386], [-3.1023081718151415, 53.39957841003641], [-3.1023128184501028, 53.39975814787102], [-3.10201208084291, 53.39976092459987], [-3.102007435474733, 53.399581186747156], [-3.101706699084356, 53.39958396270064], [-3.1016927670799403, 53.39904474905395], [-3.1019934996700402, 53.39904197315473], [-3.10198885450175, 53.398862235279125], [-3.1013873918050616, 53.39886778628416], [-3.1013920344398844, 53.399047524195915], [-3.101091301749886, 53.39905029858059], [-3.1010820190636355, 53.39869082271521], [-3.1001798282944866, 53.39869914121727], [-3.1001751908263793, 53.398519403221826], [-3.100475919865958, 53.39851663116311], [-3.100462003960905, 53.39797741719654], [-3.100161278721372, 53.39798018920108], [-3.100156641452806, 53.397800451182704], [-3.1019609845413507, 53.39778380790528], [-3.1019563397228334, 53.39760406998957], [-3.1022570621294885, 53.397601293477756], [-3.1022431241738926, 53.39706207975057], [-3.102543842730744, 53.3970593025358], [-3.102539195578917, 53.39687956463337], [-3.101937760948404, 53.396885118269545], [-3.1019284718609623, 53.39652564237517], [-3.1016277570038793, 53.396528418021276], [-3.1016231138016415, 53.39634868004742], [-3.1019238273921808, 53.39634590441938], [-3.101909894285595, 53.39580669051768], [-3.1025113137177005, 53.395801137098545], [-3.102515960569604, 53.39598087503533], [-3.1037188038998806, 53.39596975903849], [-3.103714151981985, 53.39579002117409], [-3.104014861422994, 53.39578724030004], [-3.104010208288655, 53.39560750244802], [-3.1043109164131293, 53.3956047208349], [-3.104315570813949, 53.3957844586688], [-3.1046162801548376, 53.39578167628037], [-3.1046209358722194, 53.39596141409041], [-3.1049216464295224, 53.39595863092668], [-3.1049263034634915, 53.396138368712855], [-3.1052270152372077, 53.39613558477382], [-3.105236331988487, 53.39649506029274], [-3.105537046245147, 53.396492275560234], [-3.1055417059624997, 53.39667201329297], [-3.10644385223132, 53.396663654497814], [-3.106448515798473, 53.396843392170354], [-3.1067492323876595, 53.39684060437277], [-3.106753897271549, 53.39702034202142], [-3.1064531794157935, 53.397023129837194], [-3.1064578430832794, 53.3972028674983], [-3.106758562205621, 53.39720007966436], [-3.1067632271898713, 53.39737981730158], [-3.107063947528631, 53.39737702869227], [-3.1070686138296755, 53.397556766305584], [-3.107369335384849, 53.39755397692089], [-3.107360000299748, 53.39719450172488], [-3.1076607192715056, 53.3971917116193], [-3.1076653880555485, 53.397371449202], [-3.109469708430524, 53.397354692557926], [-3.1094603557136162, 53.39699521760507], [-3.1091596383099716, 53.39699801223573], [-3.1091502883273914, 53.396638537223545], [-3.110353147507642, 53.39662735430335], [-3.1103484675256383, 53.3964476168615], [-3.11004775407259, 53.396450413709125], [-3.1100430754074493, 53.39627067624332], [-3.1094416508834275, 53.396276267630576], [-3.1094322987701375, 53.395916792608965], [-3.109733008524299, 53.39591399733034], [-3.1097283312766186, 53.395734259829126], [-3.110630456437734, 53.39572586950482], [-3.110635137484856, 53.39590560695139], [-3.111236556540153, 53.395900009579535], [-3.1112318729600723, 53.39572027216944], [-3.1115325811456795, 53.39571747236598], [-3.1115278963495134, 53.39553773496837], [-3.110325068370727, 53.39554892956626], [-3.110315709061131, 53.39518945460804], [-3.1112178225221045, 53.395181059904736], [-3.111213139143536, 53.3950013224717], [-3.1118145453328103, 53.39499572225352], [-3.1118098594718004, 53.394815984851235], [-3.11211056122443, 53.39481318362466], [-3.112105874147428, 53.39463344623489], [-3.1118051736611934, 53.394636247443216], [-3.1118004879009886, 53.39445651002946], [-3.1114997886307343, 53.394459310462395], [-3.1114951041873, 53.39427957302468], [-3.1120965001446725, 53.394273971438125], [-3.1120871263435737, 53.39391449661846], [-3.112387821713951, 53.39391169472598], [-3.112392509855634, 53.394091432120426], [-3.112693206441924, 53.39408862945258], [-3.112697895900387, 53.394268366823056], [-3.11359998915561, 53.394259954221944], [-3.1135952958980964, 53.39408021690627], [-3.1141966886164907, 53.394074604756426], [-3.1141919928767865, 53.39389486747157], [-3.1138912978091717, 53.393897673906764], [-3.1138866033862973, 53.39371793659789], [-3.114487990938375, 53.393712323006916], [-3.11448329403338, 53.3935325857289], [-3.1138819090139176, 53.393538199283306], [-3.1138725204206357, 53.3931787246369], [-3.113571830367734, 53.39318153024189], [-3.1135530588520566, 53.39246258080718], [-3.1144551136643104, 53.39245416194022], [-3.1144598102661942, 53.392633899252665], [-3.1150611824209213, 53.392628282852726], [-3.1150658816057986, 53.39280802012285], [-3.115967943257484, 53.39279958978988], [-3.115963240273899, 53.39261985257467], [-3.1156625543734724, 53.39262266342445], [-3.1156531510904864, 53.39226318894017], [-3.116555201042707, 53.39225475422948], [-3.116550495678486, 53.39207501703367], [-3.116851177628499, 53.39207220396762], [-3.116846471048709, 53.391892466784405], [-3.1162451096304338, 53.39189809212281], [-3.1162404056335977, 53.39171835489723], [-3.115939726114728, 53.39172116641253], [-3.115935023434641, 53.39154142916288], [-3.1156343451313417, 53.39154423990281], [-3.115629643767976, 53.39136450262915], [-3.1162309977917113, 53.39135888042884], [-3.1162262939466574, 53.39117914318604], [-3.1168276452357695, 53.3911735179942], [-3.116822938909087, 53.39099378078231], [-3.1171236132116094, 53.39099096706913], [-3.117118905669449, 53.39081122986983], [-3.1174195786552445, 53.39080841541795], [-3.1174148698976323, 53.39062867823123], [-3.1177155415667004, 53.390625863040675], [-3.1177061216712905, 53.39026638868671], [-3.118307459793197, 53.39026075610784], [-3.118302747389398, 53.39008101895896], [-3.118603415108293, 53.39007820155232], [-3.118608128778131, 53.390257938682886], [-3.1189087977123666, 53.390255120500896], [-3.1189135126989527, 53.39043485760737], [-3.119214182848528, 53.39043203865], [-3.1192094665958923, 53.3902523015619], [-3.1201114729420603, 53.390243840202814], [-3.120106752942042, 53.39006410316409], [-3.1204074203565506, 53.39006128121541], [-3.120412141622603, 53.390241018235756], [-3.1207128102523667, 53.390238195511664], [-3.1207175328352452, 53.39041793250789], [-3.121318872474471, 53.390412284751925], [-3.121309422295351, 53.39005281082729], [-3.1210087550332193, 53.390055635047005], [-3.1209993075894005, 53.389696161062645], [-3.1203979779767828, 53.38970180715749], [-3.1204026991412785, 53.38988154418932], [-3.119500700543534, 53.38989000770922], [-3.1194959831770612, 53.38971027062227], [-3.1191953181423284, 53.38971309026321], [-3.119190602092589, 53.389533353152146], [-3.1188899382731305, 53.38953617201772], [-3.118885223540094, 53.38935643488258], [-3.11918588609357, 53.38935361603537], [-3.1191811701452727, 53.38917387891288], [-3.1194818313820605, 53.389171059327026], [-3.119477114218528, 53.38899132221715], [-3.1203790938265668, 53.38898285897285], [-3.120374372915951, 53.38880312191234], [-3.12097568986892, 53.388797476001336], [-3.1209709664772283, 53.38861773897187], [-3.121271623611596, 53.38861491489929], [-3.121266899004796, 53.388435177882485], [-3.121868210589259, 53.38842952750322], [-3.1218634835014822, 53.38824979051747], [-3.1221641379515663, 53.38824696421081], [-3.12215940964875, 53.38806722723773], [-3.122460062782102, 53.3880644001925], [-3.1224411450159697, 53.38734545231641], [-3.122140496945998, 53.38734827928799], [-3.1221357688974365, 53.38716854228622], [-3.1215344751365834, 53.387174193921744], [-3.1215250242551713, 53.38681471982736], [-3.12182566862943, 53.38681189442485], [-3.121830395310512, 53.38699163145652], [-3.1227323319255853, 53.38698315065228], [-3.122737062454893, 53.38716288762295], [-3.1236390024094765, 53.38715439995111], [-3.123634268082783, 53.38697466303569], [-3.1239349133667016, 53.38697183231631], [-3.1239254423345133, 53.38661235850515], [-3.1233241567788546, 53.38661801911323], [-3.1233194238706603, 53.38643828216218], [-3.1236200654081925, 53.38643545225501], [-3.123615331285157, 53.38625571531664], [-3.1239159715060363, 53.38625288467103], [-3.1239112361681878, 53.38607314774534], [-3.1242118750724166, 53.38607031636124], [-3.1242071385197834, 53.38589057944827], [-3.12450777610736, 53.38588774732573], [-3.124503038339966, 53.38570801042545], [-3.124803674610896, 53.385705177564446], [-3.1247941966976134, 53.38534570378361], [-3.1244935629580377, 53.3853485366077], [-3.1244888253434966, 53.3851687996902], [-3.124789457817418, 53.38516596688457], [-3.124784718988186, 53.38498622997978], [-3.1250853501455023, 53.384983396435715], [-3.1250806101016044, 53.384803659543664], [-3.125381239942317, 53.38480082526118], [-3.125376498683782, 53.38462108838184], [-3.125677127207895, 53.384618253360955], [-3.125672384734748, 53.38443851649432], [-3.12597301194226, 53.38443568073507], [-3.125958781032108, 53.38389647015616], [-3.1262594043918943, 53.38389363369545], [-3.126249914842449, 53.38353415998442], [-3.12655053562014, 53.38353132280384], [-3.1265410437437757, 53.38317184910681], [-3.1262404254971026, 53.38317468625046], [-3.1262356809009617, 53.38299494937484], [-3.126536297882147, 53.38299211224968], [-3.126531552071557, 53.382812375386806], [-3.1271327833498592, 53.382806698903025], [-3.127128035059383, 53.38262696207136], [-3.12742864935649, 53.382624122712755], [-3.12742389985163, 53.38244438589387], [-3.127724512832218, 53.38244154579695], [-3.1277150114448737, 53.38208207217892], [-3.1280156218435264, 53.38207923136219], [-3.1280108699610825, 53.381899494563086], [-3.128311479043232, 53.38189665300809], [-3.128306725946498, 53.381716916221734], [-3.1280061181297367, 53.38171975775823], [-3.128001366349491, 53.38154002094764], [-3.1283019729008767, 53.38153717942962], [-3.128297219906367, 53.3813574426318], [-3.128597825141283, 53.38135460037553], [-3.1285835626684166, 53.3808153900031], [-3.1288841640562093, 53.38081254704563], [-3.1288746534659793, 53.38045307347231], [-3.1291752522720406, 53.38045022979513], [-3.1291704957883497, 53.38027049301837], [-3.129471093277988, 53.38026764860296], [-3.129456820338046, 53.37972843829384], [-3.130058007572336, 53.37972274730399], [-3.130048487473978, 53.379363273809986], [-3.130349078483925, 53.37936042721706], [-3.1303443172463297, 53.37918069047998], [-3.1300437275015764, 53.37918353705436], [-3.1300389675803566, 53.379003800293006], [-3.1303395560599316, 53.37900095373714], [-3.130330033840724, 53.37864148023427], [-3.130630619738785, 53.3786386329588], [-3.130621095194095, 53.37827915947003], [-3.1309216785106884, 53.37827631147498], [-3.1309121516406186, 53.377916838000324], [-3.1312127323757863, 53.37791398928566], [-3.1312032031804446, 53.37755451582515], [-3.1315037813342324, 53.37755166639095], [-3.1314894841303285, 53.37701245621279], [-3.131790058437752, 53.37700960607758], [-3.1317757579000363, 53.37647039590338], [-3.1320763283612085, 53.37646754506725], [-3.1320667923957393, 53.37610807162618], [-3.131766224464494, 53.37611092242523], [-3.131751924695575, 53.37557171216489], [-3.132052488832029, 53.37556886142155], [-3.1320381857296935, 53.375029651165214], [-3.1323387460202197, 53.37502679972099], [-3.132314902217376, 53.37412811593838], [-3.1326154561324584, 53.37412526383043], [-3.1325868376724477, 53.37304684321321], [-3.132286291345916, 53.373049695209716], [-3.132238610661434, 53.3712523268691], [-3.131938076930143, 53.37125517792343], [-3.1319285439375246, 53.370895704149255], [-3.129524292476653, 53.37091848505374], [-3.129519536173629, 53.37073874800971], [-3.128016883671014, 53.370752961396896], [-3.1280121337418407, 53.37057322425456], [-3.127110545420996, 53.370581743153686], [-3.127115291556529, 53.3707614803515], [-3.1256126370120443, 53.370775663479634], [-3.1256173768757898, 53.37095540076404], [-3.1253168445493986, 53.370958235138694], [-3.1253215831995256, 53.37113797243582], [-3.125021049557609, 53.371140806072454], [-3.1250115748374463, 53.37078133143553], [-3.124410512459123, 53.37078699636553], [-3.1244199821209904, 53.371146471076216], [-3.1241194483263155, 53.37114930244336], [-3.124124181969011, 53.371329039808515], [-3.12382364685885, 53.371331870437615], [-3.1238283792878283, 53.371511607815464], [-3.123527842862177, 53.3715144377065], [-3.1235373053435143, 53.371873912481846], [-3.1232367663377327, 53.37187674165319], [-3.123246226493225, 53.37223621644245], [-3.1229456849072714, 53.37223904489414], [-3.122950413796621, 53.37241878229855], [-3.123250956647255, 53.372415953828444], [-3.1232556868521404, 53.37259569120874], [-3.123556230916611, 53.37259286196366], [-3.1235609624370584, 53.37277259931977], [-3.123861507715362, 53.372769769299744], [-3.1238709734383256, 53.373129243957884], [-3.1232698777719428, 53.37313490331508], [-3.1232651474144832, 53.37295516595206], [-3.122964600769729, 53.37295799447739], [-3.1229598717278497, 53.372778257090204], [-3.122659326296972, 53.37278108484061], [-3.1226545985706444, 53.372601347429246], [-3.1220535100858275, 53.37260700062365], [-3.122058235282739, 53.37278673807183], [-3.1217576896994097, 53.372789563552615], [-3.1217624136824003, 53.37296930101346], [-3.122062960530452, 53.37296647551426], [-3.1220724111782947, 53.37332595038191], [-3.1223729605050274, 53.373323124089346], [-3.1223776871699207, 53.37350286149617], [-3.1226782377105997, 53.373500034428666], [-3.1226829656910873, 53.37367977181133], [-3.122983517445707, 53.37367694396884], [-3.1229977054865907, 53.374216156027174], [-3.1232982609847686, 53.37421332737287], [-3.1233124532778325, 53.374752539324284], [-3.1230118939851255, 53.37475536803383], [-3.1230071644347634, 53.374575630704015], [-3.122406048226523, 53.37458128581654], [-3.1224107752471704, 53.37476102318318], [-3.1221102158019485, 53.37476384962295], [-3.122119667465964, 53.37512332437584], [-3.121217981236201, 53.37513179926602], [-3.12121325917345, 53.37495206183726], [-3.1200110152159097, 53.374963351024924], [-3.1200062982634327, 53.37478361351691], [-3.118804058553937, 53.3747948905256], [-3.118818194384803, 53.37533410325271], [-3.1194193219302906, 53.37532846615143], [-3.1194146074061915, 53.37514872861818], [-3.1197151698379986, 53.37514590895098], [-3.119719885627005, 53.37532564646589], [-3.1212227033497246, 53.37531153668905], [-3.121227425514023, 53.37549127410633], [-3.1215279901712174, 53.37548844986274], [-3.121532713651217, 53.375668187255904], [-3.1218332795225514, 53.37566536223732], [-3.121838004318282, 53.37584509960635], [-3.1224391384384154, 53.375839447262535], [-3.1224485932421246, 53.37619892190973], [-3.120945744911188, 53.376213047278576], [-3.1209410238087623, 53.37603330986586], [-3.1206404552552014, 53.37603613265136], [-3.120649894980862, 53.37639560750781], [-3.120950466064378, 53.376392784685564], [-3.120959908523049, 53.3767522594823], [-3.1212604820858094, 53.37674943586662], [-3.1212652046563156, 53.376929173238], [-3.1218663541595335, 53.37692352369994], [-3.1218710793108952, 53.37710326102878], [-3.1221716552513357, 53.37710043510638], [-3.1221811082365942, 53.377459909710055], [-3.120978794049579, 53.37747120900692], [-3.1209740725917965, 53.37729147163436], [-3.119471185041183, 53.37730557863861], [-3.119466469959438, 53.37712584116847], [-3.1191658935622177, 53.377128660280974], [-3.1191706073789076, 53.37730839776948], [-3.1185694519023133, 53.37731403376122], [-3.118578874627438, 53.37767350879444], [-3.1188794549212293, 53.37767069114019], [-3.1188841676248815, 53.37785042862985], [-3.1182830044564427, 53.37785606321834], [-3.118292424955295, 53.37821553825383], [-3.118593009095083, 53.378212721301225], [-3.118597720685621, 53.37839245879202], [-3.118898306039886, 53.37838964106437], [-3.118903018946241, 53.37856937853108], [-3.1183018456567417, 53.37857501326635], [-3.118297135280693, 53.37839527576295], [-3.1179965498251163, 53.37839809197722], [-3.1179777138878926, 53.37767914183291], [-3.117677133442163, 53.37768195721712], [-3.117672425849529, 53.377502219648385], [-3.118273584160181, 53.377496588159914], [-3.1182688740880207, 53.37731685062212], [-3.117968296223083, 53.37731966672633], [-3.117963587466625, 53.377139929164436], [-3.1176630108161167, 53.37714274449367], [-3.1176583033753347, 53.3769630069077], [-3.1173577279392575, 53.37696582146195], [-3.117334197819618, 53.37606713335446], [-3.1170336286579716, 53.37606994706042], [-3.1170524475924783, 53.37678889763118], [-3.1167518733202426, 53.37679171065378], [-3.1167471697757554, 53.37661197300139], [-3.1161460236096157, 53.37661759674003], [-3.116150724624058, 53.37679733442905], [-3.1158501502001386, 53.37680014518172], [-3.1158595498505774, 53.377159620579164], [-3.1164607037080443, 53.37715399824396], [-3.1164654061391963, 53.37733373589747], [-3.1170665623245366, 53.377328110499], [-3.1170994984700484, 53.37858627365652], [-3.1174000853426493, 53.37858345969402], [-3.117404791973842, 53.378763197246684], [-3.1177053800610013, 53.37876038250917], [-3.1177147960055973, 53.379119857560624], [-3.118015386572512, 53.379117042029726], [-3.1180200958859574, 53.379296779528524], [-3.1177195040538335, 53.379299595077754], [-3.117728920302181, 53.379659070094796], [-3.117428325888969, 53.379661884923955], [-3.1174189121710816, 53.379302409870256], [-3.1171183202377186, 53.37930522390606], [-3.117113614719905, 53.379125486352265], [-3.1168130240011562, 53.37912829961303], [-3.116803615647702, 53.37876882445163], [-3.115901850779156, 53.37877725958376], [-3.115906551135033, 53.37895699722227], [-3.1162071407402956, 53.37895418624995], [-3.1162118424119147, 53.379133923864416], [-3.1165124332318213, 53.37913111211706], [-3.1165359486744952, 53.380029800011805], [-3.115934754331721, 53.380035422932835], [-3.115930053672576, 53.37985568532874], [-3.115629457690629, 53.379858495635844], [-3.1156435560238607, 53.3803977084858], [-3.115342956195533, 53.38040051809107], [-3.115333559786759, 53.380041042826896], [-3.115032962438489, 53.38004385163881], [-3.1150282655751527, 53.37986411397985], [-3.114727669441649, 53.37986692201674], [-3.1147558437874494, 53.38094534799431], [-3.1144552400116177, 53.380948155384175], [-3.1144599346472974, 53.38112789304531], [-3.1141593295556294, 53.38113069969668], [-3.1141640229764267, 53.38131043737035], [-3.114464629333462, 53.381307630700725], [-3.1144693240701105, 53.381487368350385], [-3.114769931642042, 53.38148456090568], [-3.114779323797598, 53.38184403615126], [-3.1150799338498323, 53.38184122791321], [-3.1150893287382426, 53.38220070309925], [-3.114788716155154, 53.382203511373895], [-3.1147934124096843, 53.382383248976616], [-3.114492798510645, 53.38238605651273], [-3.114488103521564, 53.38220631889174], [-3.114187490837483, 53.38220912565276], [-3.114173409969432, 53.38166991270053], [-3.1138728010311487, 53.38167271864994], [-3.11387749333795, 53.3818524563247], [-3.113576883083796, 53.381855261535584], [-3.113581574175634, 53.38203499922287], [-3.1132809626056104, 53.38203780369524], [-3.1132856524824564, 53.382217541395065], [-3.113586265317919, 53.38221473690444], [-3.1135956477538294, 53.38257421225033], [-3.1138962630697575, 53.38257140696637], [-3.1139009556288637, 53.38275114461245], [-3.113600339047457, 53.382753949914694], [-3.1136050303915344, 53.38293368757332], [-3.1130037945464006, 53.38293929594387], [-3.1130084834099154, 53.383119033633285], [-3.113609721786062, 53.383113425226206], [-3.1136284878686897, 53.38383237578041], [-3.112726615042339, 53.3838407874749], [-3.112721927242686, 53.38366104979017], [-3.1124213041319546, 53.3836638521564], [-3.1124166176482624, 53.38348411444769], [-3.1127172394934455, 53.38348131209972], [-3.1127125517946173, 53.383301574403504], [-3.1121113105849236, 53.38330717830613], [-3.112092570417724, 53.38258822731806], [-3.111791954799308, 53.38259102806116], [-3.111782587548918, 53.38223155249623], [-3.1114819744110593, 53.38223435244606], [-3.1114960215657836, 53.382773565839535], [-3.1111954045811614, 53.382776365087246], [-3.11120008580128, 53.38295610289185], [-3.1108994675008206, 53.382958901400976], [-3.110908827561045, 53.38331837702939], [-3.110307585747075, 53.383323971850054], [-3.1103029082228515, 53.38314423400226], [-3.10970166873873, 53.38314982575916], [-3.109696993795835, 53.38297008786921], [-3.109396375243873, 53.38297288259421], [-3.1094057226488907, 53.38333235840475], [-3.1097063437318977, 53.38332956364335], [-3.1097110187753407, 53.38350930152183], [-3.110011641073615, 53.383506505985395], [-3.1100163174328896, 53.383686243839925], [-3.1103169409464293, 53.383683447528426], [-3.110321618621561, 53.38386318535902], [-3.110622243350366, 53.38386038827246], [-3.1106362804743752, 53.384399601675206], [-3.11003502337289, 53.38440519520074], [-3.110049053355963, 53.38494440866117], [-3.1103496857287665, 53.38494161222219], [-3.1103683981397316, 53.385660563349674], [-3.110067760704192, 53.3856633598615], [-3.11006308379169, 53.38548362207002], [-3.1097624475715566, 53.38548641780673], [-3.1097577719750413, 53.38530667999129], [-3.1094571369703177, 53.3853094749529], [-3.1094618113011396, 53.38548921278653], [-3.1091611749804526, 53.38549200700946], [-3.1091658480958375, 53.38567174485557], [-3.108865210459188, 53.38567453833978], [-3.1088605386095094, 53.38549480047549], [-3.1085599021883246, 53.38549759318465], [-3.1085552316545844, 53.38531785529644], [-3.1082545964488633, 53.38532064723051], [-3.108245258063417, 53.384961171400555], [-3.107944625338834, 53.38496396254135], [-3.107939957487086, 53.384784224599606], [-3.1076393259779587, 53.38478701496539], [-3.107634659442051, 53.38460727699973], [-3.107033398804541, 53.38461285542432], [-3.1070473909688765, 53.385152069413074], [-3.106446122536785, 53.38515764491909], [-3.1064507841605127, 53.38533738294021], [-3.1067514196673147, 53.385334595547484], [-3.1067607455965813, 53.38569407153621], [-3.1070613835846497, 53.38569128335026], [-3.1070800411079493, 53.38641023518628], [-3.106779398056896, 53.38641302344485], [-3.106784061297351, 53.38659276140769], [-3.1064834169303643, 53.38659554892751], [-3.106488078955176, 53.386775286902775], [-3.106788724587957, 53.38677249936483], [-3.1067933879287155, 53.386952237316194], [-3.1070940347771536, 53.386949449003154], [-3.1070986994338865, 53.38712918693065], [-3.106798051319628, 53.38713197526184], [-3.1068306964603694, 53.38839014072097], [-3.1065300394348245, 53.38839292842231], [-3.106520714532791, 53.388033452569175], [-3.105919405394922, 53.38803902562836], [-3.1059147455509044, 53.38785928765692], [-3.1047121317374473, 53.387870424619145], [-3.1047074770070644, 53.38769068656942], [-3.1032042149433723, 53.387704590650024], [-3.1031995665923957, 53.38752485250402], [-3.102898915295495, 53.38752763103117], [-3.1028942682603695, 53.38734789286137], [-3.102593618179349, 53.38735067061348], [-3.102612201556211, 53.38806962333072], [-3.1029128567007476, 53.38806684550624], [-3.102922151220818, 53.38842632179432], [-3.1032228088472116, 53.388423543176714], [-3.103227457448159, 53.38860328129404], [-3.102926798555827, 53.388606059929785], [-3.102931445940817, 53.388785798059494], [-3.1035327662073926, 53.38878023999486], [-3.1035420661912196, 53.38913971616472], [-3.1029407408607517, 53.38914527430174], [-3.1029453883956957, 53.38932501241428], [-3.1026447243894832, 53.38932779036538], [-3.102649370708405, 53.389507528490284], [-3.102348705386212, 53.38951030570248], [-3.1023579956419165, 53.389869781971285], [-3.101455991779449, 53.389878109174276], [-3.1014513504247287, 53.38969837098851], [-3.1011506836367544, 53.38970114519073], [-3.1011321237810816, 53.388982192318146], [-3.1005308001834777, 53.38898773830707], [-3.1005447124043797, 53.38952695307849], [-3.1002440467327568, 53.3895297249916], [-3.1002579556044343, 53.39006893976562], [-3.0999572860848215, 53.390071710975896], [-3.0999804622044684, 53.39097040224161], [-3.099379110354725, 53.39097594257147], [-3.0993976420185807, 53.391694895625335], [-3.098796279840238, 53.39170043307126], [-3.0988055409063517, 53.392059909635954], [-3.097602805822497, 53.392070975587096], [-3.0975935548860085, 53.39171149887826], [-3.096992192110339, 53.391717027239324], [-3.097006060992425, 53.39225624240201], [-3.097607431365367, 53.392250713932924], [-3.0976120569579906, 53.39243045227301], [-3.0979127433360785, 53.392427686884844], [-3.0979219972031027, 53.39278716351185], [-3.097621308292497, 53.392789928936075], [-3.0976259340343817, 53.392969667258996], [-3.0964231728294274, 53.392980721456794], [-3.096413931525605, 53.39262124466123], [-3.0961132436326326, 53.392624006281935], [-3.0961086243215257, 53.39244426785758], [-3.0955072509190504, 53.39244978879175], [-3.095516484525895, 53.39280926570666], [-3.0952157952176345, 53.39281202507405], [-3.0952111796556543, 53.39263228660149], [-3.09491049156402, 53.392635045193806], [-3.094905877317943, 53.392455306697556], [-3.0943045035183134, 53.39246082157496], [-3.0943183388078017, 53.393000037154316], [-3.094619029531245, 53.392997280040284], [-3.094623642659918, 53.39317701853734], [-3.0952250264905334, 53.393171502002005], [-3.0952296422014522, 53.393351240457406], [-3.095530335308609, 53.39334848103609], [-3.095534952335501, 53.3935282194678], [-3.095234257962019, 53.39353097890708], [-3.095243489632101, 53.39389045578925], [-3.094942792676277, 53.39389321450734], [-3.09495202201221, 53.39425269140254], [-3.094350622886167, 53.394258206639165], [-3.0943413986157355, 53.39389872967212], [-3.094040701511043, 53.39390148611879], [-3.094036090716597, 53.39372174760873], [-3.093735394828667, 53.393724503280346], [-3.0937307853501586, 53.3935447647466], [-3.093129395958256, 53.39355027378256], [-3.093138609899451, 53.393909750916045], [-3.093439307152889, 53.39390699674078], [-3.0934485238250584, 53.39426647381552], [-3.0931478240388635, 53.39426922802667], [-3.0931524311829057, 53.39444896657341], [-3.093453132235498, 53.394446212344306], [-3.0934577406955084, 53.394625950867365], [-3.092856336007941, 53.39463145860429], [-3.0928517300807554, 53.39445172004535], [-3.092551028929064, 53.39445447276015], [-3.0925464243178236, 53.394274734177564], [-3.0922457243830035, 53.3942774861173], [-3.0922411210876777, 53.39409774751105], [-3.0919404223697287, 53.3941004986757], [-3.091945024398665, 53.39428023729986], [-3.091644324364829, 53.394282987725305], [-3.0916489251768646, 53.39446272636164], [-3.0913482238271364, 53.39446547604784], [-3.0913528234222434, 53.39464521469637], [-3.0916535260383893, 53.39464246499226], [-3.091662727909908, 53.39500194223635], [-3.091963433009438, 53.39499919173926], [-3.091968035285888, 53.395178930334765], [-3.091065916039471, 53.39518717960828], [-3.0910705145660136, 53.39536691825182], [-3.090769806785122, 53.39536966651321], [-3.090774404094645, 53.39554940516894], [-3.0910751131420233, 53.39554665688965], [-3.0910889091668468, 53.396085872768786], [-3.0904874834235576, 53.39609136867759], [-3.0904828872322025, 53.39591163002113], [-3.090182175552918, 53.39591437682182], [-3.0901775806775205, 53.395734638141775], [-3.09047829109029, 53.39573189135895], [-3.0904736949978147, 53.39555215269104], [-3.089571567410749, 53.39556039071428], [-3.0895761597037166, 53.395740129435836], [-3.089275449142711, 53.39574287394708], [-3.0892938137424255, 53.39646182884759], [-3.089594529369581, 53.39645908426484], [-3.089599121909548, 53.39663882295778], [-3.0898998387538734, 53.396636077599936], [-3.089904432609829, 53.396815816269275], [-3.0902051506713204, 53.39681307013635], [-3.0902097458432882, 53.39699280878208], [-3.091111903530921, 53.39698456578626], [-3.091107304559167, 53.39680482719421], [-3.0914080224228577, 53.3968020780324], [-3.0914126226612084, 53.39698181660655], [-3.0917133417420093, 53.39697906666961], [-3.091717943296451, 53.39715880522012], [-3.0914172229490426, 53.39716155517496], [-3.0914218232863626, 53.397341293737675], [-3.0920232664649214, 53.39733579303492], [-3.0920278693849967, 53.39751553155607], [-3.092328592166646, 53.39751278005094], [-3.092337800688648, 53.39787225704022], [-3.0917363500092203, 53.39787775936496], [-3.091731748256776, 53.39769802083733], [-3.091431024109464, 53.39770077084591], [-3.09142642367317, 53.397521032294655], [-3.0908249777633947, 53.397526530004285], [-3.0908203799098577, 53.39734679141149], [-3.0905196581474104, 53.397349539112554], [-3.0905150616099566, 53.39716980049615], [-3.089913620469985, 53.39717529359082], [-3.089922808527815, 53.39753477088945], [-3.0893213621236426, 53.39754026102673], [-3.0893029963386063, 53.39682130626352], [-3.089002278128906, 53.39682405012482], [-3.088997688072707, 53.39664431140183], [-3.0880955369471668, 53.39665253838883], [-3.0880909507400642, 53.39647279960653], [-3.087489518942829, 53.39647828044276], [-3.0874941026167817, 53.39665801926073], [-3.0877948198066343, 53.39665527920338], [-3.087803989835652, 53.39701475678648], [-3.0872025503402543, 53.39702023621534], [-3.0872071328955113, 53.397199975034006], [-3.086605690669699, 53.39720545146967], [-3.0866102707409877, 53.397385190318275], [-3.0863095482875402, 53.397387927418066], [-3.08631412714145, 53.397567666278796], [-3.087216298153913, 53.397559452654185], [-3.087220880857058, 53.397739191455685], [-3.0875216056959616, 53.39773645204848], [-3.0875353579012392, 53.39827566836515], [-3.0872346292622788, 53.39827840782587], [-3.087239212162618, 53.3984581466045], [-3.0869384822076458, 53.398460885325804], [-3.0869430638905575, 53.398640624116545], [-3.0872437951122564, 53.398637885377404], [-3.0872483781111963, 53.39881762414459], [-3.0875491105503343, 53.39881488463033], [-3.0875536948653295, 53.39899462337395], [-3.0878544285219056, 53.39899188308458], [-3.087859014152983, 53.399171621804655], [-3.0875582792296408, 53.39917436211186], [-3.087572032618476, 53.399713578291234], [-3.087271293845433, 53.399716317894715], [-3.087266710599977, 53.39953657915612], [-3.0866652354396096, 53.39954205605547], [-3.0866560741637667, 53.39918257848981], [-3.0860546038734493, 53.3991880522887], [-3.086063760082133, 53.39954752992569], [-3.085462284527655, 53.39955300076671], [-3.0854668601722466, 53.39973273961224], [-3.0845646426709545, 53.399740940247476], [-3.0845737865068044, 53.40010041802823], [-3.0842730447076527, 53.400103150094296], [-3.0842821862065133, 53.40046262788777], [-3.084582930539391, 53.400459895786135], [-3.084601219194795, 53.4011788512333], [-3.083999720344637, 53.40118431482164], [-3.0839951506408543, 53.40100457593284], [-3.0830929057977214, 53.40101276558193], [-3.083097471700725, 53.401192504524076], [-3.082796722054497, 53.401195232910204], [-3.0827921574184205, 53.40101549395029], [-3.082190660512515, 53.401020948414995], [-3.0821815364553125, 53.40066147040695], [-3.0815800444207304, 53.4006669217713], [-3.0815846038909864, 53.40084666081368], [-3.081283856533211, 53.40084938537759], [-3.0812929730870295, 53.401208863480726], [-3.0809922231463664, 53.401211587322805], [-3.080996780229886, 53.40139132638353], [-3.080696028973253, 53.40139404948601], [-3.0807051407534383, 53.40175352762577], [-3.080404386913858, 53.40175625000636], [-3.0804089416104827, 53.401935989085416], [-3.0807096967170513, 53.4019332666871], [-3.0807142527296767, 53.40211300574269], [-3.0813157653297587, 53.40210755863849], [-3.0813203239254285, 53.40228729765289], [-3.0816210814189247, 53.40228457294698], [-3.0816302012914587, 53.40264405092314], [-3.081329441263895, 53.40264677566455], [-3.0813340000066938, 53.402826514661804], [-3.0807324772703364, 53.40283196190792], [-3.0807279210616474, 53.402652222875176], [-3.080126400663332, 53.4026576670563], [-3.080121847037745, 53.40247792798239], [-3.079520328977561, 53.402483369098526], [-3.079529431209521, 53.402842847311526], [-3.0786271461497496, 53.40285100341163], [-3.0786635266252755, 53.40428891645997], [-3.078964298497777, 53.404286198375694], [-3.0789733966403032, 53.404645676545236], [-3.079274170998241, 53.404642957668095], [-3.0792878223807705, 53.4051821748264], [-3.0786862660126104, 53.40518761192946], [-3.078681718037283, 53.405007872846994], [-3.0783809410470377, 53.40501059024464], [-3.078376394387866, 53.404830851138776], [-3.0780756186159284, 53.40483356776127], [-3.078071073272884, 53.40465382863197], [-3.0777702987192566, 53.404656544479366], [-3.0777612107142565, 53.40429706616825], [-3.076858894363254, 53.40430520905962], [-3.076872515039287, 53.40484442667684], [-3.0765717390229725, 53.404847139512135], [-3.076576278078784, 53.405026878724115], [-3.0762755007464064, 53.40502959081962], [-3.076289114405083, 53.40556880847428], [-3.0765898955392315, 53.40556609632577], [-3.076594434790387, 53.40574583551491], [-3.076895217142982, 53.405743122591275], [-3.076899757710273, 53.40592286175701], [-3.077200541281311, 53.40592014805822], [-3.0772096250970846, 53.4062796263372], [-3.0766080528368884, 53.406285053047995], [-3.076598974090382, 53.40592557469831], [-3.0759974067040985, 53.405930998308506], [-3.0759928699386982, 53.405751259089755], [-3.075692087439632, 53.405753969740985], [-3.0757011584846294, 53.40611344820806], [-3.0763027285031748, 53.40610802607751], [-3.0763118048126983, 53.4064675044511], [-3.0766125922834013, 53.40646479221427], [-3.0766262109159883, 53.40700400967879], [-3.0760246283215595, 53.407009433500974], [-3.0760200912632807, 53.4068296943165], [-3.07541851100835, 53.40683511507334], [-3.0754411841138265, 53.40773381111503], [-3.0814571046035284, 53.40767946542676]], [[-3.08263746115636, 53.40676986601151], [-3.082035883055289, 53.406775320098276], [-3.0820313206986327, 53.406595581262295], [-3.082632896265002, 53.40659012721107], [-3.08263746115636, 53.40676986601151]], [[-3.080832726264202, 53.40678621918187], [-3.0802311475744046, 53.406791664178655], [-3.0802265928218784, 53.40661192523623], [-3.0808281689769617, 53.406606480274874], [-3.080832726264202, 53.40678621918187]], [[-3.077514954402411, 53.40645665095882], [-3.0772141670782713, 53.40645936546812], [-3.0772096250970846, 53.4062796263372], [-3.077510411153888, 53.40627691184558], [-3.077514954402411, 53.40645665095882]], [[-3.082318417928947, 53.406053638126465], [-3.0820176339231873, 53.406056364720044], [-3.082013071762875, 53.4058766258612], [-3.0814115061387133, 53.40588207674045], [-3.0814069465620557, 53.40570233784038], [-3.08200850965165, 53.40569688699664], [-3.082003947589504, 53.405517148126364], [-3.082304727793413, 53.40551442158604], [-3.082295601281872, 53.405154943863856], [-3.082897156473391, 53.405149488581934], [-3.082892590756806, 53.40496974974778], [-3.083794919373953, 53.40496156119734], [-3.0837994888922178, 53.405141299978155], [-3.0841002662668515, 53.405138568928656], [-3.0841048371015183, 53.405318307685945], [-3.08320250102842, 53.40532649861543], [-3.0832116352417263, 53.40568597621957], [-3.0829108539178796, 53.40568870505003], [-3.0829154198309556, 53.4058684438613], [-3.082313854501338, 53.40587389928537], [-3.082318417928947, 53.406053638126465]], [[-3.085303375273489, 53.40512763715621], [-3.0844010435923104, 53.40513583712172], [-3.0843918995360724, 53.40477635962556], [-3.0840911247450493, 53.40477909139692], [-3.084086554057911, 53.404599352622476], [-3.0846881010563743, 53.40459388835794], [-3.0846835278840445, 53.404414149613366], [-3.085585844211147, 53.40440594758921], [-3.0855904211850214, 53.40458568628034], [-3.0858911944627696, 53.404582950739616], [-3.0858957727530805, 53.404762689407235], [-3.087098870440144, 53.40475173959866], [-3.0871034538485347, 53.40493147818922], [-3.0852987994191055, 53.404947898464386], [-3.085303375273489, 53.40512763715621]], [[-3.087399644738665, 53.40474900025292], [-3.087098870440144, 53.40475173959866], [-3.0870942870810656, 53.40457200100238], [-3.0873950601123967, 53.40456926167449], [-3.087399644738665, 53.40474900025292]], [[-3.0934012905717254, 53.4041548395982], [-3.093100521063781, 53.40415759403878], [-3.093095912509784, 53.40397785578316], [-3.0933966807505935, 53.40397510136052], [-3.0934012905717254, 53.4041548395982]], [[-3.084063701359824, 53.403700658664484], [-3.083462166836238, 53.403706119721434], [-3.0834575989783697, 53.40352638087711], [-3.0828560667924436, 53.40353183886884], [-3.0828515015179274, 53.40335209998328], [-3.0825507366183906, 53.403354827825275], [-3.082546172660081, 53.4031750889162], [-3.0834484634100607, 53.40316690317131], [-3.0834438956996193, 53.40298716430984], [-3.083744657917605, 53.4029844342312], [-3.0837492268951228, 53.40316417307489], [-3.084049990331031, 53.40316144222109], [-3.084063701359824, 53.403700658664484]], [[-3.099370320904574, 53.402302212693556], [-3.0990695650617193, 53.402304982102], [-3.0990649316636634, 53.40212524414887], [-3.099365686239533, 53.402122474758464], [-3.099370320904574, 53.402302212693556]], [[-3.090629989881642, 53.40166326418987], [-3.090329237666692, 53.40166601156316], [-3.0903246412092957, 53.40148627306617], [-3.0906253921572953, 53.40148352571078], [-3.090629989881642, 53.40166326418987]], [[-3.0903246412092957, 53.40148627306617], [-3.0900238902118473, 53.4014890196642], [-3.0900192950708383, 53.40130928114361], [-3.0894177954615274, 53.40131477203186], [-3.0893994255270596, 53.40059581774921], [-3.0897001702888036, 53.400593072755264], [-3.089686389556125, 53.400053857036845], [-3.0899871304678825, 53.40005111133922], [-3.0899917252628675, 53.40023084989986], [-3.0902924673920382, 53.400228103427054], [-3.0903246412092957, 53.40148627306617]], [[-3.0885201344833577, 53.40150274129421], [-3.0879186318462977, 53.40150822464478], [-3.0879140455738714, 53.401328485999095], [-3.08761329544827, 53.40133122652051], [-3.087608710492113, 53.40115148785125], [-3.0885109569201012, 53.40114326406853], [-3.0885201344833577, 53.40150274129421]], [[-3.0873125452733423, 53.401333966284604], [-3.0867110447755675, 53.401339443540714], [-3.0867064636202044, 53.40115970481791], [-3.086405714564316, 53.40116244229213], [-3.086401134725156, 53.400982703545814], [-3.08700263025381, 53.40097722787569], [-3.087007212626808, 53.40115696658636], [-3.087307961584116, 53.40115422759748], [-3.0873125452733423, 53.401333966284604]], [[-3.0912176935368683, 53.40111855182423], [-3.0909169452216645, 53.40112130065851], [-3.0909123463787926, 53.40094156218015], [-3.0912130934270885, 53.400938813363794], [-3.0912176935368683, 53.40111855182423]], [[-3.0999254626954578, 53.400499292356955], [-3.099323976497786, 53.40050483308504], [-3.099314708214694, 53.400145357094644], [-3.099013967574752, 53.40014812628664], [-3.099009334774805, 53.39996838826481], [-3.098708595351849, 53.399971156681474], [-3.0987039638685476, 53.399791418635886], [-3.098403225662575, 53.399794186277255], [-3.0983939653790196, 53.39943471013284], [-3.098093229656815, 53.39943747698084], [-3.0980886008565194, 53.399257738882035], [-3.0977878663512874, 53.39926050495474], [-3.0977832388675424, 53.39908076683219], [-3.0980839721060174, 53.39907800077751], [-3.098079343405309, 53.398898262667224], [-3.0986808071993814, 53.398892728322096], [-3.098676176015011, 53.39871299024214], [-3.0989769065705977, 53.39871022195169], [-3.0989722741693346, 53.398530483884066], [-3.099273003408377, 53.398527714854396], [-3.0992776370763537, 53.39870745290398], [-3.0995783675322612, 53.398704683099005], [-3.099587637551219, 53.39906415914495], [-3.0998883704907287, 53.39906138854664], [-3.0998930068417496, 53.39924112654294], [-3.1001937409981357, 53.3992383551693], [-3.100203016383348, 53.399597831108686], [-3.0999022796934197, 53.39960060251845], [-3.0999069161940693, 53.39978034049759], [-3.1002076541507892, 53.3997775690698], [-3.1002122919681225, 53.399957307025176], [-3.099911552744598, 53.39996007847103], [-3.0999254626954578, 53.400499292356955]], [[-3.0984217468274085, 53.40051313849733], [-3.0981210035043065, 53.40051590545348], [-3.098116374405232, 53.400336167389014], [-3.098417116461483, 53.4003334004509], [-3.0984217468274085, 53.40051313849733]], [[-3.1011237927245787, 53.40030846392904], [-3.1008230511171244, 53.40031123768291], [-3.1008184106663434, 53.40013149977511], [-3.1011191510069676, 53.40012872603929], [-3.1011237927245787, 53.40030846392904]], [[-3.088770397637834, 53.399522873655066], [-3.0884696603289536, 53.39952561626987], [-3.0884650720656306, 53.399345877596964], [-3.0887658081077185, 53.399343135000024], [-3.088770397637834, 53.399522873655066]], [[-3.0884650720656306, 53.399345877596964], [-3.088164335974182, 53.399348619436594], [-3.0881597490269965, 53.39916888074013], [-3.088460483851665, 53.39916613891834], [-3.0884650720656306, 53.399345877596964]], [[-3.095636539492932, 53.39748246351698], [-3.0953358172568417, 53.39748522335167], [-3.0953312004038414, 53.39730548502794], [-3.095631921373306, 53.39730272521122], [-3.095636539492932, 53.39748246351698]], [[-3.1058191170174587, 53.395770539154896], [-3.1052176986863618, 53.395776109231996], [-3.105213040486101, 53.3955963714525], [-3.104912332511865, 53.39559915533714], [-3.104907675628175, 53.39541941753375], [-3.104306262062373, 53.39542498299528], [-3.1043016077616823, 53.39524524514993], [-3.10460231330317, 53.39524246281588], [-3.1045930023191137, 53.39488298714424], [-3.1042922993104938, 53.394885769442055], [-3.1042829910595557, 53.394526293711266], [-3.104583691535363, 53.3945235114497], [-3.1045790362186003, 53.39434377359383], [-3.104879735377948, 53.39434099059323], [-3.1048750788448887, 53.39416125274976], [-3.105777172223242, 53.39415289925958], [-3.1057818325554116, 53.394332637048656], [-3.106082531514326, 53.3943298510195], [-3.106087193163006, 53.39450958878468], [-3.1063878933381623, 53.39450680198028], [-3.1063925563033803, 53.39468653972158], [-3.106693257694772, 53.39468375214185], [-3.106669937038402, 53.39378506346878], [-3.106970632047792, 53.393782275222705], [-3.106965966800698, 53.39360253748907], [-3.1072666604935826, 53.393599748504045], [-3.1072713270070014, 53.39377948621951], [-3.1078727167748235, 53.393773905941764], [-3.107891393461313, 53.394492856600976], [-3.107590693537078, 53.39449564719112], [-3.10759536156787, 53.394675384859774], [-3.1078960627584973, 53.39467259425147], [-3.1079054015035394, 53.39503206953524], [-3.107604697780087, 53.395034860179905], [-3.107609365961517, 53.39521459783137], [-3.1073086609214187, 53.39521738773704], [-3.1073133278866143, 53.39539712540097], [-3.107012621529871, 53.39539991456765], [-3.1070032901825595, 53.39504043919778], [-3.107303994006423, 53.39503765006742], [-3.1072946603270304, 53.39467817471096], [-3.1069939590359934, 53.39468096380496], [-3.1069986245841843, 53.394860701504236], [-3.106397219318756, 53.394866277457155], [-3.1064158718818446, 53.39558522834218], [-3.105814456284241, 53.39559080141167], [-3.1058191170174587, 53.395770539154896]], [[-3.0991942386785776, 53.39547216713519], [-3.0988935309715533, 53.395474935858275], [-3.0988888994671546, 53.39529519768756], [-3.099189605907713, 53.395292428982515], [-3.0991942386785776, 53.39547216713519]], [[-3.0952804182984783, 53.39532836308898], [-3.094679004074551, 53.39533388005547], [-3.0946743903503924, 53.3951541416271], [-3.095275802041393, 53.39514862469653], [-3.0952804182984783, 53.39532836308898]], [[-3.0943736844304435, 53.39515689895663], [-3.094072978460881, 53.39515965552901], [-3.0940683673192506, 53.39497991705899], [-3.094369072022363, 53.39497716050458], [-3.0943736844304435, 53.39515689895663]], [[-3.110005647898039, 53.394832776310594], [-3.109704945792875, 53.39483557223713], [-3.1097002688470514, 53.394655834701524], [-3.1100009696858164, 53.39465303879321], [-3.110005647898039, 53.394832776310594]], [[-3.093767662566539, 53.394982672856244], [-3.0934669577642415, 53.39498542789633], [-3.0934577406955084, 53.394625950867365], [-3.093758442964942, 53.394623195863176], [-3.093767662566539, 53.394982672856244]], [[-3.1102876323403974, 53.39411102959582], [-3.1099869353510705, 53.39411382620667], [-3.1099775793794993, 53.3937543511203], [-3.1096768848725302, 53.393757146937595], [-3.1096675316348494, 53.393397671791895], [-3.109968223609196, 53.39339487601103], [-3.1099729014691886, 53.39357461356854], [-3.1105742877995297, 53.39356901969905], [-3.1105789682424714, 53.39374875721438], [-3.11087966259845, 53.39374595912575], [-3.110884344358068, 53.39392569661713], [-3.110282953063109, 53.39393129207373], [-3.1102876323403974, 53.39411102959582]], [[-3.105467156499308, 53.39379620888185], [-3.105166461239218, 53.3937989933423], [-3.105161803590088, 53.39361925549977], [-3.1048611095462277, 53.39362203918499], [-3.104856453213513, 53.3934423013186], [-3.1054578387185, 53.393436733227325], [-3.105467156499308, 53.39379620888185]], [[-3.104264375158408, 53.39380734218092], [-3.1036629841875554, 53.393812904287735], [-3.1036583328700806, 53.393633166354604], [-3.1039590271141972, 53.39363038569788], [-3.1039543745804345, 53.39345064777714], [-3.104555760385886, 53.393445084228546], [-3.1045604154522852, 53.39362482211308], [-3.104259721308269, 53.39362760428403], [-3.104264375158408, 53.39380734218092]], [[-3.1096675316348494, 53.393397671791895], [-3.1093668396102023, 53.393400466815656], [-3.109362164333106, 53.393220729216004], [-3.109662855091463, 53.39321793421044], [-3.1096675316348494, 53.393397671791895]], [[-3.107261994030357, 53.393420010782826], [-3.1054578387185, 53.393436733227325], [-3.105453179903263, 53.393256995391496], [-3.1066559452465947, 53.39324585019619], [-3.1066512814163225, 53.39306611242719], [-3.107252661254484, 53.39306053532324], [-3.1072479949418357, 53.39288079758482], [-3.107849372046692, 53.39287521748879], [-3.1078540408918784, 53.39305495519085], [-3.1081547306352553, 53.39305216398901], [-3.108159400796942, 53.39323190166715], [-3.1072573276173245, 53.393240273055895], [-3.107261994030357, 53.393420010782826]], [[-3.1102501995313228, 53.392673129258576], [-3.10994951267237, 53.39267592572371], [-3.1099401575058367, 53.39231645054566], [-3.1102408418323293, 53.392313654116954], [-3.1102501995313228, 53.392673129258576]], [[-3.1099261251333687, 53.39177723773561], [-3.1096254445551517, 53.391780033352596], [-3.109620768464449, 53.391600295719556], [-3.109921447776497, 53.39159750012078], [-3.1099261251333687, 53.39177723773561]], [[-3.109620768464449, 53.391600295719556], [-3.1093200891021056, 53.39160309056128], [-3.109315414327854, 53.39142335290433], [-3.109616092424041, 53.39142055808081], [-3.109620768464449, 53.391600295719556]], [[-3.116818232633023, 53.39081404356468], [-3.115916213220086, 53.39082248010698], [-3.115911510792894, 53.39064274282869], [-3.1168135264075767, 53.39063430634131], [-3.116818232633023, 53.39081404356468]], [[-3.10147919930186, 53.39077680001718], [-3.1008778504831236, 53.39078234788142], [-3.100873211411012, 53.390602609688145], [-3.100572538192901, 53.390605382466646], [-3.1005632627305397, 53.39024590602682], [-3.100863933416474, 53.39024313328446], [-3.100868572388795, 53.39042287148916], [-3.1014699161431296, 53.3904173236972], [-3.10147919930186, 53.39077680001718]], [[-3.1162074790723633, 53.390460194157534], [-3.1156061377096176, 53.39046581617476], [-3.115601436649637, 53.39028607886668], [-3.1162027754802653, 53.390280456886074], [-3.1162074790723633, 53.390460194157534]], [[-3.1177061216712905, 53.39026638868671], [-3.1174054525343444, 53.39026920384064], [-3.1174007439286657, 53.39008946663672], [-3.1177014117995716, 53.390086651501136], [-3.1177061216712905, 53.39026638868671]], [[-3.1143987583817485, 53.390297313743645], [-3.1140980886884746, 53.39030012057033], [-3.1140933940092927, 53.390120383165076], [-3.114394062436518, 53.39011757635666], [-3.1143987583817485, 53.390297313743645]], [[-3.1140933940092927, 53.390120383165076], [-3.1134920570033757, 53.390125994510825], [-3.113482672860605, 53.38976651961001], [-3.113783338856744, 53.38976371435217], [-3.1137880321689186, 53.3899434517872], [-3.1140886993806016, 53.389940645754066], [-3.1140933940092927, 53.390120383165076]], [[-3.113177316084324, 53.389589586633576], [-3.112876651253281, 53.389592390359105], [-3.112871961840051, 53.38941265285787], [-3.1131726254050966, 53.38940984915056], [-3.113177316084324, 53.389589586633576]], [[-3.105350698644766, 53.389302761553324], [-3.10505003503882, 53.38930554556045], [-3.1050453786419343, 53.38912580757469], [-3.1053460409818907, 53.389123023585704], [-3.105350698644766, 53.389302761553324]], [[-3.105646703271753, 53.3891202388397], [-3.1053460409818907, 53.389123023585704], [-3.10534138336911, 53.388943285612356], [-3.1056420443929977, 53.38894050088451], [-3.105646703271753, 53.3891202388397]], [[-3.120374372915951, 53.38880312191234], [-3.1200737143633, 53.38880594373238], [-3.120068994769383, 53.388626206647764], [-3.120369652056109, 53.38862338484611], [-3.120374372915951, 53.38880312191234]], [[-3.10534138336911, 53.388943285612356], [-3.1050407222951275, 53.38894606958321], [-3.105036065998402, 53.38876633158602], [-3.1053367258064215, 53.38876354763328], [-3.10534138336911, 53.388943285612356]], [[-3.120068994769383, 53.388626206647764], [-3.119768337431897, 53.388629027692446], [-3.1197636191546505, 53.38844929058372], [-3.1200642752262246, 53.38844646955741], [-3.120068994769383, 53.388626206647764]], [[-3.105036065998402, 53.38876633158602], [-3.1044347462321387, 53.388771897220515], [-3.1044300925173904, 53.388592159181314], [-3.1050314097517537, 53.38858659358305], [-3.105036065998402, 53.38876633158602]], [[-3.119462963032334, 53.38845211085308], [-3.119162306859284, 53.38845493036545], [-3.1191575911645835, 53.38827519321426], [-3.1194582460717317, 53.388272373720234], [-3.119462963032334, 53.38845211085308]], [[-3.1191575911645835, 53.38827519321426], [-3.118856936206718, 53.38827801195132], [-3.11885222182862, 53.38809827477603], [-3.1182509142925676, 53.38810390994255], [-3.1182462024969224, 53.387924172724816], [-3.1191481599273305, 53.38791571889467], [-3.1191575911645835, 53.38827519321426]], [[-3.10952258217665, 53.3878258041021], [-3.1092219294007166, 53.387828598561605], [-3.1092079083959576, 53.38728938521247], [-3.1095085573743226, 53.38728659080756], [-3.10952258217665, 53.3878258041021]], [[-3.107352690530471, 53.385329018491355], [-3.107052055123974, 53.38533180739787], [-3.1070473909688765, 53.385152069413074], [-3.1073480251096894, 53.38514928052473], [-3.107352690530471, 53.385329018491355]], [[-3.1109415893572403, 53.38457654154837], [-3.11064095961635, 53.38457933946465], [-3.1106362804743752, 53.384399601675206], [-3.110936908949644, 53.384396803777165], [-3.1109415893572403, 53.38457654154837]], [[-3.1118013222511642, 53.38295050360314], [-3.1115007040514, 53.382953303625904], [-3.1114960215657836, 53.382773565839535], [-3.1117966385000524, 53.38277076583501], [-3.1118013222511642, 53.38295050360314]], [[-3.1174330328238344, 53.379841622442214], [-3.1171324370947566, 53.37984443653299], [-3.117127731425145, 53.37966469899641], [-3.117428325888969, 53.379661884923955], [-3.1174330328238344, 53.379841622442214]]]}, "properties": {"kind": "max_footprint", "threshold_pct": 4.0}}, {"type": "Feature", "geometry": {"type": "Polygon", "coordinates": [[[-3.0766443697765777, 53.40772296621817], [-3.076635290248594, 53.407363487959906], [-3.076334496440994, 53.40736620028508], [-3.0763435734341247, 53.407725678578664], [-3.0766443697765777, 53.40772296621817]]]}, "properties": {"kind": "max_footprint", "threshold_pct": 7.0}}, {"type": "Feature", "geometry": {"type": "Polygon", "coordinates": [[[-3.090767944615499, 53.4070554159023], [-3.090763345406956, 53.40687567759485], [-3.09046255644451, 53.406878425487164], [-3.0904671543856943, 53.407058163812515], [-3.090767944615499, 53.4070554159023]]]}, "properties": {"kind": "max_footprint", "threshold_pct": 7.0}}, {"type": "Feature", "geometry": {"type": "Polygon", "coordinates": [[[-3.090161767432594, 53.40688117262198], [-3.090157170808226, 53.406701434273], [-3.0898563830142005, 53.406704180632424], [-3.0898609783712216, 53.40688391899928], [-3.090161767432594, 53.40688117262198]]]}, "properties": {"kind": "max_footprint", "threshold_pct": 7.0}}, {"type": "Feature", "geometry": {"type": "Polygon", "coordinates": [[[-3.0775285844412767, 53.40699586826426], [-3.0775194976998184, 53.40663639006636], [-3.0772187091083274, 53.40663910459334], [-3.0772277933150467, 53.40699858282662], [-3.0775285844412767, 53.40699586826426]]]}, "properties": {"kind": "max_footprint", "threshold_pct": 7.0}}, {"type": "Feature", "geometry": {"type": "Polygon", "coordinates": [[[-3.074215349913143, 53.40684594749696], [-3.0742108205078904, 53.4066662082009], [-3.073910031379594, 53.40666891439544], [-3.0739145595174744, 53.40684865370911], [-3.074215349913143, 53.40684594749696]]]}, "properties": {"kind": "max_footprint", "threshold_pct": 7.0}}, {"type": "Feature", "geometry": {"type": "Polygon", "coordinates": [[[-3.0829245518044868, 53.406227921466694], [-3.0829199857931577, 53.406048182666844], [-3.082619201885609, 53.40605091077538], [-3.0826237666296263, 53.40623064959299], [-3.0829245518044868, 53.406227921466694]]]}, "properties": {"kind": "max_footprint", "threshold_pct": 7.0}}, {"type": "Feature", "geometry": {"type": "Polygon", "coordinates": [[[-3.084423904593749, 53.406034530762014], [-3.0844193322950755, 53.40585479204538], [-3.0829154198309556, 53.4058684438613], [-3.0829199857931577, 53.406048182666844], [-3.084423904593749, 53.406034530762014]]]}, "properties": {"kind": "max_footprint", "threshold_pct": 7.0}}, {"type": "Feature", "geometry": {"type": "Polygon", "coordinates": [[[-3.079634120955377, 53.40697684511767], [-3.079620464301938, 53.40643762818397], [-3.079921251234642, 53.406434907614766], [-3.0799166978474544, 53.40625516864317], [-3.0805182690312174, 53.40624972526773], [-3.0805228249530643, 53.40642946420386], [-3.0814251851630274, 53.40642129340637], [-3.0814206254391983, 53.40624155452345], [-3.081721410810427, 53.40623882942705], [-3.0817168498683425, 53.40605909055618], [-3.081115281611453, 53.40606453995596], [-3.0811107232530386, 53.40588480104387], [-3.0808099403183227, 53.405887524589815], [-3.080814497409435, 53.406067263519645], [-3.0802129288583244, 53.406072708374595], [-3.0802083743018134, 53.40589296940928], [-3.079907591220047, 53.40589569068281], [-3.0798984847885973, 53.40553621269959], [-3.079296923547248, 53.40554165290336], [-3.079310575664168, 53.406080869975916], [-3.0790097911681733, 53.40608358899473], [-3.0790052416808766, 53.405903849958555], [-3.0781028917011737, 53.40591200241702], [-3.0780983460647042, 53.40573226332202], [-3.0777975639075987, 53.405734979275536], [-3.077793019587315, 53.405555240157135], [-3.0768906766245427, 53.40556338341982], [-3.076895217142982, 53.405743122591275], [-3.0771959994467233, 53.40574040891016], [-3.077200541281311, 53.40592014805822], [-3.077501324803484, 53.40591743360198], [-3.0775058679542457, 53.40609717272663], [-3.077806652694846, 53.40609445749522], [-3.0778157416776697, 53.406453935692035], [-3.078116528904033, 53.40645121966775], [-3.0781210747361363, 53.40663095873988], [-3.0790234399237573, 53.40662280606899], [-3.079027989606851, 53.40680254508232], [-3.0793287791722013, 53.40679982599265], [-3.0793333301716195, 53.40697956498256], [-3.079634120955377, 53.40697684511767]]]}, "properties": {"kind": "max_footprint", "threshold_pct": 7.0}}, {"type": "Feature", "geometry": {"type": "Polygon", "coordinates": [[[-3.0847201146403758, 53.4058520594098], [-3.0847109676560662, 53.40549258199499], [-3.0844101878453105, 53.405495314595], [-3.0844193322950755, 53.40585479204538], [-3.0847201146403758, 53.4058520594098]]]}, "properties": {"kind": "max_footprint", "threshold_pct": 7.0}}, {"type": "Feature", "geometry": {"type": "Polygon", "coordinates": [[[-3.0783854877551273, 53.40519032934482], [-3.0783809410470377, 53.40501059024464], [-3.078080164007875, 53.40501330688486], [-3.0780847094487265, 53.40519304600273], [-3.0783854877551273, 53.40519032934482]]]}, "properties": {"kind": "max_footprint", "threshold_pct": 7.0}}, {"type": "Feature", "geometry": {"type": "Polygon", "coordinates": [[[-3.0808099403183227, 53.405887524589815], [-3.080805383276238, 53.40570778565426], [-3.0811061649436673, 53.405705062126046], [-3.0810970484720523, 53.40534558427327], [-3.0807962693391553, 53.40534830776599], [-3.0807917124441544, 53.40516856881328], [-3.0804909345294784, 53.40517129153082], [-3.0804818234210107, 53.40481181357277], [-3.079880272513537, 53.40481725666456], [-3.079884825508823, 53.40499699568189], [-3.0795840487143824, 53.40499971610935], [-3.0795931523174276, 53.405359194162294], [-3.0801947109262904, 53.405353752479044], [-3.0802038197943045, 53.40571323043825], [-3.080504601559779, 53.405710508424995], [-3.080509157334575, 53.405890247378274], [-3.0808099403183227, 53.405887524589815]]]}, "properties": {"kind": "max_footprint", "threshold_pct": 7.0}}, {"type": "Feature", "geometry": {"type": "Polygon", "coordinates": [[[-3.0825918144528286, 53.404972477749695], [-3.0825872500525806, 53.40479273889209], [-3.082286474966712, 53.40479546611879], [-3.0822819118827725, 53.40461572723769], [-3.081680364098171, 53.40462117938328], [-3.081689485246308, 53.40498065721079], [-3.0825918144528286, 53.404972477749695]]]}, "properties": {"kind": "max_footprint", "threshold_pct": 7.0}}, {"type": "Feature", "geometry": {"type": "Polygon", "coordinates": [[[-3.0886073311837645, 53.404917773796925], [-3.0885981517443404, 53.40455829678861], [-3.08829737891039, 53.404561039146245], [-3.08829279053192, 53.404381300615626], [-3.087992018915776, 53.40438404219796], [-3.087987431853833, 53.40420430364379], [-3.087385891007831, 53.404209784500466], [-3.0873721377209042, 53.40367056869652], [-3.086770604280428, 53.403676046416464], [-3.0867751861258363, 53.403855785059164], [-3.0849705770190456, 53.403872200148136], [-3.0849660027763868, 53.403692461398485], [-3.0846652356867277, 53.4036951945779], [-3.084660662760395, 53.403515455804744], [-3.084359896888652, 53.40351818820893], [-3.084364468547868, 53.40369792699989], [-3.0831613995007223, 53.40370884911379], [-3.083165966140603, 53.40388858797017], [-3.082865197488826, 53.40389131662289], [-3.0828606321160765, 53.40371157774874], [-3.0822590971994503, 53.40371703274639], [-3.082263660037933, 53.403896771656086], [-3.0819628912388457, 53.403899498036566], [-3.08196745285927, 53.4040792369583], [-3.082268222925507, 53.40407651056007], [-3.08227278586217, 53.404256249458314], [-3.082573557146475, 53.404253522284904], [-3.0825781213994046, 53.40443326115969], [-3.083179666355034, 53.404427804505026], [-3.0831705328296164, 53.40406832682085], [-3.0840728422915418, 53.40406013626484], [-3.084081983419949, 53.404419613842315], [-3.084382755676589, 53.40441688210654], [-3.08437818382063, 53.40423714333847], [-3.0849797256519995, 53.40423167763026], [-3.0849843000422976, 53.404411416362734], [-3.0852850721513363, 53.40440868235467], [-3.0852804964938696, 53.40422894364], [-3.0864835793689416, 53.40421800010479], [-3.0864881600950715, 53.404397738748195], [-3.087390475535452, 53.40438952309034], [-3.0873950601123967, 53.40456926167449], [-3.087695833094403, 53.40456652158916], [-3.087705004930658, 53.40492599870462], [-3.0886073311837645, 53.404917773796925]]]}, "properties": {"kind": "max_footprint", "threshold_pct": 7.0}}, {"type": "Feature", "geometry": {"type": "Polygon", "coordinates": [[[-3.0804772679402945, 53.40463207458519], [-3.0804727125085893, 53.40445233559188], [-3.0807734853544173, 53.404449612945285], [-3.0807598155518674, 53.403910395984276], [-3.0810605845471786, 53.40390767263348], [-3.0810651423661564, 53.40408741160846], [-3.0813659125795825, 53.40408468748251], [-3.081361353493454, 53.403904948525266], [-3.081662122390681, 53.40390222365961], [-3.081657562086468, 53.403722484714415], [-3.0813567944563762, 53.4037252095623], [-3.0813522354683456, 53.403545470593635], [-3.080750702595277, 53.40355091798169], [-3.0807461461905143, 53.40337117897183], [-3.080445380947552, 53.40337390151201], [-3.080440825858905, 53.40319416247869], [-3.0801400618340358, 53.40319688424374], [-3.080149169526128, 53.40355636234012], [-3.0795476362610064, 53.40356180366892], [-3.0795658420959446, 53.40428075993486], [-3.0798666138215802, 53.40427803957827], [-3.0798711666699163, 53.404457778612766], [-3.0801719396137512, 53.40445505748104], [-3.0801764937782634, 53.40463479649208], [-3.0804772679402945, 53.40463207458519]]]}, "properties": {"kind": "max_footprint", "threshold_pct": 7.0}}, {"type": "Feature", "geometry": {"type": "Polygon", "coordinates": [[[-3.089167553041665, 53.40329464034202], [-3.0891629612075, 53.40311490182499], [-3.0888621986093163, 53.403117645554495], [-3.0888667891764046, 53.403297384089385], [-3.089167553041665, 53.40329464034202]]]}, "properties": {"kind": "max_footprint", "threshold_pct": 7.0}}, {"type": "Feature", "geometry": {"type": "Polygon", "coordinates": [[[-3.0912728987144984, 53.403275412903405], [-3.091263697356629, 53.40291593611408], [-3.0906621753370724, 53.402921433383334], [-3.090657577266471, 53.4027416949443], [-3.0903568174495297, 53.40274444242495], [-3.0903522206954275, 53.40256470396227], [-3.0900514620960675, 53.402567450667675], [-3.0900652487055957, 53.40310666609216], [-3.0906667734571416, 53.40310117181666], [-3.0906713716266823, 53.40328091024427], [-3.0912728987144984, 53.403275412903405]]]}, "properties": {"kind": "max_footprint", "threshold_pct": 7.0}}, {"type": "Feature", "geometry": {"type": "Polygon", "coordinates": [[[-3.0861370168440643, 53.402423350198006], [-3.0861324379270125, 53.40224361147387], [-3.0858316811707898, 53.402246347540334], [-3.0858362588208252, 53.40242608628229], [-3.0861370168440643, 53.402423350198006]]]}, "properties": {"kind": "max_footprint", "threshold_pct": 7.0}}, {"type": "Feature", "geometry": {"type": "Polygon", "coordinates": [[[-3.0918468069202136, 53.40219148231132], [-3.0918422039795166, 53.40201174392104], [-3.091541449428563, 53.40201449435955], [-3.091546051102271, 53.40219423276775], [-3.0918468069202136, 53.40219148231132]]]}, "properties": {"kind": "max_footprint", "threshold_pct": 7.0}}, {"type": "Feature", "geometry": {"type": "Polygon", "coordinates": [[[-3.0858316811707898, 53.402246347540334], [-3.0858271035700016, 53.40206660879267], [-3.085526348031535, 53.40206934408396], [-3.08553092436532, 53.402249082849444], [-3.0858316811707898, 53.402246347540334]]]}, "properties": {"kind": "max_footprint", "threshold_pct": 7.0}}, {"type": "Feature", "geometry": {"type": "Polygon", "coordinates": [[[-3.089130819751516, 53.40185673204556], [-3.0891262283125354, 53.40167699348277], [-3.088825475850475, 53.40167973706928], [-3.0888300660224894, 53.40185947564997], [-3.089130819751516, 53.40185673204556]]]}, "properties": {"kind": "max_footprint", "threshold_pct": 7.0}}, {"type": "Feature", "geometry": {"type": "Polygon", "coordinates": [[[-3.0903476239907772, 53.402384965493894], [-3.09034302733558, 53.40220522701979], [-3.0909445393178823, 53.4021997314085], [-3.090939940178154, 53.40201999296447], [-3.091541449428563, 53.40201449435955], [-3.09153684780436, 53.40183475594561], [-3.090935341087903, 53.40184025451471], [-3.0909307420471293, 53.401660516059245], [-3.090329237666692, 53.40166601156316], [-3.0903246412092957, 53.40148627306617], [-3.089723139164964, 53.40149176550491], [-3.089732327061373, 53.4018512425647], [-3.089130819751516, 53.40185673204556], [-3.089135411239894, 53.402036470602646], [-3.0894361661865077, 53.402033726223024], [-3.089440758991275, 53.40221346475649], [-3.0900422712702444, 53.4022079736894], [-3.0900468666584366, 53.402387712181394], [-3.0903476239907772, 53.402384965493894]]]}, "properties": {"kind": "max_footprint", "threshold_pct": 7.0}}, {"type": "Feature", "geometry": {"type": "Polygon", "coordinates": [[[-3.084646944276582, 53.40297623945095], [-3.0846423715470355, 53.40279650065493], [-3.085544653662077, 53.40278829911158], [-3.0855355007483376, 53.402428821609206], [-3.085234742626616, 53.40243155617873], [-3.0852301675106157, 53.40225181740115], [-3.084929410606692, 53.40225455119551], [-3.084924836806915, 53.40207481239441], [-3.085526348031535, 53.40206934408396], [-3.085517195511662, 53.401709866535825], [-3.0849156893549767, 53.401715334775055], [-3.0849202630563433, 53.4018950735876], [-3.0840179996513837, 53.401903270319664], [-3.0840134297509527, 53.40172353145374], [-3.0837126764512686, 53.40172626216525], [-3.0837081078669666, 53.40154652327581], [-3.0828058514739696, 53.40155471081289], [-3.082824110902219, 53.402273666549654], [-3.0831248681503, 53.40227093805689], [-3.0831294343971587, 53.402450676959006], [-3.083430192863137, 53.402447947691094], [-3.0834347604261585, 53.40262768656974], [-3.0828332409110044, 53.402633144383735], [-3.0828286758820562, 53.40245340546956], [-3.0819264000421316, 53.402461586456894], [-3.0819309612699666, 53.402641325424376], [-3.082231721199402, 53.40263859916821], [-3.0822362837433603, 53.40281833811219], [-3.0825370448907625, 53.40281561108089], [-3.082541608750871, 53.402995350001405], [-3.084646944276582, 53.40297623945095]]]}, "properties": {"kind": "max_footprint", "threshold_pct": 7.0}}, {"type": "Feature", "geometry": {"type": "Polygon", "coordinates": [[[-3.088825475850475, 53.40167973706928], [-3.0888208857278436, 53.401499998482905], [-3.0885201344833577, 53.40150274129421], [-3.0885247233390354, 53.401682479898476], [-3.088825475850475, 53.40167973706928]]]}, "properties": {"kind": "max_footprint", "threshold_pct": 7.0}}, {"type": "Feature", "geometry": {"type": "Polygon", "coordinates": [[[-3.084314183001476, 53.401720799984865], [-3.084309611883243, 53.401541061131006], [-3.084008859899686, 53.40154379258209], [-3.0840134297509527, 53.40172353145374], [-3.084314183001476, 53.401720799984865]]]}, "properties": {"kind": "max_footprint", "threshold_pct": 7.0}}, {"type": "Feature", "geometry": {"type": "Polygon", "coordinates": [[[-3.102053891405372, 53.401378565016365], [-3.102049245587412, 53.40119882721521], [-3.101748497795458, 53.40120160333141], [-3.1017531423465083, 53.401381341150646], [-3.102053891405372, 53.401378565016365]]]}, "properties": {"kind": "max_footprint", "threshold_pct": 7.0}}, {"type": "Feature", "geometry": {"type": "Polygon", "coordinates": [[[-3.0888621986093163, 53.403117645554495], [-3.088853017623299, 53.40275816846751], [-3.089153777687371, 53.40275542477375], [-3.0891491860014035, 53.40257568623956], [-3.089449944749041, 53.402572941806305], [-3.0894453518454523, 53.402393203284255], [-3.089144594364837, 53.40239594769964], [-3.089140002777668, 53.402216209154005], [-3.088237733840518, 53.4022244378023], [-3.088223970778226, 53.40168522197028], [-3.0879232181680636, 53.40168796328474], [-3.0879186318462977, 53.40150822464478], [-3.087016377520697, 53.40151644399055], [-3.087011795049105, 53.401336705291314], [-3.0864102944527465, 53.40134218103275], [-3.086396554935263, 53.400802964793755], [-3.0872987943535946, 53.4007947502061], [-3.0873033779442003, 53.40097448890465], [-3.0885063682125224, 53.400963525447125], [-3.088515545677046, 53.40132300268424], [-3.0888162956545897, 53.40132025989078], [-3.088811705630718, 53.40114052129296], [-3.0891124542919566, 53.40113777776005], [-3.089103271858533, 53.400778300582964], [-3.0888025257311096, 53.40078104408013], [-3.0887979358553714, 53.40060130546515], [-3.088196445986178, 53.400606790151784], [-3.0881918586935635, 53.40042705149535], [-3.0875903711607204, 53.400432533117005], [-3.087585786451179, 53.40025279441914], [-3.0872850438776305, 53.40025553407614], [-3.087275877140192, 53.39989605662757], [-3.0866743969125596, 53.39990153359828], [-3.0866698161514456, 53.39972179482975], [-3.0860683382603473, 53.3997272687356], [-3.086077494764532, 53.40008674633826], [-3.0845737865068044, 53.40010041802823], [-3.0845783584985065, 53.400280156910036], [-3.084879101515329, 53.400277424068875], [-3.084883674823083, 53.400457162927154], [-3.085485163242856, 53.40045169493724], [-3.0855034671010864, 53.40117065017075], [-3.0852027178481993, 53.40117338461561], [-3.0852072926688927, 53.401353123427505], [-3.085808793659307, 53.40134765374482], [-3.0858133710631135, 53.401527392515355], [-3.08611412275141, 53.401524656520195], [-3.0861187014714226, 53.40170439526719], [-3.0864194543774217, 53.40170165849682], [-3.0864240344136675, 53.401881397220286], [-3.086724788537367, 53.401878659674736], [-3.0867293698898726, 53.402058398374656], [-3.0870301252312737, 53.402055660053925], [-3.087043873385556, 53.402594876065805], [-3.087344632478695, 53.402592136934196], [-3.087349216562434, 53.40277187557556], [-3.0879507371348276, 53.402766395004484], [-3.0879553238019892, 53.40294613360441], [-3.0882560852812286, 53.40294339216494], [-3.0882606732648012, 53.403123130741314], [-3.0888621986093163, 53.403117645554495]]]}, "properties": {"kind": "max_footprint", "threshold_pct": 7.0}}, {"type": "Feature", "geometry": {"type": "Polygon", "coordinates": [[[-3.0972048974899704, 53.39998498740535], [-3.097195647241226, 53.399625511128285], [-3.0959926981904875, 53.39963656193204], [-3.0959973182227833, 53.39981630014542], [-3.0968995338858356, 53.39980801312455], [-3.0969041577682725, 53.399987751278225], [-3.0972048974899704, 53.39998498740535]]]}, "properties": {"kind": "max_footprint", "threshold_pct": 7.0}}, {"type": "Feature", "geometry": {"type": "Polygon", "coordinates": [[[-3.094498238205107, 53.40000983499844], [-3.094493624457194, 53.39983009670095], [-3.0950951021124222, 53.39982458035061], [-3.095090485880533, 53.399644842083305], [-3.0941882731236467, 53.39965311541896], [-3.094183660741789, 53.39947337709203], [-3.093582187856003, 53.39947888882678], [-3.093572968308229, 53.39911941208396], [-3.0932722343244903, 53.39912216677953], [-3.093267625891739, 53.39894242838158], [-3.0926661603090553, 53.398947935464975], [-3.0926753721570877, 53.39930741232687], [-3.0929761075067312, 53.39930465912792], [-3.092980714771853, 53.39948439753236], [-3.0932814513387163, 53.399481643558225], [-3.0932906685512496, 53.39984112031401], [-3.0935914076021374, 53.39983836554669], [-3.0935960175495922, 53.400018103898056], [-3.094498238205107, 53.40000983499844]]]}, "properties": {"kind": "max_footprint", "threshold_pct": 7.0}}, {"type": "Feature", "geometry": {"type": "Polygon", "coordinates": [[[-3.09423439967135, 53.401450498373386], [-3.094225173964828, 53.40109102182827], [-3.0945259217349155, 53.40108826466336], [-3.0945213076891904, 53.40090852640018], [-3.0942205611860025, 53.400911283547146], [-3.094215948456801, 53.400731545260285], [-3.093915203170879, 53.40073430163198], [-3.0939105917581733, 53.40055456332143], [-3.0936098476895157, 53.40055731891785], [-3.0936052375932817, 53.40037758058365], [-3.0930037518409197, 53.40038308946865], [-3.09300835940343, 53.40056282783873], [-3.092707615186029, 53.40056558116318], [-3.0927030088903815, 53.400385842775165], [-3.0924022658902905, 53.40038859532438], [-3.092397660911046, 53.400208856912705], [-3.091796177295962, 53.40021435970336], [-3.0917915748999327, 53.400034621250114], [-3.091490834284955, 53.40003737149157], [-3.0914862332052615, 53.39985763301469], [-3.091185493807612, 53.39986038248093], [-3.0911762943303254, 53.39950090547419], [-3.0908755574168065, 53.399503654147324], [-3.0908709590191705, 53.39932391561748], [-3.0911716946659036, 53.39932116696225], [-3.0911670950509644, 53.39914142844458], [-3.0905656262415753, 53.39914692496195], [-3.0905610292096326, 53.39896718640276], [-3.0902602959975116, 53.398969933507615], [-3.090255700281769, 53.398790194924814], [-3.089954968286956, 53.39879294125451], [-3.089950373887383, 53.3986132026481], [-3.0893489122829694, 53.39861869299992], [-3.089353504149073, 53.39879843164208], [-3.0890527720060295, 53.398801175699994], [-3.089057362654781, 53.39898091435431], [-3.088756629195604, 53.39898365767279], [-3.0887658081077185, 53.399343135000024], [-3.0893672800437684, 53.3993376475343], [-3.0893810563830555, 53.39987686337503], [-3.0899825357223243, 53.39987137277285], [-3.0899871304678825, 53.40005111133922], [-3.0902878713302093, 53.4000483648843], [-3.0902924673920382, 53.400228103427054], [-3.090593209471764, 53.40022535619693], [-3.0905978068498903, 53.40040509471607], [-3.090898550147015, 53.40040234671076], [-3.090907747585395, 53.40076182369608], [-3.0912084933667945, 53.40075907489761], [-3.0912130934270885, 53.400938813363794], [-3.0915138404258973, 53.40093606379011], [-3.0915184418025854, 53.401115802232646], [-3.0936236782757924, 53.40109653388615], [-3.093632898914627, 53.40145601050305], [-3.09423439967135, 53.401450498373386]]]}, "properties": {"kind": "max_footprint", "threshold_pct": 7.0}}, {"type": "Feature", "geometry": {"type": "Polygon", "coordinates": [[[-3.0920739013091656, 53.399312916452864], [-3.092069297893913, 53.39913317798895], [-3.0917685636624337, 53.3991359288981], [-3.0917593595139885, 53.39877645191724], [-3.0923608228604316, 53.398770949413326], [-3.092351613843125, 53.39841147248125], [-3.092050884728106, 53.39841422407601], [-3.0920416784423135, 53.3980547470852], [-3.0917409518111665, 53.39805749788684], [-3.0917363500092203, 53.39787775936496], [-3.091435624595246, 53.397880509391435], [-3.091431024109464, 53.39770077084591], [-3.09082957566639, 53.397706268591364], [-3.0908249777633947, 53.397526530004285], [-3.09052425473431, 53.39752927772324], [-3.0905196581474104, 53.397349539112554], [-3.090218936335516, 53.3973522860564], [-3.0902143410646867, 53.397172547422095], [-3.089913620469985, 53.39717529359082], [-3.089922808527815, 53.39753477088945], [-3.090223531655779, 53.39753202468497], [-3.0902281270254726, 53.39771176330782], [-3.0905288513706544, 53.39770901632821], [-3.0905334480564473, 53.39788875492744], [-3.0890298195030077, 53.39790248234254], [-3.0890252291505456, 53.39772274365388], [-3.087822330485554, 53.397733711884044], [-3.0878315011064505, 53.39809318939853], [-3.0875307737835014, 53.398095929598654], [-3.087544526284656, 53.39863514588098], [-3.0878452574077406, 53.39863240562732], [-3.0878544285219056, 53.39899188308458], [-3.0884558956870576, 53.398986400234], [-3.088446719505912, 53.39862692284815], [-3.0887474504809718, 53.3986241803227], [-3.0887428611977077, 53.39844444163905], [-3.089043590856676, 53.398441698374164], [-3.089039000356073, 53.39826195970268], [-3.0893397286989512, 53.39825921569841], [-3.0893351369810333, 53.39807947703908], [-3.089936590985203, 53.39807398679453], [-3.0899411852365066, 53.398253725418115], [-3.09024191343116, 53.39825097914205], [-3.090251104615462, 53.398610456336264], [-3.091153296503021, 53.39860221285724], [-3.0911624954855035, 53.39896168992119], [-3.0914632285492276, 53.39895894054452], [-3.0914724302631558, 53.39931841754974], [-3.0920739013091656, 53.399312916452864]], [[-3.0917593595139885, 53.39877645191724], [-3.0914586277665017, 53.39877920203328], [-3.0914540270332695, 53.39859946351638], [-3.0917547575140265, 53.398596713418236], [-3.0917593595139885, 53.39877645191724]]]}, "properties": {"kind": "max_footprint", "threshold_pct": 7.0}}, {"type": "Feature", "geometry": {"type": "Polygon", "coordinates": [[[-3.1016463303123056, 53.397247369859436], [-3.101641686910277, 53.3970676319085], [-3.101340968203539, 53.397070406851626], [-3.10134561033897, 53.39725014482065], [-3.1016463303123056, 53.397247369859436]]]}, "properties": {"kind": "max_footprint", "threshold_pct": 7.0}}, {"type": "Feature", "geometry": {"type": "Polygon", "coordinates": [[[-3.1022431241738926, 53.39706207975057], [-3.102238478288648, 53.396882341830064], [-3.101937760948404, 53.396885118269545], [-3.101933116379702, 53.39670538032522], [-3.1016324002560656, 53.39670815598941], [-3.1016277570038793, 53.396528418021276], [-3.1010263271398903, 53.39653396704189], [-3.1010309678589616, 53.39671370504615], [-3.101331684082481, 53.3967109308964], [-3.1013363261180436, 53.39689066887687], [-3.1016370435581972, 53.39688789395181], [-3.101641686910277, 53.3970676319085], [-3.1022431241738926, 53.39706207975057]]]}, "properties": {"kind": "max_footprint", "threshold_pct": 7.0}}, {"type": "Feature", "geometry": {"type": "Polygon", "coordinates": [[[-3.1073459980486544, 53.39665528888786], [-3.107341330732036, 53.396475551264075], [-3.1070406167763216, 53.39647834053975], [-3.1070452828263972, 53.39665807818173], [-3.1073459980486544, 53.39665528888786]]]}, "properties": {"kind": "max_footprint", "threshold_pct": 7.0}}, {"type": "Feature", "geometry": {"type": "Polygon", "coordinates": [[[-3.09441519833589, 53.3967745447675], [-3.0944105854812576, 53.39659480636698], [-3.093809153228327, 53.39660031904175], [-3.0938137635498126, 53.39678005747818], [-3.09441519833589, 53.3967745447675]]]}, "properties": {"kind": "max_footprint", "threshold_pct": 7.0}}, {"type": "Feature", "geometry": {"type": "Polygon", "coordinates": [[[-3.1070406167763216, 53.39647834053975], [-3.107031284826744, 53.39611886523863], [-3.1067305733538846, 53.3961216537208], [-3.1067259087208856, 53.39594191604349], [-3.106425198464352, 53.39594470375032], [-3.1064205351480174, 53.395764966049114], [-3.106119826107812, 53.39576775298058], [-3.1061291502576496, 53.39612722841357], [-3.106429861830849, 53.39612444144578], [-3.1064345252475083, 53.396304179135505], [-3.106735238037062, 53.396301391392385], [-3.1067399027704155, 53.39648112905823], [-3.1070406167763216, 53.39647834053975]]]}, "properties": {"kind": "max_footprint", "threshold_pct": 7.0}}, {"type": "Feature", "geometry": {"type": "Polygon", "coordinates": [[[-3.0916857334548062, 53.39590063524638], [-3.091681132246841, 53.39572089665583], [-3.09138042203191, 53.39572364646739], [-3.0913850219733625, 53.395903385075854], [-3.0916857334548062, 53.39590063524638]]]}, "properties": {"kind": "max_footprint", "threshold_pct": 7.0}}, {"type": "Feature", "geometry": {"type": "Polygon", "coordinates": [[[-3.1109124359733293, 53.39500412144506], [-3.1109077539115493, 53.39482438398808], [-3.1106070519573903, 53.39482718218608], [-3.110611732752758, 53.39500691966127], [-3.1109124359733293, 53.39500412144506]]]}, "properties": {"kind": "max_footprint", "threshold_pct": 7.0}}, {"type": "Feature", "geometry": {"type": "Polygon", "coordinates": [[[-3.109103541431637, 53.394841161818746], [-3.1090988670186155, 53.394661424246756], [-3.1087981660289716, 53.394664217883644], [-3.1087934929326186, 53.39448448028772], [-3.1081920933353255, 53.39449006525371], [-3.108201434512711, 53.39484954051258], [-3.109103541431637, 53.394841161818746]]]}, "properties": {"kind": "max_footprint", "threshold_pct": 7.0}}, {"type": "Feature", "geometry": {"type": "Polygon", "coordinates": [[[-3.1102969910459737, 53.394470504622824], [-3.1102923116680197, 53.3942907671122], [-3.110893708028379, 53.39428517158269], [-3.110889026168044, 53.39410543410278], [-3.1096862383114234, 53.39411662206035], [-3.1096909151063272, 53.39429635961314], [-3.1099916134123338, 53.39429356374125], [-3.1099962915239145, 53.39447330127009], [-3.1102969910459737, 53.394470504622824]]]}, "properties": {"kind": "max_footprint", "threshold_pct": 7.0}}, {"type": "Feature", "geometry": {"type": "Polygon", "coordinates": [[[-3.1096862383114234, 53.39411662206035], [-3.1096815615668256, 53.39393688450185], [-3.1093808657432196, 53.39393967958021], [-3.109385541221473, 53.39411941715695], [-3.1096862383114234, 53.39411662206035]]]}, "properties": {"kind": "max_footprint", "threshold_pct": 7.0}}, {"type": "Feature", "geometry": {"type": "Polygon", "coordinates": [[[-3.103972985015753, 53.39416959942574], [-3.1039683323318554, 53.393989861522186], [-3.1030662418513866, 53.39399820132963], [-3.1030708907362023, 53.394177939287516], [-3.103972985015753, 53.39416959942574]]]}, "properties": {"kind": "max_footprint", "threshold_pct": 7.0}}, {"type": "Feature", "geometry": {"type": "Polygon", "coordinates": [[[-3.1093808657432196, 53.39393967958021], [-3.109376190315258, 53.39375994199776], [-3.1090754957076965, 53.393762736300786], [-3.109080169869324, 53.39394247390145], [-3.1093808657432196, 53.39393967958021]]]}, "properties": {"kind": "max_footprint", "threshold_pct": 7.0}}, {"type": "Feature", "geometry": {"type": "Polygon", "coordinates": [[[-3.1156437480097767, 53.39190371443296], [-3.115639046545277, 53.39172397717077], [-3.1150376872546826, 53.39172959641606], [-3.1150423861868464, 53.39190933371484], [-3.1156437480097767, 53.39190371443296]]]}, "properties": {"kind": "max_footprint", "threshold_pct": 7.0}}, {"type": "Feature", "geometry": {"type": "Polygon", "coordinates": [[[-3.1017938025472733, 53.39131323933229], [-3.1017891595270273, 53.39113350121041], [-3.1011878057436157, 53.39113905066102], [-3.1011924462315674, 53.391318788819035], [-3.1017938025472733, 53.39131323933229]]]}, "properties": {"kind": "max_footprint", "threshold_pct": 7.0}}, {"type": "Feature", "geometry": {"type": "Polygon", "coordinates": [[[-3.1008778504831236, 53.39078234788142], [-3.100873211411012, 53.390602609688145], [-3.100572538192901, 53.390605382466646], [-3.100577175998904, 53.390785120677975], [-3.1008778504831236, 53.39078234788142]]]}, "properties": {"kind": "max_footprint", "threshold_pct": 7.0}}, {"type": "Feature", "geometry": {"type": "Polygon", "coordinates": [[[-3.1050546914857886, 53.38948528354049], [-3.10505003503882, 53.38930554556045], [-3.1044487076767004, 53.389311111303684], [-3.1044533615916614, 53.38949084931997], [-3.1050546914857886, 53.38948528354049]]]}, "properties": {"kind": "max_footprint", "threshold_pct": 7.0}}, {"type": "Feature", "geometry": {"type": "Polygon", "coordinates": [[[-3.1050453786419343, 53.38912580757469], [-3.1050407222951275, 53.38894606958321], [-3.10443939999694, 53.388951635253974], [-3.1044440538117937, 53.389131373281685], [-3.1050453786419343, 53.38912580757469]]]}, "properties": {"kind": "max_footprint", "threshold_pct": 7.0}}, {"type": "Feature", "geometry": {"type": "Polygon", "coordinates": [[[-3.1044347462321387, 53.388771897220515], [-3.1044300925173904, 53.388592159181314], [-3.1041294338251237, 53.388594940844975], [-3.1041340862739233, 53.38877467890227], [-3.1044347462321387, 53.388771897220515]]]}, "properties": {"kind": "max_footprint", "threshold_pct": 7.0}}, {"type": "Feature", "geometry": {"type": "Polygon", "coordinates": [[[-3.105632726785806, 53.38858102495689], [-3.1056280680573676, 53.388401286984504], [-3.1053274108313214, 53.38840407165793], [-3.1053320682938255, 53.388583809648466], [-3.105632726785806, 53.38858102495689]]]}, "properties": {"kind": "max_footprint", "threshold_pct": 7.0}}, {"type": "Feature", "geometry": {"type": "Polygon", "coordinates": [[[-3.1212621744488094, 53.38825544085993], [-3.1212574499436343, 53.38807570383164], [-3.120656143219478, 53.38808135110948], [-3.120660865192886, 53.38826108817454], [-3.1212621744488094, 53.38825544085993]]]}, "properties": {"kind": "max_footprint", "threshold_pct": 7.0}}, {"type": "Feature", "geometry": {"type": "Polygon", "coordinates": [[[-3.110960311490977, 53.38529549257595], [-3.1109556308820387, 53.38511575482765], [-3.110654997344202, 53.385118552798595], [-3.1106596766874657, 53.385298290565125], [-3.110960311490977, 53.38529549257595]]]}, "properties": {"kind": "max_footprint", "threshold_pct": 7.0}}, {"type": "Feature", "geometry": {"type": "Polygon", "coordinates": [[[-3.1215893993728914, 53.377825035526136], [-3.1215846752833865, 53.37764529820184], [-3.12128409544615, 53.37764812266612], [-3.121288818270563, 53.3778278600088], [-3.1215893993728914, 53.377825035526136]]]}, "properties": {"kind": "max_footprint", "threshold_pct": 7.0}}, {"type": "Feature", "geometry": {"type": "Polygon", "coordinates": [[[-3.120316294549487, 53.3751402673468], [-3.120311576281404, 53.3749605298629], [-3.119409892932782, 53.37496899107917], [-3.1194146074061915, 53.37514872861818], [-3.120316294549487, 53.3751402673468]]]}, "properties": {"kind": "max_footprint", "threshold_pct": 7.0}}, {"type": "Feature", "geometry": {"type": "Polygon", "coordinates": [[[-3.124185723955569, 53.37366562503335], [-3.124176255397752, 53.3733061504465], [-3.123875706376138, 53.37330898127836], [-3.1238709734383256, 53.373129243957884], [-3.1232698777719428, 53.37313490331508], [-3.1232651474144832, 53.37295516595206], [-3.122664054074131, 53.37296082224625], [-3.122659326296972, 53.37278108484061], [-3.1223587808152637, 53.37278391183449], [-3.122354054353643, 53.372604174404714], [-3.1220535100858275, 53.37260700062365], [-3.122067685828971, 53.373146212950935], [-3.1223682338909553, 53.37314338667681], [-3.1223729605050274, 53.373323124089346], [-3.122974059006025, 53.373317469234614], [-3.1229787882004425, 53.373497206604604], [-3.1238804393648367, 53.37348871859307], [-3.123885172404423, 53.37366845590206], [-3.124185723955569, 53.37366562503335]]]}, "properties": {"kind": "max_footprint", "threshold_pct": 7.0}}, {"type": "Feature", "geometry": {"type": "Polygon", "coordinates": [[[-3.095983458274995, 53.39927708548811], [-3.0959788383917983, 53.39909734725758], [-3.0974825055792876, 53.39908353212961], [-3.097477879412063, 53.3989037939833], [-3.098079343405309, 53.398898262667224], [-3.0980700861532675, 53.39853878642955], [-3.097167897689081, 53.39854708215968], [-3.0971632729378524, 53.398367343978215], [-3.0968625446169757, 53.39837010768909], [-3.0968671681015, 53.398549845888546], [-3.095964979040391, 53.39855813253159], [-3.095969598774497, 53.398737870779286], [-3.09476667426379, 53.39874890910691], [-3.0947620595965684, 53.39856917078731], [-3.094461329611475, 53.398571928458075], [-3.09445210295936, 53.398212451765744], [-3.094752830411048, 53.398209694130884], [-3.0947482158927477, 53.398029955794094], [-3.0944474897077408, 53.39803271341099], [-3.094442876505749, 53.39785297505052], [-3.0941421515377856, 53.397855731892214], [-3.094137539652073, 53.39767599350807], [-3.094738987005065, 53.39767047910335], [-3.094743601424086, 53.397850217451584], [-3.0950443262927863, 53.397847459095416], [-3.0950489420281158, 53.398027197419964], [-3.0962518460729207, 53.39801615635094], [-3.096242604518645, 53.39765667983996], [-3.097144774430433, 53.3976483911951], [-3.0971493989826655, 53.39782812939946], [-3.098352296568453, 53.39781706719963], [-3.0983569262370763, 53.3979968053262], [-3.09895837726453, 53.397991269646795], [-3.0989630095163005, 53.39817100773161], [-3.0998651894837357, 53.398162698479055], [-3.099846645575833, 53.397443746321954], [-3.1001473670653246, 53.397440975128795], [-3.100138092877372, 53.39708149905199], [-3.1004388117837687, 53.39707872713771], [-3.1004295352621787, 53.39671925107411], [-3.1007302515855235, 53.39671647843875], [-3.1007256121330093, 53.3965367404164], [-3.1010263271398903, 53.39653396704189], [-3.101021686470738, 53.396354229031886], [-3.1007209727304033, 53.396357002388335], [-3.1007163333776995, 53.39617726435455], [-3.100415620853989, 53.39618003693573], [-3.1004109828177087, 53.39600029887817], [-3.1010124052821895, 53.395994752994724], [-3.101007764762792, 53.39581501496753], [-3.101308474653661, 53.3958122409081], [-3.101303832917691, 53.395632502893264], [-3.1025066669157813, 53.395621399156035], [-3.1025113137177005, 53.395801137098545], [-3.1028120233587813, 53.39579835925319], [-3.1028073752903773, 53.39561862132876], [-3.1034087918895654, 53.39561306340275], [-3.1034134424909388, 53.39579280129097], [-3.103714151981985, 53.39579002117409], [-3.1037048482963114, 53.395430545428134], [-3.104005555204368, 53.395427764590295], [-3.104000902170132, 53.39524802672682], [-3.103700196528531, 53.39525080754656], [-3.103695544810787, 53.395071069659245], [-3.103394840385591, 53.3950738497037], [-3.10338088933182, 53.39453463595311], [-3.103681589957771, 53.39453185596297], [-3.1036769384401675, 53.39435211805275], [-3.1030755396710235, 53.39435767723966], [-3.1030801886558503, 53.394537415186086], [-3.102779487929872, 53.394540193661925], [-3.102784135698303, 53.39471993162073], [-3.101581327228979, 53.39473103802498], [-3.1015766845261674, 53.39455129999385], [-3.101877385452035, 53.394548524546586], [-3.1018634538440946, 53.394009310473066], [-3.1021641509208773, 53.394006534322905], [-3.1021595058851155, 53.393826796305035], [-3.1024602016455836, 53.39382401941582], [-3.102455555393446, 53.39364428141029], [-3.1033576385759334, 53.393635946254214], [-3.1033483386237, 53.39327647033455], [-3.1036490303852218, 53.39327369047116], [-3.1036443792178363, 53.39309395252085], [-3.1045464504032982, 53.393085608442355], [-3.104551105369557, 53.393265346338325], [-3.105453179903263, 53.393256995391496], [-3.1054485211381375, 53.39307725754991], [-3.105749211282883, 53.3930744724049], [-3.105753871314296, 53.393254210228335], [-3.1060545626752045, 53.393251424308055], [-3.1060499013775047, 53.39307168650275], [-3.106951971360491, 53.393063324253774], [-3.1069473063141135, 53.392883586497206], [-3.107548683519365, 53.392878007915364], [-3.107544015990652, 53.39269827018941], [-3.108746764733576, 53.39268710401328], [-3.108751437327307, 53.39286684166652], [-3.109052125653679, 53.39286404821157], [-3.109056799563935, 53.393043785840874], [-3.1096581785983775, 53.39303819662329], [-3.109662855091463, 53.39321793421044], [-3.1108656176217413, 53.393206746617196], [-3.110870299230287, 53.3933864841258], [-3.1111709910032896, 53.39338368531648], [-3.1111663081284546, 53.393203947826144], [-3.111767688990763, 53.393198347972685], [-3.111758318327135, 53.39283887304774], [-3.111457630453705, 53.39284167331654], [-3.111452946463729, 53.39266193582722], [-3.111152259806164, 53.39266473532071], [-3.1111428945098067, 53.39230526028841], [-3.110842210334329, 53.39230805898835], [-3.110837529027905, 53.39212832144537], [-3.1105368460682827, 53.39213111937002], [-3.1105555665311804, 53.39285006958038], [-3.109653502155593, 53.39285845903037], [-3.1096488257631067, 53.392678721431736], [-3.109348138803544, 53.39268151638267], [-3.10933878870193, 53.3923220411318], [-3.108737419696889, 53.39232762868961], [-3.108732747253931, 53.39214789101921], [-3.1090334305153764, 53.392145097637034], [-3.109028756856476, 53.391965359979075], [-3.108728074861229, 53.39196815334305], [-3.1087093857929657, 53.39124920258112], [-3.10991209321368, 53.39123802487395], [-3.1099167704699346, 53.39141776250023], [-3.1102174484655216, 53.39141496616261], [-3.1102221270382375, 53.39159470376492], [-3.110522806249656, 53.39159190665203], [-3.110527486138862, 53.39177164423042], [-3.1111288469430116, 53.39176604769699], [-3.1111335294149107, 53.391945785233204], [-3.1114342110076274, 53.39194298581265], [-3.1114482625241333, 53.39248219833218], [-3.1117489478650846, 53.392479398099844], [-3.1117395776046113, 53.39211992312904], [-3.1123409430704787, 53.392114320466106], [-3.112350318395795, 53.39247379536396], [-3.1126510035855257, 53.39247099286038], [-3.1126463146314407, 53.392291255432575], [-3.112946998504521, 53.392288452190186], [-3.112942308334668, 53.392108714774906], [-3.113543673397072, 53.39210310605542], [-3.1135389807452905, 53.391923368670945], [-3.1132382995055057, 53.391926173390964], [-3.1132336081703715, 53.39174643598248], [-3.1129329281463005, 53.39174923992718], [-3.112928238127785, 53.3915695024947], [-3.1114248435818443, 53.39158351077098], [-3.111420159944519, 53.39140377324154], [-3.1111194821502988, 53.39140657260738], [-3.111114799829487, 53.39122683505397], [-3.110513446622251, 53.39123243147806], [-3.1105087668840494, 53.39105269388248], [-3.1102080914710517, 53.391055490940744], [-3.110203413049296, 53.390875753321204], [-3.110504087196182, 53.390872956281164], [-3.1104994075586467, 53.39069321867412], [-3.111100753169213, 53.3906876223594], [-3.1111054353389433, 53.39086735992998], [-3.1114061093347916, 53.39086456061882], [-3.1114107928209935, 53.39104429816546], [-3.1120121431937746, 53.391038697235565], [-3.1120168292625956, 53.39121843474], [-3.1132195344677154, 53.39120722372266], [-3.113224225651477, 53.391386961148335], [-3.1135249030927814, 53.39138415648312], [-3.1135202106428888, 53.39120441907569], [-3.113820886767592, 53.3912016136717], [-3.1138302742501263, 53.39156108844425], [-3.1135295955931466, 53.39156389388478], [-3.113534288143983, 53.39174363128073], [-3.113834968067122, 53.39174082582193], [-3.113839661934602, 53.39192056319386], [-3.1144410241617533, 53.391914949968495], [-3.1144175426677565, 53.39101626323424], [-3.1150188920314226, 53.3910106471635], [-3.1150235907614294, 53.39119038448524], [-3.1162262939466574, 53.39117914318604], [-3.116216886408328, 53.390819668683264], [-3.1156155399812686, 53.39082529077371], [-3.1156061377096176, 53.39046581617476], [-3.115305466952395, 53.39046862604784], [-3.1152960674151005, 53.39010915138934], [-3.1161980719387565, 53.39010071960886], [-3.116188665007503, 53.38974124503726], [-3.115286668079994, 53.38974967670789], [-3.1152772689470725, 53.389390202003526], [-3.1146759424733115, 53.389395819259086], [-3.1146712455146246, 53.38921608186172], [-3.114370583467943, 53.38921888933572], [-3.114365887825739, 53.38903915191434], [-3.1164705122294505, 53.38901948382762], [-3.116475216733402, 53.389199221120904], [-3.1167758784261843, 53.38919640834797], [-3.1167805842467096, 53.38937614561721], [-3.117381910012371, 53.389370517763716], [-3.117386618415483, 53.389550254990546], [-3.117987946510559, 53.389544624072414], [-3.1179926574963113, 53.38972436125685], [-3.1185939879207103, 53.38971872727403], [-3.1185987014891534, 53.38989846441605], [-3.119200034242793, 53.38989282736851], [-3.1191953181423284, 53.38971309026321], [-3.1188946530568744, 53.389715909147114], [-3.1188899382731305, 53.38953617201772], [-3.118589274402963, 53.38953899012628], [-3.118584560935911, 53.389359252972795], [-3.118885223540094, 53.38935643488258], [-3.1188805088577674, 53.38917669774172], [-3.1191811701452727, 53.38917387891288], [-3.1191717384008397, 53.38881440465064], [-3.1197730557598886, 53.388808764795435], [-3.119768337431897, 53.388629027692446], [-3.1194676800436656, 53.388631847980164], [-3.119462963032334, 53.38845211085308], [-3.119162306859284, 53.38845493036545], [-3.1191575911645835, 53.38827519321426], [-3.118556281198147, 53.38828082993141], [-3.118551568085939, 53.38810109273777], [-3.1182509142925676, 53.38810390994255], [-3.1182462024969224, 53.387924172724816], [-3.117945549918753, 53.387926989154316], [-3.117936129011199, 53.38756751466498], [-3.118537429053443, 53.38756188112244], [-3.1185421420135873, 53.38774161833328], [-3.1191434443847785, 53.38773598172625], [-3.119152875520599, 53.38809545605733], [-3.119453529161861, 53.388092636581675], [-3.1194582460717317, 53.388272373720234], [-3.11975890092815, 53.38826955346926], [-3.1197636191546505, 53.38844929058372], [-3.1203649312470385, 53.38844364777414], [-3.120355489781215, 53.38808417361294], [-3.120054836292183, 53.388086995359494], [-3.1200501169012993, 53.38790725825192], [-3.121252725489271, 53.38789596679761], [-3.1212480010857186, 53.38771622975784], [-3.1215486518398654, 53.387713405020286], [-3.1215439262212823, 53.387533667993175], [-3.1218445756587654, 53.387530842517066], [-3.121839848825178, 53.387351105502624], [-3.1215392006535216, 53.38735393096032], [-3.1215344751365834, 53.387174193921744], [-3.121233828179919, 53.387177018604106], [-3.1212291039796014, 53.38699728154139], [-3.12092845823793, 53.387000105448436], [-3.120923735354208, 53.386820368361604], [-3.1206230908275288, 53.386823191493335], [-3.1206183692603724, 53.38664345438237], [-3.119716439173045, 53.386651919180906], [-3.11970228616798, 53.38611270764821], [-3.1206042048635725, 53.38610424301505], [-3.120608926278396, 53.38628398014322], [-3.1215108483142013, 53.38627550864277], [-3.1215155735770392, 53.38645524571003], [-3.122116857211665, 53.38644959422172], [-3.1221215850568367, 53.38662933124645], [-3.1224222280636456, 53.38662650434852], [-3.1224269572254344, 53.3868062413491], [-3.1227276014471514, 53.386803413675835], [-3.1227086800421557, 53.38608446571275], [-3.1233099582069697, 53.38607880824286], [-3.1233004927468735, 53.38571933430056], [-3.123601129221526, 53.385716504467126], [-3.1235963953021395, 53.38553676750579], [-3.1238970304601965, 53.38553393693388], [-3.1238875602428218, 53.3851744630309], [-3.1241881928186266, 53.38517163173899], [-3.1241834565206807, 53.38499189479733], [-3.1244840877799067, 53.384989062766984], [-3.1244793502672654, 53.38480932583804], [-3.1247799802099157, 53.38480649306927], [-3.124775241482608, 53.38462675615302], [-3.123572726468838, 53.3846380826131], [-3.1235679928549005, 53.38445834561734], [-3.1232673652397622, 53.38446117532179], [-3.123262632942319, 53.38428143830187], [-3.122962006541881, 53.384284267231024], [-3.1229478137515927, 53.383745056081565], [-3.1232484363553383, 53.38374222720767], [-3.123253168500108, 53.3839219642448], [-3.1241550398026066, 53.3839134730268], [-3.1241503038611893, 53.38373373604497], [-3.1244509262612974, 53.38373090414373], [-3.1244698753948263, 53.38444985196289], [-3.125371757476235, 53.38444135149676], [-3.125362275214099, 53.38408187770938], [-3.125662899941455, 53.38407904274388], [-3.125658157621308, 53.383899305860034], [-3.125958781032108, 53.38389647015616], [-3.1259492940137363, 53.383536996408196], [-3.126249914842449, 53.38353415998442], [-3.126245170144264, 53.3833544231203], [-3.1259445505810657, 53.383357259525596], [-3.1259398071994062, 53.38317752263726], [-3.1262404254971026, 53.38317468625046], [-3.1262356809009617, 53.38299494937484], [-3.1259350638687566, 53.3829977857432], [-3.1259303205891142, 53.382818048843376], [-3.1268321677362327, 53.38280953752334], [-3.126822673737248, 53.38245006381732], [-3.12742389985163, 53.38244438589387], [-3.127414400995134, 53.38208491223886], [-3.1277150114448737, 53.38208207217892], [-3.1276960092832184, 53.381363124874], [-3.1279966146203417, 53.381360284131276], [-3.1279823597394762, 53.38082107364782], [-3.1282829612294987, 53.380818232203836], [-3.1282782084394283, 53.380638495383025], [-3.128578808613038, 53.380635653200805], [-3.1285693006556468, 53.38027617957899], [-3.1288698982475647, 53.38027333667705], [-3.1288651430802847, 53.380093599876055], [-3.1291657393558068, 53.38009075623588], [-3.1291609829744083, 53.37991101944767], [-3.1294615779335335, 53.379908175069296], [-3.1294520627937175, 53.379548701512654], [-3.129752655171228, 53.37954585641461], [-3.129743137705638, 53.37918638287205], [-3.1300437275015764, 53.37918353705436], [-3.130029447891466, 53.37864432675306], [-3.130330033840724, 53.37864148023427], [-3.1303205118262944, 53.37828200670843], [-3.130621095194095, 53.37827915947003], [-3.1306163329985606, 53.37809942271704], [-3.1309169150500438, 53.378096574740525], [-3.1309026249754264, 53.377557364502714], [-3.1312032031804446, 53.37755451582515], [-3.131188909771663, 53.37701530559133], [-3.131790058437752, 53.37700960607758], [-3.1317805246946855, 53.37665013263387], [-3.131479952917274, 53.37665298273193], [-3.131475187387607, 53.3764732459829], [-3.1317757579000363, 53.37647039590338], [-3.131751924695575, 53.37557171216489], [-3.132052488832029, 53.37556886142155], [-3.132033418131439, 53.37484991440162], [-3.1323339771571033, 53.37484706297597], [-3.132310133610625, 53.373948379164645], [-3.1326106862609167, 53.373945527075264], [-3.1325868376724477, 53.37304684321321], [-3.132286291345916, 53.373049695209716], [-3.1322481463882292, 53.37161180058318], [-3.1319476101277464, 53.37161465167465], [-3.1319285439375246, 53.370895704149255], [-3.129524292476653, 53.37091848505374], [-3.129519536173629, 53.37073874800971], [-3.1286179448253564, 53.37074727831145], [-3.128622697334712, 53.37092701541103], [-3.128322165518523, 53.370929857350504], [-3.128317414273725, 53.370750120232415], [-3.1274158223124027, 53.37075864145645], [-3.127411074912322, 53.37057890427712], [-3.127110545420996, 53.370581743153686], [-3.127115291556529, 53.3707614803515], [-3.1256126370120443, 53.370775663479634], [-3.1256173768757898, 53.37095540076404], [-3.1253168445493986, 53.370958235138694], [-3.1253263219005976, 53.37131770972723], [-3.125025786994087, 53.371320543382275], [-3.1250305244815006, 53.37150028068638], [-3.124429451986478, 53.37150594576392], [-3.124438922055596, 53.371865420428676], [-3.1241383832024585, 53.37186825186958], [-3.1241336494070824, 53.37168851452164], [-3.123833111767688, 53.37169134518759], [-3.123837844298427, 53.37187108255396], [-3.1235373053435143, 53.371873912481846], [-3.1235467680283233, 53.37223338723422], [-3.123246226493225, 53.37223621644245], [-3.123250956647255, 53.372415953828444], [-3.1235514994470313, 53.37241312460182], [-3.123556230916611, 53.37259286196366], [-3.1238567749302075, 53.372590031962076], [-3.123861507715362, 53.372769769299744], [-3.124162052942781, 53.37276693852321], [-3.124171521195196, 53.37312641314449], [-3.1244720689011647, 53.37312358157451], [-3.124481539886682, 53.37348305613597], [-3.1247820900712386, 53.373480223772575], [-3.1247915637899726, 53.37383969827416], [-3.124190458310831, 53.37384536231816], [-3.124199927174064, 53.374204836870554], [-3.1238993718285184, 53.37420766779456], [-3.123908838365702, 53.37456714236086], [-3.1236082804395964, 53.374569972565155], [-3.123617744650626, 53.37492944714537], [-3.123317184143917, 53.37493227662994], [-3.123321915060869, 53.37511201392986], [-3.1227207913650967, 53.37511767066605], [-3.1227302482919876, 53.37547714532234], [-3.1221291193332306, 53.375482799105754], [-3.122124393374191, 53.37530306174367], [-3.121523266742004, 53.375308712463855], [-3.1215279901712174, 53.37548844986274], [-3.1218285547776246, 53.37548562486257], [-3.1218332795225514, 53.37566536223732], [-3.1224344111128044, 53.375659709930304], [-3.1224391384384154, 53.375839447262535], [-3.122739705422244, 53.375836619955685], [-3.122749162755874, 53.37619609456606], [-3.1224485932421246, 53.37619892190973], [-3.1224580482491584, 53.37655839653397], [-3.122157476154604, 53.376561223157815], [-3.122152749890666, 53.376381485830166], [-3.1218521790102867, 53.37638431167896], [-3.1218474540621473, 53.376204574327154], [-3.121246314678956, 53.37621022371807], [-3.1212557595660795, 53.37656969848952], [-3.121556331813051, 53.37656687413558], [-3.1215610555977906, 53.3767466114943], [-3.1218616290589782, 53.37674378636534], [-3.1218663541595335, 53.37692352369994], [-3.1224675034595224, 53.37691787113526], [-3.122476958873224, 53.37727734571362], [-3.1227775359770575, 53.37727451825949], [-3.1227822650252217, 53.377454255521634], [-3.1230828433432674, 53.37745142729243], [-3.1230923041223084, 53.37781090176267], [-3.123392884919653, 53.37780807273996], [-3.123397616650572, 53.37798780994808], [-3.1230970345881275, 53.3779906389892], [-3.1231017651048116, 53.37817037620998], [-3.1225005982971075, 53.37817603205904], [-3.1224958703106553, 53.377996294801434], [-3.1221952880956554, 53.37799912157252], [-3.1222000148169893, 53.37817885884855], [-3.1215988477042926, 53.37818451015752], [-3.1216035719461908, 53.37836424746459], [-3.1219041567930765, 53.37836142217006], [-3.121908882350918, 53.378541159452986], [-3.1210071238624377, 53.37854963312172], [-3.121002402100034, 53.37836989578361], [-3.1204012320507895, 53.37837554107582], [-3.1204059512828963, 53.37855527845073], [-3.120706537598046, 53.37855245616457], [-3.1207112581460614, 53.37873219351534], [-3.1216130205823833, 53.37872372206154], [-3.1216177449766804, 53.3789034593514], [-3.121317156283516, 53.37890628394443], [-3.121331325975615, 53.37944549583478], [-3.1207301408457258, 53.379451142861036], [-3.1207254200946677, 53.379271405533224], [-3.120424828718789, 53.3792742278929], [-3.1204201092836947, 53.379094490540965], [-3.1201195191222704, 53.37909731212553], [-3.120114801003115, 53.37891757474951], [-3.1198142120561476, 53.37892039555901], [-3.1198094952529023, 53.37874065815884], [-3.1189077319032714, 53.37874911599205], [-3.118903018946241, 53.37856937853108], [-3.1180012589360095, 53.37857782949894], [-3.1179965498251163, 53.37839809197722], [-3.1173953787620663, 53.37840372213563], [-3.1174000853426493, 53.37858345969402], [-3.1177006721646405, 53.378580644974825], [-3.117710088007987, 53.378940120037754], [-3.1180106773097074, 53.37893730452521], [-3.118015386572512, 53.379117042029726], [-3.1183159770887894, 53.379114225742114], [-3.1183206876674423, 53.37929396322257], [-3.11892187107844, 53.379288328340536], [-3.1189265842381886, 53.37946806577856], [-3.118024805250041, 53.37947651702159], [-3.1180342241301315, 53.37983599199048], [-3.118334819707323, 53.37983317562952], [-3.118348952203103, 53.38037238798482], [-3.1174471539321176, 53.38038083496255], [-3.117442446845408, 53.3802010974615], [-3.1171418485857862, 53.38020391158892], [-3.117137142814971, 53.380024174063834], [-3.1168365457700267, 53.38002698741619], [-3.1168553640957057, 53.38074593755545], [-3.1171559662018504, 53.38074312412982], [-3.1171606721750797, 53.38092286163198], [-3.117461275495952, 53.38092004743125], [-3.1174659827851343, 53.38109978490936], [-3.1171653781989144, 53.3811025991284], [-3.1171700842733547, 53.38128233661907], [-3.116869478371168, 53.3812851500997], [-3.116860068803602, 53.38092567507595], [-3.1165594653815325, 53.38092848776314], [-3.1165641688746715, 53.38110822529621], [-3.115662354508998, 53.38111665887214], [-3.115657654811909, 53.38093692128417], [-3.115357051187607, 53.38093973094432], [-3.1153476544757015, 53.380580255714555], [-3.11504705333154, 53.38058306458135], [-3.115065841896067, 53.38130201509111], [-3.1153664481016095, 53.38129920615114], [-3.115389941270817, 53.382197894067836], [-3.1150893287382426, 53.38220070309925], [-3.1150940262582214, 53.38238044068368], [-3.1147934124096843, 53.382383248976616], [-3.1147981087147167, 53.38256298657361], [-3.114497493550216, 53.382565794128], [-3.114492798510645, 53.38238605651273], [-3.1141921845611167, 53.38238886329205], [-3.1141827971643274, 53.382029388007766], [-3.113882185695211, 53.382032193993716], [-3.1138962630697575, 53.38257140696637], [-3.1141968783352247, 53.38256860092557], [-3.1142015721598084, 53.38274833855339], [-3.114502188640274, 53.38274553173752], [-3.114506883780825, 53.38292526934133], [-3.114807501476293, 53.38292246175036], [-3.114816894439886, 53.38328193690418], [-3.114516274213399, 53.38328474453173], [-3.1145115789718667, 53.383105006939395], [-3.1139103408984665, 53.38311061988743], [-3.113933804955614, 53.38400930797449], [-3.114234430345279, 53.384006501787525], [-3.1142391245736967, 53.38418623936946], [-3.1145397511784667, 53.384183432407355], [-3.1145491423179603, 53.384542907517464], [-3.1142485131819795, 53.384545714516136], [-3.1142625964730346, 53.38508492719313], [-3.1145632294059347, 53.385082120139636], [-3.1145679252029272, 53.38526185766889], [-3.1148685593509917, 53.38525904984021], [-3.114877953627848, 53.38561852484494], [-3.1151785902567735, 53.38561571622281], [-3.115183288736681, 53.385795453698286], [-3.115483926580782, 53.38579264430098], [-3.1154886263769384, 53.38597238175241], [-3.114887348106766, 53.38597799982674], [-3.11488265084205, 53.385798262338724], [-3.1145820128969026, 53.385801070222236], [-3.114577316948408, 53.38562133271019], [-3.114276680218465, 53.385624139818546], [-3.114267291004358, 53.385264664740674], [-3.113966656755304, 53.38526747105557], [-3.1139619634896487, 53.38508773348977], [-3.113661330455789, 53.38509053902952], [-3.113651946607192, 53.38473106384414], [-3.1133513160541706, 53.38473386859049], [-3.113341934938646, 53.38437439334567], [-3.1130413068664256, 53.38437719729861], [-3.1130319284838617, 53.384017721994326], [-3.112731302892405, 53.38402052515391], [-3.112726615042339, 53.3838407874749], [-3.1124259906660443, 53.38384358985938], [-3.1124213041319546, 53.3836638521564], [-3.1121206809708233, 53.38366665376579], [-3.1121113105849236, 53.38330717830613], [-3.1118106899044955, 53.3833099791222], [-3.111806006052646, 53.383130241365535], [-3.1112047670717415, 53.38313584069073], [-3.1112141297636873, 53.38349531627124], [-3.1115147518103803, 53.383492516950604], [-3.1115241172348185, 53.383851992471726], [-3.11182474176227, 53.383849192357786], [-3.111834109919314, 53.38420866781952], [-3.1112328557517106, 53.38421426736349], [-3.111260946244151, 53.38529269382989], [-3.110960311490977, 53.38529549257595], [-3.1109649921502522, 53.38547523031851], [-3.111265628169116, 53.38547243155424], [-3.111289038549224, 53.38637112008994], [-3.1109883962017144, 53.38637391894536], [-3.110979034430109, 53.38601444351182], [-3.1106783945637595, 53.386017241573875], [-3.110673715019198, 53.385837503830295], [-3.110373076368251, 53.38584030111722], [-3.1103871113556822, 53.38637951438544], [-3.1100864688571876, 53.386382310970106], [-3.1100911460211877, 53.38656204873294], [-3.1094898583417634, 53.38656763966792], [-3.109475834595227, 53.38602842625303], [-3.1091751944773796, 53.38603122053055], [-3.1091705212614804, 53.38585148269591], [-3.1088698823591083, 53.385854276198344], [-3.108865210459188, 53.38567453833978], [-3.108564572772294, 53.3856773310671], [-3.1085599021883246, 53.38549759318465], [-3.10825926571691, 53.385500385136886], [-3.1082545964488633, 53.38532064723051], [-3.10795396119293, 53.385323438407674], [-3.1079492932407815, 53.38514370047737], [-3.1076486592003283, 53.385146490879485], [-3.107657992623447, 53.385505966770694], [-3.1079586291952794, 53.385503176332236], [-3.10796329724783, 53.38568291425105], [-3.1082639350351693, 53.38568012303753], [-3.108268604403647, 53.385859860932456], [-3.108569243406493, 53.38585706894384], [-3.1085739140909228, 53.386036806814865], [-3.108874554309274, 53.38603401405116], [-3.108883898360341, 53.3863934897396], [-3.108282612810384, 53.38639907458285], [-3.1082779432912533, 53.38621933670512], [-3.1076766600719483, 53.386224918484324], [-3.1076906611853317, 53.386764132209386], [-3.1088932426123916, 53.38675296540513], [-3.108897914813789, 53.3869327032293], [-3.1091985613107713, 53.38692990961772], [-3.1092032348282324, 53.38710964741795], [-3.109503882540769, 53.38710685303124], [-3.1095085573743226, 53.38728659080756], [-3.1098092063024096, 53.38728379564571], [-3.1098185586520475, 53.387643271144725], [-3.1095179071922625, 53.387646066342974], [-3.109541282617002, 53.38854475508124], [-3.1098419404062683, 53.38854195979196], [-3.109851293460023, 53.38890143521073], [-3.1095506331388694, 53.38890423053643], [-3.1095459578527933, 53.38872449281169], [-3.109245298747306, 53.388727287362194], [-3.1092359508578675, 53.38836781185916], [-3.108333980835441, 53.38837619085964], [-3.108324640742506, 53.388016715224516], [-3.1080239864997043, 53.388019506674375], [-3.1079959750214057, 53.38694107952242], [-3.107695328323511, 53.38694387010627], [-3.1076999955118847, 53.38712360799741], [-3.107399347497976, 53.38712639784251], [-3.107404013470712, 53.38730613574612], [-3.107103364140788, 53.387308924852405], [-3.107108028897858, 53.38748866276844], [-3.1068073782519163, 53.38749145113595], [-3.1068120417932934, 53.38767118906442], [-3.107112693705096, 53.387668400678734], [-3.107131353435757, 53.38838735226263], [-3.107432010360971, 53.38838456304735], [-3.1074366766849946, 53.38856430091082], [-3.107136018493852, 53.388567090144285], [-3.10714068360212, 53.38874682802021], [-3.1059380452721688, 53.388757977456855], [-3.1059706669869898, 53.39001614293616], [-3.1053693297972207, 53.39002171336651], [-3.1053739877105775, 53.39020145130551], [-3.1044719777520564, 53.39020980132777], [-3.1044673236368725, 53.39003006333441], [-3.104767992407064, 53.39002728076881], [-3.1047633370758927, 53.389847542787834], [-3.10506400452997, 53.389844759483324], [-3.1050593479828383, 53.38966502151477], [-3.104458015556675, 53.389670587330514], [-3.1044533615916614, 53.38949084931997], [-3.1041526965695074, 53.38949363107421], [-3.1041573492685055, 53.38967336910285], [-3.1038566829302936, 53.389676150118206], [-3.103861334413299, 53.38985588815926], [-3.103560666759026, 53.38985866843568], [-3.1035699673430166, 53.39021814453679], [-3.102968626820219, 53.39022370289102], [-3.10297327465509, 53.39040344096918], [-3.1026726030526235, 53.39040621902886], [-3.102691189827573, 53.391125171356606], [-3.1029918664944782, 53.391122393224585], [-3.1029965145793073, 53.3913021312741], [-3.102094480630225, 53.39131046345332], [-3.1020991249665713, 53.391490201551406], [-3.1014977662184093, 53.39149575258842], [-3.1015209759874445, 53.3923944431736], [-3.100919604377548, 53.39239999136302], [-3.100914964856344, 53.3922202532213], [-3.100313595579299, 53.39222579834627], [-3.1003089586404333, 53.39204606016271], [-3.10000827519331, 53.392048831571515], [-3.100003639570523, 53.39186909336419], [-3.0997029573397468, 53.39187186399788], [-3.0996983230330115, 53.391692125766774], [-3.0993976420185807, 53.391694895625335], [-3.099402275059124, 53.39187463387449], [-3.099101592728667, 53.39187740299401], [-3.099124752347707, 53.39277609424403], [-3.098824063636256, 53.39277886269663], [-3.0988194328790684, 53.39259912444006], [-3.0979173702447076, 53.39260742520121], [-3.0979266242112664, 53.39296690181678], [-3.0976259340343817, 53.392969667258996], [-3.097630559826021, 53.39314940557621], [-3.0964277935558897, 53.393160459846], [-3.0964370351579182, 53.393519936607234], [-3.0967377293326694, 53.39351717413947], [-3.096742351474575, 53.3936969124935], [-3.097043046865945, 53.39369414925063], [-3.0970522938316196, 53.39405362590552], [-3.09735299170597, 53.39405086186951], [-3.0973576165297825, 53.394230600170374], [-3.0976583156207624, 53.3942278353592], [-3.0976629417607078, 53.394407573636336], [-3.09826434232615, 53.39440204170658], [-3.0982689710486593, 53.394581779941944], [-3.097968269524425, 53.394584546303406], [-3.0979728970303095, 53.39476428455108], [-3.096770085370093, 53.394775342497496], [-3.096765462929874, 53.394595604177816], [-3.0964647611568994, 53.39459836675353], [-3.0964555189584178, 53.394238890061], [-3.096154819668534, 53.39424165184359], [-3.0961640593342183, 53.39460112857211], [-3.095562655539789, 53.394606649937785], [-3.095558038214912, 53.39442691154044], [-3.0943552350957986, 53.39443794511411], [-3.094350622886167, 53.394258206639165], [-3.0940499232487237, 53.39426096312178], [-3.094054534191958, 53.39444070161467], [-3.0937538332385195, 53.39444345735806], [-3.093758442964942, 53.394623195863176], [-3.094059145184789, 53.394620440101825], [-3.094063756227221, 53.39480017858326], [-3.094665163050958, 53.39479466475321], [-3.094669776675861, 53.394974403193004], [-3.095271185833964, 53.394968886298386], [-3.095275802041393, 53.39514862469653], [-3.0955765078124187, 53.395145865095515], [-3.0955857429091815, 53.39550534183871], [-3.0952850346052188, 53.395508101475684], [-3.0952804182984783, 53.39532836308898], [-3.0943782968881375, 53.39533663740296], [-3.0943736844304435, 53.39515689895663], [-3.0937722724417167, 53.39516241134419], [-3.093767662566539, 53.394982672856244], [-3.0934669577642415, 53.39498542789633], [-3.0934623492050894, 53.39480568938471], [-3.0928609419846675, 53.39481119715749], [-3.0928793663870353, 53.39553015131312], [-3.093180075087867, 53.39552739773355], [-3.0931846825788196, 53.39570713624023], [-3.0934853924965835, 53.39570438188555], [-3.093499219066382, 53.39624359731738], [-3.0944013599208486, 53.396235329548716], [-3.0944105854812576, 53.39659480636698], [-3.0947113015332994, 53.396592048893766], [-3.094715915654505, 53.396771787276336], [-3.0950166329234863, 53.39676902902795], [-3.0950212483609127, 53.39694876738684], [-3.0956226852830864, 53.396943248582495], [-3.095627303303359, 53.397122986899724], [-3.095928022956537, 53.39712022634374], [-3.095937261679344, 53.397479702925054], [-3.095636539492932, 53.39748246351698], [-3.095641157662235, 53.39766220181703], [-3.0953404341595054, 53.397664961669705], [-3.0953358172568417, 53.39748522335167], [-3.0935314827978235, 53.39750176645803], [-3.0935268735445907, 53.397322028026544], [-3.0932261522277638, 53.39732478254267], [-3.09322154429073, 53.39714504408751], [-3.0929208241909554, 53.39714779782849], [-3.092911610998781, 53.396788320865134], [-3.093212328565361, 53.39678556716004], [-3.093198505349053, 53.396246351725885], [-3.092597077765717, 53.396251858271256], [-3.0925924726591485, 53.396072119745895], [-3.0919910474107404, 53.39607762322666], [-3.091986444886756, 53.395897884659725], [-3.0916857334548062, 53.39590063524638], [-3.0916903347122675, 53.39608037383124], [-3.0913896219642982, 53.396083123678615], [-3.091394222004714, 53.39626286227565], [-3.090792793827265, 53.39626835973461], [-3.0907973913840543, 53.39644809836173], [-3.0904966759545864, 53.39645084597332], [-3.0905012722942633, 53.3966305846126], [-3.0902005555487833, 53.39663333148487], [-3.0902051506713204, 53.39681307013635], [-3.0917087402370664, 53.39679932811338], [-3.0917133417420093, 53.39697906666961], [-3.0920140607733115, 53.39697631597547], [-3.0920232664649214, 53.39733579303492], [-3.0923239879799373, 53.397333041547704], [-3.092328592166646, 53.39751278005094], [-3.092629314898767, 53.39751002778856], [-3.092638525954073, 53.397869504742], [-3.092939251169957, 53.397866751686536], [-3.092948464956797, 53.398226228581215], [-3.093249192656479, 53.398223474732625], [-3.0932584091749624, 53.39858295156855], [-3.0935591393584847, 53.39858019692682], [-3.0935637489588124, 53.39875993531826], [-3.0938644803594717, 53.39875717990133], [-3.0938690912761246, 53.39893691826909], [-3.0941698238939215, 53.39893416207693], [-3.094174436126927, 53.39911390042103], [-3.094475169961859, 53.39911114345364], [-3.0944797835112468, 53.39929088177404], [-3.095983458274995, 53.39927708548811]], [[-3.097130901072209, 53.39710917654764], [-3.0968301816178747, 53.397111940132504], [-3.096825558531217, 53.39693220188722], [-3.0965248402937466, 53.39693496469687], [-3.0965202185234015, 53.39675522642788], [-3.0959187844324876, 53.39676074973955], [-3.095914165244996, 53.39658101142886], [-3.0956134493915712, 53.39658377193089], [-3.095608831520324, 53.396404033596504], [-3.09530811688378, 53.39640679332336], [-3.095303500328751, 53.39622705496528], [-3.0950027869090917, 53.39622981391695], [-3.094998171670251, 53.39605007553517], [-3.0952988838233817, 53.39604731660146], [-3.095294267367668, 53.39586757823193], [-3.095594978204623, 53.395864818559], [-3.095590360532067, 53.39568508020172], [-3.0961917795239438, 53.39567955862025], [-3.0961963997295046, 53.39585929694158], [-3.096797821055589, 53.39585377229541], [-3.0968070666818877, 53.3962132488489], [-3.0965063535106605, 53.39621601158657], [-3.0965109751318596, 53.39639574987274], [-3.0968116895696274, 53.396392987117075], [-3.0968163125070944, 53.39657272537953], [-3.097117028161688, 53.39656996184866], [-3.0971216524154515, 53.39674970008738], [-3.0974223692868694, 53.39674693578131], [-3.097426994856957, 53.39692667399631], [-3.0971262767189582, 53.39692943832036], [-3.097130901072209, 53.39710917654764]], [[-3.0995273859928414, 53.39672756443696], [-3.098625236274836, 53.39673587098492], [-3.0986206056882466, 53.39655613283629], [-3.098319890282502, 53.39655890015317], [-3.0983152610122735, 53.39637916198077], [-3.0977138325845077, 53.39638469430691], [-3.0976999526717393, 53.39584547964726], [-3.0970985316440505, 53.39585100883656], [-3.0970939076389916, 53.39567127056921], [-3.097394616911214, 53.395668506371166], [-3.0973899916894103, 53.39548876811611], [-3.098292115408059, 53.39548047103293], [-3.0982874864365972, 53.39530073282617], [-3.09858819297678, 53.395297965635464], [-3.0985835627886535, 53.395118227441], [-3.0988842680125757, 53.39511545951114], [-3.0988796366078155, 53.39493572132902], [-3.099481044373313, 53.39493018323386], [-3.0994856783109523, 53.39510992137994], [-3.099786383385379, 53.39510715117859], [-3.099781748181302, 53.39492741305056], [-3.1003831556476897, 53.39492187041246], [-3.1003785179606247, 53.394742132314796], [-3.1012806249867655, 53.39473381273316], [-3.1012852664730954, 53.394913550776636], [-3.1006838593060615, 53.394919097957676], [-3.1006884983094505, 53.39509883603156], [-3.1009892031843584, 53.395096062801535], [-3.100993843504095, 53.395275800851635], [-3.10039243117148, 53.3952813465906], [-3.100397069008204, 53.39546108467108], [-3.1000963615005945, 53.39546385642287], [-3.1001009981207313, 53.39564359451567], [-3.099499580422946, 53.39564913578382], [-3.0995088487468454, 53.39600861202442], [-3.099208137290175, 53.39601138155881], [-3.0992174032804174, 53.39637085781259], [-3.099518117270142, 53.39636808824213], [-3.0995273859928414, 53.39672756443696]], [[-3.098574302561818, 53.394758751034935], [-3.0982735998209576, 53.39476151817157], [-3.0982689710486593, 53.394581779941944], [-3.0985696725231047, 53.3945790128233], [-3.098574302561818, 53.394758751034935]], [[-3.0997632078635706, 53.39420846048117], [-3.0994625091211985, 53.3942112305923], [-3.099457875432776, 53.394031492417575], [-3.0997585729087787, 53.39402872232449], [-3.0997632078635706, 53.39420846048117]], [[-3.0991479132123128, 53.39367478535089], [-3.0985465230765628, 53.3936803216793], [-3.098532634006231, 53.39314110692418], [-3.0991340165440766, 53.393135570703954], [-3.0991386487169965, 53.39331530892532], [-3.0988379562066766, 53.39331807743203], [-3.098842587163104, 53.393497815665704], [-3.099143280939743, 53.39349504714096], [-3.0991479132123128, 53.39367478535089]], [[-3.1072153321585962, 53.39162263325562], [-3.1069146523943867, 53.391625422040846], [-3.1069099877494066, 53.39144568423844], [-3.107210666247455, 53.39144289547139], [-3.1072153321585962, 53.39162263325562]], [[-3.114116867910151, 53.39101907013405], [-3.1138161931020503, 53.391021876276824], [-3.113811499486992, 53.39084213887621], [-3.1141121730289893, 53.390839332751725], [-3.114116867910151, 53.39101907013405]], [[-3.1147088225986392, 53.39065398088013], [-3.1138068059224158, 53.390662401469875], [-3.113797418944707, 53.39030292664], [-3.113496749150459, 53.39030573195264], [-3.1134873649067587, 53.38994625706331], [-3.1131866975941325, 53.3899490615824], [-3.113177316084324, 53.389589586633576], [-3.112876651253281, 53.389592390359105], [-3.112871961840051, 53.38941265285787], [-3.113473288919692, 53.38940704468625], [-3.113477980864917, 53.38958678215101], [-3.1137786455950454, 53.389583976911425], [-3.113783338856744, 53.38976371435217], [-3.1140840048024034, 53.38976090833733], [-3.1140886993806016, 53.389940645754066], [-3.114690033652476, 53.38993503141679], [-3.114699428024516, 53.390294506159925], [-3.1150000976167624, 53.390291697819194], [-3.115004796144624, 53.390471435163875], [-3.1147041252863166, 53.3904742435229], [-3.1147088225986392, 53.39065398088013]], [[-3.113196079305745, 53.39030853650827], [-3.1128954094105774, 53.390311340306866], [-3.1128907197955975, 53.390131602828546], [-3.113191388424712, 53.3901287990482], [-3.113196079305745, 53.39030853650827]], [[-3.1068820009330955, 53.3903672573037], [-3.1065813299815628, 53.390370045204776], [-3.106576666953834, 53.39019030734412], [-3.106877336639299, 53.39018751946119], [-3.1068820009330955, 53.3903672573037]], [[-3.106576666953834, 53.39019030734412], [-3.105975327432458, 53.39019588083885], [-3.1059706669869898, 53.39001614293616], [-3.106572003976258, 53.3900105694777], [-3.106576666953834, 53.39019030734412]], [[-3.111683360274503, 53.38996307282265], [-3.1107813572780154, 53.38997147048266], [-3.110776676626102, 53.38979173286516], [-3.110175343575437, 53.38979732748363], [-3.110165987486676, 53.38943785215861], [-3.1107673154733, 53.389432257613], [-3.1107719960245297, 53.38961199524194], [-3.111373326341797, 53.389606397631866], [-3.1113780094754007, 53.389786135218635], [-3.1116786758245025, 53.38978333525987], [-3.111683360274503, 53.38996307282265]], [[-3.112871961840051, 53.38941265285787], [-3.1125712982245695, 53.389415455808155], [-3.112566610127759, 53.3892357182829], [-3.1128672724772546, 53.38923291535085], [-3.112871961840051, 53.38941265285787]], [[-3.1122659477278405, 53.38923852045796], [-3.1119652852775155, 53.389241321876014], [-3.1119605997630684, 53.38906158430853], [-3.112261260947421, 53.38905878290871], [-3.1122659477278405, 53.38923852045796]], [[-3.1191717384008397, 53.38881440465064], [-3.1188710796452304, 53.38881722344275], [-3.118866365115021, 53.38863748628468], [-3.1191670226047017, 53.388634667510914], [-3.1191717384008397, 53.38881440465064]], [[-3.1179549710289525, 53.3882864636207], [-3.116752350082721, 53.38829772191573], [-3.1167476445658564, 53.388117984612094], [-3.1161463363208255, 53.38812360918118], [-3.1161369305024085, 53.38776413448341], [-3.115836278835764, 53.38776694559591], [-3.115831577268278, 53.387587208220104], [-3.1167335283189015, 53.387578772666714], [-3.116738233683947, 53.38775850998757], [-3.1173395366630623, 53.387752882463936], [-3.117344244610443, 53.3879326197424], [-3.1176448972899227, 53.38792980482684], [-3.1176496065538144, 53.38810954208124], [-3.1179502604485223, 53.38810672639038], [-3.1179549710289525, 53.3882864636207]], [[-3.111918432400664, 53.38744394594321], [-3.1116177825590605, 53.3874467464219], [-3.1116130988143516, 53.38726700877884], [-3.1113124501882132, 53.38726980848234], [-3.1113077677597007, 53.38709007081531], [-3.1110071203490284, 53.387092869743654], [-3.110993077163028, 53.38655365665353], [-3.1112937207763087, 53.3865508577799], [-3.111289038549224, 53.38637112008994], [-3.11158968084638, 53.386368320477615], [-3.111603731476051, 53.386907533475544], [-3.111904377520184, 53.38690473305159], [-3.111918432400664, 53.38744394594321]], [[-3.1104058253766613, 53.387098465329494], [-3.1101051778149977, 53.38710126198703], [-3.1100958232354885, 53.38674178649003], [-3.1103964682655407, 53.38673898986893], [-3.1104058253766613, 53.387098465329494]], [[-3.114304849072533, 53.386702564914515], [-3.1140042046976477, 53.38670537137563], [-3.1139948174092003, 53.386345896330006], [-3.113694175515378, 53.386348701997676], [-3.113680098758499, 53.385809489331436], [-3.1139807368551127, 53.3858066837186], [-3.1139854303226655, 53.38598642126147], [-3.114586708895899, 53.38598080772856], [-3.1145914049453993, 53.386160545229146], [-3.1148920454220006, 53.386157737309034], [-3.1148967427877525, 53.386337474785606], [-3.1145961010454033, 53.386340282724], [-3.1146007971959118, 53.386520020213105], [-3.114300154137294, 53.38652282741286], [-3.114304849072533, 53.386702564914515]], [[-3.113088201805097, 53.38617457347602], [-3.1127875610256743, 53.38617737685467], [-3.112782872570595, 53.38599763924446], [-3.1130835120842804, 53.385994835884084], [-3.113088201805097, 53.38617457347602]], [[-3.122403311925082, 53.38590755628882], [-3.121802035986513, 53.385913209180494], [-3.1217973096104235, 53.38573347211442], [-3.1223985830175858, 53.38572781925954], [-3.122403311925082, 53.38590755628882]], [[-3.112782872570595, 53.38599763924446], [-3.112482233006489, 53.386000441847955], [-3.1124728587790327, 53.38564096657385], [-3.1121722216959595, 53.385643768383936], [-3.112158164529882, 53.38510455537506], [-3.1127594310515128, 53.38509895110747], [-3.112782872570595, 53.38599763924446]], [[-3.113680098758499, 53.385809489331436], [-3.113379460611423, 53.38581229418737], [-3.113374769725763, 53.38563255660222], [-3.11367540660713, 53.38562975176454], [-3.113680098758499, 53.385809489331436]], [[-3.1171983217827703, 53.38236076144276], [-3.116897708288131, 53.382363575033295], [-3.11689300317548, 53.382183837558706], [-3.116592390895688, 53.38218665037414], [-3.116587687099064, 53.382006912875475], [-3.117188909077195, 53.38200128652446], [-3.1171983217827703, 53.38236076144276]], [[-3.116587687099064, 53.382006912875475], [-3.116287076034118, 53.38200972491578], [-3.1162823735534944, 53.38182998739308], [-3.1165829833530236, 53.38182717537109], [-3.116587687099064, 53.382006912875475]], [[-3.1177712959258947, 53.381276707387556], [-3.117470690124935, 53.3812795223817], [-3.1174659827851343, 53.38109978490936], [-3.117766587320734, 53.38109696993352], [-3.1177712959258947, 53.381276707387556]], [[-3.118964291340759, 53.38090596507619], [-3.1186636882731174, 53.38090878306073], [-3.1186589759732293, 53.38072904565025], [-3.1189595777755414, 53.38072622768407], [-3.118964291340759, 53.38090596507619]], [[-3.1204531463950897, 53.38035265188401], [-3.1201525473769554, 53.38035547359723], [-3.120147828902646, 53.38017573626134], [-3.119546633244746, 53.38018137738078], [-3.1195419173517194, 53.380001640002426], [-3.1192413207119705, 53.38000445940868], [-3.1192366061349155, 53.37982472200623], [-3.1189360107097293, 53.37982754063738], [-3.1189265842381886, 53.37946806577856], [-3.119828362770206, 53.379459607725046], [-3.1198377968331856, 53.37981908247371], [-3.120138392106242, 53.37981626157236], [-3.1201431104790753, 53.379995998919725], [-3.120443706966653, 53.379993177243264], [-3.1204531463950897, 53.38035265188401]], [[-3.1227633491376547, 53.37673530643861], [-3.122462775828924, 53.3767381338375], [-3.1224580482491584, 53.37655839653397], [-3.122758620292882, 53.376555569153496], [-3.1227633491376547, 53.37673530643861]], [[-3.1230355424997422, 53.37565405459685], [-3.122734976831694, 53.37565688264188], [-3.1227302482919876, 53.37547714532234], [-3.12303081269511, 53.375474317295726], [-3.1230355424997422, 53.37565405459685]], [[-3.125054212682595, 53.37239896712078], [-3.1247536701373035, 53.37240180013003], [-3.124748933659887, 53.37222206283619], [-3.1250494749405027, 53.372219229845385], [-3.125054212682595, 53.37239896712078]]]}, "properties": {"kind": "max_footprint", "threshold_pct": 7.0}}, {"type": "Feature", "geometry": {"type": "Polygon", "coordinates": [[[-3.0793242282217466, 53.40662008699705], [-3.0793196773202567, 53.40644034799571], [-3.0787181032100173, 53.40644578534671], [-3.078722651576817, 53.40662552438346], [-3.0793242282217466, 53.40662008699705]]]}, "properties": {"kind": "max_footprint", "threshold_pct": 10.0}}, {"type": "Feature", "geometry": {"type": "Polygon", "coordinates": [[[-3.081124398475414, 53.40642401776302], [-3.081115281611453, 53.40606453995596], [-3.080814497409435, 53.406067263519645], [-3.0808236117387553, 53.40642674136219], [-3.081124398475414, 53.40642401776302]]]}, "properties": {"kind": "max_footprint", "threshold_pct": 10.0}}, {"type": "Feature", "geometry": {"type": "Polygon", "coordinates": [[[-3.0828743283816764, 53.40425079435405], [-3.082865197488826, 53.40389131662289], [-3.082564428787933, 53.403894044518196], [-3.082573557146475, 53.404253522284904], [-3.0828743283816764, 53.40425079435405]]]}, "properties": {"kind": "max_footprint", "threshold_pct": 10.0}}, {"type": "Feature", "geometry": {"type": "Polygon", "coordinates": [[[-3.0846743816869857, 53.40405467210706], [-3.0846652356867277, 53.4036951945779], [-3.084364468547868, 53.40369792699989], [-3.084373612013856, 53.404057404564654], [-3.0846743816869857, 53.40405467210706]]]}, "properties": {"kind": "max_footprint", "threshold_pct": 10.0}}, {"type": "Feature", "geometry": {"type": "Polygon", "coordinates": [[[-3.0909675357587196, 53.40309842354282], [-3.090962936371592, 53.40291868512742], [-3.0906621753370724, 53.402921433383334], [-3.0906667734571416, 53.40310117181666], [-3.0909675357587196, 53.40309842354282]]]}, "properties": {"kind": "max_footprint", "threshold_pct": 10.0}}, {"type": "Feature", "geometry": {"type": "Polygon", "coordinates": [[[-3.0846423715470355, 53.40279650065493], [-3.084637798866685, 53.402616761853174], [-3.084036279744755, 53.40262222572621], [-3.084031709647664, 53.40244248688316], [-3.0837309512799767, 53.402445217665814], [-3.083740088989243, 53.402804695381796], [-3.0846423715470355, 53.40279650065493]]]}, "properties": {"kind": "max_footprint", "threshold_pct": 10.0}}, {"type": "Feature", "geometry": {"type": "Polygon", "coordinates": [[[-3.0852393177918382, 53.4026112949506], [-3.0852301675106157, 53.40225181740115], [-3.084929410606692, 53.40225455119551], [-3.0849385583538655, 53.402614028780576], [-3.0852393177918382, 53.4026112949506]]]}, "properties": {"kind": "max_footprint", "threshold_pct": 10.0}}, {"type": "Feature", "geometry": {"type": "Polygon", "coordinates": [[[-3.0906437833514646, 53.40220247959283], [-3.0906391854787265, 53.40202274113091], [-3.0903384307298327, 53.40202548853997], [-3.09034302733558, 53.40220522701979], [-3.0906437833514646, 53.40220247959283]]]}, "properties": {"kind": "max_footprint", "threshold_pct": 10.0}}, {"type": "Feature", "geometry": {"type": "Polygon", "coordinates": [[[-3.090893951502033, 53.4002226082095], [-3.090889352906522, 53.40004286970254], [-3.090588612143094, 53.40004561767206], [-3.090593209471764, 53.40022535619693], [-3.090893951502033, 53.4002226082095]]]}, "properties": {"kind": "max_footprint", "threshold_pct": 10.0}}, {"type": "Feature", "geometry": {"type": "Polygon", "coordinates": [[[-3.0968995338858356, 53.39980801312455], [-3.09689491005314, 53.39962827496517], [-3.0965941728153115, 53.399631038044745], [-3.096598795381208, 53.39981077622213], [-3.0968995338858356, 53.39980801312455]]]}, "properties": {"kind": "max_footprint", "threshold_pct": 10.0}}, {"type": "Feature", "geometry": {"type": "Polygon", "coordinates": [[[-3.090584014863881, 53.399865879141494], [-3.090579417634122, 53.3996861406052], [-3.0899779410261963, 53.39969163420077], [-3.0899825357223243, 53.39987137277285], [-3.090584014863881, 53.399865879141494]]]}, "properties": {"kind": "max_footprint", "threshold_pct": 10.0}}, {"type": "Feature", "geometry": {"type": "Polygon", "coordinates": [[[-3.0956827234215876, 53.39927984625986], [-3.0956781048051516, 53.399100108011325], [-3.0950766374828196, 53.399105627247046], [-3.0950812535657333, 53.39928536553151], [-3.0956827234215876, 53.39927984625986]]]}, "properties": {"kind": "max_footprint", "threshold_pct": 10.0}}, {"type": "Feature", "geometry": {"type": "Polygon", "coordinates": [[[-3.097181772241267, 53.39908629666975], [-3.0971771473407865, 53.398906558505445], [-3.095673486238399, 53.39892036975707], [-3.0956781048051516, 53.399100108011325], [-3.097181772241267, 53.39908629666975]]]}, "properties": {"kind": "max_footprint", "threshold_pct": 10.0}}, {"type": "Feature", "geometry": {"type": "Polygon", "coordinates": [[[-3.0941652117105307, 53.39875442372712], [-3.094160599576755, 53.398574685371585], [-3.0938598694924204, 53.398577441527834], [-3.0938644803594717, 53.39875717990133], [-3.0941652117105307, 53.39875442372712]]]}, "properties": {"kind": "max_footprint", "threshold_pct": 10.0}}, {"type": "Feature", "geometry": {"type": "Polygon", "coordinates": [[[-3.0938598694924204, 53.398577441527834], [-3.0938506479071175, 53.39821796476369], [-3.0935499203065913, 53.398220720126794], [-3.0935591393584847, 53.39858019692682], [-3.0938598694924204, 53.398577441527834]]]}, "properties": {"kind": "max_footprint", "threshold_pct": 10.0}}, {"type": "Feature", "geometry": {"type": "Polygon", "coordinates": [[[-3.088145988481497, 53.39862966461637], [-3.088141401731681, 53.39844992589702], [-3.0887428611977077, 53.39844444163905], [-3.088738271963814, 53.39826470294969], [-3.0884375435221876, 53.398267445439444], [-3.0884329556043566, 53.3980877067265], [-3.0881322283800734, 53.39809044844113], [-3.088136815031207, 53.39827018717194], [-3.0878360864908867, 53.39827292814718], [-3.0878452574077406, 53.39863240562732], [-3.088145988481497, 53.39862966461637]]]}, "properties": {"kind": "max_footprint", "threshold_pct": 10.0}}, {"type": "Feature", "geometry": {"type": "Polygon", "coordinates": [[[-3.0935499203065913, 53.398220720126794], [-3.0935407014530396, 53.39786124330386], [-3.0932399763362826, 53.39786399787381], [-3.0932261522277638, 53.39732478254267], [-3.092925430861373, 53.39732753630158], [-3.0929208241909554, 53.39714779782849], [-3.092620104041626, 53.397150550812235], [-3.0926339204016484, 53.397689766268144], [-3.0929346443508727, 53.3976870132306], [-3.0929438580385966, 53.39804649013673], [-3.093244584471596, 53.398043736306086], [-3.093249192656479, 53.398223474732625], [-3.0935499203065913, 53.398220720126794]]]}, "properties": {"kind": "max_footprint", "threshold_pct": 10.0}}, {"type": "Feature", "geometry": {"type": "Polygon", "coordinates": [[[-3.098930584800311, 53.3969128410177], [-3.098925952897334, 53.39673310289281], [-3.098625236274836, 53.39673587098492], [-3.098629866911236, 53.39691560912784], [-3.098930584800311, 53.3969128410177]]]}, "properties": {"kind": "max_footprint", "threshold_pct": 10.0}}, {"type": "Feature", "geometry": {"type": "Polygon", "coordinates": [[[-3.0959234036696675, 53.39694048804451], [-3.0959187844324876, 53.39676074973955], [-3.0956180673124907, 53.396763510259554], [-3.0956226852830864, 53.396943248582495], [-3.0959234036696675, 53.39694048804451]]]}, "properties": {"kind": "max_footprint", "threshold_pct": 10.0}}, {"type": "Feature", "geometry": {"type": "Polygon", "coordinates": [[[-3.091107304559167, 53.39680482719421], [-3.091102705636882, 53.396625088596444], [-3.090801988990301, 53.396627836983114], [-3.0908065866460035, 53.3968075755988], [-3.091107304559167, 53.39680482719421]]]}, "properties": {"kind": "max_footprint", "threshold_pct": 10.0}}, {"type": "Feature", "geometry": {"type": "Polygon", "coordinates": [[[-3.0956180673124907, 53.396763510259554], [-3.0956134493915712, 53.39658377193089], [-3.0953127334884707, 53.39658653167574], [-3.09530811688378, 53.39640679332336], [-3.095007402197577, 53.396409552293], [-3.0950027869090917, 53.39622981391695], [-3.0947020734397857, 53.39623257211144], [-3.0947113015332994, 53.396592048893766], [-3.095012017535708, 53.396589290663336], [-3.0950166329234863, 53.39676902902795], [-3.0956180673124907, 53.396763510259554]]]}, "properties": {"kind": "max_footprint", "threshold_pct": 10.0}}, {"type": "Feature", "geometry": {"type": "Polygon", "coordinates": [[[-3.0923055717283705, 53.39661408747756], [-3.092296363899738, 53.39625461040817], [-3.0919956499842347, 53.396257361787846], [-3.0919910474107404, 53.39607762322666], [-3.0916903347122675, 53.39608037383124], [-3.091699537375673, 53.39643985098375], [-3.092000252607238, 53.39643710034333], [-3.0920048552797508, 53.3966168388931], [-3.0923055717283705, 53.39661408747756]]]}, "properties": {"kind": "max_footprint", "threshold_pct": 10.0}}, {"type": "Feature", "geometry": {"type": "Polygon", "coordinates": [[[-3.097413118295965, 53.39638745933415], [-3.097403867504082, 53.39602798286411], [-3.097103155698848, 53.39603074709816], [-3.0971124039576665, 53.39639022360421], [-3.097413118295965, 53.39638745933415]]]}, "properties": {"kind": "max_footprint", "threshold_pct": 10.0}}, {"type": "Feature", "geometry": {"type": "Polygon", "coordinates": [[[-3.1067305733538846, 53.3961216537208], [-3.1067259087208856, 53.39594191604349], [-3.106425198464352, 53.39594470375032], [-3.106429861830849, 53.39612444144578], [-3.1067305733538846, 53.3961216537208]]]}, "properties": {"kind": "max_footprint", "threshold_pct": 10.0}}, {"type": "Feature", "geometry": {"type": "Polygon", "coordinates": [[[-3.096187159368082, 53.3954998202932], [-3.0961732991986786, 53.39496060527773], [-3.095271185833964, 53.394968886298386], [-3.095275802041393, 53.39514862469653], [-3.0955765078124187, 53.395145865095515], [-3.0955811253359657, 53.39532560346995], [-3.0958818323237827, 53.39532284309379], [-3.0958864511634743, 53.39550258144454], [-3.096187159368082, 53.3954998202932]]]}, "properties": {"kind": "max_footprint", "threshold_pct": 10.0}}, {"type": "Feature", "geometry": {"type": "Polygon", "coordinates": [[[-3.0970985316440505, 53.39585100883656], [-3.0970892836836703, 53.39549153229615], [-3.0976906996453955, 53.39548600317888], [-3.0976860732068707, 53.39530626493609], [-3.0982874864365972, 53.39530073282617], [-3.098282857514927, 53.3951209946137], [-3.0985835627886535, 53.395118227441], [-3.098574302561818, 53.394758751034935], [-3.0976721941898857, 53.39476705017341], [-3.0976768204791174, 53.39494678843337], [-3.0967747078600345, 53.39495508081147], [-3.0967793303996984, 53.395134819119704], [-3.097080035922245, 53.39513205573283], [-3.0970846597780883, 53.39531179401735], [-3.096783952989085, 53.39531455742222], [-3.0967885756281954, 53.395494295719004], [-3.096187159368082, 53.3954998202932], [-3.0961917795239438, 53.39567955862025], [-3.0964924889453425, 53.395676796693756], [-3.0964971104174017, 53.39585653499708], [-3.0970985316440505, 53.39585100883656]]]}, "properties": {"kind": "max_footprint", "threshold_pct": 10.0}}, {"type": "Feature", "geometry": {"type": "Polygon", "coordinates": [[[-3.0964740035542104, 53.39495784342318], [-3.096469382330702, 53.39477810509121], [-3.0961686792416008, 53.39478086692778], [-3.0961732991986786, 53.39496060527773], [-3.0964740035542104, 53.39495784342318]]]}, "properties": {"kind": "max_footprint", "threshold_pct": 10.0}}, {"type": "Feature", "geometry": {"type": "Polygon", "coordinates": [[[-3.095271185833964, 53.394968886298386], [-3.0952665696761885, 53.39478914789451], [-3.0949658663883937, 53.39479190670244], [-3.0949566367546324, 53.39443242984158], [-3.094054534191958, 53.39444070161467], [-3.094063756227221, 53.39480017858326], [-3.094665163050958, 53.39479466475321], [-3.094669776675861, 53.394974403193004], [-3.095271185833964, 53.394968886298386]]]}, "properties": {"kind": "max_footprint", "threshold_pct": 10.0}}, {"type": "Feature", "geometry": {"type": "Polygon", "coordinates": [[[-3.099777113027084, 53.3947476749168], [-3.0997678428682187, 53.39438819863209], [-3.0994671428594627, 53.39439096876127], [-3.0994625091211985, 53.3942112305923], [-3.0991618103289835, 53.39421399994631], [-3.0991664428008634, 53.394393738133324], [-3.098565042534193, 53.39439927460595], [-3.0985696725231047, 53.3945790128233], [-3.099471776647569, 53.39457070692452], [-3.099476410485518, 53.394750445082074], [-3.099777113027084, 53.3947476749168]]]}, "properties": {"kind": "max_footprint", "threshold_pct": 10.0}}, {"type": "Feature", "geometry": {"type": "Polygon", "coordinates": [[[-3.098856480331262, 53.39403703033237], [-3.098851849225396, 53.39385729211588], [-3.098250456457344, 53.39386282696608], [-3.098255085030492, 53.394042565218626], [-3.098856480331262, 53.39403703033237]]]}, "properties": {"kind": "max_footprint", "threshold_pct": 10.0}}, {"type": "Feature", "geometry": {"type": "Polygon", "coordinates": [[[-3.1009660023343657, 53.3941973724652], [-3.1009567223437458, 53.39383789629058], [-3.1006560263335987, 53.39384066939416], [-3.1006513876794912, 53.393660931280195], [-3.1000499980422065, 53.39366647517984], [-3.100059270334926, 53.39402595147427], [-3.1003599677112046, 53.3940231798669], [-3.1003646051987346, 53.394202917987464], [-3.1009660023343657, 53.3941973724652]]]}, "properties": {"kind": "max_footprint", "threshold_pct": 10.0}}, {"type": "Feature", "geometry": {"type": "Polygon", "coordinates": [[[-3.103339038871531, 53.392916994392], [-3.1033343890704663, 53.39273725641212], [-3.1027330129950728, 53.39274281375898], [-3.102737660263604, 53.39292255177505], [-3.103339038871531, 53.392916994392]]]}, "properties": {"kind": "max_footprint", "threshold_pct": 10.0}}, {"type": "Feature", "geometry": {"type": "Polygon", "coordinates": [[[-3.1027330129950728, 53.39274281375898], [-3.1027283657765268, 53.392563075737186], [-3.102427678930099, 53.39256585325688], [-3.10243232488239, 53.39274559129678], [-3.1027330129950728, 53.39274281375898]]]}, "properties": {"kind": "max_footprint", "threshold_pct": 10.0}}, {"type": "Feature", "geometry": {"type": "Polygon", "coordinates": [[[-3.1000453619706487, 53.39348673702405], [-3.1000407259489573, 53.39330699886252], [-3.1012434948933896, 53.3932959081792], [-3.101238853856366, 53.39311617008418], [-3.1015395447014082, 53.39311339553864], [-3.101530260244565, 53.39275391936758], [-3.1012295719320737, 53.392756693876976], [-3.1012202902074537, 53.39239721764685], [-3.1006189184977395, 53.39240276432211], [-3.100614280242765, 53.39222302616233], [-3.1000129108659578, 53.39222856977313], [-3.10000827519331, 53.392048831571515], [-3.0997075916963275, 53.39205160222325], [-3.099716860559032, 53.39241107865683], [-3.1000175465884667, 53.39240830796901], [-3.1000314540551694, 53.3929475225223], [-3.099730764226953, 53.39295029326425], [-3.099744668343529, 53.393489507820135], [-3.1000453619706487, 53.39348673702405]]]}, "properties": {"kind": "max_footprint", "threshold_pct": 10.0}}, {"type": "Feature", "geometry": {"type": "Polygon", "coordinates": [[[-3.0997075916963275, 53.39205160222325], [-3.0997029573397468, 53.39187186399788], [-3.099402275059124, 53.39187463387449], [-3.099406908149498, 53.3920543721179], [-3.0997075916963275, 53.39205160222325]]]}, "properties": {"kind": "max_footprint", "threshold_pct": 10.0}}, {"type": "Feature", "geometry": {"type": "Polygon", "coordinates": [[[-3.1024137413730517, 53.392026639102866], [-3.1024044499182017, 53.39166716297155], [-3.101803088737585, 53.39167271555884], [-3.1018123751276594, 53.39203219176251], [-3.1024137413730517, 53.392026639102866]]]}, "properties": {"kind": "max_footprint", "threshold_pct": 10.0}}, {"type": "Feature", "geometry": {"type": "Polygon", "coordinates": [[[-3.1047866142324585, 53.390746232635365], [-3.104781958701004, 53.390566494677316], [-3.104481286132596, 53.3905692772973], [-3.1044719777520564, 53.39020980132777], [-3.1041713076657502, 53.39021258315448], [-3.104185266513389, 53.39075179715452], [-3.1047866142324585, 53.390746232635365]]]}, "properties": {"kind": "max_footprint", "threshold_pct": 10.0}}, {"type": "Feature", "geometry": {"type": "Polygon", "coordinates": [[[-3.113200770237231, 53.39048827396261], [-3.113196079305745, 53.39030853650827], [-3.1128954094105774, 53.390311340306866], [-3.1128907197955975, 53.390131602828546], [-3.1125900511160434, 53.39013440585186], [-3.1125994278643256, 53.390493880839315], [-3.113200770237231, 53.39048827396261]]]}, "properties": {"kind": "max_footprint", "threshold_pct": 10.0}}, {"type": "Feature", "geometry": {"type": "Polygon", "coordinates": [[[-3.105387961751239, 53.39074066508803], [-3.105383303687585, 53.39056092716626], [-3.1056839761057344, 53.39055814227517], [-3.105674657596573, 53.39019866645068], [-3.1053739877105775, 53.39020145130551], [-3.105378645674032, 53.39038118923874], [-3.1050779744718673, 53.390383973354645], [-3.1050872880168927, 53.390743449240226], [-3.105387961751239, 53.39074066508803]]]}, "properties": {"kind": "max_footprint", "threshold_pct": 10.0}}, {"type": "Feature", "geometry": {"type": "Polygon", "coordinates": [[[-3.1131866975941325, 53.3899490615824], [-3.1131820068140024, 53.38976932411084], [-3.1128813407169496, 53.38977212785467], [-3.112886030231054, 53.38995186534447], [-3.1131866975941325, 53.3899490615824]]]}, "properties": {"kind": "max_footprint", "threshold_pct": 10.0}}, {"type": "Feature", "geometry": {"type": "Polygon", "coordinates": [[[-3.1155920346813595, 53.38992660423331], [-3.115587333773062, 53.38974686690803], [-3.115286668079994, 53.38974967670789], [-3.115281968488262, 53.38956993935858], [-3.114981304010654, 53.38957274838316], [-3.1149766057354573, 53.389393011009815], [-3.1143752791606487, 53.38939862675139], [-3.1143799749038585, 53.3895783641613], [-3.114680639482515, 53.38957555665072], [-3.114690033652476, 53.38993503141679], [-3.1155920346813595, 53.38992660423331]]]}, "properties": {"kind": "max_footprint", "threshold_pct": 10.0}}, {"type": "Feature", "geometry": {"type": "Polygon", "coordinates": [[[-3.1143752791606487, 53.38939862675139], [-3.114370583467943, 53.38921888933572], [-3.1140699213707568, 53.389221696052736], [-3.1140746157974815, 53.38940143348666], [-3.1143752791606487, 53.38939862675139]]]}, "properties": {"kind": "max_footprint", "threshold_pct": 10.0}}, {"type": "Feature", "geometry": {"type": "Polygon", "coordinates": [[[-3.1125900511160434, 53.39013440585186], [-3.1125806745694593, 53.389774930841476], [-3.112280008371546, 53.38977773307128], [-3.1122706345586666, 53.38941825800146], [-3.1119699708423574, 53.389421059437765], [-3.1119605997630684, 53.38906158430853], [-3.111359277243196, 53.38906718483719], [-3.111368643258563, 53.38942666003937], [-3.1116693070756503, 53.38942386011708], [-3.111673991424885, 53.389603597691334], [-3.1119746564575914, 53.38960079699378], [-3.1119840278392497, 53.38996027208863], [-3.1122846953535994, 53.389957470597594], [-3.1122893823860633, 53.39013720811816], [-3.1125900511160434, 53.39013440585186]]]}, "properties": {"kind": "max_footprint", "threshold_pct": 10.0}}, {"type": "Feature", "geometry": {"type": "Polygon", "coordinates": [[[-3.105749211282883, 53.3930744724049], [-3.1057445513015924, 53.39289473457571], [-3.1066466176362146, 53.39288637465248], [-3.106641953906272, 53.39270663687203], [-3.106341266444468, 53.392709424252054], [-3.1063366040309317, 53.39252968644772], [-3.105133858747345, 53.392540828324314], [-3.1051292014488885, 53.39236109044169], [-3.1045278310389453, 53.39236665680119], [-3.10451852165717, 53.39200718094625], [-3.1057212521469713, 53.391996045343944], [-3.1057165924664063, 53.391816307480404], [-3.1066186360089807, 53.391807947883834], [-3.106609309201186, 53.39144847224846], [-3.1069099877494066, 53.39144568423844], [-3.106905323154596, 53.39126594643032], [-3.107206000386498, 53.391263157681415], [-3.107210666247455, 53.39144289547139], [-3.107511344695318, 53.39144010594726], [-3.1075066775682147, 53.39126036817547], [-3.1081080317810406, 53.391254786892404], [-3.108112701440436, 53.39143452462785], [-3.1084133797376636, 53.39143173283255], [-3.108408708812123, 53.39125199511528], [-3.1093107396038815, 53.39124361524164], [-3.109306064930191, 53.39106387757322], [-3.1081033621718683, 53.39107504915122], [-3.1080986926129226, 53.39089531140431], [-3.1077980180638654, 53.39089810238801], [-3.1077933498212476, 53.39071836461718], [-3.108094023104199, 53.39071557365166], [-3.1080893536456995, 53.390535835893296], [-3.108390025612337, 53.39053304418891], [-3.1083853549379836, 53.39035330644298], [-3.1086860255883093, 53.39035051399974], [-3.108681353698128, 53.3901707762663], [-3.1089820230321448, 53.390167983084226], [-3.1089866961883885, 53.3903477207995], [-3.109588037237743, 53.3903421321279], [-3.1095973887653443, 53.390701607468465], [-3.1114014258989635, 53.39068482306647], [-3.1114061093347916, 53.39086456061882], [-3.1120074571753538, 53.3908589597254], [-3.1120121431937746, 53.391038697235565], [-3.112914168374902, 53.39103029016288], [-3.1129094785581595, 53.39085055270748], [-3.1126088048143137, 53.39085335580383], [-3.112604116314105, 53.39067361832444], [-3.1123034437859274, 53.39067642064549], [-3.1122940694689394, 53.39031694563301], [-3.1119933994224946, 53.390319747160525], [-3.1119887136056743, 53.39014000962746], [-3.110786037980272, 53.390151208094395], [-3.1107813572780154, 53.38997147048266], [-3.1104806895118173, 53.38997426818862], [-3.110476010125933, 53.3897945305529], [-3.110175343575437, 53.38979732748363], [-3.110170665505899, 53.38961758982399], [-3.1098700001711053, 53.389620385979505], [-3.1098746769746253, 53.38980012365736], [-3.1095740103235134, 53.389802919074086], [-3.1095599838618706, 53.38926370596868], [-3.108958658004835, 53.3892692944219], [-3.1089446395915505, 53.38873008115572], [-3.108643980385539, 53.38873287419226], [-3.108634637559828, 53.38837339861645], [-3.108333980835441, 53.38837619085964], [-3.1083293107638594, 53.38819645304493], [-3.1080286552551595, 53.38819924451297], [-3.1080053119799995, 53.38730055526266], [-3.1077046627504528, 53.387303345882856], [-3.107709330039218, 53.38748308376256], [-3.1074086794936298, 53.387485873643975], [-3.107413345566729, 53.387665611536114], [-3.107713997378179, 53.38766282163652], [-3.107732667235999, 53.38838177307508], [-3.1080333240608273, 53.38837898234585], [-3.1080426618228034, 53.388738457994386], [-3.1077420024661047, 53.38874124875997], [-3.1077466701564607, 53.38892098659383], [-3.1071453487605627, 53.38892656589039], [-3.107159344536943, 53.389465779466576], [-3.1074600090579376, 53.389462990142306], [-3.1074646756830955, 53.38964272797139], [-3.10776534141991, 53.38963993787194], [-3.1077700093612823, 53.38981967567713], [-3.107469342358444, 53.38982246579478], [-3.1074740090839854, 53.39000220361241], [-3.107173340764918, 53.39000499299118], [-3.1071686753054144, 53.38982525515539], [-3.1068680082022055, 53.389828043758996], [-3.106863344058907, 53.38964830589929], [-3.1062620122340623, 53.38965388079915], [-3.1062713355066935, 53.39001335658545], [-3.106572003976258, 53.3900105694777], [-3.106576666953834, 53.39019030734412], [-3.106877336639299, 53.39018751946119], [-3.1068820009330955, 53.3903672573037], [-3.1071826718344613, 53.39036446864562], [-3.1071966688151353, 53.39090368208429], [-3.1056932948153473, 53.39091761807674], [-3.1056979542453274, 53.39109735596893], [-3.1053972780288466, 53.39110014091441], [-3.105406594506864, 53.391459616717896], [-3.1045045579599893, 53.39146796712087], [-3.104495249078848, 53.39110849120862], [-3.1041945726620437, 53.39111127312591], [-3.104189919562693, 53.39093153514308], [-3.1038892443619663, 53.39093431628521], [-3.1038845925787766, 53.39075457827854], [-3.1032832445594694, 53.390760138255466], [-3.103301841863345, 53.39147909039262], [-3.1030011627141283, 53.391481869317914], [-3.103005810898946, 53.39166160735598], [-3.1027051304335647, 53.39166438554229], [-3.1027097774021906, 53.39184412359273], [-3.103311140815328, 53.39183856642682], [-3.1033250896183775, 53.39237778043519], [-3.1036257750485694, 53.39237500066231], [-3.1036350770331493, 53.392734476603046], [-3.1039357649458075, 53.39273169603687], [-3.103940417279402, 53.39291143398052], [-3.103339038871531, 53.392916994392], [-3.103343688722608, 53.393096732366125], [-3.105749211282883, 53.3930744724049]]]}, "properties": {"kind": "max_footprint", "threshold_pct": 10.0}}, {"type": "Feature", "geometry": {"type": "Polygon", "coordinates": [[[-3.114281374901252, 53.38580387734886], [-3.114276680218465, 53.385624139818546], [-3.113976043438036, 53.385626946169985], [-3.1139807368551127, 53.3858066837186], [-3.114281374901252, 53.38580387734886]]]}, "properties": {"kind": "max_footprint", "threshold_pct": 10.0}}, {"type": "Feature", "geometry": {"type": "Polygon", "coordinates": [[[-3.121811488891185, 53.38627268329547], [-3.121806762413434, 53.38609294624083], [-3.1215061231021806, 53.38609577156975], [-3.121496672830591, 53.38573629740652], [-3.1211960359999433, 53.38573912194172], [-3.121191312206063, 53.38555938483311], [-3.1208906765903053, 53.38556220859303], [-3.120885954112904, 53.3853824714603], [-3.1199840507579983, 53.38539093814362], [-3.1199887694383603, 53.385570675331486], [-3.1202894052064396, 53.38556785384223], [-3.120298845250807, 53.385927328164044], [-3.1209001216974706, 53.385921682841314], [-3.1209048443272365, 53.38610141995684], [-3.12120548374011, 53.38609859614174], [-3.1212102076863997, 53.38627833323315], [-3.121811488891185, 53.38627268329547]]]}, "properties": {"kind": "max_footprint", "threshold_pct": 10.0}}, {"type": "Feature", "geometry": {"type": "Polygon", "coordinates": [[[-3.113976043438036, 53.385626946169985], [-3.1139713500714334, 53.385447208615645], [-3.113670714506224, 53.38545001419194], [-3.11367540660713, 53.38562975176454], [-3.113976043438036, 53.385626946169985]]]}, "properties": {"kind": "max_footprint", "threshold_pct": 10.0}}, {"type": "Feature", "geometry": {"type": "Polygon", "coordinates": [[[-3.113670714506224, 53.38545001419194], [-3.113666022455776, 53.385270276613596], [-3.1133653881057897, 53.38527308141473], [-3.1133700788905534, 53.38545281901134], [-3.113670714506224, 53.38545001419194]]]}, "properties": {"kind": "max_footprint", "threshold_pct": 10.0}}, {"type": "Feature", "geometry": {"type": "Polygon", "coordinates": [[[-3.1133653881057897, 53.38527308141473], [-3.1133513160541706, 53.38473386859049], [-3.1130506854507067, 53.38473667257996], [-3.1130413068664256, 53.38437719729861], [-3.1127406787437777, 53.38438000049469], [-3.112731302892405, 53.38402052515391], [-3.1124306772505346, 53.384023327556626], [-3.1124259906660443, 53.38384358985938], [-3.1121253662393498, 53.38384639148702], [-3.112148793337786, 53.38474508000714], [-3.1118481625326835, 53.384747880969144], [-3.1118528468378908, 53.3849276186742], [-3.1124541109289985, 53.38492201595687], [-3.1124587978158993, 53.385101753619715], [-3.1127594310515128, 53.38509895110747], [-3.1127641192544906, 53.38527868874634], [-3.1133653881057897, 53.38527308141473]]]}, "properties": {"kind": "max_footprint", "threshold_pct": 10.0}}, {"type": "Feature", "geometry": {"type": "Polygon", "coordinates": [[[-3.1145350556844633, 53.3840036948437], [-3.1145256648479434, 53.38364421969918], [-3.1139244191813553, 53.383649832756866], [-3.113933804955614, 53.38400930797449], [-3.1145350556844633, 53.3840036948437]]]}, "properties": {"kind": "max_footprint", "threshold_pct": 10.0}}, {"type": "Feature", "geometry": {"type": "Polygon", "coordinates": [[[-3.1121253662393498, 53.38384639148702], [-3.1121206809708233, 53.38366665376579], [-3.111820057759308, 53.383669454618335], [-3.11182474176227, 53.383849192357786], [-3.1121253662393498, 53.38384639148702]]]}, "properties": {"kind": "max_footprint", "threshold_pct": 10.0}}, {"type": "Feature", "geometry": {"type": "Polygon", "coordinates": [[[-3.1189501507971635, 53.38036675288261], [-3.118945437384001, 53.38018701547325], [-3.1186448393775956, 53.38018983338439], [-3.1186495515254693, 53.38036957081209], [-3.1189501507971635, 53.38036675288261]]]}, "properties": {"kind": "max_footprint", "threshold_pct": 10.0}}, {"type": "Feature", "geometry": {"type": "Polygon", "coordinates": [[[-3.1210401776209356, 53.379807794327924], [-3.1210354555031095, 53.379628057029954], [-3.1207348616475463, 53.379630880183115], [-3.1207301408457258, 53.379451142861036], [-3.12042954820463, 53.3794539652391], [-3.120424828718789, 53.3792742278929], [-3.1201242372921616, 53.379277049495855], [-3.1201195191222704, 53.37909731212553], [-3.119818928910113, 53.379100132953425], [-3.1198142120561476, 53.37892039555901], [-3.1192130340100674, 53.37892603490789], [-3.1192083197371776, 53.37874629747101], [-3.118306556083439, 53.37875475076402], [-3.118311266560788, 53.37893448825594], [-3.118611855761218, 53.37893167122998], [-3.118616567554412, 53.3791114086978], [-3.1195183386472345, 53.379102953024585], [-3.1195230542867156, 53.37928269043164], [-3.1198236458147983, 53.379279870342096], [-3.119828362770206, 53.379459607725046], [-3.1201289555127856, 53.37945678686043], [-3.120133673784145, 53.379636524219265], [-3.1204342677412216, 53.37963370257955], [-3.1204389873285616, 53.37981343991427], [-3.1210401776209356, 53.379807794327924]]]}, "properties": {"kind": "max_footprint", "threshold_pct": 10.0}}, {"type": "Feature", "geometry": {"type": "Polygon", "coordinates": [[[-3.1247773532882657, 53.373300486513166], [-3.1247584066656438, 53.372581537418135], [-3.1244578628047392, 53.372584369689314], [-3.1244436571665166, 53.37204515775245], [-3.12414311704873, 53.37204798921179], [-3.1241383832024585, 53.37186825186958], [-3.123837844298427, 53.37187108255396], [-3.1238473095125525, 53.3722305572695], [-3.1235467680283233, 53.37223338723422], [-3.1235514994470313, 53.37241312460182], [-3.123852042195937, 53.37241029461864], [-3.1238567749302075, 53.372590031962076], [-3.1241573188929217, 53.37258720120394], [-3.124166787043538, 53.372946675836715], [-3.124467333484777, 53.37294384428519], [-3.124476804368466, 53.373303318858106], [-3.1247773532882657, 53.373300486513166]]]}, "properties": {"kind": "max_footprint", "threshold_pct": 10.0}}, {"type": "Feature", "geometry": {"type": "Polygon", "coordinates": [[[-3.1140699213707568, 53.389221696052736], [-3.114055838393513, 53.388682483716536], [-3.114657154941664, 53.38867686963521], [-3.114661851748802, 53.388856607049796], [-3.1155638299899504, 53.388848180195595], [-3.115559129384999, 53.38866844283589], [-3.115258471287758, 53.38867125252598], [-3.115253771999283, 53.38849151514225], [-3.114953115117427, 53.38849432405708], [-3.1149484171454036, 53.38831458664933], [-3.1158503838416154, 53.38830615768887], [-3.1158550856113663, 53.388485895041725], [-3.116456399021176, 53.388480271913316], [-3.116461103373338, 53.3886600092238], [-3.117363076906313, 53.38865156879894], [-3.117358368756392, 53.38847183154341], [-3.116757055650194, 53.38847745921364], [-3.116752350082721, 53.38829772191573], [-3.11645169471961, 53.388300534597086], [-3.1164469904686376, 53.38812079727511], [-3.1161463363208255, 53.38812360918118], [-3.116141633386327, 53.387943871835155], [-3.115840980453815, 53.38794668296595], [-3.115831577268278, 53.387587208220104], [-3.1155309268169242, 53.38759001855735], [-3.115526226565842, 53.3874102811575], [-3.116728823004462, 53.387399035340124], [-3.1167194125273943, 53.38703956066974], [-3.1170200589789374, 53.38703674735969], [-3.1170247654579804, 53.38721648467943], [-3.118528003285215, 53.38720240668353], [-3.1185327161439864, 53.387382143905846], [-3.119134013451817, 53.387376507372224], [-3.1191387288929415, 53.38755624455211], [-3.1194393787366255, 53.38755342513155], [-3.1194440954943095, 53.387733162287326], [-3.1200453975611713, 53.38772752113862], [-3.1200501169012993, 53.38790725825192], [-3.1203507691244603, 53.38790443652377], [-3.1203460485184755, 53.387724699428844], [-3.1209473502807623, 53.38771905373845], [-3.120942627193861, 53.38753931667456], [-3.1203413279632595, 53.38754496232817], [-3.1203366074588113, 53.38736522522177], [-3.119735310556796, 53.387370867810894], [-3.119730592634749, 53.38719113066199], [-3.119129298061407, 53.387196770186634], [-3.1191245827217107, 53.38701703299527], [-3.1188239366247688, 53.38701985160383], [-3.1188097947072793, 53.386480639940295], [-3.118509152356978, 53.38648345773688], [-3.1185044397516277, 53.38630372048588], [-3.118805080836177, 53.38630090270765], [-3.1188003670157687, 53.386121165469255], [-3.119101006783885, 53.386118346952486], [-3.119096291748448, 53.38593860972672], [-3.119697568601097, 53.385932970459166], [-3.119683416204853, 53.38539375885762], [-3.1199840507579983, 53.38539093814362], [-3.1199793321283824, 53.38521120094998], [-3.120279965365115, 53.38520837949747], [-3.1202752455205904, 53.385028642316485], [-3.1205758774409116, 53.38502582012548], [-3.120571156381508, 53.38484608295714], [-3.1196692642652, 53.384854547204434], [-3.119664547053445, 53.384674809975245], [-3.1208670647111614, 53.38466352287194], [-3.1208717869854192, 53.38484326002763], [-3.1211724175385465, 53.384840436341264], [-3.121177141129226, 53.38502017347283], [-3.1214777728971908, 53.38501734901121], [-3.12148249780432, 53.38519708611864], [-3.122083763719098, 53.38519143488795], [-3.1220884912083653, 53.38537117195285], [-3.1226897594511036, 53.38536551765784], [-3.12268029946079, 53.385006043595965], [-3.1232815624374433, 53.38500038634711], [-3.1232720975880954, 53.38464091233597], [-3.122971468656462, 53.384643741301986], [-3.1229572755609083, 53.38410453018695], [-3.1226566503751694, 53.384107358340835], [-3.12264719109697, 53.38374788419862], [-3.122346568391487, 53.38375071155883], [-3.122351296739603, 53.383930448651235], [-3.1220506727177186, 53.38393327527304], [-3.1220412186034263, 53.383573801045706], [-3.1217405970617986, 53.38357662687385], [-3.1217311456818817, 53.38321715258675], [-3.1220317646924696, 53.383214326795404], [-3.122036491622531, 53.383394063923426], [-3.122337111847798, 53.38339123735683], [-3.1223418400942187, 53.38357097446072], [-3.1241455679707015, 53.38355399905738], [-3.1241503038611893, 53.38373373604497], [-3.1247515486104622, 53.383728071485656], [-3.1247420718183094, 53.383368597578546], [-3.1244414520001973, 53.383371430199716], [-3.1244367149460603, 53.383191693219096], [-3.1247373334986666, 53.383188860616364], [-3.1247325952299785, 53.38300912364846], [-3.1250332124661377, 53.38300629030736], [-3.125037952000318, 53.38318602725681], [-3.1256391888507014, 53.38318035826726], [-3.1256297047713755, 53.38282088443645], [-3.1259303205891142, 53.382818048843376], [-3.1259255773604813, 53.38263831193783], [-3.1262261918617513, 53.38263547560642], [-3.126221447418677, 53.38245573871361], [-3.126522060603479, 53.382452901643866], [-3.12651731494599, 53.38227316476377], [-3.126817926814327, 53.38227032695572], [-3.1268131799424514, 53.38209059008835], [-3.1265125693395346, 53.382093427877926], [-3.126507823784111, 53.38191369098638], [-3.127109042408089, 53.38190801468739], [-3.127099546388796, 53.38154854096098], [-3.1277007597470057, 53.381542861708844], [-3.127667507573227, 53.38028470374441], [-3.12736690977691, 53.380287543619396], [-3.1273621609359608, 53.38010780672586], [-3.127061564353847, 53.38011064582564], [-3.127052069355636, 53.37975117198438], [-3.127352663407254, 53.3797483329216], [-3.1273574121460754, 53.379928069826605], [-3.12765800741187, 53.379925229988594], [-3.1276627574670095, 53.38010496686936], [-3.12796335394698, 53.380102126256126], [-3.1279681053184643, 53.38028186311268], [-3.1285693006556468, 53.38027617957899], [-3.128564546753631, 53.38009644275947], [-3.1288651430802847, 53.380093599876055], [-3.128860387964138, 53.3799138630693], [-3.1291609829744083, 53.37991101944767], [-3.12915147036505, 53.379551545853964], [-3.1294520627937175, 53.379548701512654], [-3.1294425478585306, 53.37918922793304], [-3.129743137705638, 53.37918638287205], [-3.1297336204447297, 53.37882690930653], [-3.1300342077103207, 53.3788240635259], [-3.1300199284073007, 53.378284853190145], [-3.1303205118262944, 53.37828200670843], [-3.13031575089587, 53.37810226993689], [-3.1306163329985606, 53.37809942271704], [-3.1306068087611076, 53.37773994919382], [-3.1309073882824134, 53.3777371012544], [-3.1309026249754264, 53.377557364502714], [-3.1312032031804446, 53.37755451582515], [-3.131198438659621, 53.377374779086296], [-3.130897861719656, 53.37737762774529], [-3.1308930985151036, 53.37719789098213], [-3.131193674190026, 53.37719504234169], [-3.131188909771663, 53.37701530559133], [-3.131790058437752, 53.37700960607758], [-3.131785291540591, 53.376829869358595], [-3.13148471849818, 53.376832719475225], [-3.13146089110605, 53.37593403570135], [-3.131761457823602, 53.37593118567751], [-3.1317471582084355, 53.37539197539994], [-3.132047721079988, 53.37538912467518], [-3.132042953379209, 53.37520938792308], [-3.131742391772546, 53.375212238629274], [-3.131737625387907, 53.375032501852864], [-3.1320381857296935, 53.375029651165214], [-3.132028650584445, 53.37467017763228], [-3.1323292083452614, 53.37466732622518], [-3.132310133610625, 53.373948379164645], [-3.1326106862609167, 53.373945527075264], [-3.1325868376724477, 53.37304684321321], [-3.132286291345916, 53.373049695209716], [-3.1322815230467786, 53.372869958401516], [-3.1319809779336936, 53.37287280962295], [-3.1319762109505205, 53.37269307279041], [-3.1322767547989074, 53.372690221587554], [-3.132252914328518, 53.3717915374316], [-3.1319523768034183, 53.37179438854164], [-3.1319285439375246, 53.370895704149255], [-3.129524292476653, 53.37091848505374], [-3.129519536173629, 53.37073874800971], [-3.128918475325893, 53.370744435634], [-3.128923229099806, 53.370924172715085], [-3.128322165518523, 53.370929857350504], [-3.128317414273725, 53.370750120232415], [-3.1259131680229126, 53.37077282836695], [-3.1259179091512226, 53.37095256563291], [-3.1256173768757898, 53.37095540076404], [-3.125622116790496, 53.37113513804272], [-3.1253215831995256, 53.37113797243582], [-3.1253263219005976, 53.37131770972723], [-3.125025786994087, 53.371320543382275], [-3.1250305244815006, 53.37150028068638], [-3.1247299882594497, 53.37150311360341], [-3.1247347245331762, 53.3716828509202], [-3.1244341869955834, 53.37168568309918], [-3.124438922055596, 53.371865420428676], [-3.1247394608578243, 53.371862588231274], [-3.124744197233394, 53.37204232553661], [-3.125345277214366, 53.37203665883537], [-3.125354755176948, 53.372396133355], [-3.125054212682595, 53.37239896712078], [-3.1250731641603484, 53.37311791616497], [-3.1253737117135345, 53.373115082325384], [-3.125378450975067, 53.37329481955363], [-3.1250779021571367, 53.37329765341167], [-3.1251015929052204, 53.37419633955907], [-3.124801037712429, 53.374199172752796], [-3.1247963007257344, 53.37401943551635], [-3.124195192716995, 53.37402509959724], [-3.124214130850699, 53.3747440486561], [-3.12451468993986, 53.37474121692019], [-3.124533633947621, 53.37546016581348], [-3.1233313770473767, 53.37547148851249], [-3.1233361081169324, 53.37565122579518], [-3.1230355424997422, 53.37565405459685], [-3.1230402723552304, 53.37583379189223], [-3.1233408392373594, 53.37583096307216], [-3.123345570408656, 53.37601070034337], [-3.1236461385048653, 53.37600787074825], [-3.123650870991999, 53.37618760799533], [-3.122749162755874, 53.37619609456606], [-3.122758620292882, 53.376555569153496], [-3.1230591922857585, 53.376552741016376], [-3.1230875737073553, 53.37763116453042], [-3.123388153239613, 53.37762833552615], [-3.123397616650572, 53.37798780994808], [-3.123698198662138, 53.37798498015025], [-3.12370293170905, 53.3781647173342], [-3.1234023484323705, 53.37816754715042], [-3.123407080265048, 53.37834728434705], [-3.1228059110288062, 53.378352941746314], [-3.1228106403820806, 53.378532678974025], [-3.122510054422529, 53.378535506557036], [-3.1225053263343976, 53.37835576931091], [-3.1219041567930765, 53.37836142217006], [-3.1219183336190444, 53.37890063400167], [-3.122218922210593, 53.37889780789524], [-3.1222283762123633, 53.37925728238415], [-3.1225289672834675, 53.379254455484194], [-3.1225195107513133, 53.378894981032104], [-3.1228200992411934, 53.37889215341227], [-3.122834287911281, 53.37943136502655], [-3.1219325109023464, 53.37943984578165], [-3.1219372367650795, 53.37961958303015], [-3.1222378304174523, 53.3796167568501], [-3.122256739437614, 53.38033570571315], [-3.1216555419599645, 53.38034135746374], [-3.121650817159237, 53.38016162021978], [-3.1210496220089237, 53.38016726890663], [-3.121044899789541, 53.37998753162014], [-3.120744303403479, 53.37999035481006], [-3.1207679086817097, 53.38088904127703], [-3.1204673059183934, 53.38089186380212], [-3.120462586026538, 53.380712126501805], [-3.1201619844777926, 53.380714948251764], [-3.1201572659020043, 53.38053521092738], [-3.1198566655678324, 53.38053803190221], [-3.1198519483080824, 53.380358294553695], [-3.119551349188483, 53.38036111475341], [-3.119546633244746, 53.38018137738078], [-3.1192460353397222, 53.380184196805395], [-3.119260179527167, 53.380723408961124], [-3.1195607812280928, 53.38072058948143], [-3.1195654973239684, 53.38090032683686], [-3.119866100239509, 53.38089750658203], [-3.119875535114098, 53.381256981238906], [-3.120176140509605, 53.3812541601906], [-3.12018085928836, 53.38143389749205], [-3.1198802526274863, 53.38143671855874], [-3.1198896878064537, 53.38179619318121], [-3.119288469270972, 53.381801833117706], [-3.1192931844057337, 53.38198157045705], [-3.1195937949642416, 53.38197875084883], [-3.119603227916741, 53.38233822547361], [-3.119302614827372, 53.38234104511856], [-3.1192978995911993, 53.38216130779065], [-3.118997287716562, 53.38216412666047], [-3.118987859927169, 53.38180465195078], [-3.117785422045186, 53.38181591971523], [-3.1177807132881195, 53.38163618227839], [-3.1174801049564, 53.38163899730922], [-3.117475397515357, 53.381459259848334], [-3.11627296874395, 53.381470512330495], [-3.116277671123438, 53.381650249864656], [-3.1165782796575647, 53.38164743786098], [-3.1165829833530236, 53.38182717537109], [-3.1168835931019707, 53.38182436259231], [-3.1168882981134276, 53.38200410007836], [-3.117489519990352, 53.38199847221378], [-3.1174942275832636, 53.38217820965747], [-3.117193615404677, 53.38218102398648], [-3.117203028211475, 53.382540498893306], [-3.117503642920958, 53.382537684527634], [-3.117508350665743, 53.38271742195409], [-3.1181095824637572, 53.382711790915685], [-3.1181001619629667, 53.38235231613033], [-3.11840077525508, 53.38234949951258], [-3.1184054867456035, 53.3825292368898], [-3.118706101252502, 53.38252641949689], [-3.1187202398245097, 53.383065631539026], [-3.1184196215211712, 53.383068448986954], [-3.1184290449582246, 53.38342792368974], [-3.117827803137493, 53.38343355638851], [-3.1178230939246734, 53.3832538190033], [-3.11752247420386, 53.383256634199114], [-3.117517766307195, 53.383076896789845], [-3.1172171478012625, 53.38307971121051], [-3.1172077346907905, 53.3827202363381], [-3.116907118665225, 53.38272304996528], [-3.1169024134513785, 53.38254331250217], [-3.116601798640685, 53.38254612535422], [-3.1166065025890597, 53.38272586283566], [-3.1163058864623103, 53.38272867494924], [-3.116301183779405, 53.38254893744948], [-3.1160005688675563, 53.38255174878791], [-3.1159958675006822, 53.38237201126412], [-3.115695253803734, 53.38237482182744], [-3.11571405451266, 53.38309377196145], [-3.1160146732715277, 53.38309096132492], [-3.116019374840636, 53.38327069882576], [-3.1163199948144564, 53.38326788741408], [-3.116329400635422, 53.38362736236198], [-3.116028778130536, 53.38363017381029], [-3.1160240764603038, 53.38345043632087], [-3.114821590997442, 53.3834616744725], [-3.1148309842640747, 53.38382114959192], [-3.1151316082366836, 53.383818341152676], [-3.115141004236504, 53.384177816212585], [-3.11484037773274, 53.3841806246884], [-3.1148356809731528, 53.38400088714303], [-3.1145350556844633, 53.3840036948437], [-3.114544446722965, 53.38436316996527], [-3.114845074542838, 53.38436036222803], [-3.1148497714034447, 53.38454009976195], [-3.115150400438417, 53.38453729124957], [-3.1151550986151597, 53.38471702875943], [-3.1154557288652316, 53.38471421947189], [-3.1154698274955717, 53.385253431912226], [-3.1151691934485455, 53.385256241254645], [-3.115173891827395, 53.385435978741604], [-3.115474527140099, 53.385433169380875], [-3.115483926580782, 53.38579264430098], [-3.1160852021173406, 53.38578702323563], [-3.116099309251833, 53.386326235462924], [-3.1154980261208847, 53.386331856638094], [-3.1155027260686765, 53.38651159407233], [-3.1152020831616154, 53.38651440354284], [-3.1152067818941807, 53.38669414098964], [-3.1149061376708134, 53.38669694972153], [-3.1149014402040236, 53.38651721225642], [-3.1146007971959118, 53.386520020213105], [-3.114610189648447, 53.386879495174135], [-3.1140088984175884, 53.386885108889835], [-3.1140042046976477, 53.38670537137563], [-3.1137035602722833, 53.38670817707983], [-3.113694175515378, 53.386348701997676], [-3.113393533571089, 53.3863515069084], [-3.113398224658545, 53.38653124447061], [-3.113097581398042, 53.3865340486427], [-3.1130928915763514, 53.38635431106222], [-3.1127922495311755, 53.38635711445913], [-3.1127875610256743, 53.38617737685467], [-3.112486920195829, 53.38618017947641], [-3.1124775458675575, 53.38582070421377], [-3.1121769075187706, 53.38582350604211], [-3.112162850201516, 53.38528429305042], [-3.111862215599435, 53.38528709406713], [-3.1118528468378908, 53.3849276186742], [-3.111552214716763, 53.38493041889754], [-3.111556897806687, 53.38511015661512], [-3.1112562643695383, 53.385112956099825], [-3.111274992170099, 53.385831906985715], [-3.111575630670028, 53.38582910742808], [-3.1115943643392328, 53.386548058149316], [-3.111895007851789, 53.38654525776184], [-3.111904377520184, 53.38690473305159], [-3.1122050235139325, 53.386901931870696], [-3.11221908219188, 53.387441144707594], [-3.111918432400664, 53.38744394594321], [-3.111923117461597, 53.3876236835623], [-3.1116224663541434, 53.3876264840592], [-3.111636518041636, 53.38816569693676], [-3.111335863086174, 53.38816849673142], [-3.111326497775908, 53.387809021449], [-3.1110258453018544, 53.38781182045024], [-3.111011801511716, 53.38727260742891], [-3.1104105040076973, 53.38727820305118], [-3.110419861420726, 53.38763767847735], [-3.1101192100615407, 53.38764047518952], [-3.1101332427608366, 53.388179688340436], [-3.1104338979176664, 53.388176891573615], [-3.1104432558338995, 53.388536366942475], [-3.1101425981452393, 53.3885391637457], [-3.11015195373088, 53.38889863912806], [-3.109851293460023, 53.38890143521073], [-3.109855970062345, 53.389081172911524], [-3.1095553084752265, 53.38908396825542], [-3.1095599838618706, 53.38926370596868], [-3.1107626349724096, 53.389252519978314], [-3.110757954521858, 53.38907278233789], [-3.111359277243196, 53.38906718483719], [-3.1113499114292944, 53.388707709612085], [-3.111951228885355, 53.38870210915638], [-3.1119465435220874, 53.388522371571696], [-3.112247200908604, 53.38851957022659], [-3.11225657421741, 53.38887904535375], [-3.112557234085399, 53.38887624321519], [-3.112561922081369, 53.38905598075191], [-3.1128625831648944, 53.38905317783813], [-3.1128672724772546, 53.38923291535085], [-3.1134685970249296, 53.389227307215776], [-3.1134639051806303, 53.38904756973957], [-3.113764566112813, 53.38904476455482], [-3.113769259223081, 53.38922450201276], [-3.1140699213707568, 53.389221696052736]], [[-3.1131163411891873, 53.38725299890727], [-3.112815692815046, 53.38725580239546], [-3.1128110040574213, 53.38707606481966], [-3.1131116511657413, 53.387073261349734], [-3.1131163411891873, 53.38725299890727]], [[-3.118184953764675, 53.38558758837244], [-3.1178843176416553, 53.38559040456349], [-3.117874898051146, 53.38523092992501], [-3.11847616518381, 53.385225296859396], [-3.118480877485082, 53.38540503414483], [-3.118180242678411, 53.385407851074426], [-3.118184953764675, 53.38558758837244]], [[-3.118466740733298, 53.38486582227136], [-3.1178654786632376, 53.3848714552636], [-3.1178513499612377, 53.38433224322846], [-3.1175507226470827, 53.384335058534276], [-3.1175460144466345, 53.38415532115942], [-3.1184478924403773, 53.384146873026424], [-3.1184526044375973, 53.38432661034628], [-3.1187532315997712, 53.38432379276988], [-3.118757944913268, 53.38450353006565], [-3.1184573164854896, 53.38450634766038], [-3.118466740733298, 53.38486582227136]], [[-3.1169635851783153, 53.38487989907543], [-3.116662953915441, 53.38488271216562], [-3.1166582493599924, 53.38470297475302], [-3.116357619312158, 53.38470578706803], [-3.116352916072924, 53.38452604963138], [-3.116954173586756, 53.3845204242811], [-3.1169635851783153, 53.38487989907543]], [[-3.119664547053445, 53.384674809975245], [-3.1193639175121577, 53.38467762985891], [-3.1193592016167453, 53.384497892605616], [-3.1196598298924187, 53.38449507274031], [-3.119664547053445, 53.384674809975245]], [[-3.1166347273416317, 53.38380428760387], [-3.1163341036217687, 53.38380709982732], [-3.116329400635422, 53.38362736236198], [-3.1166300230897335, 53.38362455015686], [-3.1166347273416317, 53.38380428760387]], [[-3.122008130804633, 53.38231564106926], [-3.121707518121404, 53.3823184667686], [-3.1217027927617576, 53.382138729587766], [-3.121402181293145, 53.3821415545119], [-3.121397457249731, 53.38196181730692], [-3.1219986776053044, 53.38195616673864], [-3.122008130804633, 53.38231564106926]], [[-3.1181001619629667, 53.38235231613033], [-3.1177995486202015, 53.382355131991275], [-3.117794839711225, 53.38217539457167], [-3.118095451788551, 53.382172578729055], [-3.1181001619629667, 53.38235231613033]], [[-3.126798939633098, 53.38155137945187], [-3.1264983328263583, 53.38155421718601], [-3.1264935874240263, 53.38137448027722], [-3.1267941929654017, 53.38137164256157], [-3.126798939633098, 53.38155137945187]], [[-3.1264935874240263, 53.38137448027722], [-3.126192981831622, 53.381377317236115], [-3.1261882377456716, 53.38119758030311], [-3.1264888420727246, 53.3811947433627], [-3.1264935874240263, 53.38137448027722]], [[-3.125887633367604, 53.38120041648674], [-3.125587028938537, 53.38120325191364], [-3.125582287434279, 53.38102351493796], [-3.125882890598007, 53.38102067952954], [-3.125887633367604, 53.38120041648674]]]}, "properties": {"kind": "max_footprint", "threshold_pct": 10.0}}]}