{"type": "FeatureCollection", "features": [{"type": "Feature", "geometry": {"type": "Polygon", "coordinates": [[[-3.0847521306355064, 53.40711023018148], [-3.0847475567742872, 53.406930491516995], [-3.084145976826579, 53.40693595624427], [-3.0841505481530516, 53.40711569494437], [-3.0847521306355064, 53.40711023018148]]]}, "properties": {"kind": "max_footprint", "threshold_pct": 4.0}}, {"type": "Feature", "geometry": {"type": "Polygon", "coordinates": [[[-3.0853491365251506, 53.406925023759705], [-3.0853445601784237, 53.40674528512508], [-3.0847429829622786, 53.40675075284674], [-3.0847475567742872, 53.406930491516995], [-3.0853491365251506, 53.406925023759705]]]}, "properties": {"kind": "max_footprint", "threshold_pct": 4.0}}, {"type": "Feature", "geometry": {"type": "Polygon", "coordinates": [[[-3.0784491468050588, 53.407706676147086], [-3.0784309575266096, 53.406987720032184], [-3.0778293755186237, 53.4069931529444], [-3.077824830856077, 53.40681341386599], [-3.077524041046105, 53.40681612916815], [-3.0775194976998184, 53.40663639006636], [-3.0769179204679697, 53.40664181836282], [-3.0769270021399455, 53.40700129663147], [-3.0766262109159883, 53.40700400967879], [-3.0766307505578703, 53.4071837488222], [-3.07693154304922, 53.407181035757176], [-3.07693608400735, 53.40736077487722], [-3.0772368777172465, 53.40735806103702], [-3.077245962314934, 53.407717539224556], [-3.0784491468050588, 53.407706676147086]]]}, "properties": {"kind": "max_footprint", "threshold_pct": 4.0}}, {"type": "Feature", "geometry": {"type": "Polygon", "coordinates": [[[-3.09316504602617, 53.40667392901692], [-3.0931604367779606, 53.40649419084138], [-3.0928596507464317, 53.40649694475773], [-3.0928550428151262, 53.40631720655854], [-3.0925542580013334, 53.40631995969949], [-3.0925634713788814, 53.40667943612802], [-3.09316504602617, 53.40667392901692]]]}, "properties": {"kind": "max_footprint", "threshold_pct": 4.0}}, {"type": "Feature", "geometry": {"type": "Polygon", "coordinates": [[[-3.091957292354432, 53.40650520196192], [-3.0919526882250703, 53.40632546370897], [-3.091651903262628, 53.406328214577464], [-3.091656506124674, 53.40650795284836], [-3.091957292354432, 53.40650520196192]]]}, "properties": {"kind": "max_footprint", "threshold_pct": 4.0}}, {"type": "Feature", "geometry": {"type": "Polygon", "coordinates": [[[-3.090157170808226, 53.406701434273], [-3.090147977707857, 53.406341957557906], [-3.0898471924484845, 53.40634470388154], [-3.0898425972397874, 53.40616496549752], [-3.089241029107351, 53.40617045583662], [-3.089250214504929, 53.40652993267047], [-3.0898517877066216, 53.40652444225985], [-3.0898563830142005, 53.406704180632424], [-3.090157170808226, 53.406701434273]]]}, "properties": {"kind": "max_footprint", "threshold_pct": 4.0}}, {"type": "Feature", "geometry": {"type": "Polygon", "coordinates": [[[-3.0925542580013334, 53.40631995969949], [-3.092549651386905, 53.40614022147666], [-3.092248867790848, 53.40614297384218], [-3.0922534731379763, 53.40632271208296], [-3.0925542580013334, 53.40631995969949]]]}, "properties": {"kind": "max_footprint", "threshold_pct": 4.0}}, {"type": "Feature", "geometry": {"type": "Polygon", "coordinates": [[[-3.091651903262628, 53.406328214577464], [-3.091647300450104, 53.406148476300864], [-3.0913465167054426, 53.40615122639398], [-3.0913511182506643, 53.4063309646885], [-3.091651903262628, 53.406328214577464]]]}, "properties": {"kind": "max_footprint", "threshold_pct": 4.0}}, {"type": "Feature", "geometry": {"type": "Polygon", "coordinates": [[[-3.092248867790848, 53.40614297384218], [-3.0922442624932702, 53.40596323559569], [-3.0919434801149532, 53.40596598718583], [-3.091948084145244, 53.40614572545026], [-3.092248867790848, 53.40614297384218]]]}, "properties": {"kind": "max_footprint", "threshold_pct": 4.0}}, {"type": "Feature", "geometry": {"type": "Polygon", "coordinates": [[[-3.078399128172904, 53.405729546611035], [-3.078394581318059, 53.405549807528004], [-3.078093800477139, 53.4055525242213], [-3.07808925493848, 53.40537278511487], [-3.077788475315921, 53.40537550103301], [-3.0777975639075987, 53.405734979275536], [-3.078399128172904, 53.405729546611035]]]}, "properties": {"kind": "max_footprint", "threshold_pct": 4.0}}, {"type": "Feature", "geometry": {"type": "Polygon", "coordinates": [[[-3.0789961428531267, 53.40554437186904], [-3.078991593512672, 53.405364632815704], [-3.078390034512134, 53.40537006843927], [-3.078394581318059, 53.405549807528004], [-3.0789961428531267, 53.40554437186904]]]}, "properties": {"kind": "max_footprint", "threshold_pct": 4.0}}, {"type": "Feature", "geometry": {"type": "Polygon", "coordinates": [[[-3.095529769938561, 53.40503422778046], [-3.0955251509990425, 53.4048544896971], [-3.0949236024910696, 53.40486000856846], [-3.094928218896193, 53.40503974668778], [-3.095529769938561, 53.40503422778046]]]}, "properties": {"kind": "max_footprint", "threshold_pct": 4.0}}, {"type": "Feature", "geometry": {"type": "Polygon", "coordinates": [[[-3.0910227322640846, 53.405255284081626], [-3.0910181322831214, 53.40507554573486], [-3.091318908473756, 53.40507279650665], [-3.0913143072750757, 53.404893058172064], [-3.090712757378733, 53.404898555835224], [-3.0907173560429984, 53.405078294205616], [-3.0904165797533953, 53.405081041918926], [-3.0904211771999135, 53.4052607803015], [-3.0910227322640846, 53.405255284081626]]]}, "properties": {"kind": "max_footprint", "threshold_pct": 4.0}}, {"type": "Feature", "geometry": {"type": "Polygon", "coordinates": [[[-3.091615082148999, 53.40489030820434], [-3.0916104797326276, 53.404710569881956], [-3.0913097061258985, 53.404713319831764], [-3.0913143072750757, 53.404893058172064], [-3.091615082148999, 53.40489030820434]]]}, "properties": {"kind": "max_footprint", "threshold_pct": 4.0}}, {"type": "Feature", "geometry": {"type": "Polygon", "coordinates": [[[-3.087705004930658, 53.40492599870462], [-3.0877004189878616, 53.40474626014975], [-3.087399644738665, 53.40474900025292], [-3.0874042294142585, 53.40492873882564], [-3.087705004930658, 53.40492599870462]]]}, "properties": {"kind": "max_footprint", "threshold_pct": 4.0}}, {"type": "Feature", "geometry": {"type": "Polygon", "coordinates": [[[-3.092207421896314, 53.40452532941775], [-3.092202817044643, 53.40434559111976], [-3.091902046071301, 53.40434834254859], [-3.091906649655808, 53.404528080864516], [-3.092207421896314, 53.40452532941775]]]}, "properties": {"kind": "max_footprint", "threshold_pct": 4.0}}, {"type": "Feature", "geometry": {"type": "Polygon", "coordinates": [[[-3.0937112823554354, 53.404511560822534], [-3.093697448941807, 53.403972346180446], [-3.093095912509784, 53.40397785578316], [-3.0931051296673613, 53.40433733228871], [-3.0934059004424532, 53.40433457783018], [-3.093410510362777, 53.404514316056435], [-3.0937112823554354, 53.404511560822534]]]}, "properties": {"kind": "max_footprint", "threshold_pct": 4.0}}, {"type": "Feature", "geometry": {"type": "Polygon", "coordinates": [[[-3.0780619827335003, 53.40429435035625], [-3.07805289238972, 53.403934872057654], [-3.0777521229048044, 53.403937587834264], [-3.0777612107142565, 53.40429706616825], [-3.0780619827335003, 53.40429435035625]]]}, "properties": {"kind": "max_footprint", "threshold_pct": 4.0}}, {"type": "Feature", "geometry": {"type": "Polygon", "coordinates": [[[-3.0942897580792383, 53.403607357163246], [-3.094280531181614, 53.403247880755515], [-3.0939797681580243, 53.403250637378555], [-3.0939889925214787, 53.40361011382222], [-3.0942897580792383, 53.403607357163246]]]}, "properties": {"kind": "max_footprint", "threshold_pct": 4.0}}, {"type": "Feature", "geometry": {"type": "Polygon", "coordinates": [[[-3.0961035926844764, 53.40395027747325], [-3.0960943503829985, 53.40359080130406], [-3.095793585123248, 53.40359356250743], [-3.0957889653141706, 53.40341382439626], [-3.095187437179756, 53.40341934449485], [-3.0951782027789783, 53.40305986818344], [-3.0948774411713904, 53.403062627060685], [-3.0948728253125606, 53.402882888878445], [-3.0942713044825227, 53.40288840432486], [-3.094275917807253, 53.403068142543056], [-3.094576679514144, 53.40306538518056], [-3.094581294155571, 53.40324512337507], [-3.0948820570798805, 53.40324236523723], [-3.0948912890458393, 53.40360184157312], [-3.0942897580792383, 53.403607357163246], [-3.0942943716025, 53.40378709535855], [-3.0945951383777297, 53.403784337924215], [-3.094599753217747, 53.40396407609582], [-3.0955020570468412, 53.4039557991945], [-3.095497438405473, 53.40377606107681], [-3.095798204982027, 53.40377330061286], [-3.095802824890511, 53.40395303871258], [-3.0961035926844764, 53.40395027747325]], [[-3.09519667177923, 53.40377882078336], [-3.0948959051033103, 53.40378157973248], [-3.0948912890458393, 53.40360184157312], [-3.0951920544546554, 53.40359908264196], [-3.09519667177923, 53.40377882078336]]]}, "properties": {"kind": "max_footprint", "threshold_pct": 4.0}}, {"type": "Feature", "geometry": {"type": "Polygon", "coordinates": [[[-3.096080487303649, 53.403051587007376], [-3.096075866376628, 53.40287184889703], [-3.0957751061851466, 53.40287461002846], [-3.0957797258451207, 53.40305434815679], [-3.096080487303649, 53.403051587007376]]]}, "properties": {"kind": "max_footprint", "threshold_pct": 4.0}}, {"type": "Feature", "geometry": {"type": "Polygon", "coordinates": [[[-3.096982771380896, 53.40304329901486], [-3.096978146652739, 53.402863560958494], [-3.0966773866104385, 53.40286632436206], [-3.0966727631990647, 53.40268658628198], [-3.096372004374056, 53.40268934891016], [-3.09636738227944, 53.402509610806355], [-3.096066624671723, 53.402512372659174], [-3.096075866376628, 53.40287184889703], [-3.096376626518396, 53.40286908700825], [-3.096381248712463, 53.40304882510059], [-3.096982771380896, 53.40304329901486]]]}, "properties": {"kind": "max_footprint", "threshold_pct": 4.0}}, {"type": "Feature", "geometry": {"type": "Polygon", "coordinates": [[[-3.0972696548041863, 53.402501320703685], [-3.0972650289582853, 53.40232158264817], [-3.096362760234552, 53.402329872696825], [-3.09636738227944, 53.402509610806355], [-3.0972696548041863, 53.402501320703685]]]}, "properties": {"kind": "max_footprint", "threshold_pct": 4.0}}, {"type": "Feature", "geometry": {"type": "Polygon", "coordinates": [[[-3.0942713044825227, 53.40288840432486], [-3.094262077981955, 53.402528927871344], [-3.0939613200265423, 53.402531684422556], [-3.0939520962585036, 53.40217220791023], [-3.093350585266861, 53.402177718668774], [-3.0933551945920783, 53.402357456963706], [-3.0936559513796973, 53.40235470194515], [-3.093665172712935, 53.40271417848194], [-3.093965931984988, 53.40271142267015], [-3.0939705439930485, 53.402891160912], [-3.0942713044825227, 53.40288840432486]]]}, "properties": {"kind": "max_footprint", "threshold_pct": 4.0}}, {"type": "Feature", "geometry": {"type": "Polygon", "coordinates": [[[-3.080554717778538, 53.40768763659683], [-3.080545605297584, 53.407328158798855], [-3.0817487774934675, 53.40731726253233], [-3.0817350939311137, 53.406778046005414], [-3.082035883055289, 53.406775320098276], [-3.082026758391066, 53.4064158424206], [-3.083229904257996, 53.406404931359226], [-3.0832253369302185, 53.4062251925829], [-3.083526122006812, 53.40622246294163], [-3.083516984964074, 53.40586298540734], [-3.0844193322950755, 53.40585479204538], [-3.084423904593749, 53.406034530762014], [-3.0856270387488136, 53.40602359560362], [-3.085617884062389, 53.405664118307115], [-3.085918664943505, 53.40566138265946], [-3.085909507919558, 53.40530190537572], [-3.0853079511771027, 53.40530737584228], [-3.085303375273489, 53.40512763715621], [-3.084701820868577, 53.405133104557315], [-3.0846972475486414, 53.40495336582991], [-3.0843964715395966, 53.40495609837651], [-3.0843918995360724, 53.40477635962556], [-3.0840911247450493, 53.40477909139692], [-3.084081983419949, 53.404419613842315], [-3.0846835278840445, 53.404414149613366], [-3.0846881010563743, 53.40459388835794], [-3.0855904211850214, 53.40458568628034], [-3.0855949982081388, 53.404765424965774], [-3.0858957727530805, 53.404762689407235], [-3.0859003510926484, 53.40494242806911], [-3.0862011268555407, 53.4049396917353], [-3.0862102862169047, 53.40529916900627], [-3.0865110644649785, 53.40529643187936], [-3.0865156454868155, 53.40547617048842], [-3.0871172043695796, 53.40547069392659], [-3.087108037306235, 53.40511121677406], [-3.0868072604239813, 53.40511395539805], [-3.086798096092311, 53.40475447818696], [-3.0864973216951808, 53.40475721601781], [-3.0864881600950715, 53.404397738748195], [-3.0867889319578325, 53.40439500095301], [-3.086793514000424, 53.404574739572844], [-3.087695833094403, 53.40456652158916], [-3.0877004189878616, 53.40474626014975], [-3.0880011931877185, 53.404743519289156], [-3.088005780397717, 53.40492325782616], [-3.0883065558154246, 53.40492051619025], [-3.08829737891039, 53.404561039146245], [-3.0888989245289142, 53.404555553673575], [-3.0888943336160986, 53.4043758151787], [-3.0885935620986977, 53.404378558275894], [-3.088588972502432, 53.404198819757426], [-3.0882882022028135, 53.404201562079315], [-3.08829279053192, 53.404381300615626], [-3.087992018915776, 53.40438404219796], [-3.087987431853833, 53.40420430364379], [-3.0876866614554994, 53.40420704445081], [-3.0876820757100547, 53.40402730587309], [-3.087381306529534, 53.40403004590486], [-3.087376722100559, 53.40385030730354], [-3.0870759541378514, 53.403853046560066], [-3.0870667879620948, 53.40349356930459], [-3.0864652569572364, 53.40349904547404], [-3.0864698374862423, 53.40367878414031], [-3.086169070642776, 53.40368152110675], [-3.086150753890787, 53.40296256633608], [-3.0858499920664184, 53.402965302473824], [-3.085845414268638, 53.40278556374904], [-3.085544653662077, 53.40278829911158], [-3.08554007718059, 53.402608560363255], [-3.0852393177918382, 53.4026112949506], [-3.085234742626616, 53.40243155617873], [-3.0849339844556756, 53.40243428999092], [-3.084929410606692, 53.40225455119551], [-3.0846286536535628, 53.4022572842325], [-3.084633226235526, 53.40243702304571], [-3.0843324679661843, 53.40243975534311], [-3.08432789665124, 53.40226001651213], [-3.083425625349255, 53.40226820880676], [-3.0834210578845105, 53.4020884699167], [-3.082819545971492, 53.40209392762404], [-3.0828286758820562, 53.40245340546956], [-3.0816256413306644, 53.402464311937926], [-3.0816210814189247, 53.40228457294698], [-3.0813203239254285, 53.40228729765289], [-3.0813248825701396, 53.40246703666159], [-3.080723364901974, 53.40247248383672], [-3.0807324772703364, 53.40283196190792], [-3.081935522546872, 53.402821064386124], [-3.0819400838728503, 53.40300080334216], [-3.0822408463364037, 53.402998077050476], [-3.082245408978534, 53.40317781598303], [-3.083147699875857, 53.40316963251034], [-3.0831522663683506, 53.403349371383875], [-3.083453031169644, 53.403346642027074], [-3.0834667347432503, 53.40388585856003], [-3.082564428787933, 53.403894044518196], [-3.082559864682315, 53.40371430562627], [-3.0813567944563762, 53.4037252095623], [-3.0813522354683456, 53.403545470593635], [-3.0804499360852056, 53.403553640539606], [-3.080445380947552, 53.40337390151201], [-3.0801446156555854, 53.4033766232948], [-3.080149169526128, 53.40355636234012], [-3.079848402918056, 53.403559083383215], [-3.079852955570466, 53.403738822440545], [-3.080153723445663, 53.40373610137975], [-3.080158277414193, 53.40391584041362], [-3.0810605845471786, 53.40390767263348], [-3.0810697002341705, 53.40426715057774], [-3.080768928704544, 53.404269873964004], [-3.0807734853544173, 53.404449612945285], [-3.0801719396137512, 53.40445505748104], [-3.0801764937782634, 53.40463479649208], [-3.079274170998241, 53.404642957668095], [-3.0792832718709686, 53.40500243577934], [-3.08018560225428, 53.404994274497], [-3.080190156565786, 53.405174013490885], [-3.0804909345294784, 53.40517129153082], [-3.0805000458339973, 53.405530769465976], [-3.0808008262831823, 53.40552804671299], [-3.080814497409435, 53.406067263519645], [-3.0799121445092568, 53.406075429665854], [-3.0799166978474544, 53.40625516864317], [-3.0796159121820814, 53.40625788919466], [-3.0796113601112, 53.40607815019961], [-3.079310575664168, 53.406080869975916], [-3.0793060249095667, 53.405901130957446], [-3.0790052416808766, 53.405903849958555], [-3.079000692242529, 53.40572411091665], [-3.0786999102321824, 53.40572682914257], [-3.07870900662323, 53.40608630725606], [-3.077806652694846, 53.40609445749522], [-3.077811197161811, 53.40627419659649], [-3.077510411153888, 53.40627691184558], [-3.0775194976998184, 53.40663639006636], [-3.0784218631809366, 53.406628241940425], [-3.0784309575266096, 53.406987720032184], [-3.078731748457223, 53.40698500243981], [-3.0787499428053042, 53.40770395848389], [-3.080554717778538, 53.40768763659683]], [[-3.0793196773202567, 53.40644034799571], [-3.0790188902896123, 53.40644306704995], [-3.079014340704418, 53.406263328025204], [-3.079315126467731, 53.40626060898868], [-3.0793196773202567, 53.40644034799571]], [[-3.083808628076236, 53.40550077752258], [-3.0829062880539255, 53.405508966233036], [-3.0829017222390966, 53.40532922741033], [-3.083503279768607, 53.40532376906305], [-3.0834987114684207, 53.40514403027021], [-3.0837994888922178, 53.405141299978155], [-3.083808628076236, 53.40550077752258]], [[-3.0825918144528286, 53.404972477749695], [-3.082291038099744, 53.40497520499417], [-3.082286474966712, 53.40479546611879], [-3.081985699831749, 53.40479819258806], [-3.0819811380150113, 53.404618453689196], [-3.0825826857014405, 53.40461300002874], [-3.0825918144528286, 53.404972477749695]]]}, "properties": {"kind": "max_footprint", "threshold_pct": 4.0}}, {"type": "Feature", "geometry": {"type": "Polygon", "coordinates": [[[-3.095765867014295, 53.40251513375461], [-3.095752008630752, 53.40197591930096], [-3.0954512547246043, 53.40197867958509], [-3.0954466366297813, 53.40179894140443], [-3.0948451312023875, 53.40180445966472], [-3.0948497467632756, 53.40198419788132], [-3.0951505007687743, 53.40198143911189], [-3.095159734573494, 53.40234091549195], [-3.0954604910632972, 53.40233815592923], [-3.0954651093071686, 53.4025178940927], [-3.095765867014295, 53.40251513375461]]]}, "properties": {"kind": "max_footprint", "threshold_pct": 4.0}}, {"type": "Feature", "geometry": {"type": "Polygon", "coordinates": [[[-3.1005779835601297, 53.40247086534326], [-3.1005733437772447, 53.402291127486116], [-3.1002725881339153, 53.40229389992399], [-3.1002679496679257, 53.402114162043056], [-3.099967195241678, 53.40211693370555], [-3.099962558092558, 53.40193719580083], [-3.0996618048833913, 53.40193996668792], [-3.0996571690511154, 53.40176022875942], [-3.0993564170590315, 53.40176299887112], [-3.0993425136622177, 53.40122378499716], [-3.099643261853513, 53.4012210149396], [-3.099629355104741, 53.40068180106823], [-3.099027866273625, 53.40068734031779], [-3.099041765421065, 53.401226554297374], [-3.0987410171300698, 53.40122932284027], [-3.0987456490119847, 53.40140906084006], [-3.0978434000393253, 53.401417361978815], [-3.0978248880134154, 53.400698409729046], [-3.097524143323864, 53.400701175188594], [-3.0975380234679353, 53.40124038943853], [-3.0972372749279304, 53.401243154194766], [-3.0972419004752494, 53.40142289228465], [-3.097542650282175, 53.401420127510406], [-3.0975519040599804, 53.40177960363696], [-3.0978526563510105, 53.40177683806936], [-3.097857284581539, 53.401956576106045], [-3.099060298315453, 53.40194550619003], [-3.0990695650617193, 53.402304982102], [-3.0996710766975664, 53.40229944252773], [-3.0996757126794643, 53.40247918043904], [-3.1005779835601297, 53.40247086534326]]]}, "properties": {"kind": "max_footprint", "threshold_pct": 4.0}}, {"type": "Feature", "geometry": {"type": "Polygon", "coordinates": [[[-3.098417116461483, 53.4003334004509], [-3.0984124861453695, 53.40015366239875], [-3.0981117453559537, 53.400156429318834], [-3.098116374405232, 53.400336167389014], [-3.098417116461483, 53.4003334004509]]]}, "properties": {"kind": "max_footprint", "threshold_pct": 4.0}}, {"type": "Feature", "geometry": {"type": "Polygon", "coordinates": [[[-3.105606947268812, 53.399188340949586], [-3.105602286849654, 53.39900860329707], [-3.1047000907306366, 53.3990169559846], [-3.10470474734958, 53.39919669369153], [-3.105606947268812, 53.399188340949586]]]}, "properties": {"kind": "max_footprint", "threshold_pct": 4.0}}, {"type": "Feature", "geometry": {"type": "Polygon", "coordinates": [[[-3.104131206050471, 53.400280684738526], [-3.1041265516645984, 53.40010094702971], [-3.1044272914552002, 53.40009816496361], [-3.1044179803000596, 53.39973868956506], [-3.104117243043061, 53.39974147159492], [-3.104107934621798, 53.39938199613724], [-3.1038071998482812, 53.39938477737356], [-3.103802546979507, 53.39920503961801], [-3.1035018134226915, 53.39920782007896], [-3.103497161870711, 53.39902808229957], [-3.104098626400805, 53.39902252065662], [-3.104093972365407, 53.39884278290773], [-3.1037932413921134, 53.398845564089704], [-3.1037839360049264, 53.398486088538505], [-3.103182478975031, 53.39849164855828], [-3.103187129110196, 53.39867138637294], [-3.1025856693468055, 53.39867694339989], [-3.102594964700315, 53.399036419084474], [-3.1019934996700402, 53.39904197315473], [-3.10198885450175, 53.398862235279125], [-3.1016881231783833, 53.39886501116028], [-3.1016834793267836, 53.39868527326087], [-3.1010820190636355, 53.39869082271521], [-3.101077377795402, 53.39851108477394], [-3.100776648855637, 53.39851385834715], [-3.1007859289086013, 53.39887333426011], [-3.100485197385492, 53.39887610711219], [-3.1004898362201114, 53.39905584507816], [-3.1007905690099564, 53.39905307220803], [-3.1007952091612254, 53.39923281015017], [-3.1010959431679037, 53.3992300365047], [-3.1011005846358537, 53.39940977442306], [-3.101401319859361, 53.39940700000224], [-3.101410605478617, 53.39976647578566], [-3.1011098677215445, 53.39976925024263], [-3.101114509339289, 53.39994898814381], [-3.1014152483631645, 53.39994621366879], [-3.101419891297657, 53.40012595154619], [-3.1017206315383987, 53.40012317629576], [-3.10171598733709, 53.39994343843645], [-3.1026182039590564, 53.39993510819568], [-3.102608908105562, 53.399575632568386], [-3.1032103805363898, 53.39957007536046], [-3.103215030971706, 53.399749813140765], [-3.1035157683788714, 53.399747033382795], [-3.1035204201310127, 53.39992677113928], [-3.1038211587549314, 53.399923990605856], [-3.1038304649429764, 53.40028346606544], [-3.104131206050471, 53.400280684738526]], [[-3.103497161870711, 53.39902808229957], [-3.1031964295305983, 53.39903086198513], [-3.1031917792953854, 53.39885112418191], [-3.1034925103687687, 53.39884834451445], [-3.103497161870711, 53.39902808229957]]]}, "properties": {"kind": "max_footprint", "threshold_pct": 4.0}}, {"type": "Feature", "geometry": {"type": "Polygon", "coordinates": [[[-3.084241051010469, 53.39884497763697], [-3.0842319103966314, 53.39848549974058], [-3.0839311799494054, 53.39848823088919], [-3.0839403180297613, 53.398847708821194], [-3.084241051010469, 53.39884497763697]]]}, "properties": {"kind": "max_footprint", "threshold_pct": 4.0}}, {"type": "Feature", "geometry": {"type": "Polygon", "coordinates": [[[-3.1040846644448044, 53.39848330739274], [-3.1040800105595996, 53.398303569626655], [-3.103779283386407, 53.398306350754304], [-3.1037839360049264, 53.398486088538505], [-3.1040846644448044, 53.39848330739274]]]}, "properties": {"kind": "max_footprint", "threshold_pct": 4.0}}, {"type": "Feature", "geometry": {"type": "Polygon", "coordinates": [[[-3.103779283386407, 53.398306350754304], [-3.1037699782995163, 53.39794687516872], [-3.1031685288696673, 53.397952435079844], [-3.1031778288898884, 53.39831191073787], [-3.103779283386407, 53.398306350754304]]]}, "properties": {"kind": "max_footprint", "threshold_pct": 4.0}}, {"type": "Feature", "geometry": {"type": "Polygon", "coordinates": [[[-3.087517021726158, 53.39755671326485], [-3.0875124378056658, 53.397376974475456], [-3.0872117155000645, 53.39737971384697], [-3.0872071328955113, 53.397199975034006], [-3.0863049694828852, 53.39720818855164], [-3.0863095482875402, 53.397387927418066], [-3.0866102707409877, 53.397385190318275], [-3.0866148508615447, 53.39756492916116], [-3.087517021726158, 53.39755671326485]]]}, "properties": {"kind": "max_footprint", "threshold_pct": 4.0}}, {"type": "Feature", "geometry": {"type": "Polygon", "coordinates": [[[-3.1067212441380616, 53.39576217836045], [-3.1067072506906377, 53.39522296527694], [-3.1064065454999814, 53.39522575291111], [-3.106401882384289, 53.39504601518701], [-3.1058004743853833, 53.39505158814761], [-3.1058097956011554, 53.39541106366271], [-3.1061105021585673, 53.3954082775247], [-3.106119826107812, 53.39576775298058], [-3.1067212441380616, 53.39576217836045]]]}, "properties": {"kind": "max_footprint", "threshold_pct": 4.0}}, {"type": "Feature", "geometry": {"type": "Polygon", "coordinates": [[[-3.096117862993424, 53.39280374470057], [-3.0961132436326326, 53.392624006281935], [-3.095812555689974, 53.39262676714555], [-3.095807937645125, 53.392447028703224], [-3.0952065641433193, 53.3924525481232], [-3.0952111796556543, 53.39263228660149], [-3.0955118676976436, 53.39262952725207], [-3.095516484525895, 53.39280926570666], [-3.096117862993424, 53.39280374470057]]]}, "properties": {"kind": "max_footprint", "threshold_pct": 4.0}}, {"type": "Feature", "geometry": {"type": "Polygon", "coordinates": [[[-3.1079259542330324, 53.38424501073996], [-3.107921286582075, 53.384065272775274], [-3.1073200336386124, 53.3840708526046], [-3.1073246987583656, 53.3842505906056], [-3.1079259542330324, 53.38424501073996]]]}, "properties": {"kind": "max_footprint", "threshold_pct": 4.0}}, {"type": "Feature", "geometry": {"type": "Polygon", "coordinates": [[[-3.1094244180620643, 53.38405130995705], [-3.109419744133377, 53.383871572077574], [-3.1091191192034366, 53.38387436613674], [-3.109123791866541, 53.38405410403442], [-3.1094244180620643, 53.38405130995705]]]}, "properties": {"kind": "max_footprint", "threshold_pct": 4.0}}, {"type": "Feature", "geometry": {"type": "Polygon", "coordinates": [[[-3.1085225393247558, 53.38405968991857], [-3.108517869192822, 53.383879951984504], [-3.1082172441121743, 53.38388274377312], [-3.1082219129785202, 53.38406248172536], [-3.1085225393247558, 53.38405968991857]]]}, "properties": {"kind": "max_footprint", "threshold_pct": 4.0}}, {"type": "Feature", "geometry": {"type": "Polygon", "coordinates": [[[-3.1082172441121743, 53.38388274377312], [-3.108212575296034, 53.38370300581516], [-3.107911951430751, 53.38370579682875], [-3.107916618981316, 53.383885534804875], [-3.1082172441121743, 53.38388274377312]]]}, "properties": {"kind": "max_footprint", "threshold_pct": 4.0}}, {"type": "Feature", "geometry": {"type": "Polygon", "coordinates": [[[-3.107911951430751, 53.38370579682875], [-3.1079072839303814, 53.38352605884687], [-3.1076066612804643, 53.38352884908545], [-3.107611327515273, 53.38370858708549], [-3.107911951430751, 53.38370579682875]]]}, "properties": {"kind": "max_footprint", "threshold_pct": 4.0}}, {"type": "Feature", "geometry": {"type": "Polygon", "coordinates": [[[-3.1091191192034366, 53.38387436613674], [-3.109100429053512, 53.383155414488726], [-3.1087998091355256, 53.38315820771829], [-3.108790466893068, 53.3827987318235], [-3.1084898494558697, 53.38280152425986], [-3.108503859098353, 53.383340738147965], [-3.108804480332105, 53.383337945657054], [-3.108818494223248, 53.38387715943905], [-3.1091191192034366, 53.38387436613674]]]}, "properties": {"kind": "max_footprint", "threshold_pct": 4.0}}, {"type": "Feature", "geometry": {"type": "Polygon", "coordinates": [[[-3.111181361222848, 53.38223715163908], [-3.111176680204087, 53.38205741381153], [-3.110575456207552, 53.38206300989074], [-3.1105801346954256, 53.382242747754724], [-3.111181361222848, 53.38223715163908]]]}, "properties": {"kind": "max_footprint", "threshold_pct": 4.0}}, {"type": "Feature", "geometry": {"type": "Polygon", "coordinates": [[[-3.110866708875321, 53.381700736520855], [-3.110862029272974, 53.38152099865791], [-3.1105614210457966, 53.38152379626447], [-3.110566099382739, 53.38170353414562], [-3.110866708875321, 53.381700736520855]]]}, "properties": {"kind": "max_footprint", "threshold_pct": 4.0}}, {"type": "Feature", "geometry": {"type": "Polygon", "coordinates": [[[-3.1158924502190293, 53.37841778428955], [-3.1158877500147764, 53.37823804663383], [-3.115587165419638, 53.378240856776245], [-3.1155918643587452, 53.37842059445025], [-3.1158924502190293, 53.37841778428955]]]}, "properties": {"kind": "max_footprint", "threshold_pct": 4.0}}, {"type": "Feature", "geometry": {"type": "Polygon", "coordinates": [[[-3.1191376117264435, 53.37605023522945], [-3.119132898264536, 53.37587049770079], [-3.118832330671649, 53.37587331592818], [-3.118837042868595, 53.37605305347519], [-3.1191376117264435, 53.37605023522945]]]}, "properties": {"kind": "max_footprint", "threshold_pct": 4.0}}, {"type": "Feature", "geometry": {"type": "Polygon", "coordinates": [[[-3.118226485717508, 53.37569921252362], [-3.118221776151763, 53.375519474928446], [-3.1179212109368066, 53.37552229084929], [-3.1179259192376128, 53.37570202846282], [-3.118226485717508, 53.37569921252362]]]}, "properties": {"kind": "max_footprint", "threshold_pct": 4.0}}, {"type": "Feature", "geometry": {"type": "Polygon", "coordinates": [[[-3.120316294549487, 53.3751402673468], [-3.120311576281404, 53.3749605298629], [-3.1197104540996983, 53.374966171430344], [-3.1197151698379986, 53.37514590895098], [-3.120316294549487, 53.3751402673468]]]}, "properties": {"kind": "max_footprint", "threshold_pct": 4.0}}, {"type": "Feature", "geometry": {"type": "Polygon", "coordinates": [[[-3.089486689756646, 53.404010849776675], [-3.0894729100081815, 53.4034716343307], [-3.0900744400258207, 53.40346614301321], [-3.090079035760098, 53.403645881465174], [-3.0906805681141676, 53.40364038708229], [-3.0906851664321153, 53.40382012549273], [-3.0915874683934956, 53.4038118781842], [-3.091582866274209, 53.40363213982747], [-3.091282100270356, 53.403634889669824], [-3.0912774994676786, 53.403455151289464], [-3.090675969845689, 53.40346064866613], [-3.0906713716266823, 53.40328091024427], [-3.0900698443409875, 53.40328640455556], [-3.0900652487055957, 53.40310666609216], [-3.089764486255655, 53.40310941209383], [-3.0897552976673026, 53.40274993511411], [-3.0903568174495297, 53.40274444242495], [-3.0903476239907772, 53.402384965493894], [-3.0906483812736663, 53.402382218049034], [-3.0906437833514646, 53.40220247959283], [-3.091245295234823, 53.4021969824668], [-3.091249895691034, 53.402376720887204], [-3.0921521669458545, 53.4023684694642], [-3.0921475626886368, 53.40218873109753], [-3.09274907407687, 53.402183226397874], [-3.092744467335211, 53.40200348806136], [-3.0933459759912316, 53.401997980368144], [-3.09334136676519, 53.401818242061765], [-3.0930406137289363, 53.40182099626911], [-3.0930360058194384, 53.40164125793909], [-3.093336757588733, 53.40163850374967], [-3.0933321484618626, 53.401458765431855], [-3.0930313979595123, 53.40146151960335], [-3.0930267901491577, 53.40128178126187], [-3.09392903770665, 53.401273516529244], [-3.093933649317795, 53.40145325481687], [-3.0948359002295707, 53.401444983214354], [-3.0948405156911516, 53.401624721442396], [-3.09574276995687, 53.40161644296988], [-3.0957381506944714, 53.40143670479576], [-3.095437400589179, 53.40143946502596], [-3.0954327826433996, 53.40125972682815], [-3.0951320337553536, 53.401262486283024], [-3.0951274171261645, 53.401082748061505], [-3.0945259217349155, 53.40108826466336], [-3.0945213076891904, 53.40090852640018], [-3.0942205611860025, 53.400911283547146], [-3.094215948456801, 53.400731545260285], [-3.093012967015509, 53.40074256620309], [-3.09300835940343, 53.40056282783873], [-3.0936098476895157, 53.40055731891785], [-3.0936052375932817, 53.40037758058365], [-3.09330449474189, 53.40038033540479], [-3.093299885962097, 53.40020059704693], [-3.0939013690815895, 53.400195086683205], [-3.0939105917581733, 53.40055456332143], [-3.094512079746651, 53.40054904985665], [-3.094502852002653, 53.40018957329024], [-3.0948035933887414, 53.4001868154578], [-3.094808208502767, 53.40036655372591], [-3.095108951106051, 53.4003637951182], [-3.0951043347251797, 53.40018405686805], [-3.0954050760119576, 53.400181297521], [-3.0954004584139185, 53.40000155928312], [-3.0957011983841936, 53.39999879919675], [-3.095705817249063, 53.40017853741666], [-3.0966080406621868, 53.40017025255976], [-3.0966034179968323, 53.39999051439381], [-3.0969041577682725, 53.399987751278225], [-3.0968995338858356, 53.39980801312455], [-3.0959973182227833, 53.39981630014542], [-3.0959926981904875, 53.39963656193204], [-3.097195647241226, 53.399625511128285], [-3.0972002723407206, 53.39980524926967], [-3.0978017491012135, 53.39979971928805], [-3.0978110045167413, 53.40015919548162], [-3.0981117453559537, 53.400156429318834], [-3.098097858506906, 53.399617215073945], [-3.0977971214681226, 53.39961998118267], [-3.097792493884816, 53.399440243071574], [-3.0974917580630352, 53.39944300840501], [-3.097477879412063, 53.3989037939833], [-3.098079343405309, 53.398898262667224], [-3.0980839721060174, 53.39907800077751], [-3.0983847052946976, 53.399075233965526], [-3.0983939653790196, 53.39943471013284], [-3.098694701051416, 53.39943194252755], [-3.0987039638685476, 53.399791418635886], [-3.099004702024697, 53.39978865023726], [-3.099013967574752, 53.40014812628664], [-3.099314708214694, 53.400145357094644], [-3.0993193423313117, 53.4003250950927], [-3.099620084188235, 53.40032232512536], [-3.099610813471194, 53.399962849159586], [-3.099310074147925, 53.39996561909085], [-3.0993008061639458, 53.39960614306609], [-3.0990000693244255, 53.399608912203995], [-3.0989861715226263, 53.39906969806979], [-3.098685438433572, 53.3990724663963], [-3.098671544880461, 53.39853325215649], [-3.0989722741693346, 53.398530483884066], [-3.0989630095163005, 53.39817100773161], [-3.0992637362219613, 53.398168238738], [-3.099268369790247, 53.39834797679906], [-3.0995690977127475, 53.39834520703017], [-3.099564462877777, 53.39816546898715], [-3.1004666425460243, 53.39815715519112], [-3.100462003960905, 53.39797741719654], [-3.100161278721372, 53.39798018920108], [-3.100156641452806, 53.397800451182704], [-3.099254469234922, 53.397808762598736], [-3.099249835816166, 53.3976290245205], [-3.100753449596704, 53.39761516846454], [-3.10074880989465, 53.397435430470814], [-3.1010495312344553, 53.397432657005986], [-3.1010402494468656, 53.39707318103754], [-3.1007395306402707, 53.397075954466246], [-3.100734891087943, 53.39689621645534], [-3.1013363261180436, 53.39689066887687], [-3.101340968203539, 53.397070406851626], [-3.101641686910277, 53.3970676319085], [-3.1016509737642837, 53.397427107804646], [-3.1013502525243375, 53.39742988278393], [-3.1013641793800644, 53.39796909663947], [-3.1016649044199243, 53.39796632160596], [-3.101674191773446, 53.398325797444876], [-3.1019749192966963, 53.39832302161797], [-3.1019609845413507, 53.39778380790528], [-3.1022617082146415, 53.39778103137536], [-3.102266354349775, 53.397960769267236], [-3.1028678040797057, 53.39795521389955], [-3.1028538582244303, 53.39741600031529], [-3.1025531371843664, 53.39741877832345], [-3.1025299014252306, 53.396520088811336], [-3.1019284718609623, 53.39652564237517], [-3.1019238273921808, 53.39634590441938], [-3.103126681254608, 53.396334794335274], [-3.1031220317696806, 53.39615505644615], [-3.102821319645586, 53.39615783508486], [-3.102816671477185, 53.3959780971719], [-3.1037188038998806, 53.39596975903849], [-3.1037234558678164, 53.39614949689715], [-3.1046255916396817, 53.39614115189471], [-3.1046162801548376, 53.39578167628037], [-3.103714151981985, 53.39579002117409], [-3.1037095001141295, 53.395610283303974], [-3.1034087918895654, 53.39561306340275], [-3.103404141338218, 53.395433325508805], [-3.1037048482963114, 53.395430545428134], [-3.103700196528531, 53.39525080754656], [-3.104000902170132, 53.39524802672682], [-3.1039962491859465, 53.39506828885763], [-3.103695544810787, 53.395071069659245], [-3.1036908931430793, 53.39489133176623], [-3.103390189984313, 53.39489411179256], [-3.1033855396330563, 53.39471437387571], [-3.1042876451599932, 53.39470603157953], [-3.1042922993104938, 53.394885769442055], [-3.104893705277658, 53.394880204089276], [-3.104898362011073, 53.39505994190984], [-3.1058004743853833, 53.39505158814761], [-3.105795813852695, 53.39487185038147], [-3.105495111044461, 53.39487463570787], [-3.105490451828313, 53.39469489791786], [-3.1048890485943326, 53.394700466263004], [-3.1048843919610953, 53.39452072843097], [-3.104583691535363, 53.3945235114497], [-3.1045697257352973, 53.3939842978649], [-3.1048704223619157, 53.39398151490056], [-3.1048750788448887, 53.39416125274976], [-3.106077869915787, 53.39415011324859], [-3.106082531514326, 53.3943298510195], [-3.1063832304231, 53.39432706423323], [-3.1063878933381623, 53.39450680198028], [-3.1066885934631596, 53.3945040144187], [-3.1066979219765556, 53.39486348985927], [-3.1069986245841843, 53.394860701504236], [-3.1070079558311217, 53.395220176885566], [-3.1073086609214187, 53.39521738773704], [-3.107317994902011, 53.395576863059134], [-3.107017287278806, 53.39557965224399], [-3.107031284826744, 53.39611886523863], [-3.106429861830849, 53.39612444144578], [-3.106425198464352, 53.39594470375032], [-3.1061244881576564, 53.395947490699946], [-3.1061291502576496, 53.39612722841357], [-3.105527726960815, 53.396132800077595], [-3.1055184078769713, 53.39577332457205], [-3.1052176986863618, 53.395776109231996], [-3.105222356936731, 53.39595584700578], [-3.1049216464295224, 53.39595863092668], [-3.1049309605475566, 53.396318106493325], [-3.1046302474572247, 53.39632088969329], [-3.1046349033248517, 53.39650062748615], [-3.1043341889179024, 53.396503409947044], [-3.1043295343168116, 53.39632367213608], [-3.1037281078857917, 53.39632923475008], [-3.10374206423997, 53.3968684482745], [-3.104042781280159, 53.39686566729177], [-3.104066049204358, 53.39776435629403], [-3.104667495800591, 53.397758791875724], [-3.104672152068899, 53.39793852962274], [-3.1052736009980673, 53.39793296213924], [-3.1052782598497775, 53.398112699844276], [-3.10557898550585, 53.39810991494853], [-3.1055650053011377, 53.39757070187065], [-3.1058657271071564, 53.397567916272095], [-3.105870388391893, 53.39774765395231], [-3.1064718343867432, 53.39774208044719], [-3.1064811621732344, 53.39810155571782], [-3.107684063693954, 53.39809039947552], [-3.107679394709016, 53.397910661915745], [-3.1073786706707915, 53.397913452094016], [-3.107374003002716, 53.39773371451032], [-3.1076747257743036, 53.397730924350235], [-3.107670056889815, 53.39755118677898], [-3.107970778344555, 53.397548395879845], [-3.107966108243681, 53.39736865832106], [-3.1076653880555485, 53.397371449202], [-3.1076607192715056, 53.3971917116193], [-3.107360000299748, 53.39719450172488], [-3.107355332832509, 53.39701476411827], [-3.107054615077126, 53.39701755344846], [-3.1070452828263972, 53.39665807818173], [-3.1073459980486544, 53.39665528888786], [-3.1073506654154786, 53.39683502650594], [-3.10795209824247, 53.39682944561027], [-3.1079567681926394, 53.39700918318626], [-3.108558203351831, 53.397003599225414], [-3.108553530868525, 53.39682386168578], [-3.1091549632935367, 53.396818274732496], [-3.1091502883273914, 53.396638537223545], [-3.1082481434141336, 53.39664691646312], [-3.1082434722978927, 53.396467178893836], [-3.1079427584928343, 53.39646997044111], [-3.107938088693366, 53.396290232847925], [-3.107637376104604, 53.396293023619826], [-3.107618702475015, 53.39557407311711], [-3.108220117470363, 53.39556849096156], [-3.1082247883353804, 53.39574822855946], [-3.1091269142509623, 53.395739849592786], [-3.1091315889656768, 53.3959195871304], [-3.1094322987701375, 53.395916792608965], [-3.109436974801633, 53.39609653012264], [-3.1097376858222905, 53.396093734825804], [-3.1097283312766186, 53.395734259829126], [-3.110029039713987, 53.395731463811536], [-3.1100243612501495, 53.395551726322815], [-3.110325068370727, 53.39554892956626], [-3.1103203886907598, 53.39536919209002], [-3.1106210944945447, 53.39536639459451], [-3.1106164135984757, 53.39518665713076], [-3.110315709061131, 53.39518945460804], [-3.110311029481839, 53.39500971712032], [-3.1100103261605834, 53.39501251382224], [-3.110005647898039, 53.394832776310594], [-3.109704945792875, 53.39483557223713], [-3.1097002688470514, 53.394655834701524], [-3.1090988670186155, 53.394661424246756], [-3.10908484408123, 53.39412221149638], [-3.10878414689071, 53.394125005078685], [-3.1087794739451526, 53.393945267465575], [-3.108178081946032, 53.393950852322426], [-3.108168741271018, 53.393591377006246], [-3.109070821596343, 53.39358299869442], [-3.1090754957076965, 53.393762736300786], [-3.109376190315258, 53.39375994199776], [-3.1093808657432196, 53.39393967958021], [-3.109982257340126, 53.39393408866635], [-3.1099916134123338, 53.39429356374125], [-3.1102923116680197, 53.3942907671122], [-3.110301670474261, 53.39465024212773], [-3.1106023712123703, 53.394647444705114], [-3.1106070519573903, 53.39482718218608], [-3.1109077539115493, 53.39482438398808], [-3.1109030719001307, 53.39464464652536], [-3.1115044731245574, 53.3946390478944], [-3.111509157668768, 53.39481878532066], [-3.11211056122443, 53.39481318362466], [-3.112105874147428, 53.39463344623489], [-3.1118051736611934, 53.394636247443216], [-3.1118004879009886, 53.39445651002946], [-3.1114997886307343, 53.394459310462395], [-3.1114951041873, 53.39427957302468], [-3.1111944061330266, 53.39428237268226], [-3.1111897230063352, 53.39410263522058], [-3.110889026168044, 53.39410543410278], [-3.110884344358068, 53.39392569661713], [-3.1114857354515926, 53.39392009813203], [-3.1114810511593176, 53.39374036067713], [-3.1120824395186446, 53.393734759200015], [-3.1120730660200224, 53.39337528434593], [-3.1117723743981713, 53.39337808542656], [-3.111767688990763, 53.393198347972685], [-3.1120683793463284, 53.393195546910306], [-3.112063692723044, 53.39301580946895], [-3.1123643817619273, 53.39301300766769], [-3.1123690696514843, 53.39319274509082], [-3.1132711402643536, 53.393184335089764], [-3.113275832003186, 53.393364072452385], [-3.1135765233728474, 53.39336126758622], [-3.113571830367734, 53.39318153024189], [-3.1138725204206357, 53.3931787246369], [-3.1138678261997326, 53.39299898730507], [-3.113567137413099, 53.3930017928918], [-3.1135624445089407, 53.39282205553599], [-3.113261756938086, 53.39282486034734], [-3.113257065350647, 53.39264512296752], [-3.1129563789955705, 53.39264792700354], [-3.112951688724822, 53.392468189599725], [-3.113853743839969, 53.39245977527528], [-3.1138490498210247, 53.39228003792053], [-3.1132476823271555, 53.39228564819072], [-3.1132429908911, 53.392105910793696], [-3.113543673397072, 53.39210310605542], [-3.113534288143983, 53.39174363128073], [-3.1141356479397744, 53.39173801960604], [-3.1141403430734282, 53.3919177569597], [-3.1144410241617533, 53.391914949968495], [-3.1144363277619282, 53.3917352126331], [-3.1150376872546826, 53.39172959641606], [-3.115032988373059, 53.39154985911152], [-3.115935023434641, 53.39154142916288], [-3.1159303208051328, 53.39136169190751], [-3.1162309977917113, 53.39135888042884], [-3.1162262939466574, 53.39117914318604], [-3.115624942455174, 53.39118476534973], [-3.1156202411929383, 53.3910050280646], [-3.1150188920314226, 53.3910106471635], [-3.1150141933519526, 53.390830909836026], [-3.114412846520491, 53.39083652587019], [-3.1144081504237353, 53.390656788500415], [-3.115310166796866, 53.39064836336849], [-3.115305466952395, 53.39046862604784], [-3.1159068084162787, 53.39046300554467], [-3.115916213220086, 53.39082248010698], [-3.116216886408328, 53.390819668683264], [-3.1162215901521964, 53.39099940593753], [-3.116822938909087, 53.39099378078231], [-3.116818232633023, 53.39081404356468], [-3.117118905669449, 53.39081122986983], [-3.1171141981779193, 53.39063149266479], [-3.1177155415667004, 53.390625863040675], [-3.1177061216712905, 53.39026638868671], [-3.1171047833467562, 53.39027201823752], [-3.117095368718111, 53.38991254378728], [-3.1167947020119624, 53.389915357390514], [-3.1167899960395977, 53.389735620138474], [-3.117391326869237, 53.389729992211684], [-3.117386618415483, 53.389550254990546], [-3.117687282488348, 53.38954743990999], [-3.117682572819251, 53.38936770270147], [-3.117381910012371, 53.389370517763716], [-3.117377201659899, 53.38919078053112], [-3.117076540068354, 53.389193594818046], [-3.1170718330324805, 53.38901385756139], [-3.1167711726562706, 53.38901667107297], [-3.116757055650194, 53.38847745921364], [-3.1179596816600452, 53.38846620084529], [-3.1179643923418014, 53.38864593806415], [-3.1182650499835565, 53.3886431215613], [-3.1182744740309367, 53.389002595945136], [-3.1188757942261445, 53.388996960595094], [-3.1188710796452304, 53.38881722344275], [-3.11947239710573, 53.38881158510153], [-3.1194676800436656, 53.388631847980164], [-3.120068994769383, 53.388626206647764], [-3.120059555733825, 53.38826673246131], [-3.11975890092815, 53.38826955346926], [-3.119754182752393, 53.38808981634905], [-3.119453529161861, 53.388092636581675], [-3.1194393787366255, 53.38755342513155], [-3.1191387288929415, 53.38755624455211], [-3.119134013451817, 53.387376507372224], [-3.1194346620296693, 53.38737368797003], [-3.119429945373442, 53.38719395080278], [-3.1206325341141796, 53.38718266569806], [-3.1206278124454645, 53.38700292859857], [-3.12092845823793, 53.387000105448436], [-3.120923735354208, 53.386820368361604], [-3.121224379830092, 53.38681754447294], [-3.1212196557313896, 53.38663780739874], [-3.1215202988906956, 53.38663498277157], [-3.1215155735770392, 53.38645524571003], [-3.122116857211665, 53.38644959422172], [-3.122112129417339, 53.38626985719125], [-3.1227134103170955, 53.38626420271212], [-3.1227086800421557, 53.38608446571275], [-3.1233099582069697, 53.38607880824286], [-3.123305225451473, 53.38589907127457], [-3.123605863191825, 53.385896241422685], [-3.123601129221526, 53.385716504467126], [-3.1239017656452694, 53.38571367387679], [-3.1238970304601965, 53.38553393693388], [-3.123295760093172, 53.3855395973208], [-3.123291027490366, 53.385359860335306], [-3.1229903934961754, 53.385362689375015], [-3.122976199790069, 53.38482347832883], [-3.123577460133682, 53.384817819603114], [-3.123572726468838, 53.3846380826131], [-3.1241739840775904, 53.38463242089677], [-3.124169247932445, 53.38445268393791], [-3.1244698753948263, 53.38444985196289], [-3.124465138035026, 53.384270115016704], [-3.124765764180873, 53.38426728230329], [-3.1247610256064444, 53.384087545369816], [-3.125362275214099, 53.38408187770938], [-3.1253575341595115, 53.383902140807066], [-3.125658157621308, 53.383899305860034], [-3.125653415352161, 53.383719568970456], [-3.125954037497415, 53.38371673328504], [-3.1259492940137363, 53.383536996408196], [-3.126249914842449, 53.38353415998442], [-3.126245170144264, 53.3833544231203], [-3.126545789656438, 53.38335158595821], [-3.1265410437437757, 53.38317184910681], [-3.1268416619394115, 53.38316901120635], [-3.1268321677362327, 53.38280953752334], [-3.1262309363558463, 53.3828152124935], [-3.1262261918617513, 53.38263547560642], [-3.127128035059383, 53.38262696207136], [-3.127118538631617, 53.38226748839087], [-3.1274191503978455, 53.38226464906923], [-3.127414400995134, 53.38208491223886], [-3.1277150114448737, 53.38208207217892], [-3.1277102608278318, 53.381902335361296], [-3.1280108699610825, 53.381899494563086], [-3.128001366349491, 53.38154002094764], [-3.1283019729008767, 53.38153717942962], [-3.128297219906367, 53.3813574426318], [-3.128597825141283, 53.38135460037553], [-3.128593070932537, 53.38117486359046], [-3.1282924669629684, 53.381177705828215], [-3.1282829612294987, 53.380818232203836], [-3.1285835626684166, 53.3808153900031], [-3.128578808613038, 53.380635653200805], [-3.1288794087355267, 53.380632810261844], [-3.1288651430802847, 53.380093599876055], [-3.1291657393558068, 53.38009075623588], [-3.1291609829744083, 53.37991101944767], [-3.1294615779335335, 53.379908175069296], [-3.129456820338046, 53.37972843829384], [-3.129757413980778, 53.37972559317727], [-3.129752655171228, 53.37954585641461], [-3.1294520627937175, 53.379548701512654], [-3.129447305300545, 53.379368964725714], [-3.1297478964128467, 53.37936611964621], [-3.129743137705638, 53.37918638287205], [-3.1300437275015764, 53.37918353705436], [-3.1300342077103207, 53.3788240635259], [-3.13033479492473, 53.37882121698858], [-3.130330033840724, 53.37864148023427], [-3.130630619738785, 53.3786386329588], [-3.130621095194095, 53.37827915947003], [-3.1303205118262944, 53.37828200670843], [-3.13031575089587, 53.37810226993689], [-3.1306163329985606, 53.37809942271704], [-3.1306068087611076, 53.37773994919382], [-3.1309073882824134, 53.3777371012544], [-3.1308883353617665, 53.377018154213225], [-3.131188909771663, 53.37701530559133], [-3.1311793810886193, 53.37665583207337], [-3.131479952917274, 53.37665298273193], [-3.131446595285635, 53.37539482536812], [-3.1317471582084355, 53.37539197539994], [-3.1317137942334106, 53.3741338178846], [-3.1320143482510225, 53.37413096728979], [-3.13195714353034, 53.37197412540286], [-3.1316566046893617, 53.37197697577496], [-3.1316518392270716, 53.371797238895155], [-3.13135130159949, 53.3718000884922], [-3.131346537453053, 53.37162035158809], [-3.131046001038868, 53.37162320041007], [-3.131041238208259, 53.37144346348169], [-3.1307407030074734, 53.371446311528615], [-3.1307359414926603, 53.37126657457593], [-3.130134873466715, 53.371272268363235], [-3.130130114532255, 53.371092531367744], [-3.129529048830814, 53.37109822209205], [-3.129524292476653, 53.37091848505374], [-3.128923229099806, 53.370924172715085], [-3.1289279829248273, 53.37110390979042], [-3.126223183819543, 53.37112946698705], [-3.1262279263143897, 53.37130920422305], [-3.125025786994087, 53.371320543382275], [-3.1250305244815006, 53.37150028068638], [-3.1247299882594497, 53.37150311360341], [-3.1247347245331762, 53.3716828509202], [-3.123833111767688, 53.37169134518759], [-3.123837844298427, 53.37187108255396], [-3.1235373053435143, 53.371873912481846], [-3.1235420366604845, 53.372053649860895], [-3.1238425768800484, 53.372050819914605], [-3.1238567749302075, 53.372590031962076], [-3.1241573188929217, 53.37258720120394], [-3.124162052942781, 53.37276693852321], [-3.1232604171078835, 53.37277542858325], [-3.1232698777719428, 53.37313490331508], [-3.1229693298624546, 53.37313773185887], [-3.122974059006025, 53.373317469234614], [-3.1226735097809435, 53.373320297040244], [-3.1226829656910873, 53.37367977181133], [-3.122382413885633, 53.37368259889724], [-3.122391867469522, 53.374042073682176], [-3.122091313083652, 53.37404490004835], [-3.1221007643411807, 53.37440437484711], [-3.1224013212566994, 53.37440154844416], [-3.1224107752471704, 53.37476102318318], [-3.122711334641567, 53.37475819598679], [-3.1227160629779127, 53.3749379333293], [-3.1224155023186437, 53.37494076054407], [-3.1224485932421246, 53.37619892190973], [-3.1215468843959475, 53.37620739940093], [-3.1215421607635805, 53.376027662024995], [-3.1209410238087623, 53.37603330986586], [-3.1209363027570984, 53.37585357244742], [-3.1203351681291447, 53.37585921722502], [-3.1203493238465962, 53.37639842957344], [-3.120048752661594, 53.37640125088244], [-3.12004403530336, 53.37622151342031], [-3.119743465332622, 53.37622433395431], [-3.119738749290084, 53.37604459646808], [-3.1191376117264435, 53.37605023522945], [-3.1191423252390327, 53.37622997275237], [-3.1194428953111757, 53.37622715373166], [-3.1194476101394346, 53.37640689123049], [-3.1191470388023035, 53.37640971026958], [-3.1191517524162573, 53.37658944778103], [-3.1194523250183894, 53.376586628723594], [-3.119457039948041, 53.37676636621095], [-3.120358761245245, 53.3767579044437], [-3.1203634800206776, 53.37693764187022], [-3.1206640549499802, 53.37693481974947], [-3.1206687750411906, 53.37711455715187], [-3.120969351184781, 53.377111734256076], [-3.1209740725917965, 53.37729147163436], [-3.121274649949671, 53.377288647963546], [-3.12128409544615, 53.37764812266612], [-3.120983515558131, 53.37765094637372], [-3.120978794049579, 53.37747120900692], [-3.1197764790502727, 53.377482496197146], [-3.1197811954985015, 53.37766223363746], [-3.117677133442163, 53.37768195721712], [-3.1176818410854175, 53.37786169478012], [-3.1173812593239667, 53.377864509426004], [-3.117390672232092, 53.3782239845715], [-3.1164889190534186, 53.37823242407897], [-3.1164936217879617, 53.37841216169807], [-3.1158924502190293, 53.37841778428955], [-3.115901850779156, 53.37877725958376], [-3.116202439119232, 53.378774448629756], [-3.1162071407402956, 53.37895418624995], [-3.1165077302950004, 53.37895137452093], [-3.1165124332318213, 53.37913111211706], [-3.1168130240011562, 53.37912829961303], [-3.116817728253758, 53.37930803718514], [-3.1171183202377186, 53.37930522390606], [-3.1171324370947566, 53.37984443653299], [-3.1174330328238344, 53.379841622442214], [-3.1174377398093123, 53.380021359954725], [-3.117137142814971, 53.380024174063834], [-3.1171512602792246, 53.38056338662193], [-3.1168506594384016, 53.380566200029236], [-3.1168553640957057, 53.38074593755545], [-3.116254159731658, 53.380751562136474], [-3.116258861908883, 53.38093129969358], [-3.1159582583856724, 53.38093411086725], [-3.1159629593481117, 53.38111384843693], [-3.11506114467917, 53.38112227747228], [-3.115065841896067, 53.38130201509111], [-3.1153664481016095, 53.38129920615114], [-3.115371146634397, 53.38147894374595], [-3.114769931642042, 53.38148456090568], [-3.114784019951126, 53.382023773765454], [-3.115084631268781, 53.38202096550911], [-3.1150940262582214, 53.38238044068368], [-3.115394640056242, 53.382377631633965], [-3.1154040377786822, 53.38273710674903], [-3.114802805070254, 53.38274272416485], [-3.1147981087147167, 53.38256298657361], [-3.114497493550216, 53.382565794128], [-3.114492798510645, 53.38238605651273], [-3.1141921845611167, 53.38238886329205], [-3.114187490837483, 53.38220912565276], [-3.113886878102932, 53.382211931657004], [-3.113891570561114, 53.38239166931456], [-3.1135909565106497, 53.38239447458026], [-3.113586265317919, 53.38221473690444], [-3.1132856524824564, 53.382217541395065], [-3.1132809626056104, 53.38203780369524], [-3.1129803509851532, 53.382040607410815], [-3.1129662854534446, 53.3815013942222], [-3.1126656775788066, 53.381504197126226], [-3.1126609904344567, 53.38132445936695], [-3.1123603837747993, 53.38132726149593], [-3.1123510121680398, 53.380967785923715], [-3.112050407988725, 53.380970587259455], [-3.1120457235262733, 53.3807908494465], [-3.1117451205619315, 53.38079365000723], [-3.111754487006505, 53.38115312566387], [-3.1114538814610966, 53.38115592550429], [-3.1114632455763522, 53.38151540117448], [-3.111763853652523, 53.38151260129758], [-3.111768537051076, 53.38169233910584], [-3.112069146342285, 53.38168953845392], [-3.112078515821324, 53.38204901401677], [-3.112379127592998, 53.38204621257159], [-3.1123838136735262, 53.38222595032617], [-3.1126844266602465, 53.38222314810594], [-3.112689114056621, 53.38240288583654], [-3.11298972825839, 53.38240008284125], [-3.1129944169706367, 53.38257982054784], [-3.11329503238745, 53.38257701677752], [-3.1132997224155994, 53.38275675446012], [-3.113600339047457, 53.382753949914694], [-3.1136050303915344, 53.38293368757332], [-3.113905648238433, 53.38293088225281], [-3.1139103408984665, 53.38311061988743], [-3.1142109599604053, 53.38310781379182], [-3.1142156539364207, 53.383287551402425], [-3.113915033608964, 53.3832903575163], [-3.1139244191813553, 53.383649832756866], [-3.114225042039891, 53.38364702660645], [-3.1142391245736967, 53.38418623936946], [-3.1145397511784667, 53.384183432407355], [-3.1145491423179603, 53.384542907517464], [-3.1142485131819795, 53.384545714516136], [-3.1142438188525965, 53.38436597694566], [-3.113642562960424, 53.384371588635844], [-3.1136378712127235, 53.38419185102312], [-3.1130366176499296, 53.384197459649336], [-3.1130178612882173, 53.383478508994905], [-3.1127172394934455, 53.38348131209972], [-3.1127125517946173, 53.383301574403504], [-3.112411931214969, 53.383304376733236], [-3.1124025584995736, 53.382944901287146], [-3.1121019404005597, 53.38294770282355], [-3.1120972553839508, 53.38276796507366], [-3.1117966385000524, 53.38277076583501], [-3.111791954799308, 53.38259102806116], [-3.1108901076419064, 53.382599425749596], [-3.1108947875462007, 53.38277916357815], [-3.1111954045811614, 53.382776365087246], [-3.1112047670717415, 53.38313584069073], [-3.111505386587371, 53.38313304140655], [-3.1115147518103803, 53.383492516950604], [-3.1118153738067167, 53.383489716873136], [-3.11182474176227, 53.383849192357786], [-3.111223492657009, 53.38385479182884], [-3.1112281741791854, 53.38403452959902], [-3.1115288000225756, 53.38403173022371], [-3.1115334828606915, 53.38421146796995], [-3.111834109919314, 53.38420866781952], [-3.111838794073395, 53.384388405541785], [-3.1121394223472487, 53.38438560461629], [-3.112158164529882, 53.38510455537506], [-3.1124587978158993, 53.385101753619715], [-3.1124634847532056, 53.385281491276835], [-3.1127641192544906, 53.38527868874634], [-3.1127734958117017, 53.38563816400686], [-3.1130741327939506, 53.38563536068299], [-3.1130788224138977, 53.38581509828639], [-3.112778184165939, 53.38581790162854], [-3.112782872570595, 53.38599763924446], [-3.112482233006489, 53.386000441847955], [-3.1124728587790327, 53.38564096657385], [-3.1121722216959595, 53.385643768383936], [-3.1121675359235415, 53.38546403072004], [-3.111566264137627, 53.38546963203307], [-3.111556897806687, 53.38511015661512], [-3.1112562643695383, 53.385112956099825], [-3.1112328557517106, 53.38421426736349], [-3.11093222859238, 53.38421706600018], [-3.1109275482854506, 53.38403732821751], [-3.110626922341384, 53.384040126079114], [-3.1106456388086445, 53.38475907724837], [-3.110345007751799, 53.384761874426005], [-3.1103496857287665, 53.38494161222219], [-3.110049053355963, 53.38494440866117], [-3.110058406929483, 53.38530388427278], [-3.1103590418336298, 53.385301087797394], [-3.1103683981397316, 53.385660563349674], [-3.1106690355249618, 53.385657766080975], [-3.110673715019198, 53.385837503830295], [-3.1109743536198184, 53.38583470578645], [-3.110979034430109, 53.38601444351182], [-3.110377754647081, 53.38602003887904], [-3.1103824329762246, 53.386199776635095], [-3.110081791743491, 53.386202573201544], [-3.1100864688571876, 53.386382310970106], [-3.1097858263083933, 53.38638510679785], [-3.1097905022066192, 53.3865648445789], [-3.1094898583417634, 53.38656763966792], [-3.1094945330244905, 53.38674737746143], [-3.109193887843572, 53.38675017181175], [-3.1091892144266327, 53.386570434000035], [-3.108888570461242, 53.38657322757523], [-3.108883898360341, 53.3863934897396], [-3.108583255610479, 53.38639628253968], [-3.108564572772294, 53.3856773310671], [-3.1082639350351693, 53.38568012303753], [-3.1082405889460136, 53.38478143347697], [-3.1076393259779587, 53.38478701496539], [-3.1076486592003283, 53.385146490879485], [-3.1073480251096894, 53.38514928052473], [-3.107366687093862, 53.38586823235686], [-3.1076673262473182, 53.385865442638966], [-3.1076813270595505, 53.38640465639841], [-3.10798196996007, 53.38640186586908], [-3.1079959750214057, 53.38694107952242], [-3.107394681575422, 53.38694665993317], [-3.1073760183870034, 53.38622770823856], [-3.107075376651879, 53.38623049723587], [-3.1070800411079493, 53.38641023518628], [-3.106779398056896, 53.38641302344485], [-3.1068260327183634, 53.38821040281541], [-3.107427344087132, 53.38820482517812], [-3.1074366766849946, 53.38856430091082], [-3.107136018493852, 53.388567090144285], [-3.10714068360212, 53.38874682802021], [-3.1065393645374386, 53.38875240425251], [-3.1065347019610567, 53.38857266634026], [-3.1062340436194353, 53.388575453302785], [-3.1062293823591323, 53.38839571536667], [-3.1059287252333085, 53.38839850155406], [-3.1059333852276803, 53.38857823950831], [-3.105632726785806, 53.38858102495689], [-3.105637385564348, 53.38876076292356], [-3.1053367258064215, 53.38876354763328], [-3.1053460409818907, 53.389123023585704], [-3.1050453786419343, 53.38912580757469], [-3.1050407222951275, 53.38894606958321], [-3.104740061171067, 53.38894885279708], [-3.104735406140304, 53.388769114781745], [-3.105036065998402, 53.38876633158602], [-3.1050267535551845, 53.3884068555744], [-3.104726096228969, 53.38840963873389], [-3.104721441348399, 53.38822990070137], [-3.104420785238044, 53.388232683085775], [-3.1044161316734438, 53.388052945029386], [-3.1041154767789476, 53.3880557266387], [-3.1041061723316745, 53.38769625047254], [-3.1035048674561496, 53.38770181134781], [-3.103509517123003, 53.387881549469995], [-3.1032088633443404, 53.387884328790285], [-3.1032181602962594, 53.38824380505362], [-3.103518816606732, 53.38824102569712], [-3.103537416174299, 53.38895997808265], [-3.103236754800046, 53.388962757511564], [-3.103246052351923, 53.38932223370617], [-3.1029453883956957, 53.38932501241428], [-3.102950035980627, 53.38950475052108], [-3.102649370708405, 53.389507528490284], [-3.1026447243894832, 53.38932779036538], [-3.1023440603332983, 53.3893305675595], [-3.102348705386212, 53.38951030570248], [-3.102048040014058, 53.38951308215766], [-3.1020526838509075, 53.38969282031301], [-3.101752017162784, 53.38969559602925], [-3.1017473745919597, 53.38951585785585], [-3.101146043597979, 53.389521406981174], [-3.1011414036091094, 53.38934166876589], [-3.1008407393032673, 53.38934444217497], [-3.1008500167988733, 53.389703918635966], [-3.1011506836367544, 53.38970114519073], [-3.1011553237254352, 53.38988088339457], [-3.101455991779449, 53.389878109174276], [-3.101474557697533, 53.39059706186004], [-3.1011738845792265, 53.39059983615261], [-3.1011785249174464, 53.39077957432781], [-3.1008778504831236, 53.39078234788142], [-3.100873211411012, 53.390602609688145], [-3.100572538192901, 53.390605382466646], [-3.1005818138547894, 53.39096485888355], [-3.1008824896051315, 53.39096208606894], [-3.1008917679988386, 53.39132156242682], [-3.0999897330013164, 53.39132987870783], [-3.0999943684745257, 53.39150961693233], [-3.0990923292297894, 53.39151792645393], [-3.0990738028298384, 53.39079897330503], [-3.0987731280465267, 53.390801741559315], [-3.098787018973344, 53.391340956483646], [-3.0978849829293855, 53.3913492568664], [-3.0978942361992265, 53.39170873356212], [-3.0981949174626786, 53.391705967488896], [-3.098199545438442, 53.39188570581016], [-3.097898862908792, 53.39188847190139], [-3.097903489668121, 53.39206821023494], [-3.097602805822497, 53.392070975587096], [-3.0976120569579906, 53.39243045227301], [-3.0973113705301496, 53.39243321690412], [-3.097334492908177, 53.39333190860881], [-3.0958310283661024, 53.39334572085767], [-3.095826410122559, 53.39316598243824], [-3.0952250264905334, 53.393171502002005], [-3.095220410829261, 53.3929917635409], [-3.094619029531245, 53.392997280040284], [-3.0946282558382117, 53.39335675702866], [-3.0952296422014522, 53.393351240457406], [-3.095234257962019, 53.39353097890708], [-3.095534952335501, 53.3935282194678], [-3.0955395694120558, 53.393707957893774], [-3.0958402650022134, 53.3937051976794], [-3.095849501837031, 53.3940646744782], [-3.0946467090475984, 53.39407571093673], [-3.0946559359500267, 53.394435187856416], [-3.094054534191958, 53.39444070161467], [-3.0940499232487237, 53.39426096312178], [-3.0934485238250584, 53.39426647381552], [-3.093453132235498, 53.394446212344306], [-3.0928517300807554, 53.39445172004535], [-3.0928471242031152, 53.39427198148069], [-3.0922457243830035, 53.3942774861173], [-3.0922503277278426, 53.39445722471779], [-3.092551028929064, 53.39445447276015], [-3.092555633589836, 53.39463421133701], [-3.092856336007941, 53.39463145860429], [-3.0928655480109413, 53.394990935704996], [-3.0931662529123702, 53.39498818217923], [-3.0931754676464744, 53.39534765922117], [-3.093476175031264, 53.39534490490239], [-3.093490001303608, 53.395884120368564], [-3.092888578885499, 53.395889628356585], [-3.092883972611493, 53.39570988983772], [-3.092282552528209, 53.39571539476114], [-3.0922779488367427, 53.3955356562007], [-3.0919772399873082, 53.39553840750869], [-3.091963433009438, 53.39499919173926], [-3.091662727909908, 53.39500194223635], [-3.0916719299793907, 53.39536141945752], [-3.0913712222974414, 53.395364169233254], [-3.0913850219733625, 53.395903385075854], [-3.0904828872322025, 53.39591163002113], [-3.090492079664351, 53.39627110732831], [-3.090792793827265, 53.39626835973461], [-3.0907973913840543, 53.39644809836173], [-3.089895244947336, 53.39645633892487], [-3.0898998387538734, 53.396636077599936], [-3.089599121909548, 53.39663882295778], [-3.0896037144989186, 53.39681856164501], [-3.0893029963386063, 53.39682130626352], [-3.089298405015823, 53.39664156755842], [-3.0886969710802163, 53.39664705448804], [-3.088692382339965, 53.39646731574147], [-3.0883916665646884, 53.3964700580526], [-3.088405429133763, 53.39700927432873], [-3.0887061487088032, 53.397006531964], [-3.08871073759714, 53.3971862706934], [-3.08901145838943, 53.3971835275536], [-3.089016048593757, 53.39736326625941], [-3.089316770603298, 53.39736052234451], [-3.0893213621236426, 53.39754026102673], [-3.089622085350431, 53.39753751633672], [-3.089626678186821, 53.39771725499535], [-3.088123055225823, 53.39773097096237], [-3.0881276417782786, 53.397910709704625], [-3.0878269157713403, 53.39791345064416], [-3.087822330485554, 53.397733711884044], [-3.0875216056959616, 53.39773645204848], [-3.0875307737835014, 53.398095929598654], [-3.0872300464112405, 53.398098669041524], [-3.0872346292622788, 53.39827840782587], [-3.086933900574021, 53.39828114652933], [-3.0869522274042436, 53.39900010168086], [-3.08665149359976, 53.3990028396984], [-3.0866469130850276, 53.398823100901275], [-3.0860454478617614, 53.39882857462883], [-3.0860683382603473, 53.3997272687356], [-3.0854668601722466, 53.39973273961224], [-3.0854760116091025, 53.40009221728618], [-3.085175269957542, 53.40009495162416], [-3.085188993681412, 53.400634168145636], [-3.084587502629462, 53.4006396346565], [-3.084582930539391, 53.400459895786135], [-3.0839814418244638, 53.400465359232115], [-3.0839768723173187, 53.400285620320425], [-3.0836761291529817, 53.40028835088966], [-3.0836806973932576, 53.40046808981913], [-3.0833799529129053, 53.400470819648824], [-3.0833845199354397, 53.40065055859034], [-3.083986011380768, 53.40064509813807], [-3.083990580986231, 53.40082483703831], [-3.0845920747687194, 53.400819373521145], [-3.0845966469571637, 53.40099911238009], [-3.0861003868869163, 53.40098544024485], [-3.0861049654591577, 53.401165179009006], [-3.086405714564316, 53.40116244229213], [-3.0864148743904485, 53.40152191976765], [-3.08611412275141, 53.401524656520195], [-3.0861187014714226, 53.40170439526719], [-3.0864194543774217, 53.40170165849682], [-3.0864240344136675, 53.401881397220286], [-3.085521771746982, 53.40188960531276], [-3.085517195511662, 53.401709866535825], [-3.085216442457928, 53.40171260103413], [-3.0852118675388027, 53.401532862233665], [-3.084610363817623, 53.401538328922584], [-3.0846057914816143, 53.40135859008079], [-3.08400429009758, 53.40136405370472], [-3.083999720344637, 53.40118431482164], [-3.083097471700725, 53.401192504524076], [-3.08310203765285, 53.401372243460514], [-3.0834027885168984, 53.401369514299255], [-3.0834073557850976, 53.40154925321219], [-3.0831066036540955, 53.401551982391226], [-3.0831111697044618, 53.40173172131621], [-3.083411923102433, 53.40172899211941], [-3.083416490468903, 53.40190873102092], [-3.0840179996513837, 53.401903270319664], [-3.0840225696009793, 53.40208300917988], [-3.0852255924438343, 53.402072078617856], [-3.0852301675106157, 53.40225181740115], [-3.0858316811707898, 53.402246347540334], [-3.0858362588208252, 53.40242608628229], [-3.0861370168440643, 53.402423350198006], [-3.086150753890787, 53.40296256633608], [-3.0867522773917204, 53.4029570917884], [-3.086756859039959, 53.403136830453995], [-3.087358384877866, 53.40313135284109], [-3.08736296910956, 53.403311091465305], [-3.088265261297734, 53.40330286931194], [-3.08827443751168, 53.40366234643605], [-3.0885752040099006, 53.403659604167764], [-3.0885843829555446, 53.404019081233244], [-3.089486689756646, 53.404010849776675]], [[-3.0885614359617453, 53.4031203885266], [-3.0876591477228468, 53.40312861289855], [-3.0876499768732963, 53.40276913566871], [-3.0885522575098414, 53.40276091140387], [-3.0885614359617453, 53.4031203885266]], [[-3.0876499768732963, 53.40276913566871], [-3.087349216562434, 53.40277187557556], [-3.087344632478695, 53.402592136934196], [-3.0876453915225173, 53.4025893970452], [-3.0876499768732963, 53.40276913566871]], [[-3.092443712932855, 53.40200624077194], [-3.0918422039795166, 53.40201174392104], [-3.091837601088339, 53.401832005525016], [-3.09153684780436, 53.40183475594561], [-3.091532246229661, 53.401655017525925], [-3.0918329982466783, 53.40165226712328], [-3.0918283954545362, 53.40147252871581], [-3.092129146155089, 53.4014697775737], [-3.0921337502141784, 53.40164951596324], [-3.0924345021321473, 53.40164676404587], [-3.092443712932855, 53.40200624077194]], [[-3.0906345876554533, 53.40184300266325], [-3.090033080642174, 53.40184849668825], [-3.0900284854022924, 53.40166875817908], [-3.0897277330884574, 53.40167150403765], [-3.089718545290893, 53.401312026966416], [-3.0900192950708383, 53.40130928114361], [-3.0900238902118473, 53.4014890196642], [-3.0903246412092957, 53.40148627306617], [-3.090329237666692, 53.40166601156316], [-3.090629989881642, 53.40166326418987], [-3.0906345876554533, 53.40184300266325]], [[-3.0888300660224894, 53.40185947564997], [-3.0882285584163016, 53.401864960586686], [-3.088223970778226, 53.40168522197028], [-3.0879232181680636, 53.40168796328474], [-3.0879186318462977, 53.40150822464478], [-3.0885201344833577, 53.40150274129421], [-3.0885247233390354, 53.401682479898476], [-3.088825475850475, 53.40167973706928], [-3.0888300660224894, 53.40185947564997]], [[-3.0915184418025854, 53.401115802232646], [-3.0912176935368683, 53.40111855182423], [-3.0912130934270885, 53.400938813363794], [-3.0909123463787926, 53.40094156218015], [-3.0909031488414676, 53.40058208520626], [-3.091203893355988, 53.40057933642572], [-3.0912084933667945, 53.40075907489761], [-3.0915092390987104, 53.400756325341845], [-3.0915184418025854, 53.401115802232646]], [[-3.090315448442846, 53.40112679605502], [-3.089713951466242, 53.40113228842221], [-3.089704763965196, 53.400772811316614], [-3.090005509944408, 53.40077006554749], [-3.090010104937117, 53.40094980408524], [-3.0903108521337934, 53.400947057540876], [-3.090315448442846, 53.40112679605502]], [[-3.093017574677155, 53.400922304561746], [-3.0924160811252634, 53.400927810525076], [-3.0924114759973977, 53.400748072130554], [-3.093012967015509, 53.40074256620309], [-3.093017574677155, 53.400922304561746]], [[-3.0909031488414676, 53.40058208520626], [-3.0906024042774773, 53.4005848332295], [-3.0905978068498903, 53.40040509471607], [-3.090898550147015, 53.40040234671076], [-3.0909031488414676, 53.40058208520626]], [[-3.089094089622678, 53.400418823383], [-3.0884926023859687, 53.40042430954855], [-3.0884834254150797, 53.40006483225423], [-3.088182684256382, 53.40006757416532], [-3.088178097111813, 53.39988783549171], [-3.0878773571706013, 53.399890576627634], [-3.087872771342199, 53.39971083793046], [-3.087572032618476, 53.399713578291234], [-3.087581201790957, 53.40007305571555], [-3.087280460484259, 53.40007579535472], [-3.087275877140192, 53.39989605662757], [-3.0869751370510223, 53.39989879549159], [-3.0869522274042436, 53.39900010168086], [-3.0872529611594373, 53.39899736290606], [-3.0872575442569814, 53.399177101661806], [-3.087859014152983, 53.399171621804655], [-3.0878635998333914, 53.39935136051898], [-3.0884650720656306, 53.399345877596964], [-3.088474248641636, 53.39970535493703], [-3.0887749872173216, 53.399702612304374], [-3.088788756252027, 53.400241828218], [-3.0890894985788337, 53.40023908477443], [-3.089094089622678, 53.400418823383]], [[-3.0893810563830555, 53.39987686337503], [-3.089080316639312, 53.39987960754013], [-3.0890757257436334, 53.39969986891442], [-3.0893764642205603, 53.39969712476718], [-3.0893810563830555, 53.39987686337503]], [[-3.0959926981904875, 53.39963656193204], [-3.0956919608035167, 53.39963932273974], [-3.0956873420877096, 53.399459584502665], [-3.0959880782078915, 53.39945682371294], [-3.0959926981904875, 53.39963656193204]], [[-3.0929853220865375, 53.39966413593106], [-3.091782370256404, 53.39967514432647], [-3.0917777680089054, 53.39949540585608], [-3.0911762943303254, 53.39950090547419], [-3.0911716946659036, 53.39932116696225], [-3.0908709590191705, 53.39932391561748], [-3.0908617623723016, 53.39896443854061], [-3.0914632285492276, 53.39895894054452], [-3.091467829381444, 53.399138679049976], [-3.092370032075872, 53.3991304263225], [-3.0923746367578944, 53.3993101647685], [-3.0929761075067312, 53.39930465912792], [-3.0929853220865375, 53.39966413593106]], [[-3.0890619533529153, 53.399160653002916], [-3.0881597490269965, 53.39916888074013], [-3.088155162129154, 53.39898914203794], [-3.0878544285219056, 53.39899188308458], [-3.0878498429401597, 53.398812144358814], [-3.0884513075718063, 53.39880666154395], [-3.0884558956870576, 53.398986400234], [-3.089057362654781, 53.39898091435431], [-3.0890619533529153, 53.399160653002916]], [[-3.0950720214495635, 53.398925888956846], [-3.094771288980654, 53.398928647420796], [-3.09476667426379, 53.39874890910691], [-3.0944659430119748, 53.39875166679565], [-3.094461329611475, 53.398571928458075], [-3.094160599576755, 53.398574685371585], [-3.094151375458045, 53.39821520864334], [-3.0938506479071175, 53.39821796476369], [-3.093841426520212, 53.397858487976656], [-3.094442876505749, 53.39785297505052], [-3.0944474897077408, 53.39803271341099], [-3.0947482158927477, 53.398029955794094], [-3.094752830411048, 53.398209694130884], [-3.0950535578130953, 53.398206935738784], [-3.0950720214495635, 53.398925888956846]], [[-3.0977739840493874, 53.3987212905699], [-3.09687179163576, 53.3987295840823], [-3.0968671681015, 53.398549845888546], [-3.096265708777141, 53.3985553710745], [-3.096261087826026, 53.398375632839056], [-3.0974640012089814, 53.3983645795101], [-3.097468627226911, 53.39854431767356], [-3.097769356714978, 53.39854155243019], [-3.0977739840493874, 53.3987212905699]], [[-3.0896450500264527, 53.39843620957264], [-3.089344320466262, 53.398438954352024], [-3.0893397286989512, 53.39825921569841], [-3.0896404569924325, 53.39825647093687], [-3.0896450500264527, 53.39843620957264]], [[-3.098662282760811, 53.39817377596798], [-3.0983615559555036, 53.39817654344709], [-3.0983569262370763, 53.3979968053262], [-3.098657651775712, 53.397994037865125], [-3.098662282760811, 53.39817377596798]], [[-3.0926477372075536, 53.39822898167255], [-3.0920462815604504, 53.39823448558346], [-3.0920370753736917, 53.39787500858121], [-3.091435624595246, 53.397880509391435], [-3.091431024109464, 53.39770077084591], [-3.091130299912664, 53.397703520097245], [-3.0911257007430186, 53.39752378152808], [-3.0908249777633947, 53.397526530004285], [-3.0908203799098577, 53.39734679141149], [-3.0905196581474104, 53.397349539112554], [-3.0905150616099566, 53.39716980049615], [-3.0896128998258665, 53.397178039002306], [-3.0896037144989186, 53.39681856164501], [-3.0908065866460035, 53.3968075755988], [-3.090811184351163, 53.396987314208744], [-3.0914126226612084, 53.39698181660655], [-3.0914172229490426, 53.39716155517496], [-3.091717943296451, 53.39715880522012], [-3.091731748256776, 53.39769802083733], [-3.0923331964028824, 53.39769251854844], [-3.0923424050239428, 53.39805199552629], [-3.0926431315560423, 53.39804924321013], [-3.0926477372075536, 53.39822898167255]], [[-3.0983569262370763, 53.3979968053262], [-3.098056200648639, 53.39799957203005], [-3.098051572246675, 53.39781983388544], [-3.098352296568453, 53.39781706719963], [-3.0983569262370763, 53.3979968053262]], [[-3.0905380447916877, 53.39806849352097], [-3.089635864007821, 53.398076732295415], [-3.089626678186821, 53.39771725499535], [-3.0899274026308574, 53.39771450953021], [-3.089931996783319, 53.39789424816522], [-3.0905334480564473, 53.39788875492744], [-3.0905380447916877, 53.39806849352097]], [[-3.1019563397228334, 53.39760406998957], [-3.1016556172662137, 53.39760684574416], [-3.1016509737642837, 53.397427107804646], [-3.1019516949542796, 53.39742433206814], [-3.1019563397228334, 53.39760406998957]], [[-3.1055603453331564, 53.39739096416657], [-3.1052596247436255, 53.39739374898976], [-3.105250307491235, 53.397034273528135], [-3.1055510255475767, 53.39703148874123], [-3.1055603453331564, 53.39739096416657]], [[-3.096538705903083, 53.397474179469484], [-3.0950350949710854, 53.39748798242916], [-3.095030479384712, 53.397308244087434], [-3.0947297583159328, 53.39731100238973], [-3.094725144045822, 53.39713126402432], [-3.094424424194019, 53.3971340215514], [-3.0944198112401446, 53.39695428316231], [-3.093818373920891, 53.396959795908906], [-3.0938229843415646, 53.39713953433391], [-3.09322154429073, 53.39714504408751], [-3.093207720777026, 53.39660582868769], [-3.0935084370274666, 53.39660307424332], [-3.0935130460823763, 53.396782812697715], [-3.094715915654505, 53.396771787276336], [-3.0947113015332994, 53.396592048893766], [-3.0953127334884707, 53.39658653167574], [-3.095317350142819, 53.39676627002236], [-3.0956180673124907, 53.396763510259554], [-3.0956226852830864, 53.396943248582495], [-3.0959234036696675, 53.39694048804451], [-3.095928022956537, 53.39712022634374], [-3.096529462113808, 53.39711470296013], [-3.096538705903083, 53.397474179469484]], [[-3.098930584800311, 53.3969128410177], [-3.098629866911236, 53.39691560912784], [-3.098625236274836, 53.39673587098492], [-3.098925952897334, 53.39673310289281], [-3.098930584800311, 53.3969128410177]], [[-3.105240990439292, 53.3966747980436], [-3.104940274865975, 53.39667758203705], [-3.1049356176817167, 53.39649784426805], [-3.105236331988487, 53.39649506029274], [-3.105240990439292, 53.3966747980436]], [[-3.1004295352621787, 53.39671925107411], [-3.100128818888941, 53.39672202295226], [-3.1001241819695458, 53.39654228489382], [-3.1004248970762234, 53.39653951303371], [-3.1004295352621787, 53.39671925107411]], [[-3.098625236274836, 53.39673587098492], [-3.098324519602528, 53.39673863831983], [-3.098319890282502, 53.39655890015317], [-3.0986206056882466, 53.39655613283629], [-3.098625236274836, 53.39673587098492]], [[-3.098319890282502, 53.39655890015317], [-3.0980191748269594, 53.39656166671284], [-3.0980145468232814, 53.39638192852243], [-3.0968116895696274, 53.396392987117075], [-3.0968070666818877, 53.3962132488489], [-3.0965063535106605, 53.39621601158657], [-3.0964924889453425, 53.395676796693756], [-3.096793198317029, 53.395674034010085], [-3.0967885756281954, 53.395494295719004], [-3.0976906996453955, 53.39548600317888], [-3.0976953261336853, 53.39566574141594], [-3.0979960353063887, 53.39566297570352], [-3.0980006631109416, 53.39584271391685], [-3.098301373500363, 53.395839947429245], [-3.098319890282502, 53.39655890015317]], [[-3.0916903347122675, 53.39608037383124], [-3.0913896219642982, 53.396083123678615], [-3.0913850219733625, 53.395903385075854], [-3.0916857334548062, 53.39590063524638], [-3.0916903347122675, 53.39608037383124]], [[-3.107891393461313, 53.394492856600976], [-3.107590693537078, 53.39449564719112], [-3.1075860255564978, 53.39431590951675], [-3.1072853268484297, 53.39431869933157], [-3.107280660184425, 53.39413896163328], [-3.106679265150444, 53.3941445389552], [-3.106669937038402, 53.39378506346878], [-3.1072713270070014, 53.39377948621951], [-3.107275993570615, 53.39395922392927], [-3.107877385871112, 53.393953643615184], [-3.107891393461313, 53.394492856600976]], [[-3.102779487929872, 53.394540193661925], [-3.102478787153902, 53.394542971380645], [-3.1024741407018546, 53.394363233398025], [-3.1027748402114357, 53.39436045569742], [-3.102779487929872, 53.394540193661925]], [[-3.1045697257352973, 53.3939842978649], [-3.104269029058606, 53.39398708007212], [-3.104264375158408, 53.39380734218092], [-3.104565070568755, 53.39380455999186], [-3.1045697257352973, 53.3939842978649]], [[-3.104264375158408, 53.39380734218092], [-3.1036629841875554, 53.393812904287735], [-3.1036583328700806, 53.393633166354604], [-3.104259721308269, 53.39362760428403], [-3.104264375158408, 53.39380734218092]], [[-3.108168741271018, 53.393591377006246], [-3.107567354136273, 53.39359695876189], [-3.1075626864067365, 53.39341722105885], [-3.107863378732911, 53.39341443057778], [-3.1078587097872847, 53.393234692887184], [-3.107558018727408, 53.393237483350084], [-3.107553351098283, 53.39305774563558], [-3.107252661254484, 53.39306053532324], [-3.1072479949418357, 53.39288079758482], [-3.107849372046692, 53.39287521748879], [-3.1078540408918784, 53.39305495519085], [-3.1081547306352553, 53.39305216398901], [-3.108168741271018, 53.393591377006246]], [[-3.109968223609196, 53.39339487601103], [-3.1093668396102023, 53.393400466815656], [-3.1093574891063, 53.393040991610626], [-3.109056799563935, 53.393043785840874], [-3.109038104224545, 53.392324835289244], [-3.10933878870193, 53.3923220411318], [-3.1093341137265504, 53.392142303497764], [-3.1096347968874425, 53.392139508601446], [-3.1096394731290324, 53.392319246217276], [-3.1099401575058367, 53.39231645054566], [-3.109968223609196, 53.39339487601103]], [[-3.107261994030357, 53.393420010782826], [-3.1063599166001135, 53.39342837541209], [-3.106355253985975, 53.393248637630684], [-3.1072573276173245, 53.393240273055895], [-3.107261994030357, 53.393420010782826]], [[-3.1030290525729702, 53.392560297460406], [-3.102427678930099, 53.39256585325688], [-3.102418387175431, 53.392206377159944], [-3.1027190714893917, 53.39220359967642], [-3.102723718607966, 53.39238333770967], [-3.103024404138171, 53.39238055945097], [-3.1030290525729702, 53.392560297460406]], [[-3.1123315679468386, 53.39175484554536], [-3.1117302075457065, 53.39176044813531], [-3.11172552259184, 53.39158071062983], [-3.1114248435818443, 53.39158351077098], [-3.111415476357568, 53.391224035706365], [-3.1123175056395134, 53.391215633121234], [-3.1123315679468386, 53.39175484554536]], [[-3.1147276123531604, 53.39137293025172], [-3.1144269351138183, 53.391375737945154], [-3.114422238865532, 53.39119600059256], [-3.114722914838743, 53.39119319291743], [-3.1147276123531604, 53.39137293025172]], [[-3.1132101522515634, 53.3908477488541], [-3.1129094785581595, 53.39085055270748], [-3.1129047887918584, 53.39067081524633], [-3.1132054612191693, 53.39066801141123], [-3.1132101522515634, 53.3908477488541]], [[-3.105674657596573, 53.39019866645068], [-3.1050733177744836, 53.390204235403274], [-3.1050686611271847, 53.390024497446156], [-3.105669998417161, 53.39001892852984], [-3.105674657596573, 53.39019866645068]], [[-3.1158927015898854, 53.389923793658134], [-3.1155920346813595, 53.38992660423331], [-3.115587333773062, 53.38974686690803], [-3.115887999415568, 53.389744056351134], [-3.1158927015898854, 53.389923793658134]], [[-3.103560666759026, 53.38985866843568], [-3.1032599990547376, 53.38986144795511], [-3.1032507012028603, 53.38950197179488], [-3.103551366375094, 53.38949919231165], [-3.103560666759026, 53.38985866843568]], [[-3.104148043920552, 53.38931389303982], [-3.1035467162581503, 53.38931945424105], [-3.1035420661912196, 53.38913971616472], [-3.1041433913216365, 53.38913415499968], [-3.104148043920552, 53.38931389303982]], [[-3.116160445427803, 53.3886628211848], [-3.115559129384999, 53.38866844283589], [-3.115554428830603, 53.38848870547047], [-3.116155742341561, 53.38848308385601], [-3.116160445427803, 53.3886628211848]], [[-3.109531932296264, 53.388185279603135], [-3.1089306216305688, 53.38819086783797], [-3.108925949077417, 53.38801113005392], [-3.10862529493508, 53.388013923017695], [-3.1086206236980667, 53.38783418520975], [-3.108319970771377, 53.38783697739837], [-3.1083059611593367, 53.387297763885535], [-3.1086066102884513, 53.38729497175145], [-3.108611281374752, 53.3874747095766], [-3.1089119317194753, 53.3874719166674], [-3.10891660412187, 53.38765165446863], [-3.1092172556821986, 53.38764886078429], [-3.1092266031695, 53.38800833633317], [-3.109527257211317, 53.38800554185548], [-3.109531932296264, 53.388185279603135]], [[-3.1083059611593367, 53.387297763885535], [-3.1080053119799995, 53.38730055526266], [-3.1079959750214057, 53.38694107952242], [-3.1082966216690924, 53.38693828818165], [-3.1083059611593367, 53.387297763885535]], [[-3.121214931683492, 53.38645807031883], [-3.1209142897391398, 53.3864608941707], [-3.1209095670077933, 53.38628115706664], [-3.1212102076863997, 53.38627833323315], [-3.121214931683492, 53.38645807031883]], [[-3.1256391888507014, 53.38318035826726], [-3.1253385704510013, 53.38318319314047], [-3.1253338296513307, 53.38300345620946], [-3.1256344467855413, 53.38300062135473], [-3.1256391888507014, 53.38318035826726]], [[-3.1189077319032714, 53.37874911599205], [-3.1180059680975396, 53.37875756701493], [-3.1180012589360095, 53.37857782949894], [-3.1174000853426493, 53.37858345969402], [-3.117390672232092, 53.3782239845715], [-3.1176912565237864, 53.37822116988896], [-3.117695964318903, 53.37840090743478], [-3.1194994765963733, 53.37838400333904], [-3.11949476121042, 53.378204265903314], [-3.119795345147476, 53.37820144592397], [-3.1198047785003746, 53.378560920752946], [-3.118903018946241, 53.37856937853108], [-3.1189077319032714, 53.37874911599205]], [[-3.1215893993728914, 53.377825035526136], [-3.121288818270563, 53.3778278600088], [-3.12128409544615, 53.37764812266612], [-3.1215846752833865, 53.37764529820184], [-3.1215893993728914, 53.377825035526136]]]}, "properties": {"kind": "max_footprint", "threshold_pct": 4.0}}, {"type": "Feature", "geometry": {"type": "Polygon", "coordinates": [[[-3.0796295686885853, 53.40679710614549], [-3.079625016470772, 53.406617367167584], [-3.0793242282217466, 53.40662008699705], [-3.0793287791722013, 53.40679982599265], [-3.0796295686885853, 53.40679710614549]]]}, "properties": {"kind": "max_footprint", "threshold_pct": 7.0}}, {"type": "Feature", "geometry": {"type": "Polygon", "coordinates": [[[-3.0787181032100173, 53.40644578534671], [-3.078713554892156, 53.40626604630426], [-3.078412769030958, 53.40626876382581], [-3.0784173160814854, 53.40644850288596], [-3.0787181032100173, 53.40644578534671]]]}, "properties": {"kind": "max_footprint", "threshold_pct": 7.0}}, {"type": "Feature", "geometry": {"type": "Polygon", "coordinates": [[[-3.0823275449314615, 53.40641311579149], [-3.082318417928947, 53.406053638126465], [-3.0820176339231873, 53.406056364720044], [-3.082026758391066, 53.4064158424206], [-3.0823275449314615, 53.40641311579149]]]}, "properties": {"kind": "max_footprint", "threshold_pct": 7.0}}, {"type": "Feature", "geometry": {"type": "Polygon", "coordinates": [[[-3.083216202422083, 53.40586571501304], [-3.0832116352417263, 53.40568597621957], [-3.0835124165164345, 53.40568324663164], [-3.083507848117945, 53.405503507850206], [-3.082003947589504, 53.405517148126364], [-3.082013071762875, 53.4058766258612], [-3.083216202422083, 53.40586571501304]]]}, "properties": {"kind": "max_footprint", "threshold_pct": 7.0}}, {"type": "Feature", "geometry": {"type": "Polygon", "coordinates": [[[-3.081703167336514, 53.40551987390922], [-3.081698606590709, 53.405340135015436], [-3.081397827555909, 53.40534286002308], [-3.081402387034455, 53.405522598934596], [-3.081703167336514, 53.40551987390922]]]}, "properties": {"kind": "max_footprint", "threshold_pct": 7.0}}, {"type": "Feature", "geometry": {"type": "Polygon", "coordinates": [[[-3.0841048371015183, 53.405318307685945], [-3.0841002662668515, 53.405138568928656], [-3.0837994888922178, 53.405141299978155], [-3.083804058459645, 53.405321038753236], [-3.0841048371015183, 53.405318307685945]]]}, "properties": {"kind": "max_footprint", "threshold_pct": 7.0}}, {"type": "Feature", "geometry": {"type": "Polygon", "coordinates": [[[-3.081684924647706, 53.40480091829989], [-3.0816758035977014, 53.40444144046093], [-3.0813750308989873, 53.404444165379815], [-3.081384149414597, 53.404803643254276], [-3.081684924647706, 53.40480091829989]]]}, "properties": {"kind": "max_footprint", "threshold_pct": 7.0}}, {"type": "Feature", "geometry": {"type": "Polygon", "coordinates": [[[-3.0840774128311583, 53.40423987505643], [-3.0840728422915418, 53.40406013626484], [-3.0834713026994067, 53.40406559739292], [-3.0834758707047096, 53.40424533622011], [-3.0840774128311583, 53.40423987505643]]]}, "properties": {"kind": "max_footprint", "threshold_pct": 7.0}}, {"type": "Feature", "geometry": {"type": "Polygon", "coordinates": [[[-3.0846698086622575, 53.403874933345335], [-3.0846652356867277, 53.4036951945779], [-3.084364468547868, 53.40369792699989], [-3.0843690402562705, 53.403877665785146], [-3.0846698086622575, 53.403874933345335]]]}, "properties": {"kind": "max_footprint", "threshold_pct": 7.0}}, {"type": "Feature", "geometry": {"type": "Polygon", "coordinates": [[[-3.089449944749041, 53.402572941806305], [-3.0894453518454523, 53.402393203284255], [-3.089144594364837, 53.40239594769964], [-3.0891491860014035, 53.40257568623956], [-3.089449944749041, 53.402572941806305]]]}, "properties": {"kind": "max_footprint", "threshold_pct": 7.0}}, {"type": "Feature", "geometry": {"type": "Polygon", "coordinates": [[[-3.0876316357661584, 53.40205018114036], [-3.0876270506126957, 53.40187044249399], [-3.0870255426117814, 53.401875921371854], [-3.0870301252312737, 53.402055660053925], [-3.0876316357661584, 53.40205018114036]]]}, "properties": {"kind": "max_footprint", "threshold_pct": 7.0}}, {"type": "Feature", "geometry": {"type": "Polygon", "coordinates": [[[-3.0840179996513837, 53.401903270319664], [-3.0840134297509527, 53.40172353145374], [-3.0837126764512686, 53.40172626216525], [-3.0837172450847197, 53.40190600104898], [-3.0840179996513837, 53.401903270319664]]]}, "properties": {"kind": "max_footprint", "threshold_pct": 7.0}}, {"type": "Feature", "geometry": {"type": "Polygon", "coordinates": [[[-3.099347148077965, 53.40140352296086], [-3.0993378792963258, 53.401044047027725], [-3.0990371323220764, 53.40104681630989], [-3.099046398569896, 53.40140629227915], [-3.099347148077965, 53.40140352296086]]]}, "properties": {"kind": "max_footprint", "threshold_pct": 7.0}}, {"type": "Feature", "geometry": {"type": "Polygon", "coordinates": [[[-3.0882193831895046, 53.40150548334819], [-3.0882102081601186, 53.40114600608677], [-3.087608710492113, 53.40115148785125], [-3.08761329544827, 53.40133122652051], [-3.0879140455738714, 53.401328485999095], [-3.0879186318462977, 53.40150822464478], [-3.0882193831895046, 53.40150548334819]]]}, "properties": {"kind": "max_footprint", "threshold_pct": 7.0}}, {"type": "Feature", "geometry": {"type": "Polygon", "coordinates": [[[-3.091532246229661, 53.401655017525925], [-3.0915276447044664, 53.401475279100566], [-3.0918283954545362, 53.40147252871581], [-3.0918237927119088, 53.40129279030261], [-3.091222293696137, 53.40129829027898], [-3.0912176935368683, 53.40111855182423], [-3.0909169452216645, 53.40112130065851], [-3.0909123463787926, 53.40094156218015], [-3.0906115992810235, 53.40094431023917], [-3.0906253921572953, 53.40148352571078], [-3.0909261430558326, 53.40148077759805], [-3.0909307420471293, 53.401660516059245], [-3.091532246229661, 53.401655017525925]]]}, "properties": {"kind": "max_footprint", "threshold_pct": 7.0}}, {"type": "Feature", "geometry": {"type": "Polygon", "coordinates": [[[-3.0873033779442003, 53.40097448890465], [-3.0872942108122974, 53.40061501150184], [-3.086692720449812, 53.40062048861525], [-3.086697301457327, 53.400800227355205], [-3.0869980479301082, 53.4007974891593], [-3.08700263025381, 53.40097722787569], [-3.0873033779442003, 53.40097448890465]]]}, "properties": {"kind": "max_footprint", "threshold_pct": 7.0}}, {"type": "Feature", "geometry": {"type": "Polygon", "coordinates": [[[-3.0906115992810235, 53.40094431023917], [-3.0906024042774773, 53.4005848332295], [-3.0903016596640254, 53.4005875804954], [-3.0902924673920382, 53.400228103427054], [-3.0899917252628675, 53.40023084989986], [-3.090005509944408, 53.40077006554749], [-3.0903062558741876, 53.400767319021014], [-3.0903108521337934, 53.400947057540876], [-3.0906115992810235, 53.40094431023917]]]}, "properties": {"kind": "max_footprint", "threshold_pct": 7.0}}, {"type": "Feature", "geometry": {"type": "Polygon", "coordinates": [[[-3.090579417634122, 53.3996861406052], [-3.0905748204538197, 53.399506402063146], [-3.090274083441377, 53.3995091492217], [-3.090269487577316, 53.399329410656065], [-3.0899687517822225, 53.39933215703944], [-3.0899779410261963, 53.39969163420077], [-3.090579417634122, 53.3996861406052]]]}, "properties": {"kind": "max_footprint", "threshold_pct": 7.0}}, {"type": "Feature", "geometry": {"type": "Polygon", "coordinates": [[[-3.094183660741789, 53.39947337709203], [-3.0941790484095506, 53.39929363875938], [-3.0938783132582364, 53.39929639498745], [-3.093882924323698, 53.39947613333805], [-3.094183660741789, 53.39947337709203]]]}, "properties": {"kind": "max_footprint", "threshold_pct": 7.0}}, {"type": "Feature", "geometry": {"type": "Polygon", "coordinates": [[[-3.0959880782078915, 53.39945682371294], [-3.095983458274995, 53.39927708548811], [-3.0956827234215876, 53.39927984625986], [-3.0956781048051516, 53.399100108011325], [-3.0950766374828196, 53.399105627247046], [-3.0950812535657333, 53.39928536553151], [-3.0944797835112468, 53.39929088177404], [-3.0944843971102634, 53.39947062008874], [-3.0959880782078915, 53.39945682371294]]]}, "properties": {"kind": "max_footprint", "threshold_pct": 7.0}}, {"type": "Feature", "geometry": {"type": "Polygon", "coordinates": [[[-3.0938783132582364, 53.39929639498745], [-3.09387370224238, 53.399116656631136], [-3.093572968308229, 53.39911941208396], [-3.0935775780573205, 53.39929915045823], [-3.0938783132582364, 53.39929639498745]]]}, "properties": {"kind": "max_footprint", "threshold_pct": 7.0}}, {"type": "Feature", "geometry": {"type": "Polygon", "coordinates": [[[-3.0962795719287466, 53.39909458574653], [-3.096274950828501, 53.398914847528246], [-3.095673486238399, 53.39892036975707], [-3.0956781048051516, 53.399100108011325], [-3.0962795719287466, 53.39909458574653]]]}, "properties": {"kind": "max_footprint", "threshold_pct": 7.0}}, {"type": "Feature", "geometry": {"type": "Polygon", "coordinates": [[[-3.093572968308229, 53.39911941208396], [-3.0935683586087266, 53.39893967370398], [-3.093267625891739, 53.39894242838158], [-3.0932722343244903, 53.39912216677953], [-3.093572968308229, 53.39911941208396]]]}, "properties": {"kind": "max_footprint", "threshold_pct": 7.0}}, {"type": "Feature", "geometry": {"type": "Polygon", "coordinates": [[[-3.0944705564621016, 53.39893140512749], [-3.0944659430119748, 53.39875166679565], [-3.0941652117105307, 53.39875442372712], [-3.0941698238939215, 53.39893416207693], [-3.0944705564621016, 53.39893140512749]]]}, "properties": {"kind": "max_footprint", "threshold_pct": 7.0}}, {"type": "Feature", "geometry": {"type": "Polygon", "coordinates": [[[-3.093267625891739, 53.39894242838158], [-3.093263017508564, 53.39876268997793], [-3.092962286008742, 53.39876544388032], [-3.0929668931251775, 53.39894518230192], [-3.093267625891739, 53.39894242838158]]]}, "properties": {"kind": "max_footprint", "threshold_pct": 7.0}}, {"type": "Feature", "geometry": {"type": "Polygon", "coordinates": [[[-3.091763961563457, 53.39895619041053], [-3.0917593595139885, 53.39877645191724], [-3.0914586277665017, 53.39877920203328], [-3.0914632285492276, 53.39895894054452], [-3.091763961563457, 53.39895619041053]]]}, "properties": {"kind": "max_footprint", "threshold_pct": 7.0}}, {"type": "Feature", "geometry": {"type": "Polygon", "coordinates": [[[-3.0962703297779663, 53.398735109304226], [-3.096265708777141, 53.3985553710745], [-3.095964979040391, 53.39855813253159], [-3.095969598774497, 53.398737870779286], [-3.0962703297779663, 53.398735109304226]]]}, "properties": {"kind": "max_footprint", "threshold_pct": 7.0}}, {"type": "Feature", "geometry": {"type": "Polygon", "coordinates": [[[-3.0905610292096326, 53.39896718640276], [-3.090556432227142, 53.398787447837826], [-3.0914586277665017, 53.39877920203328], [-3.0914540270332695, 53.39859946351638], [-3.090852565923294, 53.398604961440846], [-3.0908479677729868, 53.39842522288239], [-3.0899457795372336, 53.39843346403596], [-3.089959562735953, 53.398972679855206], [-3.0905610292096326, 53.39896718640276]]]}, "properties": {"kind": "max_footprint", "threshold_pct": 7.0}}, {"type": "Feature", "geometry": {"type": "Polygon", "coordinates": [[[-3.0917501555635685, 53.39841697491348], [-3.0917409518111665, 53.39805749788684], [-3.0911394984003793, 53.39806299721841], [-3.0911440977184492, 53.39824273577041], [-3.091444825715277, 53.39823998646535], [-3.091449426349528, 53.398419724993715], [-3.0917501555635685, 53.39841697491348]]]}, "properties": {"kind": "max_footprint", "threshold_pct": 7.0}}, {"type": "Feature", "geometry": {"type": "Polygon", "coordinates": [[[-3.0884421314893715, 53.39844718414666], [-3.0884375435221876, 53.398267445439444], [-3.088738271963814, 53.39826470294969], [-3.0887336827792864, 53.39808496425459], [-3.0881322283800734, 53.39809044844113], [-3.088141401731681, 53.39844992589702], [-3.0884421314893715, 53.39844718414666]]]}, "properties": {"kind": "max_footprint", "threshold_pct": 7.0}}, {"type": "Feature", "geometry": {"type": "Polygon", "coordinates": [[[-3.098671544880461, 53.39853325215649], [-3.098662282760811, 53.39817377596798], [-3.0980608291003913, 53.39817931016894], [-3.098056200648639, 53.39799957203005], [-3.097755475010412, 53.39800233797664], [-3.0977508478751083, 53.39782259981402], [-3.097450123453768, 53.39782536498536], [-3.097445497634886, 53.39764562679898], [-3.097144774430433, 53.3976483911951], [-3.097158648236376, 53.39818760579102], [-3.0974593752408137, 53.39818484134091], [-3.0974640012089814, 53.3983645795101], [-3.098366185723733, 53.398356281562236], [-3.098370815541766, 53.39853601967164], [-3.098671544880461, 53.39853325215649]]]}, "properties": {"kind": "max_footprint", "threshold_pct": 7.0}}, {"type": "Feature", "geometry": {"type": "Polygon", "coordinates": [[[-3.094738987005065, 53.39767047910335], [-3.0947343726356804, 53.397490740749404], [-3.0944336502506373, 53.3974934983124], [-3.0944290371975174, 53.397313759934775], [-3.09412831602948, 53.397316516722576], [-3.0941329278159704, 53.39749625511818], [-3.0938322053316947, 53.39749901116672], [-3.093836815901155, 53.39767874957455], [-3.094738987005065, 53.39767047910335]]]}, "properties": {"kind": "max_footprint", "threshold_pct": 7.0}}, {"type": "Feature", "geometry": {"type": "Polygon", "coordinates": [[[-3.0938322053316947, 53.39749901116672], [-3.093827594811832, 53.39731927275318], [-3.0935268735445907, 53.397322028026544], [-3.0935314827978235, 53.39750176645803], [-3.0938322053316947, 53.39749901116672]]]}, "properties": {"kind": "max_footprint", "threshold_pct": 7.0}}, {"type": "Feature", "geometry": {"type": "Polygon", "coordinates": [[[-3.0974362461464033, 53.397286150409094], [-3.0974316204768, 53.397106412205545], [-3.097130901072209, 53.39710917654764], [-3.0971355254752053, 53.39728891476918], [-3.0974362461464033, 53.397286150409094]]]}, "properties": {"kind": "max_footprint", "threshold_pct": 7.0}}, {"type": "Feature", "geometry": {"type": "Polygon", "coordinates": [[[-3.086910993145168, 53.39738245246124], [-3.086906411807246, 53.397202713630456], [-3.086605690669699, 53.39720545146967], [-3.0866102707409877, 53.397385190318275], [-3.086910993145168, 53.39738245246124]]]}, "properties": {"kind": "max_footprint", "threshold_pct": 7.0}}, {"type": "Feature", "geometry": {"type": "Polygon", "coordinates": [[[-3.09895374506259, 53.39781153155628], [-3.098944480808196, 53.397452055358016], [-3.099846645575833, 53.397443746321954], [-3.099842009723529, 53.39726400826836], [-3.099541289450782, 53.39726677868624], [-3.0995366549149477, 53.39708704060886], [-3.098033059136695, 53.397100881249735], [-3.0980284309836663, 53.396921143076504], [-3.097426994856957, 53.39692667399631], [-3.0974316204768, 53.397106412205545], [-3.0977323398316337, 53.39710364710625], [-3.0977415937538244, 53.39746312347159], [-3.09834303738061, 53.397457590929264], [-3.098347666949631, 53.397637329067294], [-3.0980469438944995, 53.3976400957351], [-3.098051572246675, 53.39781983388544], [-3.09895374506259, 53.39781153155628]]]}, "properties": {"kind": "max_footprint", "threshold_pct": 7.0}}, {"type": "Feature", "geometry": {"type": "Polygon", "coordinates": [[[-3.0929162175700906, 53.396968059349675], [-3.092907004477022, 53.39660858237486], [-3.0935084370274666, 53.39660307424332], [-3.093503828022136, 53.396423335783226], [-3.0923009677892925, 53.39643434894573], [-3.0923101757169738, 53.39679382600369], [-3.0926108933826457, 53.39679107381301], [-3.092615498687366, 53.39697081231548], [-3.0929162175700906, 53.396968059349675]]]}, "properties": {"kind": "max_footprint", "threshold_pct": 7.0}}, {"type": "Feature", "geometry": {"type": "Polygon", "coordinates": [[[-3.095608831520324, 53.396404033596504], [-3.095604213698751, 53.396224295256395], [-3.095303500328751, 53.39622705496528], [-3.09530811688378, 53.39640679332336], [-3.095608831520324, 53.396404033596504]]]}, "properties": {"kind": "max_footprint", "threshold_pct": 7.0}}, {"type": "Feature", "geometry": {"type": "Polygon", "coordinates": [[[-3.094706687461726, 53.39641231050546], [-3.0947020734397857, 53.39623257211144], [-3.0944013599208486, 53.396235329548716], [-3.0944059726762427, 53.3964150679607], [-3.094706687461726, 53.39641231050546]]]}, "properties": {"kind": "max_footprint", "threshold_pct": 7.0}}, {"type": "Feature", "geometry": {"type": "Polygon", "coordinates": [[[-3.0989120574873503, 53.39619388848379], [-3.0989074257836693, 53.39601415033601], [-3.0986067142273406, 53.396016918356], [-3.0986113446645005, 53.396196656521816], [-3.0989120574873503, 53.39619388848379]]]}, "properties": {"kind": "max_footprint", "threshold_pct": 7.0}}, {"type": "Feature", "geometry": {"type": "Polygon", "coordinates": [[[-3.095303500328751, 53.39622705496528], [-3.0952988838233817, 53.39604731660146], [-3.094998171670251, 53.39605007553517], [-3.0950027869090917, 53.39622981391695], [-3.095303500328751, 53.39622705496528]]]}, "properties": {"kind": "max_footprint", "threshold_pct": 7.0}}, {"type": "Feature", "geometry": {"type": "Polygon", "coordinates": [[[-3.093499219066382, 53.39624359731738], [-3.0934946101602057, 53.39606385884584], [-3.0931938977094124, 53.396066613236385], [-3.093189290119335, 53.39588687474117], [-3.092587867602116, 53.395892381214814], [-3.092583262594618, 53.39571264267801], [-3.0919818424122787, 53.39571814608708], [-3.091986444886756, 53.395897884659725], [-3.092287156269196, 53.39589513331586], [-3.092291760059706, 53.39607487186488], [-3.0928931852090553, 53.396069366869746], [-3.09289779158216, 53.39624910537717], [-3.093499219066382, 53.39624359731738]]]}, "properties": {"kind": "max_footprint", "threshold_pct": 7.0}}, {"type": "Feature", "geometry": {"type": "Polygon", "coordinates": [[[-3.1022198952474116, 53.39616339009072], [-3.1022106040266335, 53.3958039141867], [-3.101308474653661, 53.3958122409081], [-3.101303832917691, 53.395632502893264], [-3.100401706894817, 53.39564082274584], [-3.100397069008204, 53.39546108467108], [-3.099795653943112, 53.395466627417484], [-3.0998049247002872, 53.39582610363346], [-3.100406344831318, 53.39582056081486], [-3.1004109828177087, 53.39600029887817], [-3.100711694074901, 53.395997526315035], [-3.1007163333776995, 53.39617726435455], [-3.1022198952474116, 53.39616339009072]]]}, "properties": {"kind": "max_footprint", "threshold_pct": 7.0}}, {"type": "Feature", "geometry": {"type": "Polygon", "coordinates": [[[-3.094998171670251, 53.39605007553517], [-3.0949935564810565, 53.39587033714767], [-3.0946928455448015, 53.395873095306236], [-3.094688231671756, 53.39569335689504], [-3.0943875219523735, 53.39569611427845], [-3.0943829093954474, 53.39551637584356], [-3.094082200892942, 53.39551913245182], [-3.0940914235234103, 53.39587860935176], [-3.094392134558915, 53.39587585270757], [-3.094396747215073, 53.396055591131024], [-3.094998171670251, 53.39605007553517]]]}, "properties": {"kind": "max_footprint", "threshold_pct": 7.0}}, {"type": "Feature", "geometry": {"type": "Polygon", "coordinates": [[[-3.1030987850952303, 53.3952563669145], [-3.103089486775524, 53.39489689106175], [-3.102788783516727, 53.394899669573796], [-3.1027980793035597, 53.395259145462745], [-3.1030987850952303, 53.3952563669145]]]}, "properties": {"kind": "max_footprint", "threshold_pct": 7.0}}, {"type": "Feature", "geometry": {"type": "Polygon", "coordinates": [[[-3.098292115408059, 53.39548047103293], [-3.0982874864365972, 53.39530073282617], [-3.09858819297678, 53.395297965635464], [-3.0985835627886535, 53.395118227441], [-3.0979821521914093, 53.395123761029225], [-3.0979775245859704, 53.394944022793005], [-3.0976768204791174, 53.39494678843337], [-3.0976721941898857, 53.39476705017341], [-3.0973714912997, 53.39476981503861], [-3.0973761163225015, 53.394949553316565], [-3.097075412116136, 53.394952317442595], [-3.097080035922245, 53.39513205573283], [-3.0964786248274283, 53.3951375817494], [-3.0964878675229937, 53.3954970583847], [-3.0976906996453955, 53.39548600317888], [-3.0976860732068707, 53.39530626493609], [-3.0979867798466243, 53.39530349925973], [-3.0979914075516177, 53.39548323748449], [-3.098292115408059, 53.39548047103293]]]}, "properties": {"kind": "max_footprint", "threshold_pct": 7.0}}, {"type": "Feature", "geometry": {"type": "Polygon", "coordinates": [[[-3.0955718903385416, 53.394966126715325], [-3.095567272914332, 53.394786388329415], [-3.0952665696761885, 53.39478914789451], [-3.095271185833964, 53.394968886298386], [-3.0955718903385416, 53.394966126715325]]]}, "properties": {"kind": "max_footprint", "threshold_pct": 7.0}}, {"type": "Feature", "geometry": {"type": "Polygon", "coordinates": [[[-3.093767662566539, 53.394982672856244], [-3.0937630527409476, 53.394802934362566], [-3.0934623492050894, 53.39480568938471], [-3.0934669577642415, 53.39498542789633], [-3.093767662566539, 53.394982672856244]]]}, "properties": {"kind": "max_footprint", "threshold_pct": 7.0}}, {"type": "Feature", "geometry": {"type": "Polygon", "coordinates": [[[-3.0964740035542104, 53.39495784342318], [-3.096469382330702, 53.39477810509121], [-3.0961686792416008, 53.39478086692778], [-3.0961640593342183, 53.39460112857211], [-3.095863357461844, 53.39460388963352], [-3.095858738870561, 53.394424151254164], [-3.096159439476529, 53.39442139021072], [-3.096154819668534, 53.39424165184359], [-3.095553420939701, 53.39424717313736], [-3.095567272914332, 53.394786388329415], [-3.095867976102806, 53.39478362800717], [-3.0958725947934504, 53.394963366375116], [-3.0964740035542104, 53.39495784342318]]]}, "properties": {"kind": "max_footprint", "threshold_pct": 7.0}}, {"type": "Feature", "geometry": {"type": "Polygon", "coordinates": [[[-3.102765544924536, 53.39400097975118], [-3.102760897356075, 53.393821241769494], [-3.1024602016455836, 53.39382401941582], [-3.102455555393446, 53.39364428141029], [-3.1018541663552197, 53.39364983439544], [-3.101858810074683, 53.39382957243709], [-3.1021595058851155, 53.393826796305035], [-3.1021641509208773, 53.394006534322905], [-3.102765544924536, 53.39400097975118]]]}, "properties": {"kind": "max_footprint", "threshold_pct": 7.0}}, {"type": "Feature", "geometry": {"type": "Polygon", "coordinates": [[[-3.109371514937585, 53.39358020440956], [-3.109362164333106, 53.393220729216004], [-3.109061473524463, 53.39322352346444], [-3.109056799563935, 53.393043785840874], [-3.1087561099712966, 53.393046579314024], [-3.108751437327307, 53.39286684166652], [-3.108450748950675, 53.392869634364374], [-3.1084460776231975, 53.39268989669294], [-3.1081453904625755, 53.39269268861552], [-3.1081547306352553, 53.39305216398901], [-3.1084554203283994, 53.39304937203007], [-3.1084647632345823, 53.39340884734426], [-3.1090661475352657, 53.3934032610823], [-3.109070821596343, 53.39358299869442], [-3.109371514937585, 53.39358020440956]]]}, "properties": {"kind": "max_footprint", "threshold_pct": 7.0}}, {"type": "Feature", "geometry": {"type": "Polygon", "coordinates": [[[-3.100693137362737, 53.395278574099706], [-3.1006838593060615, 53.394919097957676], [-3.1003831556476897, 53.39492187041246], [-3.100373880323444, 53.39456239421141], [-3.1006745814489842, 53.39455962179272], [-3.1006792203525744, 53.39473935987807], [-3.1012806249867655, 53.39473381273316], [-3.1012759835503596, 53.39455407468397], [-3.101877385452035, 53.394548524546586], [-3.1018727415327705, 53.394368786527814], [-3.102173441142295, 53.39436601034149], [-3.1021687960066044, 53.39418627233506], [-3.101868097663457, 53.39418904850331], [-3.101858810074683, 53.39382957243709], [-3.1009567223437458, 53.39383789629058], [-3.1009520824232992, 53.3936581581947], [-3.1000499980422065, 53.39366647517984], [-3.1000453619706487, 53.39348673702405], [-3.099744668343529, 53.393489507820135], [-3.0997493031487586, 53.39366924599399], [-3.099448608205455, 53.393672016051006], [-3.099443974666554, 53.39349227785912], [-3.099143280939743, 53.39349504714096], [-3.0991386487169965, 53.39331530892532], [-3.0988379562066766, 53.39331807743203], [-3.0988333253000593, 53.39313833919262], [-3.098532634006231, 53.39314110692418], [-3.0985233748749956, 53.392781630392136], [-3.0982226860639392, 53.39278439733055], [-3.0982088015393017, 53.39224518243548], [-3.0979081164772175, 53.392247948562755], [-3.097931251269199, 53.39314664011597], [-3.098231942662607, 53.39314387389862], [-3.098236571036615, 53.393323612174086], [-3.0985372636465445, 53.39332084518161], [-3.0985418933366544, 53.39350058343332], [-3.098842587163104, 53.393497815665704], [-3.098847218169344, 53.39367755389367], [-3.0991479132123128, 53.39367478535089], [-3.09915254553471, 53.39385452355508], [-3.0997539380038415, 53.39384898416209], [-3.0997585729087787, 53.39402872232449], [-3.100059270334926, 53.39402595147427], [-3.100063906556087, 53.39420568961289], [-3.1003646051987346, 53.394202917987464], [-3.1003692427361473, 53.3943826561023], [-3.0988657426924364, 53.39439650674822], [-3.098861111486942, 53.39421676854315], [-3.0982597136534262, 53.39422230346546], [-3.098255085030492, 53.394042565218626], [-3.0979543873054203, 53.394045331526065], [-3.097949759998632, 53.3938655932555], [-3.0976490634901492, 53.39386835878777], [-3.09764443749948, 53.393688620493464], [-3.097343742207585, 53.39369138525061], [-3.0973391175330094, 53.39351164693257], [-3.097038423457704, 53.393514410914584], [-3.0970522938316196, 53.39405362590552], [-3.09735299170597, 53.39405086186951], [-3.0973576165297825, 53.394230600170374], [-3.0976583156207624, 53.3942278353592], [-3.0976629417607078, 53.394407573636336], [-3.09826434232615, 53.39440204170658], [-3.0982689710486593, 53.394581779941944], [-3.0988703739477463, 53.394576244947544], [-3.098875005252873, 53.39475598314113], [-3.099476410485518, 53.394750445082074], [-3.099481044373313, 53.39493018323386], [-3.1000824519394317, 53.394924642110084], [-3.1000870884099467, 53.395104380220076], [-3.1003877933846415, 53.39510160850438], [-3.10039243117148, 53.3952813465906], [-3.100693137362737, 53.395278574099706]], [[-3.1015720418732946, 53.394371561956994], [-3.1006699425952933, 53.39437988370169], [-3.1006606650376014, 53.39402040750238], [-3.1009613623141026, 53.39401763438076], [-3.1009660023343657, 53.3941973724652], [-3.10156739927036, 53.39419182391441], [-3.1015720418732946, 53.394371561956994]]]}, "properties": {"kind": "max_footprint", "threshold_pct": 7.0}}, {"type": "Feature", "geometry": {"type": "Polygon", "coordinates": [[[-3.105161803590088, 53.39361925549977], [-3.105143173494541, 53.39290030407237], [-3.1048424845158658, 53.39290308768506], [-3.104837828383481, 53.392723349795766], [-3.104537140620986, 53.39272613263322], [-3.1045417954871084, 53.39290587054065], [-3.1030383495925666, 53.392919773462076], [-3.103033701057769, 53.3927400354641], [-3.10243232488239, 53.39274559129678], [-3.102427678930099, 53.39256585325688], [-3.1021269920336993, 53.392568630019504], [-3.1021177028114995, 53.392209153886384], [-3.1015163339337795, 53.392214705068014], [-3.1015116919300447, 53.39203496695671], [-3.1012110086825, 53.3920377413938], [-3.1012156494200194, 53.39221747952321], [-3.100914964856344, 53.3922202532213], [-3.100919604377548, 53.39239999136302], [-3.1006189184977395, 53.39240276432211], [-3.1006235568026024, 53.392582502476145], [-3.100924243948656, 53.39257972949902], [-3.100928883569666, 53.392759467629276], [-3.1012295719320737, 53.392756693876976], [-3.10123421286926, 53.39293643198343], [-3.1015349024480208, 53.39293365745597], [-3.101548829357987, 53.393472871686804], [-3.103052295496965, 53.39345898742162], [-3.1030569442317693, 53.393638725396706], [-3.1033576385759334, 53.393635946254214], [-3.1033529885748097, 53.39345620829725], [-3.104856453213513, 53.3934423013186], [-3.1048611095462277, 53.39362203918499], [-3.105161803590088, 53.39361925549977]]]}, "properties": {"kind": "max_footprint", "threshold_pct": 7.0}}, {"type": "Feature", "geometry": {"type": "Polygon", "coordinates": [[[-3.1041945726620437, 53.39111127312591], [-3.104189919562693, 53.39093153514308], [-3.1038892443619663, 53.39093431628521], [-3.1038938961951894, 53.39111405428615], [-3.1041945726620437, 53.39111127312591]]]}, "properties": {"kind": "max_footprint", "threshold_pct": 7.0}}, {"type": "Feature", "geometry": {"type": "Polygon", "coordinates": [[[-3.116494035255198, 53.389918170236726], [-3.11648933054885, 53.38973843296637], [-3.116188665007503, 53.38974124503726], [-3.1161933684478362, 53.38992098232594], [-3.116494035255198, 53.389918170236726]]]}, "properties": {"kind": "max_footprint", "threshold_pct": 7.0}}, {"type": "Feature", "geometry": {"type": "Polygon", "coordinates": [[[-3.1167852901178463, 53.38955588288071], [-3.1167805842467096, 53.38937614561721], [-3.116479921287952, 53.38937895840846], [-3.116475216733402, 53.389199221120904], [-3.1161745549900224, 53.38920203313684], [-3.116183961617757, 53.38956150774287], [-3.1167852901178463, 53.38955588288071]]]}, "properties": {"kind": "max_footprint", "threshold_pct": 7.0}}, {"type": "Feature", "geometry": {"type": "Polygon", "coordinates": [[[-3.1056606802086693, 53.389659452670976], [-3.105656021179588, 53.38947971473295], [-3.1053553563577347, 53.38948249951522], [-3.105350698644766, 53.389302761553324], [-3.1047493713827934, 53.38930832881057], [-3.104754026563758, 53.389488066808724], [-3.1050546914857886, 53.38948528354049], [-3.1050593479828383, 53.38966502151477], [-3.1056606802086693, 53.389659452670976]]]}, "properties": {"kind": "max_footprint", "threshold_pct": 7.0}}, {"type": "Feature", "geometry": {"type": "Polygon", "coordinates": [[[-3.119462963032334, 53.38845211085308], [-3.1194582460717317, 53.388272373720234], [-3.1191575911645835, 53.38827519321426], [-3.119162306859284, 53.38845493036545], [-3.119462963032334, 53.38845211085308]]]}, "properties": {"kind": "max_footprint", "threshold_pct": 7.0}}, {"type": "Feature", "geometry": {"type": "Polygon", "coordinates": [[[-3.113290342409736, 53.382397279089155], [-3.1132856524824564, 53.382217541395065], [-3.1129850395965617, 53.3822203451289], [-3.11298972825839, 53.38240008284125], [-3.113290342409736, 53.382397279089155]]]}, "properties": {"kind": "max_footprint", "threshold_pct": 7.0}}, {"type": "Feature", "geometry": {"type": "Polygon", "coordinates": [[[-3.1129850395965617, 53.3822203451289], [-3.1129756624241653, 53.381860869687024], [-3.112675052018717, 53.381863672627546], [-3.1126656775788066, 53.381504197126226], [-3.1123650696537632, 53.38150699927344], [-3.1123603837747993, 53.38132726149593], [-3.112059777064754, 53.38133006286816], [-3.112069146342285, 53.38168953845392], [-3.112369755583117, 53.381686737045236], [-3.112379127592998, 53.38204621257159], [-3.112679739314278, 53.3820434103696], [-3.1126844266602465, 53.38222314810594], [-3.1129850395965617, 53.3822203451289]]]}, "properties": {"kind": "max_footprint", "threshold_pct": 7.0}}, {"type": "Feature", "geometry": {"type": "Polygon", "coordinates": [[[-3.11777600458169, 53.38145644483585], [-3.1177712959258947, 53.381276707387556], [-3.117470690124935, 53.3812795223817], [-3.117475397515357, 53.381459259848334], [-3.11777600458169, 53.38145644483585]]]}, "properties": {"kind": "max_footprint", "threshold_pct": 7.0}}, {"type": "Feature", "geometry": {"type": "Polygon", "coordinates": [[[-3.117470690124935, 53.3812795223817], [-3.1174659827851343, 53.38109978490936], [-3.1171653781989144, 53.3811025991284], [-3.1171700842733547, 53.38128233661907], [-3.117470690124935, 53.3812795223817]]]}, "properties": {"kind": "max_footprint", "threshold_pct": 7.0}}, {"type": "Feature", "geometry": {"type": "Polygon", "coordinates": [[[-3.112059777064754, 53.38133006286816], [-3.1120550925015533, 53.38115032506667], [-3.111754487006505, 53.38115312566387], [-3.111759170304333, 53.38133286348359], [-3.112059777064754, 53.38133006286816]]]}, "properties": {"kind": "max_footprint", "threshold_pct": 7.0}}, {"type": "Feature", "geometry": {"type": "Polygon", "coordinates": [[[-3.1183630851548023, 53.380911600288506], [-3.1183583741202434, 53.380731862859676], [-3.1180577722166003, 53.38073467931234], [-3.118053062498018, 53.38055494185945], [-3.117752461809047, 53.38055775753702], [-3.1177430450544117, 53.38019828257733], [-3.117442446845408, 53.3802010974615], [-3.1174565682573894, 53.38074030994743], [-3.11775717026231, 53.38073749500827], [-3.117761878766206, 53.38091723247376], [-3.1183630851548023, 53.380911600288506]]]}, "properties": {"kind": "max_footprint", "threshold_pct": 7.0}}, {"type": "Feature", "geometry": {"type": "Polygon", "coordinates": [[[-3.1227633491376547, 53.37673530643861], [-3.122753891498954, 53.37637583186267], [-3.122152749890666, 53.376381485830166], [-3.1221622024693607, 53.37674096047974], [-3.1227633491376547, 53.37673530643861]]]}, "properties": {"kind": "max_footprint", "threshold_pct": 7.0}}, {"type": "Feature", "geometry": {"type": "Polygon", "coordinates": [[[-3.1218569040092303, 53.37656404902502], [-3.1218521790102867, 53.37638431167896], [-3.1215516080791033, 53.376387136771115], [-3.1215468843959475, 53.37620739940093], [-3.121246314678956, 53.37621022371807], [-3.1212415923115597, 53.37603048632375], [-3.1206404552552014, 53.37603613265136], [-3.120649894980862, 53.37639560750781], [-3.120950466064378, 53.376392784685564], [-3.12095518726833, 53.37657252208678], [-3.1218569040092303, 53.37656404902502]]]}, "properties": {"kind": "max_footprint", "threshold_pct": 7.0}}, {"type": "Feature", "geometry": {"type": "Polygon", "coordinates": [[[-3.106355253985975, 53.393248637630684], [-3.1063505914219887, 53.39306889984354], [-3.1066512814163225, 53.39306611242719], [-3.1066466176362146, 53.39288637465248], [-3.1069473063141135, 53.392883586497206], [-3.106942641317913, 53.39270384873492], [-3.1060405789325145, 53.39271221087499], [-3.1060219346441578, 53.39199325955069], [-3.1063226170912106, 53.39199047300035], [-3.106327279354304, 53.39217021082187], [-3.1066279630174147, 53.3921674234963], [-3.106632626596872, 53.39234716129394], [-3.1072339963050313, 53.39234158433527], [-3.107238662467109, 53.39252132209085], [-3.107539348512141, 53.39251853245772], [-3.107544015990652, 53.39269827018941], [-3.1081453904625755, 53.39269268861552], [-3.10813605049082, 53.392333213219125], [-3.107835365812436, 53.39233600434827], [-3.107830697168116, 53.39215626662328], [-3.107530013705729, 53.39215905697715], [-3.1075253463778263, 53.391979319228284], [-3.1078260285740127, 53.39197652889259], [-3.107821360030122, 53.39179679115614], [-3.1081220409099077, 53.391794000081546], [-3.1081173711500583, 53.39161426235755], [-3.1069146523943867, 53.391625422040846], [-3.1069099877494066, 53.39144568423844], [-3.107210666247455, 53.39144289547139], [-3.107206000386498, 53.391263157681415], [-3.1075066775682147, 53.39126036817547], [-3.107511344695318, 53.39144010594726], [-3.1084133797376636, 53.39143173283255], [-3.1084180507134436, 53.39161147054408], [-3.109019409689482, 53.391605884645955], [-3.109024083247844, 53.391785622315375], [-3.110226805661277, 53.39177444136154], [-3.1102314843346384, 53.391954178952425], [-3.1105321660784044, 53.39195138180309], [-3.1105368460682827, 53.39213111937002], [-3.110837529027905, 53.39212832144537], [-3.1108328477718334, 53.391948583896685], [-3.1111335294149107, 53.391945785233204], [-3.1111194821502988, 53.39140657260738], [-3.1108188043057172, 53.39140937121618], [-3.1108141232510427, 53.39122963364455], [-3.111415476357568, 53.391224035706365], [-3.1114107928209935, 53.39104429816546], [-3.1117114680325773, 53.39104149807903], [-3.111706783280267, 53.39086176055064], [-3.1120074571753538, 53.3908589597254], [-3.1120121431937746, 53.391038697235565], [-3.11261349336495, 53.391033093277485], [-3.1126228706175083, 53.39139256820761], [-3.113224225651477, 53.391386961148335], [-3.1132289168856953, 53.391566698568276], [-3.1138302742501263, 53.39156108844425], [-3.113834968067122, 53.39174082582193], [-3.1144363277619282, 53.3917352126331], [-3.1144316314126166, 53.39155547529199], [-3.115333666777476, 53.39154704988568], [-3.115328966680251, 53.39136731259372], [-3.115629643767976, 53.39136450262915], [-3.115624942455174, 53.39118476534973], [-3.114722914838743, 53.39119319291743], [-3.1147276123531604, 53.39137293025172], [-3.1141262578239672, 53.391378544881526], [-3.114121562841811, 53.39119880751066], [-3.1129188582420864, 53.391210027612566], [-3.112914168374902, 53.39103029016288], [-3.113214843334412, 53.39102748629125], [-3.1132101522515634, 53.3908477488541], [-3.1126088048143137, 53.39085335580383], [-3.112604116314105, 53.39067361832444], [-3.1123034437859274, 53.39067642064549], [-3.1122987566022267, 53.39049668314211], [-3.113200770237231, 53.39048827396261], [-3.113196079305745, 53.39030853650827], [-3.113496749150459, 53.39030573195264], [-3.1134920570033757, 53.390125994510825], [-3.1125900511160434, 53.39013440585186], [-3.112585362817539, 53.38995466834954], [-3.112886030231054, 53.38995186534447], [-3.112876651253281, 53.389592390359105], [-3.113477980864917, 53.38958678215101], [-3.1134873649067587, 53.38994625706331], [-3.1137880321689186, 53.3899434517872], [-3.1137927255315736, 53.39012318921646], [-3.114394062436518, 53.39011757635666], [-3.1143987583817485, 53.390297313743645], [-3.1153007671584736, 53.39028888872144], [-3.1152913677222736, 53.389929414051494], [-3.114690033652476, 53.38993503141679], [-3.1146759424733115, 53.389395819259086], [-3.1143752791606487, 53.38939862675139], [-3.114365887825739, 53.38903915191434], [-3.114065226994521, 53.38904195861306], [-3.114055838393513, 53.388682483716536], [-3.114356496692839, 53.38867967705436], [-3.114361192234038, 53.38885941448722], [-3.114661851748802, 53.388856607049796], [-3.1146665486064564, 53.3890363444586], [-3.1149672093366574, 53.389033536245904], [-3.114962511213051, 53.38885379885538], [-3.1152631706267724, 53.388850989903965], [-3.115267870016329, 53.38903072727623], [-3.1155685306454575, 53.38902791754954], [-3.1155732313515228, 53.38920765489777], [-3.115873893196057, 53.38920484439581], [-3.1158691912240295, 53.38902510706588], [-3.116169851752032, 53.38902229582523], [-3.1161651485646265, 53.388842558507896], [-3.115864489302573, 53.38884536973025], [-3.115859787431685, 53.388665632388836], [-3.115559129384999, 53.38866844283589], [-3.115554428830603, 53.38848870547047], [-3.115253771999283, 53.38849151514225], [-3.1152490727613524, 53.38831177775281], [-3.1170530053952263, 53.38829490847743], [-3.1170482986124677, 53.38811517119209], [-3.1176496065538144, 53.38810954208124], [-3.1176543158683536, 53.38828927932992], [-3.1179549710289525, 53.3882864636207], [-3.1179643923418014, 53.38864593806415], [-3.118565707574635, 53.388640304301475], [-3.118551568085939, 53.38810109273777], [-3.1182509142925676, 53.38810390994255], [-3.1182462024969224, 53.387924172724816], [-3.117945549918753, 53.387926989154316], [-3.1179314186334106, 53.38738777741168], [-3.117630769802128, 53.38739059302922], [-3.1176166427701415, 53.38685138117995], [-3.117917287803999, 53.386848565617456], [-3.1179219980298116, 53.38702830288794], [-3.11852329047713, 53.38702266945547], [-3.118528003285215, 53.38720240668353], [-3.1188286506986604, 53.387199588813544], [-3.1188239366247688, 53.38701985160383], [-3.1191245827217107, 53.38701703299527], [-3.1191151521944493, 53.38665755859537], [-3.120017082586243, 53.38664909833831], [-3.1200123636013903, 53.38646936118486], [-3.120313005698075, 53.38646653960371], [-3.120308285498222, 53.38628680246289], [-3.120608926278396, 53.38628398014322], [-3.1205994834995265, 53.38592450588111], [-3.1209001216974706, 53.385921682841314], [-3.1209095670077933, 53.38628115706664], [-3.1212102076863997, 53.38627833323315], [-3.121214931683492, 53.38645807031883], [-3.1218162154197686, 53.38645242034433], [-3.121811488891185, 53.38627268329547], [-3.1224127698926454, 53.38626703033014], [-3.1224080408834363, 53.386087293312336], [-3.1227086800421557, 53.38608446571275], [-3.1227039498180864, 53.38590472870763], [-3.1230045876602213, 53.38590190036954], [-3.1229998562213237, 53.38572216337711], [-3.1226992196448893, 53.38572499169676], [-3.1226944895225617, 53.38554525468017], [-3.1223938541609466, 53.38554808222455], [-3.1223891253551614, 53.385368345183785], [-3.1217878570107276, 53.38537399796503], [-3.121802035986513, 53.385913209180494], [-3.121501397940978, 53.385916034491004], [-3.121496672830591, 53.38573629740652], [-3.1211960359999433, 53.38573912194172], [-3.121191312206063, 53.38555938483311], [-3.1208906765903053, 53.38556220859303], [-3.120885954112904, 53.3853824714603], [-3.121186588462984, 53.38537964771876], [-3.121177141129226, 53.38502017347283], [-3.1214777728971908, 53.38501734901121], [-3.121473048040875, 53.384837611898035], [-3.1217736784923926, 53.38483478669794], [-3.1217784046143437, 53.385014523792684], [-3.1223796678961575, 53.38500887108508], [-3.1223749392429356, 53.384829134027115], [-3.122976199790069, 53.38482347832883], [-3.122971468656462, 53.384643741301986], [-3.1232720975880954, 53.38464091233597], [-3.1232673652397622, 53.38446117532179], [-3.124169247932445, 53.38445268393791], [-3.1241645118382335, 53.38427294697326], [-3.123262632942319, 53.38428143830187], [-3.123243704261457, 53.383562490164785], [-3.1238449467851983, 53.383556830183345], [-3.123849681410151, 53.383736567189366], [-3.1250521709086705, 53.38372523807076], [-3.1250474312215832, 53.383545501138514], [-3.125348052203288, 53.38354266698525], [-3.1253527931559075, 53.38372240389901], [-3.125653415352161, 53.383719568970456], [-3.1256439309668584, 53.38336009517406], [-3.1259445505810657, 53.383357259525596], [-3.1259398071994062, 53.38317752263726], [-3.1253385704510013, 53.38318319314047], [-3.1253338296513307, 53.38300345620946], [-3.1241313606048116, 53.38301478806022], [-3.124117153697263, 53.38247557701138], [-3.12441776723892, 53.38247274523924], [-3.1244130304394817, 53.38229300822993], [-3.1256154790348405, 53.38228167364717], [-3.1256202208960246, 53.382461410582664], [-3.125920834182854, 53.38245857502653], [-3.1259255773604813, 53.38263831193783], [-3.126827420711216, 53.3826298006732], [-3.126822673737248, 53.38245006381732], [-3.1271232868199696, 53.382447225233996], [-3.127118538631617, 53.38226748839087], [-3.1274191503978455, 53.38226464906923], [-3.1274049023429304, 53.381725438560906], [-3.1268036863518383, 53.38173111633645], [-3.126798939633098, 53.38155137945187], [-3.1274001530934363, 53.3815457017133], [-3.127395403895011, 53.38136596485995], [-3.1276960092832184, 53.381363124874], [-3.1276912588705144, 53.38118338803342], [-3.1279918629422903, 53.3811805473092], [-3.1279823597394762, 53.38082107364782], [-3.1282829612294987, 53.380818232203836], [-3.1282782084394283, 53.380638495383025], [-3.1288794087355267, 53.380632810261844], [-3.1288746534659793, 53.38045307347231], [-3.128574054608782, 53.38045591639279], [-3.1285693006556468, 53.38027617957899], [-3.1288698982475647, 53.38027333667705], [-3.128860387964138, 53.3799138630693], [-3.1291609829744083, 53.37991101944767], [-3.1291562266441577, 53.379731282653694], [-3.129456820338046, 53.37972843829384], [-3.129447305300545, 53.379368964725714], [-3.1297478964128467, 53.37936611964621], [-3.1297336204447297, 53.37882690930653], [-3.1300342077103207, 53.3788240635259], [-3.130029447891466, 53.37864432675306], [-3.130330033840724, 53.37864148023427], [-3.1303252728079105, 53.378461743474226], [-3.1306258574408368, 53.378458896217296], [-3.130621095194095, 53.37827915947003], [-3.1303205118262944, 53.37828200670843], [-3.13031575089587, 53.37810226993689], [-3.1306163329985606, 53.37809942271704], [-3.1306020467191895, 53.3775602124236], [-3.1309026249754264, 53.377557364502714], [-3.1308835722596444, 53.37683841743856], [-3.1311841454045264, 53.37683556883522], [-3.1311746168239396, 53.37647609530579], [-3.131475187387607, 53.3764732459829], [-3.131446595285635, 53.37539482536812], [-3.1317471582084355, 53.37539197539994], [-3.1317137942334106, 53.3741338178846], [-3.1320143482510225, 53.37413096728979], [-3.1319619103085103, 53.37215386225838], [-3.1316613702028864, 53.37215671264904], [-3.1316518392270716, 53.371797238895155], [-3.13135130159949, 53.3718000884922], [-3.131346537453053, 53.37162035158809], [-3.130745464573478, 53.371626048475555], [-3.1307359414926603, 53.37126657457593], [-3.130134873466715, 53.371272268363235], [-3.130130114532255, 53.371092531367744], [-3.126223183819543, 53.37112946698705], [-3.1262279263143897, 53.37130920422305], [-3.1256268567561603, 53.37131487531565], [-3.125631596772787, 53.37149461258284], [-3.1247299882594497, 53.37150311360341], [-3.1247347245331762, 53.3716828509202], [-3.1244341869955834, 53.37168568309918], [-3.124438922055596, 53.371865420428676], [-3.123837844298427, 53.37187108255396], [-3.1238473095125525, 53.3722305572695], [-3.1244483923283473, 53.372224895070474], [-3.124476804368466, 53.373303318858106], [-3.124176255397752, 53.3733061504465], [-3.1241809896512103, 53.3734858877428], [-3.123579889027575, 53.373491548686815], [-3.1235988164320827, 53.37421049796199], [-3.1232982609847686, 53.37421332737287], [-3.1232935303221407, 53.37403359004425], [-3.122992976088781, 53.37403641868014], [-3.1229882467418197, 53.37385668132736], [-3.122687693722411, 53.37385950918826], [-3.122692421804569, 53.374039246559434], [-3.122391867469522, 53.374042073682176], [-3.122406048226523, 53.37458128581654], [-3.122706606356063, 53.374578458638574], [-3.1227302482919876, 53.37547714532234], [-3.12303081269511, 53.375474317295726], [-3.1230355424997422, 53.37565405459685], [-3.1233361081169324, 53.37565122579518], [-3.1233408392373594, 53.37583096307216], [-3.123641406068619, 53.37582813349545], [-3.123650870991999, 53.37618760799533], [-3.1233503016308233, 53.376190437608855], [-3.1233644956025595, 53.37672964937089], [-3.123063922395538, 53.37673247828307], [-3.1230733827676787, 53.37709195279924], [-3.1227728069797425, 53.37709478099161], [-3.1227775359770575, 53.37727451825949], [-3.122476958873224, 53.37727734571362], [-3.1224816866563256, 53.37745708299418], [-3.1221811082365942, 53.377459909710055], [-3.122190561425143, 53.377819384290774], [-3.1218899804244233, 53.3778222102868], [-3.12189470582983, 53.37800194758695], [-3.121594123513192, 53.37800477284469], [-3.1215893993728914, 53.377825035526136], [-3.120988237117451, 53.37783068373479], [-3.120983515558131, 53.37765094637372], [-3.120081775589514, 53.377659412956525], [-3.1200864933535524, 53.37783915037272], [-3.1203870746589324, 53.377836328916764], [-3.120396512869427, 53.37819580369522], [-3.1206970966542937, 53.37819298144582], [-3.12070181710079, 53.37837271880805], [-3.121002402100034, 53.37836989578361], [-3.1210071238624377, 53.37854963312172], [-3.1213077100760556, 53.37854680932218], [-3.1213124331543916, 53.37872654663616], [-3.1207112581460614, 53.37873219351534], [-3.1207159787448364, 53.37891193086038], [-3.120114801003115, 53.37891757474951], [-3.1201195191222704, 53.37909731212553], [-3.1204201092836947, 53.379094490540965], [-3.120424828718789, 53.3792742278929], [-3.1216271939176785, 53.379262933913914], [-3.1216319184643826, 53.37944267118658], [-3.1222331032894917, 53.379437019619985], [-3.1222378304174523, 53.3796167568501], [-3.1219372367650795, 53.37961958303015], [-3.1219419626786316, 53.37979932027292], [-3.1210401776209356, 53.379807794327924], [-3.1210685113942587, 53.380886217995176], [-3.1204673059183934, 53.38089186380212], [-3.1204720258610035, 53.381071601096686], [-3.120171421781593, 53.38107442288341], [-3.120147828902646, 53.38017573626134], [-3.119847231099059, 53.38017855719943], [-3.11984251394076, 53.37999881983943], [-3.1195419173517194, 53.380001640002426], [-3.1195324857177997, 53.379642165228496], [-3.119231891608556, 53.37964498459803], [-3.119227177132893, 53.37946524718411], [-3.1189265842381886, 53.37946806577856], [-3.11892187107844, 53.379288328340536], [-3.1186212793982753, 53.3792911461599], [-3.118616567554412, 53.3791114086978], [-3.1183159770887894, 53.379114225742114], [-3.118311266560788, 53.37893448825594], [-3.117710088007987, 53.378940120037754], [-3.1177053800610013, 53.37876038250917], [-3.117404791973842, 53.378763197246684], [-3.1174000853426493, 53.37858345969402], [-3.1170994984700484, 53.37858627365652], [-3.1171042038360697, 53.378766011227505], [-3.1165030274087524, 53.37877163691904], [-3.1165077302950004, 53.37895137452093], [-3.1168083197991368, 53.3789485620352], [-3.1168130240011562, 53.37912829961303], [-3.1174142053880565, 53.3791226723348], [-3.1174330328238344, 53.379841622442214], [-3.1177336285022963, 53.37983880759471], [-3.11773833675304, 53.380018545088895], [-3.118038933646138, 53.38001572946633], [-3.1180483528300815, 53.380375204400806], [-3.118348952203103, 53.38037238798482], [-3.118334819707323, 53.37983317562952], [-3.1189360107097293, 53.37982754063738], [-3.118940724021524, 53.38000727805819], [-3.1186401272803947, 53.38001009595097], [-3.1186448393775956, 53.38018983338439], [-3.1192460353397222, 53.380184196805395], [-3.119250750018172, 53.38036393419639], [-3.119551349188483, 53.38036111475341], [-3.1195607812280928, 53.38072058948143], [-3.1189595777755414, 53.38072622768407], [-3.118973718623257, 53.38126543984324], [-3.119274324170911, 53.38126262106524], [-3.1192837541869145, 53.38162209577261], [-3.119584362214617, 53.38161927620112], [-3.1195890785640716, 53.38179901352785], [-3.119288469270972, 53.381801833117706], [-3.1192931844057337, 53.38198157045705], [-3.118992573796519, 53.38198438930848], [-3.118997287716562, 53.38216412666047], [-3.1192978995911993, 53.38216130779065], [-3.119321476279132, 53.38305999437269], [-3.1184196215211712, 53.383068448986954], [-3.1183866410875054, 53.38181028734657], [-3.118086031591669, 53.3818131039093], [-3.1180907416647843, 53.38199284132204], [-3.117790130852887, 53.381995657146305], [-3.117808966590071, 53.38271460681329], [-3.117508350665743, 53.38271742195409], [-3.117489519990352, 53.38199847221378], [-3.117188909077195, 53.38200128652446], [-3.117184202800322, 53.381821549056745], [-3.1168835931019707, 53.38182436259231], [-3.1168788881411085, 53.381644625100506], [-3.1165782796575647, 53.38164743786098], [-3.1165735760126867, 53.381467700345105], [-3.1159723614246477, 53.381473323559085], [-3.1159864649186026, 53.38201253619929], [-3.115685853752533, 53.38201534672605], [-3.115690553752861, 53.3821950842796], [-3.115389941270817, 53.382197894067836], [-3.115394640056242, 53.382377631633965], [-3.115695253803734, 53.38237482182744], [-3.115699953905148, 53.382554559369545], [-3.1160005688675563, 53.38255174878791], [-3.116009971752978, 53.38291122381831], [-3.116310589195785, 53.38290841244326], [-3.1163388066586917, 53.38398683728694], [-3.1157375565361107, 53.383992459499915], [-3.115732856030325, 53.383812722003704], [-3.115432232158772, 53.38381553195661], [-3.11542753296909, 53.38363579443636], [-3.1157281555750864, 53.38363298450173], [-3.1157234551703983, 53.38345324699405], [-3.115422833829941, 53.38345605691037], [-3.1154087367156986, 53.38291684429797], [-3.1151081191212544, 53.382919653402574], [-3.115103421449726, 53.38273991583536], [-3.1142015721598084, 53.38274833855339], [-3.1141968783352247, 53.38256860092557], [-3.1138962630697575, 53.38257140696637], [-3.113891570561114, 53.38239166931456], [-3.113290342409736, 53.382397279089155], [-3.11329503238745, 53.38257701677752], [-3.1135956477538294, 53.38257421225033], [-3.113600339047457, 53.382753949914694], [-3.1139009556288637, 53.38275114461245], [-3.113905648238433, 53.38293088225281], [-3.114206266034869, 53.38292807617548], [-3.1142109599604053, 53.38310781379182], [-3.1145115789718667, 53.383105006939395], [-3.1145350556844633, 53.3840036948437], [-3.1148356809731528, 53.38400088714303], [-3.1148638622883364, 53.38507931232923], [-3.1145632294059347, 53.385082120139636], [-3.1145679252029272, 53.38526185766889], [-3.114267291004358, 53.385264664740674], [-3.1142579019921977, 53.384905189639866], [-3.1139572702744656, 53.38490799591821], [-3.113952577109754, 53.38472825834094], [-3.113651946607192, 53.38473106384414], [-3.1136472547585803, 53.38455132624288], [-3.113045996133352, 53.38455693494217], [-3.1130366176499296, 53.384197459649336], [-3.112735990792884, 53.38420026282717], [-3.1127172394934455, 53.38348131209972], [-3.1124166176482624, 53.38348411444769], [-3.1124072448320734, 53.38312463901306], [-3.111806006052646, 53.383130241365535], [-3.11182474176227, 53.383849192357786], [-3.1121253662393498, 53.38384639148702], [-3.1121441078173233, 53.38456534231458], [-3.112444737306406, 53.38456254061397], [-3.1124587978158993, 53.385101753619715], [-3.1127594310515128, 53.38509895110747], [-3.1127688075078868, 53.38545842637949], [-3.1130694432244366, 53.38545562307385], [-3.1130741327939506, 53.38563536068299], [-3.113374769725763, 53.38563255660222], [-3.1133888425340843, 53.38617176934045], [-3.1127875610256743, 53.38617737685467], [-3.112782872570595, 53.38599763924446], [-3.1121815933919756, 53.38600324369453], [-3.1121769075187706, 53.38582350604211], [-3.11187626911959, 53.38582630711356], [-3.1118715845624916, 53.38564656943714], [-3.111570947378644, 53.38564936973344], [-3.111566264137627, 53.38546963203307], [-3.111265628169116, 53.38547243155424], [-3.111260946244151, 53.38529269382989], [-3.110960311490977, 53.38529549257595], [-3.1109696728598664, 53.38565496805535], [-3.111270310144431, 53.38565216927284], [-3.111279674246121, 53.386011644692864], [-3.1115803140117784, 53.38600884511699], [-3.1115849974038943, 53.38618858280016], [-3.1118856383849263, 53.38618578244916], [-3.1118903230931654, 53.38636552010836], [-3.112190965289569, 53.3863627189822], [-3.1122050235139325, 53.386901931870696], [-3.111904377520184, 53.38690473305159], [-3.111895007851789, 53.38654525776184], [-3.1112937207763087, 53.3865508577799], [-3.1113030853815458, 53.38691033314257], [-3.111002439236684, 53.386913132052676], [-3.1110071203490284, 53.387092869743654], [-3.1101051778149977, 53.38710126198703], [-3.110100500500091, 53.38692152424137], [-3.109799854153936, 53.38692432012376], [-3.109804530203029, 53.387104057887605], [-3.1092032348282324, 53.38710964741795], [-3.1091985613107713, 53.38692990961772], [-3.108897914813789, 53.3869327032293], [-3.108888570461242, 53.38657322757523], [-3.108587926445604, 53.3865760203935], [-3.1085785848255845, 53.38621654468013], [-3.1082779432912533, 53.38621933670512], [-3.1082545964488633, 53.38532064723051], [-3.10795396119293, 53.385323438407674], [-3.1079492932407815, 53.38514370047737], [-3.1076486592003283, 53.385146490879485], [-3.1076766600719483, 53.386224918484324], [-3.1079773017067027, 53.38622212797318], [-3.1079913066174205, 53.386761341643705], [-3.1082919519993033, 53.38675855032111], [-3.1083012913891035, 53.38711802603645], [-3.1086019392523863, 53.387115233920554], [-3.1086066102884513, 53.38729497175145], [-3.1089072593673297, 53.38729217886043], [-3.1089119317194753, 53.3874719166674], [-3.1092125820139462, 53.387469123001246], [-3.1092172556821986, 53.38764886078429], [-3.1095179071922625, 53.387646066342974], [-3.109527257211317, 53.38800554185548], [-3.109827911202854, 53.38800274662081], [-3.109837263954835, 53.38836222207397], [-3.1092359508578675, 53.38836781185916], [-3.10923127698855, 53.38818807409903], [-3.1086299662223347, 53.38819366081994], [-3.10862529493508, 53.388013923017695], [-3.108324640742506, 53.388016715224516], [-3.108315300850473, 53.387657239566494], [-3.107713997378179, 53.38766282163652], [-3.1077046627504528, 53.387303345882856], [-3.107404013470712, 53.38730613574612], [-3.107394681575422, 53.38694665993317], [-3.1070940347771536, 53.386949449003154], [-3.1071220234700836, 53.38802787648215], [-3.1074226778634793, 53.388025087303184], [-3.107427344087132, 53.38820482517812], [-3.107727999696245, 53.38820203522403], [-3.107737334825952, 53.3885615109204], [-3.1074366766849946, 53.38856430091082], [-3.107441343059206, 53.38874403876858], [-3.10714068360212, 53.38874682802021], [-3.1071500139691812, 53.38910630375486], [-3.107450675958193, 53.389103514466896], [-3.1074553424829707, 53.38928325230746], [-3.1077560056877775, 53.389280462244336], [-3.1077606735287406, 53.38946020006101], [-3.1080613379493407, 53.38945740922272], [-3.1080660071065185, 53.38963714701546], [-3.10776534141991, 53.38963993787194], [-3.1077700093612823, 53.38981967567713], [-3.107469342358444, 53.38982246579478], [-3.1074646756830955, 53.38964272797139], [-3.10716400989609, 53.389645517313845], [-3.107159344536943, 53.389465779466576], [-3.106858679965772, 53.389468568033884], [-3.1068493519299905, 53.389109092285814], [-3.106248027701142, 53.38911466707674], [-3.106252689161979, 53.38929440498996], [-3.1059520257063586, 53.38929719126808], [-3.105966006591646, 53.38983640502772], [-3.1062666738453086, 53.38983361869517], [-3.106275997218215, 53.39019309447], [-3.105975327432458, 53.39019588083885], [-3.105979987928049, 53.39037561873582], [-3.1050779744718673, 53.390383973354645], [-3.1050733177744836, 53.390204235403274], [-3.1041713076657502, 53.39021258315448], [-3.1041759605649175, 53.39039232116022], [-3.1038752891624934, 53.390395102248], [-3.1038706375293987, 53.390215364224154], [-3.1035699673430166, 53.39021814453679], [-3.103565317026015, 53.39003840648912], [-3.1032646480556774, 53.39004118602663], [-3.103255350103798, 53.38968170987784], [-3.1029546836155437, 53.389684488622166], [-3.1029593313004473, 53.38986422671752], [-3.102658663496168, 53.38986700472289], [-3.1026679564838293, 53.3902264809326], [-3.102968626820219, 53.39022370289102], [-3.1029779225399503, 53.39058317904163], [-3.1023765767528615, 53.39058873444012], [-3.1023858676081115, 53.390948210640175], [-3.1026865430588675, 53.390945433283264], [-3.102691189827573, 53.391125171356606], [-3.1029918664944782, 53.391122393224585], [-3.1030011627141283, 53.391481869317914], [-3.1027004835149192, 53.39148464748613], [-3.102695836646256, 53.39130490942424], [-3.102395158663223, 53.39130768681731], [-3.1023905131106844, 53.3911279487316], [-3.1017891595270273, 53.39113350121041], [-3.1017938025472733, 53.39131323933229], [-3.1014931244143833, 53.391316014454205], [-3.1014977662184093, 53.39149575258842], [-3.1020991249665713, 53.391490201551406], [-3.1021084137891246, 53.39184967773035], [-3.1024090956206436, 53.39184690104009], [-3.1024137413730517, 53.392026639102866], [-3.1027144244208, 53.39202386163744], [-3.1027190714893917, 53.39220359967642], [-3.1030197557533685, 53.39220082143581], [-3.103024404138171, 53.39238055945097], [-3.1033250896183775, 53.39237778043519], [-3.1033297393194137, 53.392557518426514], [-3.103931112662252, 53.39255195808748], [-3.1039357649458075, 53.39273169603687], [-3.104537140620986, 53.39272613263322], [-3.1045324858049326, 53.39254639472008], [-3.105133858747345, 53.392540828324314], [-3.1051385160958955, 53.392720566201206], [-3.1057398913704257, 53.39271499674083], [-3.1057445513015924, 53.39289473457571], [-3.105443862423122, 53.39289751970261], [-3.1054485211381375, 53.39307725754991], [-3.105749211282883, 53.3930744724049], [-3.105753871314296, 53.393254210228335], [-3.106355253985975, 53.393248637630684]], [[-3.1060219346441578, 53.39199325955069], [-3.1057212521469713, 53.391996045343944], [-3.1057165924664063, 53.391816307480404], [-3.106017273697401, 53.39181352170528], [-3.1060219346441578, 53.39199325955069]], [[-3.103616473264092, 53.392015524698685], [-3.1033157903663335, 53.39201830443534], [-3.103311140815328, 53.39183856642682], [-3.103611822446889, 53.39183578670828], [-3.103616473264092, 53.392015524698685]], [[-3.103311140815328, 53.39183856642682], [-3.103010459133757, 53.39184134538832], [-3.1030011627141283, 53.391481869317914], [-3.103301841863345, 53.39147909039262], [-3.103311140815328, 53.39183856642682]], [[-3.1090147361813862, 53.39142614697079], [-3.108714057984651, 53.39142894028021], [-3.1087093857929657, 53.39124920258112], [-3.109010062723557, 53.3912464092899], [-3.1090147361813862, 53.39142614697079]], [[-3.1042038790108872, 53.39147074907439], [-3.103903200011738, 53.39147353027085], [-3.1038985480784453, 53.391293792281374], [-3.103597870295417, 53.39129657270268], [-3.1035932196783023, 53.391116834689356], [-3.103292543111393, 53.39111961433549], [-3.1032878938104274, 53.39093987629834], [-3.102987218459644, 53.39094265516933], [-3.1029779225399503, 53.39058317904163], [-3.1032785953585154, 53.39058040020683], [-3.1032832445594694, 53.390760138255466], [-3.104185266513389, 53.39075179715452], [-3.104189919562693, 53.39093153514308], [-3.1050919448645353, 53.39092318717442], [-3.105101258710083, 53.3912826630256], [-3.104800581127274, 53.39128544647514], [-3.104795925445594, 53.39110570853427], [-3.1041945726620437, 53.39111127312591], [-3.1042038790108872, 53.39147074907439]], [[-3.109893384691722, 53.3905190743115], [-3.1095927129763985, 53.390521869801056], [-3.109588037237743, 53.3903421321279], [-3.1098887076869945, 53.390339336656574], [-3.109893384691722, 53.3905190743115]], [[-3.1062853207916774, 53.390552570221914], [-3.105984648473769, 53.390555356627054], [-3.105979987928049, 53.39037561873582], [-3.106280658979876, 53.39037283234881], [-3.1062853207916774, 53.390552570221914]], [[-3.112594739464972, 53.39031414334846], [-3.1122940694689394, 53.39031694563301], [-3.1122893823860633, 53.39013720811816], [-3.1125900511160434, 53.39013440585186], [-3.112594739464972, 53.39031414334846]], [[-3.1122893823860633, 53.39013720811816], [-3.1119887136056743, 53.39014000962746], [-3.1119840278392497, 53.38996027208863], [-3.1122846953535994, 53.389957470597594], [-3.1122893823860633, 53.39013720811816]], [[-3.109578685911301, 53.38998265676444], [-3.109278017943869, 53.38998545144232], [-3.1092733436221143, 53.38980571373379], [-3.1095740103235134, 53.389802919074086], [-3.109578685911301, 53.38998265676444]], [[-3.1116786758245025, 53.38978333525987], [-3.1113780094754007, 53.389786135218635], [-3.111373326341797, 53.389606397631866], [-3.111673991424885, 53.389603597691334], [-3.1116786758245025, 53.38978333525987]], [[-3.1089726768704407, 53.389808507636495], [-3.108672010068507, 53.38981130078215], [-3.1086673383290675, 53.38963156303152], [-3.1089680038649794, 53.38962876990401], [-3.1089726768704407, 53.389808507636495]], [[-3.112876651253281, 53.389592390359105], [-3.112575986371803, 53.38959519332767], [-3.1125712982245695, 53.389415455808155], [-3.112871961840051, 53.38941265285787], [-3.112876651253281, 53.389592390359105]], [[-3.111373326341797, 53.389606397631866], [-3.1110726612083406, 53.3896091968154], [-3.1110679793911076, 53.38942945920468], [-3.111368643258563, 53.38942666003937], [-3.111373326341797, 53.389606397631866]], [[-3.111627150199599, 53.38780622169079], [-3.110725192777453, 53.38781461869452], [-3.1107111527848734, 53.38727540561851], [-3.111011801511716, 53.38727260742891], [-3.1110164827247497, 53.38745234510842], [-3.1116177825590605, 53.3874467464219], [-3.111627150199599, 53.38780622169079]], [[-3.112806315350223, 53.38689632723812], [-3.1125056694572835, 53.38689912993287], [-3.112500982066304, 53.38671939232735], [-3.1128016266934493, 53.38671658965086], [-3.112806315350223, 53.38689632723812]], [[-3.1151691934485455, 53.385256241254645], [-3.1148685593509917, 53.38525904984021], [-3.1148638622883364, 53.38507931232923], [-3.1151644951202244, 53.38507650376199], [-3.1151691934485455, 53.385256241254645]], [[-3.116367025942368, 53.38506526192417], [-3.1160663933126704, 53.38506807351893], [-3.116056989213745, 53.38470859862617], [-3.116357619312158, 53.38470578706803], [-3.116367025942368, 53.38506526192417]], [[-3.116056989213745, 53.38470859862617], [-3.115756359064765, 53.384711409427474], [-3.1157516583567744, 53.38453167195418], [-3.1154510294228643, 53.3845344819803], [-3.1154416306897446, 53.38417500697992], [-3.1157422570924482, 53.38417219699042], [-3.1157469576993355, 53.384351934475156], [-3.1160475853170837, 53.38434912371048], [-3.116056989213745, 53.38470859862617]], [[-3.1216177449766804, 53.3789034593514], [-3.121317156283516, 53.37890628394443], [-3.1213124331543916, 53.37872654663616], [-3.1216130205823833, 53.37872372206154], [-3.1216177449766804, 53.3789034593514]]]}, "properties": {"kind": "max_footprint", "threshold_pct": 7.0}}, {"type": "Feature", "geometry": {"type": "Polygon", "coordinates": [[[-3.0915276447044664, 53.401475279100566], [-3.091523043228774, 53.401295540669466], [-3.0909215441140105, 53.401301039131134], [-3.0909261430558326, 53.40148077759805], [-3.0915276447044664, 53.401475279100566]]]}, "properties": {"kind": "max_footprint", "threshold_pct": 10.0}}, {"type": "Feature", "geometry": {"type": "Polygon", "coordinates": [[[-3.0926108933826457, 53.39679107381301], [-3.0926062881274654, 53.396611335304804], [-3.0923055717283705, 53.39661408747756], [-3.0923101757169738, 53.39679382600369], [-3.0926108933826457, 53.39679107381301]]]}, "properties": {"kind": "max_footprint", "threshold_pct": 10.0}}, {"type": "Feature", "geometry": {"type": "Polygon", "coordinates": [[[-3.1069239818348655, 53.39198489762847], [-3.106919317089539, 53.39180515983751], [-3.1066186360089807, 53.391807947883834], [-3.1066139725800044, 53.39162821006902], [-3.1063132927154653, 53.39163099734012], [-3.1063086306028085, 53.3914512595014], [-3.106007951954286, 53.391454045997286], [-3.106017273697401, 53.39181352170528], [-3.1063179548782647, 53.39181073517308], [-3.1063226170912106, 53.39199047300035], [-3.1069239818348655, 53.39198489762847]]]}, "properties": {"kind": "max_footprint", "threshold_pct": 10.0}}, {"type": "Feature", "geometry": {"type": "Polygon", "coordinates": [[[-3.103907851995064, 53.391653268254615], [-3.1038985480784453, 53.391293792281374], [-3.103597870295417, 53.39129657270268], [-3.10360717167971, 53.39165604871214], [-3.103907851995064, 53.391653268254615]]]}, "properties": {"kind": "max_footprint", "threshold_pct": 10.0}}, {"type": "Feature", "geometry": {"type": "Polygon", "coordinates": [[[-3.1111101175590345, 53.39104709749485], [-3.111100753169213, 53.3906876223594], [-3.1104994075586467, 53.39069321867412], [-3.110504087196182, 53.390872956281164], [-3.1108047612927354, 53.390870158484084], [-3.110809442246716, 53.39104989606719], [-3.1111101175590345, 53.39104709749485]]]}, "properties": {"kind": "max_footprint", "threshold_pct": 10.0}}, {"type": "Feature", "geometry": {"type": "Polygon", "coordinates": [[[-3.1104994075586467, 53.39069321867412], [-3.1104947279714446, 53.39051348106135], [-3.110194056356741, 53.39051627806494], [-3.1101987346778595, 53.39069601569593], [-3.1104994075586467, 53.39069321867412]]]}, "properties": {"kind": "max_footprint", "threshold_pct": 10.0}}, {"type": "Feature", "geometry": {"type": "Polygon", "coordinates": [[[-3.110513446622251, 53.39123243147806], [-3.1105087668840494, 53.39105269388248], [-3.1102080914710517, 53.391055490940744], [-3.110203413049296, 53.390875753321204], [-3.10990273885209, 53.3908785496042], [-3.1098980617467533, 53.390698811960725], [-3.1095973887653443, 53.390701607468465], [-3.1095927129763985, 53.390521869801056], [-3.1092920412107836, 53.39052466453355], [-3.109287366738204, 53.390344926842225], [-3.1089866961883885, 53.3903477207995], [-3.1089820230321448, 53.390167983084226], [-3.1074786758597193, 53.39018194142432], [-3.1074833426856467, 53.39036167923051], [-3.1080846842374203, 53.39035609812918], [-3.1080893536456995, 53.390535835893296], [-3.108390025612337, 53.39053304418891], [-3.108394696336928, 53.3907127819291], [-3.1086953695194204, 53.3907099894495], [-3.1087000415603514, 53.39088972716577], [-3.1093013903067765, 53.39088413989906], [-3.109306064930191, 53.39106387757322], [-3.109907416007732, 53.39105828724193], [-3.10991209321368, 53.39123802487395], [-3.110513446622251, 53.39123243147806]]]}, "properties": {"kind": "max_footprint", "threshold_pct": 10.0}}, {"type": "Feature", "geometry": {"type": "Polygon", "coordinates": [[[-3.1068820009330955, 53.3903672573037], [-3.106877336639299, 53.39018751946119], [-3.106576666953834, 53.39019030734412], [-3.1065813299815628, 53.390370045204776], [-3.1068820009330955, 53.3903672573037]]]}, "properties": {"kind": "max_footprint", "threshold_pct": 10.0}}, {"type": "Feature", "geometry": {"type": "Polygon", "coordinates": [[[-3.1038752891624934, 53.390395102248], [-3.1038706375293987, 53.390215364224154], [-3.1035699673430166, 53.39021814453679], [-3.1035746177100387, 53.390397882578775], [-3.1038752891624934, 53.390395102248]]]}, "properties": {"kind": "max_footprint", "threshold_pct": 10.0}}, {"type": "Feature", "geometry": {"type": "Polygon", "coordinates": [[[-3.106572003976258, 53.3900105694777], [-3.106567341048833, 53.38983083160558], [-3.1062666738453086, 53.38983361869517], [-3.1062713355066935, 53.39001335658545], [-3.106572003976258, 53.3900105694777]]]}, "properties": {"kind": "max_footprint", "threshold_pct": 10.0}}, {"type": "Feature", "geometry": {"type": "Polygon", "coordinates": [[[-3.1110960710498405, 53.39050788478305], [-3.1110913889808267, 53.39032814720099], [-3.110790718732871, 53.39033094570042], [-3.110786037980272, 53.390151208094395], [-3.1104853689480287, 53.390154005818594], [-3.1104806895118173, 53.38997426818862], [-3.1101800216952897, 53.38997706513756], [-3.110170665505899, 53.38961758982399], [-3.109569334786013, 53.38962318137802], [-3.1095740103235134, 53.389802919074086], [-3.1098746769746253, 53.38980012365736], [-3.1098887076869945, 53.390339336656574], [-3.1104900484345706, 53.39033374344284], [-3.1104947279714446, 53.39051348106135], [-3.1110960710498405, 53.39050788478305]]]}, "properties": {"kind": "max_footprint", "threshold_pct": 10.0}}, {"type": "Feature", "geometry": {"type": "Polygon", "coordinates": [[[-3.1074786758597193, 53.39018194142432], [-3.107469342358444, 53.38982246579478], [-3.1071686753054144, 53.38982525515539], [-3.10716400989609, 53.389645517313845], [-3.106863344058907, 53.38964830589929], [-3.1068726723956708, 53.39000778161297], [-3.107173340764918, 53.39000499299118], [-3.1071780062745993, 53.39018473082128], [-3.1074786758597193, 53.39018194142432]]]}, "properties": {"kind": "max_footprint", "threshold_pct": 10.0}}, {"type": "Feature", "geometry": {"type": "Polygon", "coordinates": [[[-3.109569334786013, 53.38962318137802], [-3.109564659298798, 53.38944344367621], [-3.109263995129424, 53.389446238299506], [-3.109268669350633, 53.38962597601952], [-3.109569334786013, 53.38962318137802]]]}, "properties": {"kind": "max_footprint", "threshold_pct": 10.0}}, {"type": "Feature", "geometry": {"type": "Polygon", "coordinates": [[[-3.1140746157974815, 53.38940143348666], [-3.114060532668773, 53.38886222116768], [-3.11375987305302, 53.38886502709115], [-3.1137551800437, 53.38868528962173], [-3.1134545216434137, 53.388688094769954], [-3.1134685970249296, 53.389227307215776], [-3.113769259223081, 53.38922450201276], [-3.113773952383825, 53.38940423946497], [-3.1140746157974815, 53.38940143348666]]]}, "properties": {"kind": "max_footprint", "threshold_pct": 10.0}}, {"type": "Feature", "geometry": {"type": "Polygon", "coordinates": [[[-3.1155638299899504, 53.388848180195595], [-3.115559129384999, 53.38866844283589], [-3.115258471287758, 53.38867125252598], [-3.1152631706267724, 53.388850989903965], [-3.1155638299899504, 53.388848180195595]]]}, "properties": {"kind": "max_footprint", "threshold_pct": 10.0}}, {"type": "Feature", "geometry": {"type": "Polygon", "coordinates": [[[-3.1182603380358844, 53.3884633843608], [-3.1182509142925676, 53.38810390994255], [-3.1179502604485223, 53.38810672639038], [-3.1179596816600452, 53.38846620084529], [-3.1182603380358844, 53.3884633843608]]]}, "properties": {"kind": "max_footprint", "threshold_pct": 10.0}}, {"type": "Feature", "geometry": {"type": "Polygon", "coordinates": [[[-3.1179502604485223, 53.38810672639038], [-3.117945549918753, 53.387926989154316], [-3.1176448972899227, 53.38792980482684], [-3.1176496065538144, 53.38810954208124], [-3.1179502604485223, 53.38810672639038]]]}, "properties": {"kind": "max_footprint", "threshold_pct": 10.0}}, {"type": "Feature", "geometry": {"type": "Polygon", "coordinates": [[[-3.1095459578527933, 53.38872449281169], [-3.109536607431492, 53.38836501734506], [-3.1089352942339756, 53.38837060561629], [-3.1089306216305688, 53.38819086783797], [-3.1086299662223347, 53.38819366081994], [-3.10862529493508, 53.388013923017695], [-3.108324640742506, 53.388016715224516], [-3.108319970771377, 53.38783697739837], [-3.107718664767337, 53.387842559504776], [-3.1077233322066924, 53.38802229736726], [-3.1080239864997043, 53.388019506674375], [-3.1080333240608273, 53.38837898234585], [-3.108634637559828, 53.38837339861645], [-3.108639308947563, 53.38855313640722], [-3.1089399668876347, 53.38855034338886], [-3.1089446395915505, 53.38873008115572], [-3.1095459578527933, 53.38872449281169]]]}, "properties": {"kind": "max_footprint", "threshold_pct": 10.0}}, {"type": "Feature", "geometry": {"type": "Polygon", "coordinates": [[[-3.112280008371546, 53.38977773307128], [-3.1122753214399013, 53.38959799553923], [-3.1119746564575914, 53.38960079699378], [-3.1119605997630684, 53.38906158430853], [-3.112561922081369, 53.38905598075191], [-3.112557234085399, 53.38887624321519], [-3.11225657421741, 53.38887904535375], [-3.112251887537804, 53.38869930779304], [-3.111951228885355, 53.38870210915638], [-3.1119465435220874, 53.388522371571696], [-3.112247200908604, 53.38851957022659], [-3.11224251432981, 53.38833983265444], [-3.111941858209209, 53.388342633981274], [-3.111937172946722, 53.38816289638513], [-3.111636518041636, 53.38816569693676], [-3.11163183409543, 53.38798595931664], [-3.110729872875646, 53.38799435637504], [-3.110725192777453, 53.38781461869452], [-3.11042454020272, 53.387817416181846], [-3.110419861420726, 53.38763767847735], [-3.1101192100615407, 53.38764047518952], [-3.110114532595721, 53.38746073746108], [-3.109813882452083, 53.38746353339807], [-3.109832587553697, 53.38818248435027], [-3.1101332427608366, 53.388179688340436], [-3.1101566315991658, 53.38907837681064], [-3.110757954521858, 53.38907278233789], [-3.1107626349724096, 53.389252519978314], [-3.1113639602256957, 53.389246922441146], [-3.111368643258563, 53.38942666003937], [-3.1116693070756503, 53.38942386011708], [-3.1116786758245025, 53.38978333525987], [-3.112280008371546, 53.38977773307128]]]}, "properties": {"kind": "max_footprint", "threshold_pct": 10.0}}, {"type": "Feature", "geometry": {"type": "Polygon", "coordinates": [[[-3.117344244610443, 53.3879326197424], [-3.1173301209202, 53.38739340788978], [-3.116728823004462, 53.387399035340124], [-3.116738233683947, 53.38775850998757], [-3.1161369305024085, 53.38776413448341], [-3.116141633386327, 53.387943871835155], [-3.117344244610443, 53.3879326197424]]]}, "properties": {"kind": "max_footprint", "threshold_pct": 10.0}}, {"type": "Feature", "geometry": {"type": "Polygon", "coordinates": [[[-3.1200123636013903, 53.38646936118486], [-3.1200076446672855, 53.38628962402565], [-3.1197070037855985, 53.386292444831525], [-3.1197117214539536, 53.386472182009086], [-3.1200123636013903, 53.38646936118486]]]}, "properties": {"kind": "max_footprint", "threshold_pct": 10.0}}, {"type": "Feature", "geometry": {"type": "Polygon", "coordinates": [[[-3.121811488891185, 53.38627268329547], [-3.121806762413434, 53.38609294624083], [-3.12120548374011, 53.38609859614174], [-3.1212102076863997, 53.38627833323315], [-3.121811488891185, 53.38627268329547]]]}, "properties": {"kind": "max_footprint", "threshold_pct": 10.0}}, {"type": "Feature", "geometry": {"type": "Polygon", "coordinates": [[[-3.1208717869854192, 53.38484326002763], [-3.1208623424876873, 53.384483785710515], [-3.120561714415011, 53.384486608603254], [-3.120571156381508, 53.38484608295714], [-3.1208717869854192, 53.38484326002763]]]}, "properties": {"kind": "max_footprint", "threshold_pct": 10.0}}, {"type": "Feature", "geometry": {"type": "Polygon", "coordinates": [[[-3.114351801202141, 53.38849993961578], [-3.114347105761942, 53.38832020217146], [-3.1140464499944542, 53.38832300879707], [-3.114037061797338, 53.38796353385465], [-3.114638368218245, 53.3879579199196], [-3.1146289751596083, 53.38759844502737], [-3.115831577268278, 53.387587208220104], [-3.1158268757513565, 53.38740747083856], [-3.116127524886307, 53.38740465976268], [-3.1161228221541233, 53.38722492239374], [-3.1158221742849985, 53.38722773345132], [-3.1158174728692036, 53.387047996058314], [-3.1155168262153308, 53.38705080634064], [-3.1155121261158985, 53.3868710689236], [-3.115211480677277, 53.38687387843069], [-3.1152067818941807, 53.38669414098964], [-3.1146054933969247, 53.38669975769648], [-3.1145820128969026, 53.385801070222236], [-3.116385839809771, 53.38578421156762], [-3.116381136267045, 53.38560447416535], [-3.1160804998403195, 53.385607285815055], [-3.1160663933126704, 53.38506807351893], [-3.115765760632405, 53.38507088435682], [-3.115756359064765, 53.384711409427474], [-3.1154557288652316, 53.38471421947189], [-3.1154510294228643, 53.3845344819803], [-3.115150400438417, 53.38453729124957], [-3.1151644951202244, 53.38507650376199], [-3.115465127901584, 53.38507369443784], [-3.1154698274955717, 53.385253431912226], [-3.115770461492056, 53.38525062181292], [-3.1157751624022616, 53.38543035926327], [-3.1142719855861682, 53.38544440228249], [-3.114267291004358, 53.385264664740674], [-3.113966656755304, 53.38526747105557], [-3.1139619634896487, 53.38508773348977], [-3.113661330455789, 53.38509053902952], [-3.1136566385062614, 53.384910801439695], [-3.113356006687599, 53.3849136062043], [-3.113346625471187, 53.38455413097095], [-3.113045996133352, 53.38455693494217], [-3.1130413068664256, 53.38437719729861], [-3.1127406787437777, 53.38438000049469], [-3.1127172394934455, 53.38348131209972], [-3.1121159957526805, 53.383486916038834], [-3.1121347369275623, 53.38420586691226], [-3.112435363885423, 53.38420306524814], [-3.1124541109289985, 53.38492201595687], [-3.1127547428989533, 53.384919213462894], [-3.1127641192544906, 53.38527868874634], [-3.1130647537053555, 53.385275885458995], [-3.1130694432244366, 53.38545562307385], [-3.1133700788905534, 53.38545281901134], [-3.113374769725763, 53.38563255660222], [-3.11367540660713, 53.38562975176454], [-3.113694175515378, 53.386348701997676], [-3.1130928915763514, 53.38635431106222], [-3.113088201805097, 53.38617457347602], [-3.112486920195829, 53.38618017947641], [-3.1124962947257355, 53.3865396547161], [-3.1127969380871, 53.386536852057866], [-3.112815692815046, 53.38725580239546], [-3.1125150443904794, 53.38725860512672], [-3.1125244195253274, 53.387618080297635], [-3.1122237685186627, 53.38762088230844], [-3.1122331413234305, 53.38798035749289], [-3.112834448349822, 53.38797475264131], [-3.112839137359589, 53.38815449018845], [-3.113139792063035, 53.38815168660898], [-3.113144482389134, 53.38833142413211], [-3.113745794176483, 53.38832581466573], [-3.1137504870848547, 53.38850555214659], [-3.114351801202141, 53.38849993961578]]]}, "properties": {"kind": "max_footprint", "threshold_pct": 10.0}}, {"type": "Feature", "geometry": {"type": "Polygon", "coordinates": [[[-3.1161181194725143, 53.38704518501905], [-3.116108714261025, 53.386685710252465], [-3.1167100022527396, 53.386680085976394], [-3.1167147073647663, 53.386859823325935], [-3.1170153525505113, 53.386857010034184], [-3.1170106461727007, 53.386677272703], [-3.1173112900420485, 53.386674458672665], [-3.117306582449085, 53.38649472135403], [-3.117607225002034, 53.38649190658513], [-3.1176119338607666, 53.386671643885414], [-3.1179125776288417, 53.38666882834125], [-3.1179031574304967, 53.38630935377159], [-3.118805080836177, 53.38630090270765], [-3.1188003670157687, 53.386121165469255], [-3.1184997271969572, 53.38612398322913], [-3.118495014692969, 53.38594424596666], [-3.1187956532460555, 53.38594142822515], [-3.1187909395270363, 53.38576169097527], [-3.1190915767637173, 53.38575887249521], [-3.119096291748448, 53.38593860972672], [-3.1193969302001334, 53.38593579047138], [-3.119392213949693, 53.385756053258234], [-3.120594762186256, 53.385744768741475], [-3.1205994834995265, 53.38592450588111], [-3.1209001216974706, 53.385921682841314], [-3.1209048443272365, 53.38610141995684], [-3.12120548374011, 53.38609859614174], [-3.1211960359999433, 53.38573912194172], [-3.120895399118494, 53.385741945720056], [-3.1208906765903053, 53.38556220859303], [-3.1196881336195337, 53.385573496063884], [-3.119683416204853, 53.38539375885762], [-3.1199840507579983, 53.38539093814362], [-3.1199557397414655, 53.38431251489584], [-3.119655112782121, 53.38431533549963], [-3.1196503957225508, 53.38413559825323], [-3.1193497699780646, 53.3841384180818], [-3.119354485772047, 53.38431815534657], [-3.1190538587112604, 53.384320974436655], [-3.1190585732903573, 53.38450071171406], [-3.118757944913268, 53.38450353006565], [-3.1187626582774497, 53.38468326735567], [-3.1184620285840556, 53.38468608496874], [-3.1184573164854896, 53.38450634766038], [-3.118156688007037, 53.38450916449823], [-3.118151977224747, 53.384329427165795], [-3.1178513499612377, 53.38433224322846], [-3.1178372217150563, 53.38379303114169], [-3.117536598197633, 53.3837958463925], [-3.117527182151156, 53.38343637160265], [-3.1184290449582246, 53.38342792368974], [-3.1184337567527565, 53.383607661032514], [-3.118734378852658, 53.38360484352954], [-3.118724952783211, 53.383245368874924], [-3.118424333214363, 53.383248186341206], [-3.1184196215211712, 53.383068448986954], [-3.1178183847624994, 53.38307408161238], [-3.117813675650964, 53.38289434421572], [-3.117513058461156, 53.382897159374856], [-3.117498935226798, 53.38235794709542], [-3.1171983217827703, 53.38236076144276], [-3.117188909077195, 53.38200128652446], [-3.1168882981134276, 53.38200410007836], [-3.1168835931019707, 53.38182436259231], [-3.1165829833530236, 53.38182717537109], [-3.1165782796575647, 53.38164743786098], [-3.116277671123438, 53.381650249864656], [-3.116296481147073, 53.38236919994397], [-3.1165970947428954, 53.38236638786705], [-3.116644135997201, 53.384163762480746], [-3.116343509746191, 53.384166574740824], [-3.1163388066586917, 53.38398683728694], [-3.1157375565361107, 53.383992459499915], [-3.1157422570924482, 53.38417219699042], [-3.1160428834446012, 53.38416938624404], [-3.1160475853170837, 53.38434912371048], [-3.116348212884268, 53.38434631218896], [-3.1163623226019737, 53.38488552449897], [-3.116662953915441, 53.38488271216562], [-3.1166770678853584, 53.38542192436909], [-3.1169777029452153, 53.38541911122392], [-3.1169965273429607, 53.38613806067494], [-3.1163952470469756, 53.386143686354934], [-3.116399950741456, 53.386323423739995], [-3.1154980261208847, 53.386331856638094], [-3.1155121261158985, 53.3868710689236], [-3.115812771503971, 53.38686825865958], [-3.1158174728692036, 53.387047996058314], [-3.1161181194725143, 53.38704518501905]], [[-3.118184953764675, 53.38558758837244], [-3.1178843176416553, 53.38559040456349], [-3.117879607821074, 53.385410667247115], [-3.118180242678411, 53.385407851074426], [-3.118184953764675, 53.38558758837244]], [[-3.1175695559552112, 53.38505400797632], [-3.1172689235279205, 53.3850568225986], [-3.117264216390582, 53.38487708522836], [-3.1175648475522277, 53.38487427062442], [-3.1175695559552112, 53.38505400797632]]]}, "properties": {"kind": "max_footprint", "threshold_pct": 10.0}}, {"type": "Feature", "geometry": {"type": "Polygon", "coordinates": [[[-3.1198802526274863, 53.38143671855874], [-3.119861382878308, 53.38071776924498], [-3.1195607812280928, 53.38072058948143], [-3.1195654973239684, 53.38090032683686], [-3.1192648943577135, 53.380903146334894], [-3.119269609238962, 53.381082883702945], [-3.119570213470558, 53.38108006418653], [-3.119579645915881, 53.381439538868655], [-3.1198802526274863, 53.38143671855874]]]}, "properties": {"kind": "max_footprint", "threshold_pct": 10.0}}, {"type": "Feature", "geometry": {"type": "Polygon", "coordinates": [[[-3.12125103709713, 53.37638996110667], [-3.121246314678956, 53.37621022371807], [-3.120945744911188, 53.376213047278576], [-3.120950466064378, 53.376392784685564], [-3.12125103709713, 53.37638996110667]]]}, "properties": {"kind": "max_footprint", "threshold_pct": 10.0}}, {"type": "Feature", "geometry": {"type": "Polygon", "coordinates": [[[-3.123307722462612, 53.374572802012885], [-3.1233029916982584, 53.37439306469576], [-3.123002434935251, 53.374395893368465], [-3.1230071644347634, 53.374575630704015], [-3.123307722462612, 53.374572802012885]]]}, "properties": {"kind": "max_footprint", "threshold_pct": 10.0}}, {"type": "Feature", "geometry": {"type": "Polygon", "coordinates": [[[-3.122971468656462, 53.384643741301986], [-3.1229667375737327, 53.38446400426938], [-3.1226661098568234, 53.384466832460106], [-3.1226613800905643, 53.38428709540334], [-3.1223607535883837, 53.3842899228188], [-3.1223560251385694, 53.384110185737875], [-3.122055399851118, 53.38411301237809], [-3.1220412186034263, 53.383573801045706], [-3.1217405970617986, 53.38357662687385], [-3.12173587134643, 53.38339688973317], [-3.12143525101951, 53.38339971478609], [-3.1214305266204745, 53.38321997762127], [-3.121129907508263, 53.38322280189897], [-3.121125184425533, 53.38304306471003], [-3.120824566528031, 53.38304588821252], [-3.120815123045904, 53.38268641378064], [-3.1211157384124446, 53.38268359031493], [-3.1211204613935934, 53.38286332751534], [-3.121421077974818, 53.38286050327443], [-3.121425802272244, 53.383040240450725], [-3.121726420068152, 53.383037415434615], [-3.1217311456818817, 53.38321715258675], [-3.1220317646924696, 53.383214326795404], [-3.122036491622531, 53.383394063923426], [-3.122337111847798, 53.38339123735683], [-3.122346568391487, 53.38375071155883], [-3.12264719109697, 53.38374788419862], [-3.1226519207106387, 53.38392762127259], [-3.1229525446308117, 53.383924793137126], [-3.122943082923249, 53.38356531902027], [-3.1241455679707015, 53.38355399905738], [-3.1241503038611893, 53.38373373604497], [-3.1247515486104622, 53.383728071485656], [-3.1247468101889075, 53.383548334534964], [-3.125348052203288, 53.38354266698525], [-3.125343311301654, 53.383362930065715], [-3.1256439309668584, 53.38336009517406], [-3.1256391888507014, 53.38318035826726], [-3.125037952000318, 53.38318602725681], [-3.1250332124661377, 53.38300629030736], [-3.12383074321583, 53.383017619130875], [-3.1238260087945355, 53.382837882101896], [-3.123525392620122, 53.38284071239731], [-3.1235159264611916, 53.38248123828528], [-3.124117153697263, 53.38247557701138], [-3.1241076826801897, 53.38211610295014], [-3.123807071618475, 53.3821189339286], [-3.1238023374517363, 53.38193919687094], [-3.124403556993419, 53.381933534194076], [-3.1244082936909825, 53.38211327121488], [-3.126211958685585, 53.382096264910714], [-3.126221447418677, 53.38245573871361], [-3.126822673737248, 53.38245006381732], [-3.126817926814327, 53.38227032695572], [-3.127118538631617, 53.38226748839087], [-3.127109042408089, 53.38190801468739], [-3.126808433121622, 53.38191085321526], [-3.1268036863518383, 53.38173111633645], [-3.1265030782797187, 53.381733954089064], [-3.1264935874240263, 53.38137448027722], [-3.127395403895011, 53.38136596485995], [-3.127390654747657, 53.38118622800089], [-3.1276912588705144, 53.38118338803342], [-3.127686508508895, 53.38100365118711], [-3.127987111315335, 53.381000810481375], [-3.1279823597394762, 53.38082107364782], [-3.1270805549628884, 53.380829593439245], [-3.127075807234048, 53.380649856544444], [-3.126474606324984, 53.38065553258466], [-3.1264698611777915, 53.38047579564718], [-3.1261692619120107, 53.3804786325137], [-3.126164518081126, 53.38029889555198], [-3.126465116081623, 53.38029605870394], [-3.1264603710364796, 53.38011632175495], [-3.1267609677206827, 53.38011348416867], [-3.126756221461308, 53.37993374723244], [-3.1273574121460754, 53.379928069826605], [-3.1273621609359608, 53.38010780672586], [-3.1276627574670095, 53.38010496686936], [-3.127667507573227, 53.38028470374441], [-3.1285693006556468, 53.38027617957899], [-3.1285597929027342, 53.37991670593422], [-3.128860387964138, 53.3799138630693], [-3.1288556328991226, 53.379734126256814], [-3.1291562266441577, 53.379731282653694], [-3.1291467141370863, 53.37937180904851], [-3.129447305300545, 53.379368964725714], [-3.129437790467672, 53.379009491134624], [-3.1297383790496, 53.37900664609216], [-3.1297288618910284, 53.378647172515166], [-3.130029447891466, 53.37864432675306], [-3.130024688123793, 53.37846458997448], [-3.1297241033884937, 53.378467435718036], [-3.1297193449371283, 53.37828769891517], [-3.1300199284073007, 53.378284853190145], [-3.1300151687419877, 53.37810511640007], [-3.13031575089587, 53.37810226993689], [-3.1303109900166386, 53.37792253315962], [-3.130611570854231, 53.3779196859583], [-3.1305925227889655, 53.37720073886594], [-3.1302919470116244, 53.37720358599307], [-3.130282425816252, 53.37684411237534], [-3.1308835722596444, 53.37683841743856], [-3.1308788092087383, 53.37665868065818], [-3.1311793810886193, 53.37665583207337], [-3.1311746168239396, 53.37647609530579], [-3.131475187387607, 53.3764732459829], [-3.1314370649948717, 53.37503535178389], [-3.131737625387907, 53.375032501852864], [-3.1317090281562465, 53.37395408107372], [-3.1320095809090653, 53.37395123049747], [-3.131971444018599, 53.37251333595214], [-3.131670901383646, 53.37251618637992], [-3.1316518392270716, 53.371797238895155], [-3.13135130159949, 53.3718000884922], [-3.131346537453053, 53.37162035158809], [-3.130745464573478, 53.371626048475555], [-3.1307407030074734, 53.371446311528615], [-3.130440167755496, 53.37144915881905], [-3.130435407505277, 53.37126942184783], [-3.130134873466715, 53.371272268363235], [-3.130130114532255, 53.371092531367744], [-3.126523717257593, 53.37112663032448], [-3.1265284610170303, 53.37130636754201], [-3.1259273915607624, 53.3713120401476], [-3.1259321328419927, 53.37149177739632], [-3.125331060652617, 53.371497447012864], [-3.125335799455584, 53.371677184292764], [-3.1250352620198485, 53.37168001798474], [-3.1250399996091303, 53.371859755277356], [-3.1253405383094996, 53.37185692156695], [-3.125345277214366, 53.37203665883537], [-3.125044737249348, 53.37203949256424], [-3.1250636883195932, 53.37275844165437], [-3.1253642333433365, 53.37275560785167], [-3.125378450975067, 53.37329481955363], [-3.1250779021571367, 53.37329765341167], [-3.125082640204867, 53.37347739065263], [-3.1247820900712386, 53.373480223772575], [-3.1247915637899726, 53.37383969827416], [-3.1244910110758592, 53.373842530674445], [-3.1245099540652226, 53.37456147968253], [-3.124810511838609, 53.37455864720847], [-3.1248152489781, 53.3747383844277], [-3.12451468993986, 53.37474121692019], [-3.124519425865418, 53.37492095415212], [-3.12421886551139, 53.37492378590646], [-3.124223600222989, 53.3751035231511], [-3.123923038553172, 53.37510635416728], [-3.123908838365702, 53.37456714236086], [-3.123307722462612, 53.374572802012885], [-3.1233361081169324, 53.37565122579518], [-3.1236366736832553, 53.375648396236926], [-3.123641406068619, 53.37582813349545], [-3.123941972848993, 53.37582530316215], [-3.1239514403022866, 53.37618477762515], [-3.123650870991999, 53.37618760799533], [-3.123674534190954, 53.37708629414453], [-3.123373958504755, 53.3770891238502], [-3.123378690032164, 53.37726886108126], [-3.1227775359770575, 53.37727451825949], [-3.1227822650252217, 53.377454255521634], [-3.1230828433432674, 53.37745142729243], [-3.1230875737073553, 53.37763116453042], [-3.123388153239613, 53.37762833552615], [-3.123397616650572, 53.37798780994808], [-3.1230970345881275, 53.3779906389892], [-3.1231301492731305, 53.379248799414135], [-3.1222283762123633, 53.37925728238415], [-3.1222141952859523, 53.378718070642165], [-3.1219136079595753, 53.378720896730194], [-3.1219041567930765, 53.37836142217006], [-3.1216035719461908, 53.37836424746459], [-3.121594123513192, 53.37800477284469], [-3.1212935411457603, 53.37800759734576], [-3.121288818270563, 53.3778278600088], [-3.1203870746589324, 53.377836328916764], [-3.1203917937388077, 53.378016066308874], [-3.120692376258553, 53.37801324407784], [-3.1206970966542937, 53.37819298144582], [-3.120997680388402, 53.37819015843973], [-3.121002402100034, 53.37836989578361], [-3.121302987048504, 53.37836707200243], [-3.1213077100760556, 53.37854680932218], [-3.121608296238887, 53.37854398476594], [-3.1216177449766804, 53.3789034593514], [-3.1219183336190444, 53.37890063400167], [-3.1219230593293292, 53.37908037126739], [-3.1216224694217787, 53.37908319663553], [-3.1216271939176785, 53.379262933913914], [-3.1219277850904295, 53.37926010852738], [-3.1219325109023464, 53.37943984578165], [-3.1225336956258087, 53.37943419270163], [-3.122538424018994, 53.37961392991333], [-3.1228390175696896, 53.379611102219826], [-3.1228484770390885, 53.3799705765892], [-3.1225478809579004, 53.37997340431951], [-3.122552609503623, 53.380153141513986], [-3.121650817159237, 53.38016162021978], [-3.1216697166669936, 53.38088056916119], [-3.121369114056024, 53.38088339395655], [-3.1213832854242867, 53.38142260565755], [-3.1204814658984903, 53.38143107566857], [-3.120486185993371, 53.38161081294594], [-3.120786793818123, 53.38160799034732], [-3.1207915152291537, 53.38178772760056], [-3.121092124268529, 53.38178490422677], [-3.121096846995738, 53.38196464145587], [-3.1204956263354044, 53.38197028748342], [-3.120490906139008, 53.38179055021755], [-3.1201902969981026, 53.38179337207777], [-3.120185578117859, 53.38161363478776], [-3.119884970191604, 53.38161645587284], [-3.119894405472033, 53.38197593048382], [-3.1195937949642416, 53.38197875084883], [-3.1196173777258904, 53.38287743736774], [-3.11991799456093, 53.382874616910875], [-3.1199368667452876, 53.38359356594925], [-3.1202374885916324, 53.38359074466211], [-3.1202422080301115, 53.38377048188899], [-3.119941584918222, 53.38377330319451], [-3.1199463031418966, 53.38395304043404], [-3.1202469275193434, 53.38395021911011], [-3.120251647059328, 53.38412995632553], [-3.1205522726515924, 53.384127134226404], [-3.1205569935079174, 53.384306871417685], [-3.1211582470712944, 53.38430122491213], [-3.1211629705095807, 53.38448096206092], [-3.121463598480677, 53.384478137654476], [-3.121468323235371, 53.38465787477914], [-3.122971468656462, 53.384643741301986]], [[-3.1223181993705778, 53.382672288883995], [-3.1220175842072755, 53.38267511537694], [-3.1220128574805392, 53.382495378225975], [-3.1223134713783827, 53.38249255175144], [-3.1223181993705778, 53.382672288883995]], [[-3.1220128574805392, 53.382495378225975], [-3.121712243531866, 53.3824982039437], [-3.121707518121404, 53.3823184667686], [-3.122008130804633, 53.38231564106926], [-3.1220128574805392, 53.382495378225975]], [[-3.1259066049560107, 53.38191936425823], [-3.125605995465445, 53.381922199758954], [-3.1255965121000115, 53.381562725847765], [-3.125897119059801, 53.381559890383954], [-3.1259066049560107, 53.38191936425823]], [[-3.1255965121000115, 53.381562725847765], [-3.1252959050892337, 53.38156556055482], [-3.125291164748369, 53.38138582357215], [-3.1255917704937803, 53.38138298888358], [-3.1255965121000115, 53.381562725847765]], [[-3.125291164748369, 53.38138582357215], [-3.124990558951984, 53.38138865750396], [-3.124981080953875, 53.381029183484515], [-3.125281684219564, 53.381026349589625], [-3.125291164748369, 53.38138582357215]], [[-3.124981080953875, 53.381029183484515], [-3.124680477637227, 53.381032016622655], [-3.1246757399799403, 53.38085227958588], [-3.1249763420312604, 53.3808494464662], [-3.124981080953875, 53.381029183484515]], [[-3.126155030572392, 53.37993942161134], [-3.125854435051413, 53.37994225766573], [-3.125849692638804, 53.37976252066831], [-3.1261502868945397, 53.37975968463242], [-3.126155030572392, 53.37993942161134]], [[-3.128240187958676, 53.379200600609906], [-3.127639007702082, 53.37920628240809], [-3.127634257902325, 53.37902654549863], [-3.1282354356285476, 53.37902086373744], [-3.128240187958676, 53.379200600609906]], [[-3.127634257902325, 53.37902654549863], [-3.1273336689625943, 53.37902938524418], [-3.127328920479082, 53.37884964831047], [-3.12762950815364, 53.378846808583404], [-3.127634257902325, 53.37902654549863]]]}, "properties": {"kind": "max_footprint", "threshold_pct": 10.0}}]}