{"type": "FeatureCollection", "features": [{"type": "Feature", "geometry": {"type": "Polygon", "coordinates": [[[-3.0871722108922497, 53.407627556361305], [-3.0871630426452747, 53.40726807934607], [-3.086561458416097, 53.407273556264656], [-3.0865706215934616, 53.407633033351274], [-3.0871722108922497, 53.407627556361305]]]}, "properties": {"kind": "max_footprint", "threshold_pct": 4.0}}, {"type": "Feature", "geometry": {"type": "Polygon", "coordinates": [[[-3.0763435734341247, 53.407725678578664], [-3.076334496440994, 53.40736620028508], [-3.0760337025845645, 53.407368911852735], [-3.0760291654286536, 53.407189172679686], [-3.0754275801041713, 53.40719459350715], [-3.0754411841138265, 53.40773381111503], [-3.0763435734341247, 53.407725678578664]]]}, "properties": {"kind": "max_footprint", "threshold_pct": 4.0}}, {"type": "Feature", "geometry": {"type": "Polygon", "coordinates": [[[-3.086561458416097, 53.407273556264656], [-3.086556876901356, 53.40709381771277], [-3.0862560859802026, 53.40709655501797], [-3.08626066622756, 53.40727629358771], [-3.086561458416097, 53.407273556264656]]]}, "properties": {"kind": "max_footprint", "threshold_pct": 4.0}}, {"type": "Feature", "geometry": {"type": "Polygon", "coordinates": [[[-3.0739372009376846, 53.407747350191784], [-3.0739190877040743, 53.40702839301708], [-3.0736182959922997, 53.407031098489355], [-3.0736273499768485, 53.40739057712336], [-3.0733265556815548, 53.40739328187337], [-3.0733356073260696, 53.40775276051979], [-3.0739372009376846, 53.407747350191784]]]}, "properties": {"kind": "max_footprint", "threshold_pct": 4.0}}, {"type": "Feature", "geometry": {"type": "Polygon", "coordinates": [[[-3.093488886597204, 53.407569865027206], [-3.093479665119674, 53.40721038876353], [-3.0931788740683515, 53.40721314350914], [-3.0931742646713634, 53.40703340535078], [-3.0928734748378144, 53.407036159320974], [-3.092868866757775, 53.406856421138954], [-3.0922672894766605, 53.40686192677096], [-3.0922626839808816, 53.40668218854735], [-3.091661109036244, 53.40668769111355], [-3.091665711997338, 53.406867429373], [-3.091966500761767, 53.40686467845071], [-3.0919711050397427, 53.40704441668651], [-3.092572684954686, 53.40703891253365], [-3.092577291816936, 53.40721865072788], [-3.092878082967435, 53.40721589749727], [-3.0928826911466345, 53.40739563566785], [-3.0931834835149314, 53.40739288166179], [-3.0931880930111078, 53.4075726198087], [-3.093488886597204, 53.407569865027206]]]}, "properties": {"kind": "max_footprint", "threshold_pct": 4.0}}, {"type": "Feature", "geometry": {"type": "Polygon", "coordinates": [[[-3.091661109036244, 53.40668769111355], [-3.091656506124674, 53.40650795284836], [-3.0913557198453945, 53.40651070297732], [-3.0913603214896335, 53.4066904412604], [-3.091661109036244, 53.40668769111355]]]}, "properties": {"kind": "max_footprint", "threshold_pct": 4.0}}, {"type": "Feature", "geometry": {"type": "Polygon", "coordinates": [[[-3.0913557198453945, 53.40651070297732], [-3.0913511182506643, 53.4063309646885], [-3.09105033318919, 53.40633371404206], [-3.091054933516604, 53.40651345234879], [-3.0913557198453945, 53.40651070297732]]]}, "properties": {"kind": "max_footprint", "threshold_pct": 4.0}}, {"type": "Feature", "geometry": {"type": "Polygon", "coordinates": [[[-3.095853647164425, 53.405930157431634], [-3.0958490267091627, 53.405750419394884], [-3.0961498071750255, 53.40574765797568], [-3.0961405638791426, 53.40538818192098], [-3.095238229935901, 53.40539646379832], [-3.095233612164218, 53.40521672570843], [-3.094932835350981, 53.405219484801336], [-3.094928218896193, 53.40503974668778], [-3.094326667655156, 53.40504526256533], [-3.0943220537844334, 53.404865524410106], [-3.093720504879239, 53.404871037221966], [-3.09372511621556, 53.40505077541311], [-3.0940258919601704, 53.405048019367946], [-3.094030504613317, 53.4052277575354], [-3.0943312815755184, 53.40522500071483], [-3.0943358955455205, 53.405404738858614], [-3.0946366737253075, 53.40540198126263], [-3.0946412890121913, 53.40558171938273], [-3.095242847757267, 53.40557620188247], [-3.0952474656283147, 53.4057559399609], [-3.095548246193587, 53.405753180056635], [-3.095552865381585, 53.405932918111354], [-3.095853647164425, 53.405930157431634]]]}, "properties": {"kind": "max_footprint", "threshold_pct": 4.0}}, {"type": "Feature", "geometry": {"type": "Polygon", "coordinates": [[[-3.0943128261919064, 53.404506048082474], [-3.0943082124701, 53.40432630991008], [-3.0940074418438366, 53.404329066640855], [-3.0940120542984832, 53.40450880483123], [-3.0943128261919064, 53.404506048082474]]]}, "properties": {"kind": "max_footprint", "threshold_pct": 4.0}}, {"type": "Feature", "geometry": {"type": "Polygon", "coordinates": [[[-3.094599753217747, 53.40396407609582], [-3.0945951383777297, 53.403784337924215], [-3.0942943716025, 53.40378709535855], [-3.094298985175398, 53.40396683354811], [-3.094599753217747, 53.40396407609582]]]}, "properties": {"kind": "max_footprint", "threshold_pct": 4.0}}, {"type": "Feature", "geometry": {"type": "Polygon", "coordinates": [[[-3.096085108280385, 53.40323132511201], [-3.096080487303649, 53.403051587007376], [-3.0957797258451207, 53.40305434815679], [-3.095784345554796, 53.403234086279376], [-3.096085108280385, 53.40323132511201]]]}, "properties": {"kind": "max_footprint", "threshold_pct": 4.0}}, {"type": "Feature", "geometry": {"type": "Polygon", "coordinates": [[[-3.0957797258451207, 53.40305434815679], [-3.0957751061851466, 53.40287461002846], [-3.0954743459439658, 53.4028773704025], [-3.0954789643368934, 53.40305710854881], [-3.0957797258451207, 53.40305434815679]]]}, "properties": {"kind": "max_footprint", "threshold_pct": 4.0}}, {"type": "Feature", "geometry": {"type": "Polygon", "coordinates": [[[-3.094567450380229, 53.40270590877441], [-3.094562835887737, 53.40252617056272], [-3.094262077981955, 53.402528927871344], [-3.0942666912074235, 53.40270866610096], [-3.094567450380229, 53.40270590877441]]]}, "properties": {"kind": "max_footprint", "threshold_pct": 4.0}}, {"type": "Feature", "geometry": {"type": "Polygon", "coordinates": [[[-3.101156286146066, 53.40156662899688], [-3.1011516440788975, 53.40138689114722], [-3.1008508948701756, 53.40138966500951], [-3.1008555356704184, 53.40156940287721], [-3.101156286146066, 53.40156662899688]]]}, "properties": {"kind": "max_footprint", "threshold_pct": 4.0}}, {"type": "Feature", "geometry": {"type": "Polygon", "coordinates": [[[-3.081607401978047, 53.401745355939866], [-3.081602842262529, 53.40156561692608], [-3.0813020898370014, 53.40156834156098], [-3.081306648285547, 53.401748080592526], [-3.081607401978047, 53.401745355939866]]]}, "properties": {"kind": "max_footprint", "threshold_pct": 4.0}}, {"type": "Feature", "geometry": {"type": "Polygon", "coordinates": [[[-3.1008508948701756, 53.40138966500951], [-3.1008462541198583, 53.40120992713605], [-3.1005455061281255, 53.40121270022293], [-3.100550145611529, 53.401392438114435], [-3.1008508948701756, 53.40138966500951]]]}, "properties": {"kind": "max_footprint", "threshold_pct": 4.0}}, {"type": "Feature", "geometry": {"type": "Polygon", "coordinates": [[[-3.0828012867396795, 53.40137497186441], [-3.082796722054497, 53.401195232910204], [-3.083097471700725, 53.401192504524076], [-3.083088339943837, 53.40083302663407], [-3.0818853511997135, 53.400843935492425], [-3.0818899119859378, 53.40102367451135], [-3.082190660512515, 53.401020948414995], [-3.0821952226147338, 53.40120068741044], [-3.0824959723591627, 53.401197960539], [-3.0825005357774033, 53.40137769951095], [-3.0828012867396795, 53.40137497186441]]]}, "properties": {"kind": "max_footprint", "threshold_pct": 4.0}}, {"type": "Feature", "geometry": {"type": "Polygon", "coordinates": [[[-3.103825811823924, 53.4001037283385], [-3.1038165057359937, 53.39974425286751], [-3.1035157683788714, 53.399747033382795], [-3.1035250719331966, 53.400106508890026], [-3.103825811823924, 53.4001037283385]]]}, "properties": {"kind": "max_footprint", "threshold_pct": 4.0}}, {"type": "Feature", "geometry": {"type": "Polygon", "coordinates": [[[-3.0818625480045396, 53.39994524031208], [-3.081857987512691, 53.399765501258855], [-3.0812565080486234, 53.39977095093105], [-3.081261066006802, 53.39995069001977], [-3.0818625480045396, 53.39994524031208]]]}, "properties": {"kind": "max_footprint", "threshold_pct": 4.0}}, {"type": "Feature", "geometry": {"type": "Polygon", "coordinates": [[[-3.0827693349746115, 53.400116799064946], [-3.082760206340809, 53.3997573210708], [-3.083963164090824, 53.39974640355112], [-3.083954025518938, 53.3993869256763], [-3.0836532886887524, 53.39938965615661], [-3.0836487207433296, 53.39920991719284], [-3.0827465137583583, 53.399218104036656], [-3.08275107790341, 53.39939784305375], [-3.0824503408767443, 53.39940057050488], [-3.0824594667805183, 53.39976004855745], [-3.082158727171141, 53.399762775286796], [-3.0821632889298245, 53.399942514322255], [-3.0824640298060366, 53.39993978757514], [-3.082468592880642, 53.40011952658712], [-3.0827693349746115, 53.400116799064946]]]}, "properties": {"kind": "max_footprint", "threshold_pct": 4.0}}, {"type": "Feature", "geometry": {"type": "Polygon", "coordinates": [[[-3.090255700281769, 53.398790194924814], [-3.090251104615462, 53.398610456336264], [-3.089950373887383, 53.3986132026481], [-3.089954968286956, 53.39879294125451], [-3.090255700281769, 53.398790194924814]]]}, "properties": {"kind": "max_footprint", "threshold_pct": 4.0}}, {"type": "Feature", "geometry": {"type": "Polygon", "coordinates": [[[-3.083935748965008, 53.39866796985806], [-3.0839311799494054, 53.39848823088919], [-3.0836304494530298, 53.398490961280594], [-3.0836350172018983, 53.39867070026723], [-3.083935748965008, 53.39866796985806]]]}, "properties": {"kind": "max_footprint", "threshold_pct": 4.0}}, {"type": "Feature", "geometry": {"type": "Polygon", "coordinates": [[[-3.090765209525052, 53.395189927851774], [-3.0907606123144307, 53.3950101891846], [-3.09045990701702, 53.39501293665303], [-3.0904645029611815, 53.39519267533809], [-3.090765209525052, 53.395189927851774]]]}, "properties": {"kind": "max_footprint", "threshold_pct": 4.0}}, {"type": "Feature", "geometry": {"type": "Polygon", "coordinates": [[[-3.121323597640263, 53.39059202170562], [-3.121318872474471, 53.390412284751925], [-3.1201161929928443, 53.390423577235794], [-3.1201209130943965, 53.39060331426307], [-3.121323597640263, 53.39059202170562]]]}, "properties": {"kind": "max_footprint", "threshold_pct": 4.0}}, {"type": "Feature", "geometry": {"type": "Polygon", "coordinates": [[[-3.099055277226921, 53.39008002006453], [-3.0990506459507228, 53.389900281740076], [-3.09874997749784, 53.38990304990422], [-3.0987546075079795, 53.39008278824669], [-3.099055277226921, 53.39008002006453]]]}, "properties": {"kind": "max_footprint", "threshold_pct": 4.0}}, {"type": "Feature", "geometry": {"type": "Polygon", "coordinates": [[[-3.107352690530471, 53.385329018491355], [-3.1073480251096894, 53.38514928052473], [-3.1070473909688765, 53.385152069413074], [-3.1070427268639387, 53.38497233142254], [-3.106742093938638, 53.38497511953584], [-3.106737431149518, 53.38479538152144], [-3.10643679943973, 53.38479816885972], [-3.106432137966399, 53.384618430821405], [-3.1058308769277376, 53.384624003191036], [-3.105835535869776, 53.384803741265614], [-3.106136167679813, 53.3848009554411], [-3.106140827937614, 53.384980693491805], [-3.106441460963192, 53.38497790689227], [-3.106446122536785, 53.38515764491909], [-3.1067467567779024, 53.385154857544514], [-3.1067514196673147, 53.385334595547484], [-3.107352690530471, 53.385329018491355]]]}, "properties": {"kind": "max_footprint", "threshold_pct": 4.0}}, {"type": "Feature", "geometry": {"type": "Polygon", "coordinates": [[[-3.110279521356238, 53.38224554467733], [-3.1102748441338113, 53.38206580679514], [-3.110575456207552, 53.38206300989074], [-3.110570777769991, 53.38188327202106], [-3.1108713885279893, 53.38188047437807], [-3.110866708875321, 53.381700736520855], [-3.110265489839849, 53.381706331013596], [-3.1102608127683107, 53.381526593114216], [-3.1099602044405295, 53.38152938920719], [-3.109950852979107, 53.38116991335483], [-3.1093496412342576, 53.38117550319763], [-3.109363660909458, 53.38171471707679], [-3.1096642706031945, 53.381711922479184], [-3.109678294526988, 53.38225113625216], [-3.110279521356238, 53.38224554467733]]]}, "properties": {"kind": "max_footprint", "threshold_pct": 4.0}}, {"type": "Feature", "geometry": {"type": "Polygon", "coordinates": [[[-3.119757613764491, 53.37676354637851], [-3.119734033298254, 53.37586485897615], [-3.119132898264536, 53.37587049770079], [-3.1191376117264435, 53.37605023522945], [-3.118837042868595, 53.37605305347519], [-3.1188417551162098, 53.37623279101648], [-3.1191423252390327, 53.37622997275237], [-3.1191517524162573, 53.37658944778103], [-3.1194523250183894, 53.376586628723594], [-3.119457039948041, 53.37676636621095], [-3.119757613764491, 53.37676354637851]]]}, "properties": {"kind": "max_footprint", "threshold_pct": 4.0}}, {"type": "Feature", "geometry": {"type": "Polygon", "coordinates": [[[-3.1179447529470967, 53.37642097885952], [-3.117940044443785, 53.37624124126896], [-3.1176394741183717, 53.3762440565065], [-3.117611231751318, 53.375165630732624], [-3.117310668964961, 53.37516844510359], [-3.1173247861259634, 53.37570765807134], [-3.1170242194942346, 53.37571047174065], [-3.1170336286579716, 53.37606994706042], [-3.117334197819618, 53.37606713335446], [-3.1173436097156704, 53.37642660861466], [-3.1179447529470967, 53.37642097885952]]]}, "properties": {"kind": "max_footprint", "threshold_pct": 4.0}}, {"type": "Feature", "geometry": {"type": "Polygon", "coordinates": [[[-3.117911794487065, 53.37516281560506], [-3.1179070863381297, 53.374983077974335], [-3.1176065248672784, 53.37498589308358], [-3.117611231751318, 53.375165630732624], [-3.117911794487065, 53.37516281560506]]]}, "properties": {"kind": "max_footprint", "threshold_pct": 4.0}}, {"type": "Feature", "geometry": {"type": "Polygon", "coordinates": [[[-3.089277771883621, 53.407608363034754], [-3.0892639929719032, 53.40706914787835], [-3.0889632024948805, 53.40707189200105], [-3.088958610890504, 53.406892153586284], [-3.088657821631444, 53.40689489693364], [-3.088653231343818, 53.40671515849526], [-3.0883524433027194, 53.40671790106724], [-3.0883478543318197, 53.406538162605294], [-3.0880470675086844, 53.40654090440192], [-3.0880424798544817, 53.40636116591638], [-3.087741694249313, 53.40636390693767], [-3.0877371079117815, 53.40618416842855], [-3.087436323524579, 53.40618690867452], [-3.087417983736999, 53.405467954509476], [-3.0886211007132545, 53.405456989266476], [-3.088625690655182, 53.4056367277449], [-3.0892272513815784, 53.405631240542924], [-3.089231843907424, 53.40581097897986], [-3.089833406970713, 53.4058054887123], [-3.089838002080531, 53.405985227107784], [-3.090138784805303, 53.405982480819894], [-3.090143381231853, 53.406162219191756], [-3.09074494906761, 53.40615672430782], [-3.090749548078224, 53.40633646263815], [-3.09105033318919, 53.40633371404206], [-3.0910411326828497, 53.40597423741148], [-3.0907403501064765, 53.40597698597176], [-3.090731152332649, 53.405617509282465], [-3.091633492309658, 53.405609261436695], [-3.0916380949736197, 53.40578899973046], [-3.091938876134196, 53.405786248915696], [-3.0919434801149532, 53.40596598718583], [-3.0922442624932702, 53.40596323559569], [-3.092248867790848, 53.40614297384218], [-3.093151218430316, 53.40613471447315], [-3.0931558275793427, 53.406314452660126], [-3.0952613195395644, 53.40629515416188], [-3.0952567015194625, 53.406115416100604], [-3.094655135170785, 53.406120933708685], [-3.09465051973493, 53.40594119560575], [-3.0943497377533804, 53.40594395325562], [-3.094345123634451, 53.40576421512901], [-3.0940443428705264, 53.405766972003455], [-3.094039730068495, 53.40558723385317], [-3.093738950522198, 53.405589989952205], [-3.0937343390370358, 53.40541025177822], [-3.0934335607083674, 53.405413007101856], [-3.0934197303522177, 53.40487379249177], [-3.093720504879239, 53.404871037221966], [-3.0937112823554354, 53.404511560822534], [-3.0931097383205235, 53.40451707053292], [-3.093100521063781, 53.40415759403878], [-3.0934012905717254, 53.4041548395982], [-3.093392070979055, 53.403795363117084], [-3.0930913040053674, 53.40379811752178], [-3.093086695550532, 53.403618379254695], [-3.093688226914098, 53.40361286972377], [-3.093692837903149, 53.40379260795498], [-3.0942943716025, 53.40378709535855], [-3.0942897580792383, 53.403607357163246], [-3.0948912890458393, 53.40360184157312], [-3.0948959051033103, 53.40378157973248], [-3.095497438405473, 53.40377606107681], [-3.0955020570468412, 53.4039557991945], [-3.095802824890511, 53.40395303871258], [-3.0958074448486963, 53.40413277680655], [-3.0961082139097917, 53.404130015549235], [-3.096112835184824, 53.40430975361952], [-3.097917456109671, 53.4042931700619], [-3.097912827231801, 53.40411343209964], [-3.0982135959445825, 53.404110665540415], [-3.09821822608959, 53.40429040348467], [-3.098819765899972, 53.404284868057964], [-3.098815133220692, 53.40410513014977], [-3.09941667029744, 53.404099591729484], [-3.099407400019946, 53.4037401159681], [-3.0985051019327448, 53.403748422354234], [-3.09850047067008, 53.40356868441082], [-3.0981997058084385, 53.40357145167338], [-3.09819507586268, 53.40339171370623], [-3.097894312218311, 53.403394480193384], [-3.0978896835894325, 53.403214742202486], [-3.0975889211623353, 53.40321750791422], [-3.0975796665880657, 53.40285803187924], [-3.097880426481065, 53.40285526620356], [-3.09788505501035, 53.40303500420589], [-3.098486577181032, 53.403029470546336], [-3.0984912082942233, 53.403209208506894], [-3.0990927327997224, 53.40320367178175], [-3.0990834655549735, 53.402844195927024], [-3.098782705861236, 53.402846964632225], [-3.098768809169018, 53.4023077507531], [-3.0972650289582853, 53.40232158264817], [-3.0972604031621507, 53.4021418445869], [-3.0969596482376427, 53.40214460867582], [-3.096950399328603, 53.40178513250012], [-3.097251151719174, 53.401782368447215], [-3.0972465260723308, 53.4016026303688], [-3.09754727714619, 53.40159986557654], [-3.0975519040599804, 53.40177960363696], [-3.0981534085922497, 53.40177407174441], [-3.0981441497466853, 53.4014145956899], [-3.098444899404243, 53.40141182864366], [-3.0984495300690558, 53.401591566655746], [-3.099652533268709, 53.4015804908252], [-3.0996618048833913, 53.40193996668792], [-3.099962558092558, 53.40193719580083], [-3.099967195241678, 53.40211693370555], [-3.100568704044273, 53.40211138962323], [-3.1005733437772447, 53.402291127486116], [-3.1008740993706576, 53.402288354290846], [-3.100878740420538, 53.402468092129915], [-3.101179497231016, 53.40246531815924], [-3.1011748549141434, 53.402285580338216], [-3.1014756104076855, 53.40228280562823], [-3.101466323389819, 53.401923330005154], [-3.1008648174206837, 53.401928878595484], [-3.100860176520588, 53.401749140739206], [-3.1005594247280754, 53.40175191388028], [-3.1005547851448463, 53.40157217600022], [-3.100254034569361, 53.40157494836589], [-3.10024475808648, 53.401215472552465], [-3.099643261853513, 53.4012210149396], [-3.099647897536175, 53.401400752885266], [-3.099046398569896, 53.40140629227915], [-3.099041765421065, 53.401226554297374], [-3.0987410171300698, 53.40122932284027], [-3.098736385297985, 53.401049584834766], [-3.098435638224065, 53.4010523526023], [-3.0984310077086996, 53.40087261457303], [-3.0987317535157293, 53.40086984682353], [-3.098722490100699, 53.400510370783884], [-3.0984217468274085, 53.40051313849733], [-3.098407855879065, 53.39997392434085], [-3.099610813471194, 53.399962849159586], [-3.0996339906377957, 53.400861539031084], [-3.099934736245434, 53.40085876825229], [-3.099939373095243, 53.401038506191355], [-3.1005408666946312, 53.40103296232568], [-3.1005362273110464, 53.40085322442273], [-3.1002354818031885, 53.400855996716174], [-3.1002262057194794, 53.40049652085694], [-3.1005269486936062, 53.40049374859961], [-3.1005315879773714, 53.400673486514044], [-3.101133076309604, 53.400667939691324], [-3.1011284344921237, 53.40048820181305], [-3.1014291773164855, 53.40048542728378], [-3.1014338204008243, 53.400665165144005], [-3.101734564442093, 53.40066238983936], [-3.1017392088432505, 53.400842127675794], [-3.1020399541014263, 53.40083935159572], [-3.1020445998194304, 53.40101908940835], [-3.1026460927195965, 53.40101353494012], [-3.1026414444678303, 53.400833797163706], [-3.103242934634215, 53.400828239702406], [-3.1032475854197403, 53.40100797744261], [-3.1041498240946797, 53.40099963551644], [-3.104140514972431, 53.40064016013893], [-3.103839771331248, 53.40064294150209], [-3.103835118112083, 53.40046320378663], [-3.1029328906887934, 53.400471543277874], [-3.102923592001622, 53.40011206772113], [-3.1026228519608066, 53.40011484600075], [-3.1026182039590564, 53.39993510819568], [-3.1020167262610583, 53.39994066244682], [-3.1019981448883, 53.399221711024595], [-3.1022988786951746, 53.399218934350024], [-3.1023035252301656, 53.39939867219607], [-3.1035064650247115, 53.39938755785263], [-3.1035018134226915, 53.39920782007896], [-3.1041032804862687, 53.39920225839978], [-3.104107934621798, 53.39938199613724], [-3.104408669345249, 53.3993792141436], [-3.1044133247976133, 53.3995589518572], [-3.1056162682575343, 53.39954781623745], [-3.1056116077381057, 53.39936807859638], [-3.1050101386418936, 53.39937364788455], [-3.105000822820419, 53.39901417251268], [-3.1047000907306366, 53.3990169559846], [-3.104695434161785, 53.398837218271936], [-3.105296895757795, 53.398831650607114], [-3.1053015548600973, 53.39901138828352], [-3.1065044825174657, 53.39900024379413], [-3.106499818348273, 53.39882050619032], [-3.1071012793425226, 53.39881492943837], [-3.10709661269009, 53.39863519186516], [-3.1073973418452145, 53.398632402371454], [-3.1073833383890785, 53.398093189671954], [-3.1070826130339904, 53.39809597911115], [-3.107077946582355, 53.39791624151503], [-3.1064764982549047, 53.39792181808538], [-3.106462506800932, 53.39738260515366], [-3.1067632271898713, 53.39737981730158], [-3.1067678922243065, 53.39755955493305], [-3.107670056889815, 53.39755118677898], [-3.1076560505376842, 53.39701197403087], [-3.1079567681926394, 53.39700918318626], [-3.107966108243681, 53.39736865832106], [-3.1091689884937095, 53.397357487224994], [-3.109173663661014, 53.39753722471104], [-3.1094743848644355, 53.39753443002578], [-3.109469708430524, 53.397354692557926], [-3.1097704283170353, 53.397351897133646], [-3.1097657506668384, 53.3971721596783], [-3.109465032046919, 53.39717495508438], [-3.1094603557136162, 53.39699521760507], [-3.1091596383099716, 53.39699801223573], [-3.1091456134115325, 53.396458799708846], [-3.1094463270155233, 53.3964560051328], [-3.1094416508834275, 53.396276267630576], [-3.1100430754074493, 53.39627067624332], [-3.110038396792635, 53.39609093877179], [-3.1106398185823316, 53.396085344392205], [-3.110630456437734, 53.39572586950482], [-3.1103297481010297, 53.395728667036764], [-3.110325068370727, 53.39554892956626], [-3.1097236540792506, 53.39555452232219], [-3.1097189769321925, 53.39537478480952], [-3.1109218002479793, 53.395363596341866], [-3.1109264824608496, 53.39554333378167], [-3.1115278963495134, 53.39553773496837], [-3.1115232116037412, 53.39535799756504], [-3.112425328259413, 53.395349593721114], [-3.1124206397647245, 53.39516985636678], [-3.1121199355296834, 53.39517265838702], [-3.1121152483518477, 53.39499292100869], [-3.1118145453328103, 53.39499572225352], [-3.1118098594718004, 53.394815984851235], [-3.11211056122443, 53.39481318362466], [-3.112105874147428, 53.39463344623489], [-3.1133086755880695, 53.39462223383014], [-3.113303983495967, 53.39444249650766], [-3.1136046824636074, 53.394439691531886], [-3.11359998915561, 53.394259954221944], [-3.113900686806405, 53.39425714850732], [-3.113895992282541, 53.394077411209906], [-3.113294599463169, 53.394083021845496], [-3.113299291454333, 53.39426275917946], [-3.1123971980477423, 53.39427116950915], [-3.112387821713951, 53.39391169472598], [-3.112688517033903, 53.393908892076375], [-3.1126838276763227, 53.393729154694434], [-3.113585909534511, 53.393720742257706], [-3.1135765233728474, 53.39336126758622], [-3.113275832003186, 53.393364072452385], [-3.113266448575989, 53.39300459772143], [-3.113567137413099, 53.3930017928918], [-3.113571830367734, 53.39318153024189], [-3.1144739003749495, 53.393173111155605], [-3.1144692036215127, 53.392993373860364], [-3.1147698922566316, 53.39299056600235], [-3.114760496368822, 53.39263109143122], [-3.115963240273899, 53.39261985257467], [-3.115958537340897, 53.39244011535371], [-3.116559906457538, 53.392434491419536], [-3.116555201042707, 53.39225475422948], [-3.116254517775893, 53.392257566556765], [-3.1162498136778654, 53.392077829342654], [-3.1159491316266474, 53.39208064089459], [-3.115944428845396, 53.39190090365643], [-3.1156437480097767, 53.39190371443296], [-3.115639046545277, 53.39172397717077], [-3.115939726114728, 53.39172116641253], [-3.1159303208051328, 53.39136169190751], [-3.1165316747276943, 53.39135606819311], [-3.1165269696165168, 53.391176330968634], [-3.1168276452357695, 53.3911735179942], [-3.116818232633023, 53.39081404356468], [-3.117118905669449, 53.39081122986983], [-3.117128320804403, 53.39117070426269], [-3.117428996322403, 53.39116788977415], [-3.1174195786552445, 53.39080841541795], [-3.1186222700918305, 53.39079715004009], [-3.118617556269898, 53.39061741292677], [-3.118918227736251, 53.39061459470808], [-3.1189135126989527, 53.39043485760737], [-3.1186128424986657, 53.39043767580769], [-3.118608128778131, 53.390257938682886], [-3.1180067907575784, 53.39026357277578], [-3.11800207961982, 53.39008383560856], [-3.1177014117995716, 53.390086651501136], [-3.1176967019785087, 53.389906914309826], [-3.119200034242793, 53.38989282736851], [-3.119190602092589, 53.389533353152146], [-3.1188899382731305, 53.38953617201772], [-3.118885223540094, 53.38935643488258], [-3.120388535800124, 53.38934233307664], [-3.1203838147879575, 53.38916259602761], [-3.120684475821726, 53.38915977341384], [-3.120679753594384, 53.38898003637746], [-3.1200784340079766, 53.38898568081125], [-3.120068994769383, 53.388626206647764], [-3.120369652056109, 53.38862338484611], [-3.1203649312470385, 53.38844364777414], [-3.121868210589259, 53.38842952750322], [-3.121882392157632, 53.38896873842607], [-3.1224837111342567, 53.38896308490848], [-3.1224789813620886, 53.388783347976776], [-3.12277963950817, 53.38878052010092], [-3.122770177584617, 53.38842104625711], [-3.122168866305237, 53.38842670117815], [-3.1221641379515663, 53.38824696421081], [-3.1218634835014822, 53.38824979051747], [-3.121858756464546, 53.38807005352598], [-3.121558103229503, 53.388072879057276], [-3.1215392006535216, 53.38735393096032], [-3.1227417930350785, 53.38734262458791], [-3.1227323319255853, 53.38698315065228], [-3.122431686438084, 53.386985978343944], [-3.1224269572254344, 53.3868062413491], [-3.1230282456179954, 53.38680058524566], [-3.1230235139246676, 53.38662084828191], [-3.1239254423345133, 53.38661235850515], [-3.1239301778251423, 53.38679209541359], [-3.1245314657086203, 53.38678643174096], [-3.124526727686458, 53.386606694869386], [-3.1248273702860065, 53.386603861916164], [-3.1248226310490494, 53.386424125057296], [-3.125123272331877, 53.38642129136559], [-3.1251043108308587, 53.38570234394657], [-3.125404946999843, 53.385699509571786], [-3.125395464023862, 53.385340035864765], [-3.1256960976105046, 53.385337200770024], [-3.1256913549333487, 53.385157463926376], [-3.125991987203335, 53.38515462809321], [-3.1259872433115414, 53.384974891262296], [-3.1262878742648734, 53.38497205469075], [-3.1262783841031005, 53.38461258104863], [-3.1268796407941912, 53.38460690570884], [-3.1268748932586568, 53.38442716891614], [-3.1271755202620293, 53.38442433012946], [-3.1271707715119668, 53.38424459334947], [-3.126870145774175, 53.38424743211767], [-3.1268559036270585, 53.38370822168783], [-3.1271565255681852, 53.38370538297511], [-3.127151777022391, 53.383525646172174], [-3.1277530182203828, 53.38351996651319], [-3.1277482671946286, 53.383340229741506], [-3.1274476478866844, 53.38334306993091], [-3.127438148519434, 53.38298359633333], [-3.1277387652963955, 53.38298075618091], [-3.127729263602521, 53.38262128259734], [-3.128029877797463, 53.382618441725114], [-3.1280203737770713, 53.38225896815558], [-3.128320985390038, 53.382256126563554], [-3.1283162321910796, 53.38207638978869], [-3.1286168424875176, 53.382073547458404], [-3.1286120880742705, 53.38189381069629], [-3.1289126970541807, 53.38189096762773], [-3.128903185850304, 53.38153149412333], [-3.1292037922483162, 53.38152865033503], [-3.1291800088068786, 53.380629966566126], [-3.129480608827084, 53.38062712211366], [-3.129475851026956, 53.38044738536119], [-3.129776449730709, 53.380444540170515], [-3.1297669317533963, 53.380085066685375], [-3.1300675278754375, 53.38008222077503], [-3.130062767698294, 53.37990248404238], [-3.1303633625039002, 53.37989963739383], [-3.1303395560599316, 53.37900095373714], [-3.1306401444883094, 53.37899810642459], [-3.130630619738785, 53.3786386329588], [-3.1312317913812713, 53.37863293613777], [-3.1312127323757863, 53.37791398928566], [-3.131513313059723, 53.37791113981434], [-3.131499015548353, 53.37737192967064], [-3.131799592385842, 53.37736907949831], [-3.131794825386169, 53.37718934279082], [-3.132095400907362, 53.377186491880416], [-3.1320858645317466, 53.376827018485336], [-3.131785291540591, 53.376829869358595], [-3.131770991156638, 53.37629065916718], [-3.13207156035284, 53.376287808349595], [-3.1320381857296935, 53.375029651165214], [-3.1323387460202197, 53.37502679972099], [-3.132324439584693, 53.37448758946865], [-3.1320238830887113, 53.37449044085717], [-3.1319619103085103, 53.37215386225838], [-3.1316613702028864, 53.37215671264904], [-3.1316518392270716, 53.371797238895155], [-3.13135130159949, 53.3718000884922], [-3.131346537453053, 53.37162035158809], [-3.131046001038868, 53.37162320041007], [-3.131041238208259, 53.37144346348169], [-3.1307407030074734, 53.371446311528615], [-3.1307359414926603, 53.37126657457593], [-3.130134873466715, 53.371272268363235], [-3.130130114532255, 53.371092531367744], [-3.12982958170711, 53.37109537710815], [-3.1298248240883804, 53.370915640088356], [-3.1253168445493986, 53.370958235138694], [-3.1253215831995256, 53.37113797243582], [-3.1244199821209904, 53.371146471076216], [-3.124429451986478, 53.37150594576392], [-3.1241289156626006, 53.37150877716795], [-3.1241336494070824, 53.37168851452164], [-3.12323203633627, 53.37169700424998], [-3.1232367663377327, 53.37187674165319], [-3.122936227281099, 53.37187957006807], [-3.1229456849072714, 53.37223904489414], [-3.122645143270476, 53.372241872589306], [-3.122659326296972, 53.37278108484061], [-3.1217576896994097, 53.372789563552615], [-3.1217718618007555, 53.3733287759179], [-3.1220724111782947, 53.37332595038191], [-3.1220771365784237, 53.37350568780713], [-3.1223776871699207, 53.37350286149617], [-3.122387140652166, 53.37386233629259], [-3.122687693722411, 53.37385950918826], [-3.122711334641567, 53.37475819598679], [-3.1224107752471704, 53.37476102318318], [-3.122420229440943, 53.37512049789924], [-3.122119667465964, 53.37512332437584], [-3.1221291193332306, 53.375482799105754], [-3.1218285547776246, 53.37548562486257], [-3.1218238300834984, 53.37530588748207], [-3.121523266742004, 53.375308712463855], [-3.1215138200359385, 53.374949237648856], [-3.1221149416085496, 53.37494358700226], [-3.1221054900461596, 53.374584112237926], [-3.121804931814986, 53.37458693790272], [-3.121800207374852, 53.37440720049352], [-3.1214996503577277, 53.37441002538335], [-3.121494927233224, 53.374230287950006], [-3.1211943714301498, 53.37423311206486], [-3.1211896496212477, 53.37405337460741], [-3.1208890950322252, 53.37405619794732], [-3.1208796540963255, 53.37369672297843], [-3.120278549825239, 53.37370236731496], [-3.1202832677382224, 53.37388210483902], [-3.119982714261787, 53.37388492589084], [-3.1199874309606876, 53.37406466342752], [-3.120287985701932, 53.37406184235735], [-3.1202974217815354, 53.3744213173768], [-3.1205979790017095, 53.3744184955133], [-3.1206026983824526, 53.37459823299604], [-3.1203021398974276, 53.374601054877886], [-3.120311576281404, 53.3749605298629], [-3.120612137296167, 53.3749577079443], [-3.1206215764128604, 53.3753171828696], [-3.1209221399066727, 53.37531436015763], [-3.120926860806055, 53.37549409759328], [-3.121227425514023, 53.37549127410633], [-3.1212321477290925, 53.37567101151785], [-3.1224344111128044, 53.375659709930304], [-3.1224391384384154, 53.375839447262535], [-3.122739705422244, 53.375836619955685], [-3.122744434063637, 53.376016357263744], [-3.1215421607635805, 53.376027662024995], [-3.1215374371820053, 53.3758479246433], [-3.1212368699949384, 53.375850748923675], [-3.121246314678956, 53.37621022371807], [-3.120945744911188, 53.376213047278576], [-3.12095518726833, 53.37657252208678], [-3.1206546149198164, 53.37657534492743], [-3.1206687750411906, 53.37711455715187], [-3.120969351184781, 53.377111734256076], [-3.1209740725917965, 53.37729147163436], [-3.1203729177237585, 53.37729711670607], [-3.120368198846849, 53.37711737929102], [-3.1191658935622177, 53.377128660280974], [-3.1191800351643457, 53.37766787272928], [-3.1188794549212293, 53.37767069114019], [-3.1188841676248815, 53.37785042862985], [-3.1185835860659927, 53.37785324630242], [-3.118588297555207, 53.3780329838047], [-3.1182877146805454, 53.37803580073894], [-3.1182830044564427, 53.37785606321834], [-3.1179824227962465, 53.37785887937757], [-3.1179777138878926, 53.37767914183291], [-3.117677133442163, 53.37768195721712], [-3.117672425849529, 53.377502219648385], [-3.1173718466182696, 53.3775050342576], [-3.1173812593239667, 53.377864509426004], [-3.1170806775119115, 53.3778673233152], [-3.1170759723988604, 53.37768758571555], [-3.116775391801313, 53.37769039882974], [-3.11676128056094, 53.37715118594138], [-3.1164607037080443, 53.37715399824396], [-3.1164560013274567, 53.37697426058473], [-3.11585485000009, 53.3769798828833], [-3.1158642497516005, 53.377339358269275], [-3.11496251479122, 53.377347786152], [-3.1149672109475426, 53.377527523891274], [-3.115267790583263, 53.3775247153354], [-3.1152724880551736, 53.37770445305064], [-3.1155730689054772, 53.3777016437198], [-3.115577767693006, 53.377881381411015], [-3.116479513736032, 53.377872948823565], [-3.1164842163694417, 53.37805268645413], [-3.1173859657527263, 53.37804424700162], [-3.117390672232092, 53.3782239845715], [-3.1176912565237864, 53.37822116988896], [-3.117695964318903, 53.37840090743478], [-3.1179965498251163, 53.37839809197722], [-3.1180012589360095, 53.37857782949894], [-3.1167989115468506, 53.37858908686231], [-3.116794207496582, 53.37840934926729], [-3.1161930360287724, 53.37841497337215], [-3.1161977375487244, 53.37859471100381], [-3.1149953889459185, 53.37860595020641], [-3.114990692486609, 53.378426212501566], [-3.1146901064747845, 53.37842902039217], [-3.114680716237947, 53.378069544928685], [-3.114380132705922, 53.37807235202604], [-3.1143754389283522, 53.37789261426742], [-3.114074856610978, 53.37789542058983], [-3.11408893429969, 53.37843463390334], [-3.114389520412474, 53.37843182752611], [-3.114394214341459, 53.378611565267526], [-3.114694801668932, 53.37860875811531], [-3.1146994969135675, 53.37878849583274], [-3.1150000854557316, 53.378785687905555], [-3.115004782016043, 53.37896542559892], [-3.1153053717728927, 53.37896261689674], [-3.115310069648911, 53.379142354566106], [-3.1162118424119147, 53.379133923864416], [-3.1162306496039744, 53.37985287426492], [-3.115930053672576, 53.37985568532874], [-3.115925353063976, 53.3796759477189], [-3.1153241635800626, 53.37968156753978], [-3.1153288616581505, 53.37986130518622], [-3.1144270732576533, 53.3798697292969], [-3.1144223789753376, 53.37968999159561], [-3.114121784006123, 53.37969279810078], [-3.1141170910395313, 53.37951306037549], [-3.1138164972850966, 53.37951586610564], [-3.113811805634201, 53.37933612835636], [-3.1135112130945517, 53.3793389333115], [-3.113506522759324, 53.3791591955382], [-3.113205931434458, 53.379161999718384], [-3.1131965534457082, 53.378802524118065], [-3.1128959646008236, 53.37880532750503], [-3.112900652304794, 53.37898506532629], [-3.1126000621443075, 53.3789878679748], [-3.1126141217629972, 53.37952708145899], [-3.113215309624894, 53.379521475295775], [-3.1132199987957443, 53.37970121307584], [-3.112919403624753, 53.37970401655409], [-3.1129334676440235, 53.380243229914726], [-3.1126328686267946, 53.38024603269097], [-3.1126375554687375, 53.38042577048463], [-3.1123369551358055, 53.3804285725224], [-3.1123416407628306, 53.38060831032856], [-3.112041039114194, 53.380611111627815], [-3.1120457235262733, 53.3807908494465], [-3.1132481348797687, 53.38077963963598], [-3.1132528244036, 53.38095937737593], [-3.1135534283812816, 53.38095657301315], [-3.1135581192208965, 53.381136310729104], [-3.113858724413492, 53.38113350559128], [-3.1138634165689196, 53.38131324328324], [-3.1141640229764267, 53.38131043737035], [-3.114168716447693, 53.381490175038316], [-3.1144693240701105, 53.381487368350385], [-3.114474018857245, 53.381667105994325], [-3.1135721920424047, 53.38167552384257], [-3.1135675010514583, 53.38149578614382], [-3.1129662854534446, 53.3815013942222], [-3.1129522203754907, 53.38096218098197], [-3.112050407988725, 53.380970587259455], [-3.112059777064754, 53.38133006286816], [-3.1123603837747993, 53.38132726149593], [-3.112369755583117, 53.381686737045236], [-3.1126703647735594, 53.381683934879746], [-3.112679739314278, 53.3820434103696], [-3.1129803509851532, 53.382040607410815], [-3.11298972825839, 53.38240008284125], [-3.1111860422919473, 53.38241688946086], [-3.1111907234113843, 53.38259662727691], [-3.1096876440608674, 53.382610612072156], [-3.109682969268792, 53.38243087416502], [-3.1090817397075377, 53.38243646274901], [-3.1090770674966546, 53.382256724799774], [-3.1087764539061182, 53.38225951793836], [-3.1087717830109276, 53.38207977996518], [-3.108471170635609, 53.382082572328784], [-3.1084571620476793, 53.38154335832032], [-3.1081565534184143, 53.38154614987258], [-3.108175226574366, 53.382265101945144], [-3.108475840265349, 53.38226231032014], [-3.108480509945306, 53.38244204830578], [-3.108781124851537, 53.382439255905815], [-3.108785795847187, 53.38261899386752], [-3.1090864119686628, 53.382616200692546], [-3.109091084280034, 53.382795938630345], [-3.109391701616754, 53.382793144680356], [-3.109401048921251, 53.38315262050236], [-3.109100429053512, 53.383155414488726], [-3.1091097740279783, 53.38351489032421], [-3.1094103964267896, 53.38351209630143], [-3.1094244180620643, 53.38405130995705], [-3.109725044207325, 53.38404851512284], [-3.1097390700918086, 53.384587728672315], [-3.1100396999836195, 53.38458493302661], [-3.110053730117576, 53.385124146469835], [-3.1097530964288116, 53.385126942170146], [-3.109743745487196, 53.38476746651065], [-3.109443114279465, 53.38477026141765], [-3.1094477884594816, 53.38494999926846], [-3.1091471559358324, 53.3849527934368], [-3.1091424830214702, 53.3847730555678], [-3.1088418517132195, 53.38477584896106], [-3.108813822875965, 53.383697421517454], [-3.108513199111111, 53.38370021404473], [-3.108517869192822, 53.383879951984504], [-3.1082172441121743, 53.38388274377312], [-3.108226581895078, 53.38424221967187], [-3.1079259542330324, 53.38424501073996], [-3.1079492932407815, 53.38514370047737], [-3.108249927231033, 53.38514090931837], [-3.1082545964488633, 53.38532064723051], [-3.10795396119293, 53.385323438407674], [-3.1079586291952794, 53.385503176332236], [-3.107657992623447, 53.385505966770694], [-3.107653325886794, 53.385326228827964], [-3.107352690530471, 53.385329018491355], [-3.107366687093862, 53.38586823235686], [-3.10706604789023, 53.38587102131787], [-3.1070613835846497, 53.38569128335026], [-3.1067607455965813, 53.38569407153621], [-3.106779398056896, 53.38641302344485], [-3.1070800411079493, 53.38641023518628], [-3.107084705614185, 53.38658997313098], [-3.107385349880855, 53.38658718409733], [-3.1073900157030483, 53.38676692201812], [-3.106788724587957, 53.38677249936483], [-3.1067933879287155, 53.386952237316194], [-3.1064927410301273, 53.3869550248723], [-3.1064974031552177, 53.38713476283612], [-3.1061967549406657, 53.387137549653424], [-3.1062060768095834, 53.38749702560015], [-3.1059054260132153, 53.3874998116968], [-3.105900766319546, 53.387320073708175], [-3.105600116738916, 53.387322859029766], [-3.105586141756054, 53.38678364497504], [-3.10588678753921, 53.38678085970787], [-3.1058774686028814, 53.38642138367904], [-3.1061781118043488, 53.38641859769124], [-3.106173451145579, 53.38623885968636], [-3.105572167224075, 53.38624443086876], [-3.1055675091469412, 53.38606469282187], [-3.105266868376795, 53.38606747725956], [-3.105276182049631, 53.38642695338387], [-3.104975538697873, 53.38642973710091], [-3.1049941615813275, 53.38714868935331], [-3.104693513116277, 53.38715147238592], [-3.1046888585861323, 53.38697173431327], [-3.1037869166881698, 53.38698007881513], [-3.103838077498543, 53.38895719789674], [-3.103537416174299, 53.38895997808265], [-3.1035327662073926, 53.38878023999486], [-3.1026307857325475, 53.388788575956326], [-3.1026447243894832, 53.38932779036538], [-3.1017427320710667, 53.38933611967671], [-3.101738089600105, 53.38915638149182], [-3.101437426660083, 53.38915915639686], [-3.101432785505036, 53.38897941818818], [-3.1011321237810816, 53.388982192318146], [-3.1011274839419225, 53.388802454085685], [-3.1005261628762617, 53.38880800003849], [-3.100540074947536, 53.389347214827076], [-3.1011414036091094, 53.38934166876589], [-3.1011506836367544, 53.38970114519073], [-3.1014513504247287, 53.38969837098851], [-3.101455991779449, 53.389878109174276], [-3.1017566597835415, 53.38987533419696], [-3.1017613024542343, 53.390055072358926], [-3.102362640844709, 53.390049520097065], [-3.102367286097464, 53.39022925821715], [-3.1026679564838293, 53.3902264809326], [-3.1026772496713937, 53.39058595711939], [-3.1020759037843635, 53.39059151100379], [-3.102071259697775, 53.39041177287709], [-3.1017705879454196, 53.39041454866566], [-3.1017659451748596, 53.39023481051517], [-3.1005632627305397, 53.39024590602682], [-3.100567900436779, 53.39042564424959], [-3.0987638676776545, 53.39044226491447], [-3.09876849783719, 53.39062200323976], [-3.0981671506534054, 53.39062753744112], [-3.098176406057397, 53.39098701414663], [-3.0987777583056646, 53.390981479873155], [-3.098796279840238, 53.39170043307126], [-3.098495598676354, 53.39170320065861], [-3.0985002279183136, 53.391882938961835], [-3.098199545438442, 53.39188570581016], [-3.098204173463982, 53.3920654441257], [-3.0960993858483694, 53.392084790991696], [-3.0960947666863143, 53.39190505255014], [-3.0957940838085998, 53.39190781334185], [-3.095789465962431, 53.391728074876596], [-3.095488784301248, 53.39173083489323], [-3.0954980175108373, 53.392090311853956], [-3.0957987017044375, 53.39208755180136], [-3.0958033196499457, 53.39226729025514], [-3.0952019486806264, 53.39227280963919], [-3.0952111796556543, 53.39263228660149], [-3.094309115231873, 53.39264056010715], [-3.094322950670175, 53.39317977566933], [-3.094623642659918, 53.39317701853734], [-3.0946282558382117, 53.39335675702866], [-3.0949289490446494, 53.39335399912158], [-3.0949335635388895, 53.39353373758923], [-3.095234257962019, 53.39353097890708], [-3.095243489632101, 53.39389045578925], [-3.095544186538275, 53.39388769631404], [-3.095553420939701, 53.39424717313736], [-3.094651322474, 53.394255449399424], [-3.0946420956708174, 53.39389597246829], [-3.0943413986157355, 53.39389872967212], [-3.0943367865549334, 53.39371899118], [-3.0928333068674427, 53.393732765752375], [-3.0928425183750177, 53.394092242910325], [-3.0931432169443798, 53.39408948947421], [-3.0931478240388635, 53.39426922802667], [-3.0934485238250584, 53.39426647381552], [-3.093453132235498, 53.394446212344306], [-3.0937538332385195, 53.39444345735806], [-3.093758442964942, 53.394623195863176], [-3.0934577406955084, 53.394625950867365], [-3.0934623492050894, 53.39480568938471], [-3.0931616456196567, 53.39480844364967], [-3.0931570383765035, 53.39462870511441], [-3.092254931122198, 53.394636963312585], [-3.0922503277278426, 53.39445722471779], [-3.091949626477104, 53.39445997591829], [-3.0919404223697287, 53.3941004986757], [-3.091339024785344, 53.394105998733615], [-3.0913436242815022, 53.394285737393595], [-3.0910429241487027, 53.39428848630472], [-3.0910567191347753, 53.39482770230403], [-3.0913574230668273, 53.39482495333917], [-3.0913666225044265, 53.39518443060763], [-3.091667328919903, 53.39518168084979], [-3.091681132246841, 53.39572089665583], [-3.0919818424122787, 53.39571814608708], [-3.091986444886756, 53.395897884659725], [-3.0916857334548062, 53.39590063524638], [-3.0916903347122675, 53.39608037383124], [-3.0913896219642982, 53.396083123678615], [-3.091394222004714, 53.39626286227565], [-3.0916949360192225, 53.39626011241036], [-3.0917041387816213, 53.396619589551435], [-3.0914034222339937, 53.396622339452534], [-3.0913988220946114, 53.39644260086694], [-3.0907973913840543, 53.39644809836173], [-3.090788196319928, 53.396088621101796], [-3.0904874834235576, 53.39609136867759], [-3.09047829109029, 53.39573189135895], [-3.0901775806775205, 53.395734638141775], [-3.0901683910749975, 53.395375160764466], [-3.089867683145793, 53.395377906754334], [-3.0898630896851436, 53.39519816803921], [-3.089261676211466, 53.395203657711626], [-3.089266267139165, 53.395383396462506], [-3.088965559061768, 53.395386140180825], [-3.088970148772359, 53.39556587894385], [-3.0886694393791023, 53.395568621922855], [-3.0886740278725586, 53.395748360698036], [-3.08897473853232, 53.39574561770115], [-3.088983918200356, 53.39610509519859], [-3.089284631343795, 53.396102351408764], [-3.0892938137424255, 53.39646182884759], [-3.089594529369581, 53.39645908426484], [-3.089599121909548, 53.39663882295778], [-3.0886969710802163, 53.39664705448804], [-3.088692382339965, 53.39646731574147], [-3.0883916665646884, 53.3964700580526], [-3.088387079140357, 53.396290319282464], [-3.0880863645822942, 53.39629306081854], [-3.088123055225823, 53.39773097096237], [-3.087822330485554, 53.397733711884044], [-3.0878269157713403, 53.39791345064416], [-3.0872254636095002, 53.39791893025147], [-3.0872300464112405, 53.398098669041524], [-3.08692931898968, 53.398101407727154], [-3.086933900574021, 53.39828114652933], [-3.0866331718364735, 53.39828388447553], [-3.0866423326195713, 53.39864336209842], [-3.086341601299309, 53.398646099322995], [-3.0863507597460016, 53.39900557695864], [-3.0860500258429817, 53.399008313461636], [-3.0860683382603473, 53.3997272687356], [-3.0863690772305294, 53.39972453216133], [-3.0863828158611977, 53.40026374850327], [-3.086082073090502, 53.40026648513101], [-3.086072916487815, 53.39990700753979], [-3.0857721762015573, 53.39990974337459], [-3.0857447151762507, 53.39883131035672], [-3.0860454478617614, 53.39882857462883], [-3.086036292047063, 53.39846909694611], [-3.085134101443268, 53.39847730175103], [-3.085129527409938, 53.398297562847645], [-3.0857309853282593, 53.39829209377058], [-3.0857264088107264, 53.39811235489709], [-3.0863278639987195, 53.39810688282663], [-3.0863232849970395, 53.39792714398307], [-3.086624011250469, 53.397924406829794], [-3.086619431031372, 53.39774466799833], [-3.0869201559688566, 53.39774193010564], [-3.08691557453237, 53.39756219128628], [-3.087216298153913, 53.397559452654185], [-3.0872117155000645, 53.39737971384697], [-3.0875124378056658, 53.397376974475456], [-3.087507853934482, 53.39719723568035], [-3.086605690669699, 53.39720545146967], [-3.0866011106476785, 53.397025712615324], [-3.0863003907274837, 53.39702844967947], [-3.086295812021336, 53.396848710801606], [-3.0856943745664114, 53.396854182622576], [-3.085698950739345, 53.397033921536085], [-3.0859996707580337, 53.39703118598639], [-3.0860179810086055, 53.397750141512], [-3.085115805605169, 53.39775834610316], [-3.085120379490889, 53.39793808502372], [-3.0848196529913103, 53.39794081839075], [-3.0848242256595415, 53.39812055732337], [-3.0842227699794478, 53.398126021821284], [-3.0842319103966314, 53.39848549974058], [-3.084833371143576, 53.398480035171474], [-3.0848379439593794, 53.39865977408695], [-3.085138675525803, 53.39865704064871], [-3.0851569723480052, 53.39937599618218], [-3.0848562357145184, 53.39937872969166], [-3.0848653818872527, 53.3997382074597], [-3.085166121054354, 53.399735473914625], [-3.085175269957542, 53.40009495162416], [-3.0854760116091025, 53.40009221728618], [-3.0854805874013658, 53.400271956114565], [-3.085781330270554, 53.400269221001466], [-3.0857904845365076, 53.40062869860545], [-3.0860912298902003, 53.40062596269937], [-3.0860958083639316, 53.400805701474965], [-3.086396554935263, 53.400802964793755], [-3.086401134725156, 53.400982703545814], [-3.0857996389994233, 53.40098817618657], [-3.0857950617433443, 53.400808437398865], [-3.085494315073516, 53.40081117256543], [-3.0854897391335725, 53.40063143375421], [-3.085188993681412, 53.400634168145636], [-3.085184419057576, 53.40045442931086], [-3.084883674823083, 53.400457162927154], [-3.084879101515329, 53.400277424068875], [-3.0845783584985065, 53.400280156910036], [-3.0845737865068044, 53.40010041802823], [-3.0842730447076527, 53.400103150094296], [-3.0842776154324985, 53.40028288899391], [-3.0836761291529817, 53.40028835088966], [-3.083671560961852, 53.40010861195449], [-3.083070077019479, 53.40011407078543], [-3.0830746426768925, 53.40029380975617], [-3.0827738993651654, 53.40029653805344], [-3.0827784638048232, 53.40047627703623], [-3.0830792083834235, 53.400473548721195], [-3.083088339943837, 53.40083302663407], [-3.083389087007105, 53.400830297526134], [-3.083393654127902, 53.401010036456235], [-3.0836944024089528, 53.4010073065732], [-3.0837081078669666, 53.40154652327581], [-3.084008859899686, 53.40154379258209], [-3.0840134297509527, 53.40172353145374], [-3.084314183001476, 53.401720799984865], [-3.084323325385475, 53.40208027767544], [-3.0840225696009793, 53.40208300917988], [-3.084027139599739, 53.40226274803437], [-3.083425625349255, 53.40226820880676], [-3.083416490468903, 53.40190873102092], [-3.0831157358039505, 53.401911460235496], [-3.0831111697044618, 53.40173172131621], [-3.0828104162573693, 53.40173444975565], [-3.0828058514739696, 53.40155471081289], [-3.0822043469664115, 53.40156016538419], [-3.08220890921587, 53.40173990436248], [-3.081908155621493, 53.40174263052985], [-3.081912716653049, 53.40192236952019], [-3.081611961742617, 53.40192509494796], [-3.0816165215562443, 53.402104833950325], [-3.0813157653297587, 53.40210755863849], [-3.0813203239254285, 53.40228729765289], [-3.0816210814189247, 53.40228457294698], [-3.0816256413306644, 53.402464311937926], [-3.0813248825701396, 53.40246703666159], [-3.081329441263895, 53.40264677566455], [-3.0807279210616474, 53.402652222875176], [-3.0807324772703364, 53.40283196190792], [-3.0804317158286256, 53.40283468439491], [-3.0804362708192627, 53.40301442343965], [-3.0801355080614767, 53.40301714518697], [-3.0801400618340358, 53.40319688424374], [-3.080440825858905, 53.40319416247869], [-3.080445380947552, 53.40337390151201], [-3.0801446156555854, 53.4033766232948], [-3.080149169526128, 53.40355636234012], [-3.079848402918056, 53.403559083383215], [-3.079852955570466, 53.403738822440545], [-3.0795521876462892, 53.40374154274396], [-3.0795612905637584, 53.40410102087694], [-3.0789597494999277, 53.40410645928236], [-3.078964298497777, 53.404286198375694], [-3.0786635266252755, 53.40428891645997], [-3.0786953621100586, 53.405547090077235], [-3.078394581318059, 53.405549807528004], [-3.0783854877551273, 53.40519032934482], [-3.0780847094487265, 53.40519304600273], [-3.07808925493848, 53.40537278511487], [-3.077186915924145, 53.40538093059689], [-3.0771914576610016, 53.405560669756376], [-3.076289114405083, 53.40556880847428], [-3.0762981904216526, 53.40592828688215], [-3.0759974067040985, 53.405930998308506], [-3.0760019435183086, 53.40611073752154], [-3.0763027285031748, 53.40610802607751], [-3.076307266633523, 53.406287765267166], [-3.0766080528368884, 53.406285053047995], [-3.076617131778755, 53.40664453137482], [-3.0769179204679697, 53.40664181836282], [-3.0769270021399455, 53.40700129663147], [-3.0772277933150467, 53.40699858282662], [-3.077241419991654, 53.40753780013365], [-3.077542214920097, 53.40753508551823], [-3.077546758510809, 53.40771482459148], [-3.0814571046035284, 53.40767946542676], [-3.0814479845180767, 53.407319987735235], [-3.081147191493623, 53.40732271218061], [-3.0811426327918867, 53.40714297330853], [-3.082045007915862, 53.40713479775309], [-3.082049570419782, 53.40731453657192], [-3.0823503632970066, 53.40731180985401], [-3.0823594909869434, 53.407671287438994], [-3.083562672143967, 53.40766037285001], [-3.0835535343147344, 53.40730089540721], [-3.083252741634005, 53.40730362515517], [-3.083248174060518, 53.40712388640742], [-3.083548965473858, 53.40712115667724], [-3.0835443966821368, 53.40694141794155], [-3.0823412358034834, 53.40695233224615], [-3.082336672130374, 53.406772593433644], [-3.082035883055289, 53.406775320098276], [-3.0820313206986327, 53.406595581262295], [-3.082632896265002, 53.40659012721107], [-3.082628331422758, 53.406410388404886], [-3.083229904257996, 53.406404931359226], [-3.0832344716349134, 53.40658467012986], [-3.0838360468082606, 53.4065792100187], [-3.0838406167690158, 53.406758948748035], [-3.0841414055492917, 53.40675621753842], [-3.084145976826579, 53.40693595624427], [-3.084446766825032, 53.406933224259376], [-3.0844559120619226, 53.40729270161827], [-3.0841551195287065, 53.40729543363875], [-3.0841596909535482, 53.407475172327445], [-3.083858897103747, 53.407477903608225], [-3.083863467310357, 53.40765764230896], [-3.085367442404447, 53.407643978240976], [-3.08535828936632, 53.40728450101178], [-3.0856590817026577, 53.40728176596126], [-3.0856545039900682, 53.40710202735589], [-3.085955295009768, 53.407099291565686], [-3.08594613719762, 53.406739814373445], [-3.086547714019756, 53.40673434059184], [-3.0865431326528943, 53.40655460202281], [-3.0871447067431803, 53.406549125246904], [-3.087149290644724, 53.40672886378028], [-3.087450078883236, 53.406726124238254], [-3.087454664101452, 53.406905862748054], [-3.087755453557984, 53.40690312243068], [-3.087760040092903, 53.40708286091692], [-3.088060830767453, 53.4070801198242], [-3.088065418619098, 53.40725985828687], [-3.088366210511666, 53.40725711641879], [-3.088370799680066, 53.40743685485788], [-3.088671592790649, 53.407434112214425], [-3.0886761832758305, 53.40761385062991], [-3.089277771883621, 53.407608363034754]], [[-3.0811289569809617, 53.40660375665797], [-3.0808281689769617, 53.406606480274874], [-3.0808236117387553, 53.40642674136219], [-3.0805228249530643, 53.40642946420386], [-3.080527380923929, 53.406609203134295], [-3.0802265928218784, 53.40661192523623], [-3.0802220381183556, 53.40643218628806], [-3.079921251234642, 53.406434907614766], [-3.0799166978474544, 53.40625516864317], [-3.0796159121820814, 53.40625788919466], [-3.079606808089295, 53.40589841119886], [-3.079907591220047, 53.40589569068281], [-3.0799121445092568, 53.406075429665854], [-3.0805137131583886, 53.40606998632587], [-3.0805182690312174, 53.40624972526773], [-3.081119840018911, 53.40624427886236], [-3.0811289569809617, 53.40660375665797]], [[-3.0844330493386756, 53.406394008178104], [-3.0838314768966706, 53.40639947128364], [-3.083826907034251, 53.406219732542866], [-3.084127692012524, 53.40621700138664], [-3.0841231209319635, 53.40603726265794], [-3.085025471769723, 53.406029064697776], [-3.0850208969364683, 53.40584932601675], [-3.0853216791833393, 53.40584659186622], [-3.0853308314336654, 53.40620606918692], [-3.0844284769416155, 53.40621426947293], [-3.0844330493386756, 53.406394008178104]], [[-3.0829199857931577, 53.406048182666844], [-3.082619201885609, 53.40605091077538], [-3.082614637190703, 53.40587117195208], [-3.082013071762875, 53.4058766258612], [-3.08200850965165, 53.40569688699664], [-3.0829108539178796, 53.40568870505003], [-3.0829199857931577, 53.406048182666844]], [[-3.09314200028103, 53.405775238082036], [-3.092841219318671, 53.405777991926655], [-3.0928366115856685, 53.40559825370457], [-3.0931373912807696, 53.405595499877904], [-3.09314200028103, 53.405775238082036]], [[-3.086524807678352, 53.40583564768943], [-3.0859232435293675, 53.40584112129276], [-3.085918664943505, 53.40566138265946], [-3.08652022655794, 53.4056559090918], [-3.086524807678352, 53.40583564768943]], [[-3.0928366115856685, 53.40559825370457], [-3.0925358318409923, 53.40560100677379], [-3.09253122542481, 53.40542126852805], [-3.09223044689782, 53.405424020821876], [-3.0922212367485846, 53.405064544277394], [-3.0925220127411235, 53.405061792019424], [-3.0925266190581873, 53.40524153027659], [-3.092827396268385, 53.405238777243234], [-3.0928366115856685, 53.40559825370457]], [[-3.090425774695893, 53.40544051867835], [-3.089824216899391, 53.405446011904196], [-3.0898196219378864, 53.40526627349157], [-3.08891728867411, 53.40527450759582], [-3.088912697563721, 53.40509476912385], [-3.088611920977546, 53.4050975122925], [-3.08861651082071, 53.40527725078235], [-3.0883157329179265, 53.405279993211416], [-3.088311144341992, 53.405100254703704], [-3.0880103676570703, 53.40510299635747], [-3.0880011931877185, 53.404743519289156], [-3.088602741439362, 53.40473803529563], [-3.0885981517443404, 53.40455829678861], [-3.0888989245289142, 53.404555553673575], [-3.0888943336160986, 53.4043758151787], [-3.0897966478718932, 53.40436758134262], [-3.0898012425862222, 53.40454731978386], [-3.0891996972640934, 53.4045528098011], [-3.0892042894934884, 53.40473254827237], [-3.0907081587639453, 53.40471881745912], [-3.090712757378733, 53.404898555835224], [-3.0910135323516497, 53.404895807382374], [-3.0910181322831214, 53.40507554573486], [-3.0901158034143323, 53.4050837888748], [-3.0901203995936233, 53.40526352727526], [-3.0904211771999135, 53.4052607803015], [-3.090425774695893, 53.40544051867835]], [[-3.0922212367485846, 53.405064544277394], [-3.0919204607065023, 53.405067295777926], [-3.0919158569734075, 53.404887557479185], [-3.091615082148999, 53.40489030820434], [-3.0916104797326276, 53.404710569881956], [-3.0913097061258985, 53.404713319831764], [-3.0913051050262226, 53.404533581485744], [-3.0907035601986323, 53.40453907907729], [-3.090698961682793, 53.40435934068973], [-3.0903981904619484, 53.404362088331446], [-3.090388996112988, 53.40400261150339], [-3.0912913020242025, 53.40399436641335], [-3.091300503976049, 53.40435384313401], [-3.091601275048432, 53.404351093220015], [-3.0916058773657733, 53.40453083155385], [-3.091906649655808, 53.404528080864516], [-3.0919112532898434, 53.404707819174696], [-3.0922120267975273, 53.40470506771002], [-3.0922212367485846, 53.405064544277394]], [[-3.085904929481474, 53.40512216672527], [-3.085604152402104, 53.405124902319464], [-3.085599575280499, 53.40494516364548], [-3.0852987994191055, 53.404947898464386], [-3.0852942236139524, 53.40476815976689], [-3.0843918995360724, 53.40477635962556], [-3.0843873275817377, 53.40459662086892], [-3.084086554057911, 53.404599352622476], [-3.0840728422915418, 53.40406013626484], [-3.0846743816869857, 53.40405467210706], [-3.0846789547609155, 53.40423441086307], [-3.0852804964938696, 53.40422894364], [-3.0852850721513363, 53.40440868235467], [-3.085585844211147, 53.40440594758921], [-3.0855904211850214, 53.40458568628034], [-3.0858911944627696, 53.404582950739616], [-3.085904929481474, 53.40512216672527]], [[-3.0934197303522177, 53.40487379249177], [-3.093118955775597, 53.404876547004136], [-3.0931143470232683, 53.40469680877137], [-3.0934151203326987, 53.40469405427695], [-3.0934197303522177, 53.40487379249177]], [[-3.087098870440144, 53.40475173959866], [-3.0864973216951808, 53.40475721601781], [-3.0864927408704843, 53.40457747738586], [-3.0861919676912613, 53.40458021444145], [-3.0861873881830277, 53.40440047578596], [-3.0864881600950715, 53.404397738748195], [-3.0864835793689416, 53.40421800010479], [-3.0867843499645384, 53.40421526232743], [-3.0867889319578325, 53.40439500095301], [-3.087390475535452, 53.40438952309034], [-3.0873950601123967, 53.40456926167449], [-3.0870942870810656, 53.40457200100238], [-3.087098870440144, 53.40475173959866]], [[-3.092804358842686, 53.404340085989816], [-3.092503587968443, 53.40434283893349], [-3.0924989818991615, 53.40416310064769], [-3.0921982122425136, 53.404165852816035], [-3.0921936074899237, 53.40398611450661], [-3.0918928390508738, 53.4039888658996], [-3.0918836322285506, 53.40362938922771], [-3.092184398133368, 53.40362663787057], [-3.0921890027868764, 53.40380637619145], [-3.0927905369820983, 53.40380087116908], [-3.092804358842686, 53.404340085989816]], [[-3.09730666336303, 53.403939224941816], [-3.096705128123243, 53.40394475272236], [-3.096700504413418, 53.40376501467662], [-3.0963997379860126, 53.40376777741276], [-3.096395115593032, 53.40358803934329], [-3.0960943503829985, 53.40359080130406], [-3.0960897293068337, 53.40341106321088], [-3.0942851446056086, 53.40342761896224], [-3.0942666912074235, 53.40270866610096], [-3.0933644133912783, 53.40271693353639], [-3.0933690228652617, 53.40289667181413], [-3.0924667408016897, 53.40290493248698], [-3.0924621351288266, 53.40272519415542], [-3.0918606160394253, 53.4027306974479], [-3.0918468069202136, 53.40219148231132], [-3.0921475626886368, 53.40218873109753], [-3.092142958480952, 53.40200899272516], [-3.0954512547246043, 53.40197867958509], [-3.0954604910632972, 53.40233815592923], [-3.0957612475034164, 53.402335395609114], [-3.095765867014295, 53.40251513375461], [-3.096066624671723, 53.402512372659174], [-3.096075866376628, 53.40287184889703], [-3.096376626518396, 53.40286908700825], [-3.096381248712463, 53.40304882510059], [-3.0966820100715506, 53.403046062436424], [-3.0966912571429983, 53.403405538567945], [-3.096992020986475, 53.40340277511041], [-3.097001270791078, 53.40376225118304], [-3.0973020371189803, 53.40375948693209], [-3.09730666336303, 53.403939224941816]], [[-3.0909813342170027, 53.403637638754745], [-3.0906805681141676, 53.40364038708229], [-3.090675969845689, 53.40346064866613], [-3.090976734681426, 53.40345790035651], [-3.0909813342170027, 53.403637638754745]], [[-3.086169070642776, 53.40368152110675], [-3.085868303750045, 53.40368425731581], [-3.085863725755261, 53.403504518613886], [-3.0861644913808823, 53.403501782422666], [-3.086169070642776, 53.40368152110675]], [[-3.085863725755261, 53.403504518613886], [-3.0855629600803884, 53.4035072540477], [-3.0855583834019553, 53.403327515322246], [-3.0858591478097295, 53.403324779906264], [-3.085863725755261, 53.403504518613886]], [[-3.092471346524102, 53.40308467081283], [-3.0921705844700726, 53.4030874228736], [-3.092165980014714, 53.402907684529836], [-3.0924667408016897, 53.40290493248698], [-3.092471346524102, 53.40308467081283]], [[-3.0909675357587196, 53.40309842354282], [-3.0906667734571416, 53.40310117181666], [-3.0906621753370724, 53.402921433383334], [-3.0900606531196457, 53.40292692762304], [-3.0900560575831366, 53.40274718914822], [-3.0897552976673026, 53.40274993511411], [-3.0897461092766565, 53.402390458111526], [-3.0906483812736663, 53.402382218049034], [-3.0906529792453354, 53.40256195649952], [-3.091254496196738, 53.4025564593019], [-3.091263697356629, 53.40291593611408], [-3.090962936371592, 53.40291868512742], [-3.0909675357587196, 53.40309842354282]], [[-3.085253043582832, 53.403150511231864], [-3.0843507537177683, 53.40315871060987], [-3.0843461822061005, 53.40297897180176], [-3.084045420086437, 53.402981703395184], [-3.0840408498910117, 53.40280196456356], [-3.0843416107436146, 53.40279923298794], [-3.08433703933031, 53.40261949416838], [-3.084637798866685, 53.402616761853174], [-3.0846423715470355, 53.40279650065493], [-3.084943132301262, 53.402793767564525], [-3.0849477062978674, 53.402973506342754], [-3.085248468269945, 53.40297077247717], [-3.085253043582832, 53.403150511231864]], [[-3.0909445393178823, 53.4021997314085], [-3.0906437833514646, 53.40220247959283], [-3.0906391854787265, 53.40202274113091], [-3.090939940178154, 53.40201999296447], [-3.0909445393178823, 53.4021997314085]], [[-3.0906391854787265, 53.40202274113091], [-3.0903384307298327, 53.40202548853997], [-3.0903338341735376, 53.40184575005442], [-3.0906345876554533, 53.40184300266325], [-3.0906391854787265, 53.40202274113091]], [[-3.0903338341735376, 53.40184575005442], [-3.090033080642174, 53.40184849668825], [-3.0900238902118473, 53.4014890196642], [-3.0903246412092957, 53.40148627306617], [-3.0903338341735376, 53.40184575005442]], [[-3.089732327061373, 53.4018512425647], [-3.0894315734311504, 53.40185398768381], [-3.0894269807252, 53.401674249138885], [-3.0897277330884574, 53.40167150403765], [-3.089732327061373, 53.4018512425647]], [[-3.0948405156911516, 53.401624721442396], [-3.094539764169921, 53.40162747941855], [-3.0945351499752802, 53.40144774117254], [-3.0948359002295707, 53.401444983214354], [-3.0948405156911516, 53.401624721442396]], [[-3.0894269807252, 53.401674249138885], [-3.0891262283125354, 53.40167699348277], [-3.0891124542919566, 53.40113777776005], [-3.0894132029038026, 53.40113503346978], [-3.0894269807252, 53.401674249138885]], [[-3.0981441497466853, 53.4014145956899], [-3.0978434000393253, 53.401417361978815], [-3.0978341439267942, 53.4010578858654], [-3.0981348911003312, 53.40105511961251], [-3.0981441497466853, 53.4014145956899]], [[-3.0882193831895046, 53.40150548334819], [-3.0879186318462977, 53.40150822464478], [-3.0879140455738714, 53.401328485999095], [-3.08761329544827, 53.40133122652051], [-3.0876041255852797, 53.400971749176264], [-3.0873033779442003, 53.40097448890465], [-3.0872942108122974, 53.40061501150184], [-3.0875949559195845, 53.40061227180914], [-3.0875903711607204, 53.400432533117005], [-3.087891114951809, 53.40042979268484], [-3.087895700977549, 53.40060953135914], [-3.088497190945456, 53.40060404818712], [-3.0885017795543073, 53.400783786819986], [-3.089103271858533, 53.400778300582964], [-3.0891124542919566, 53.40113777776005], [-3.0882102081601186, 53.40114600608677], [-3.0882193831895046, 53.40150548334819]], [[-3.0978341439267942, 53.4010578858654], [-3.0972326494303744, 53.40106341609916], [-3.0972233985845397, 53.4007039398908], [-3.096922653795456, 53.40070670383568], [-3.096918029714043, 53.4005269657049], [-3.096617286142083, 53.40052972887448], [-3.09661266337727, 53.400349990719974], [-3.096311921022431, 53.400352753114234], [-3.096307299574189, 53.40017301493602], [-3.095705817249063, 53.40017853741666], [-3.0956965795690117, 53.39981906097112], [-3.096298056826852, 53.39981353856243], [-3.0963026781756637, 53.39999327675209], [-3.0978063767840855, 53.39997945738771], [-3.0978248880134154, 53.400698409729046], [-3.0981256326531814, 53.40069564351222], [-3.0981302618518565, 53.400875381565236], [-3.097829515945212, 53.40087814780009], [-3.0978341439267942, 53.4010578858654]], [[-3.0948266694553657, 53.40108550674109], [-3.0945259217349155, 53.40108826466336], [-3.0945213076891904, 53.40090852640018], [-3.0939198146331917, 53.40091403993679], [-3.093915203170879, 53.40073430163198], [-3.0933137124502186, 53.40073981210337], [-3.093309103571263, 53.40056007375694], [-3.092707615186029, 53.40056558116318], [-3.0926984026442867, 53.40020610438142], [-3.092397660911046, 53.400208856912705], [-3.0923930559813413, 53.40002911849531], [-3.0920923154653988, 53.40003187025136], [-3.0920877118520553, 53.39985213181033], [-3.0917869725534137, 53.39985488279116], [-3.091782370256404, 53.39967514432647], [-3.0923838462705433, 53.39966964164336], [-3.0923884511011734, 53.39984938007219], [-3.092989929450786, 53.399843874324034], [-3.092994536864597, 53.40002361271129], [-3.0938967578177072, 53.4000153483555], [-3.0939013690815895, 53.400195086683205], [-3.094502852002653, 53.40018957329024], [-3.094512079746651, 53.40054904985665], [-3.0948128236664423, 53.40054629198828], [-3.0948266694553657, 53.40108550674109]], [[-3.1017299200908997, 53.40048265199722], [-3.1014291773164855, 53.40048542728378], [-3.1014245342820965, 53.400305689417834], [-3.101725275789669, 53.400302914149364], [-3.1017299200908997, 53.40048265199722]], [[-3.086979719128253, 53.40007853423657], [-3.0866789777229537, 53.400081272361106], [-3.0866743969125596, 53.39990153359828], [-3.0869751370510223, 53.39989879549159], [-3.086979719128253, 53.40007853423657]], [[-3.098690069717584, 53.39925220446479], [-3.0983893353119547, 53.39925497205204], [-3.0983847052946976, 53.399075233965526], [-3.098685438433572, 53.3990724663963], [-3.098690069717584, 53.39925220446479]], [[-3.099286904561846, 53.39906692898601], [-3.098685438433572, 53.3990724663963], [-3.0986808071993814, 53.398892728322096], [-3.099282270794175, 53.39888719094785], [-3.099286904561846, 53.39906692898601]], [[-3.0905656262415753, 53.39914692496195], [-3.090264891762695, 53.399149672084704], [-3.0902602959975116, 53.398969933507615], [-3.0905610292096326, 53.39896718640276], [-3.0905656262415753, 53.39914692496195]], [[-3.088460483851665, 53.39916613891834], [-3.0881597490269965, 53.39916888074013], [-3.088155162129154, 53.39898914203794], [-3.0884558956870576, 53.398986400234], [-3.088460483851665, 53.39916613891834]], [[-3.1034925103687687, 53.39884834451445], [-3.1028910481719785, 53.39885390309211], [-3.1028863992535056, 53.39867416526504], [-3.1025856693468055, 53.39867694339989], [-3.102581021745046, 53.39849720554902], [-3.1022802930550535, 53.398499982908525], [-3.102275646769981, 53.39832024503382], [-3.1019749192966963, 53.39832302161797], [-3.1019656294098326, 53.39796354581522], [-3.1016649044199243, 53.39796632160596], [-3.1016602608180928, 53.397786583677934], [-3.1019609845413507, 53.39778380790528], [-3.1019470502356916, 53.39724459414099], [-3.102548489932561, 53.3972390404325], [-3.102543842730744, 53.3970593025358], [-3.1031452796944636, 53.397053745834604], [-3.103173178854768, 53.39813217291173], [-3.103473904861369, 53.39812939331665], [-3.1034925103687687, 53.39884834451445]], [[-3.0902602959975116, 53.398969933507615], [-3.089959562735953, 53.398972679855206], [-3.089954968286956, 53.39879294125451], [-3.0896542362427204, 53.398795686826936], [-3.0896496431098806, 53.39861594820264], [-3.0893489122829694, 53.39861869299992], [-3.089344320466262, 53.398438954352024], [-3.089043590856676, 53.398441698374164], [-3.0890344099048495, 53.398082221025454], [-3.0893351369810333, 53.39807947703908], [-3.0893213621236426, 53.39754026102673], [-3.0890206388474626, 53.397543004959495], [-3.089016048593757, 53.39736326625941], [-3.0884146044265575, 53.397368751817545], [-3.088410016755486, 53.39718901307597], [-3.089312179132344, 53.39718078365657], [-3.08930758771078, 53.397001044962906], [-3.08960830713769, 53.39699830032652], [-3.0896128998258665, 53.397178039002306], [-3.089913620469985, 53.39717529359082], [-3.0899182144741917, 53.397355032243], [-3.089617492563446, 53.39735777767238], [-3.089631271072618, 53.39789699364823], [-3.0905334480564473, 53.39788875492744], [-3.090556432227142, 53.398787447837826], [-3.090255700281769, 53.398790194924814], [-3.0902602959975116, 53.398969933507615]], [[-3.088155162129154, 53.39898914203794], [-3.0878544285219056, 53.39899188308458], [-3.0878498429401597, 53.398812144358814], [-3.0881505752806544, 53.39880940333001], [-3.088155162129154, 53.39898914203794]], [[-3.098074714754392, 53.39871852455124], [-3.097473253294605, 53.398724055831295], [-3.097468627226911, 53.39854431767356], [-3.0968671681015, 53.398549845888546], [-3.0968625446169757, 53.39837010768909], [-3.0974640012089814, 53.3983645795101], [-3.0974593752408137, 53.39818484134091], [-3.0980608291003913, 53.39817931016894], [-3.098074714754392, 53.39871852455124]], [[-3.0887520398136026, 53.39880391900059], [-3.0884513075718063, 53.39880666154395], [-3.088446719505912, 53.39862692284815], [-3.0887474504809718, 53.3986241803227], [-3.0887520398136026, 53.39880391900059]], [[-3.1052829187516053, 53.398292437543574], [-3.1046814647557817, 53.39829800509961], [-3.104676808387297, 53.39811826736404], [-3.104376082580915, 53.39812104998805], [-3.104366772527511, 53.3977615744635], [-3.104667495800591, 53.397758791875724], [-3.104672152068899, 53.39793852962274], [-3.1049728765585343, 53.397935746259606], [-3.104977534143588, 53.39811548398278], [-3.1052782598497775, 53.398112699844276], [-3.1052829187516053, 53.398292437543574]], [[-3.0968625446169757, 53.39837010768909], [-3.0965618162463615, 53.398372870642675], [-3.096557194078264, 53.39819313241949], [-3.0968579211821874, 53.39819036948388], [-3.0968625446169757, 53.39837010768909]], [[-3.1016695480717087, 53.398146059528266], [-3.101068095408719, 53.39815160887418], [-3.101063454290265, 53.39797187091572], [-3.1016649044199243, 53.39796632160596], [-3.1016695480717087, 53.398146059528266]], [[-3.0935407014530396, 53.39786124330386], [-3.0932399763362826, 53.39786399787381], [-3.093235368250541, 53.39768425943583], [-3.0926339204016484, 53.397689766268144], [-3.092620104041626, 53.397150550812235], [-3.09322154429073, 53.39714504408751], [-3.0932307602143694, 53.39750452099211], [-3.0935314827978235, 53.39750176645803], [-3.0935407014530396, 53.39786124330386]], [[-3.105555685415304, 53.39721122645676], [-3.105254966092374, 53.39721401126183], [-3.105250307491235, 53.397034273528135], [-3.104949589384781, 53.39703705755784], [-3.1049449321003286, 53.396857319800304], [-3.1046442152103513, 53.39686010305466], [-3.104639559242559, 53.39668036527327], [-3.1043388435690606, 53.39668314775231], [-3.1043341889179024, 53.396503409947044], [-3.104033474460883, 53.39650619165077], [-3.1040288211263296, 53.39632645382167], [-3.1037281078857917, 53.39632923475008], [-3.1037095001141295, 53.395610283303974], [-3.104912332511865, 53.39559915533714], [-3.1049216464295224, 53.39595863092668], [-3.105222356936731, 53.39595584700578], [-3.105231673587792, 53.39631532253614], [-3.105532386577919, 53.39631253782178], [-3.105555685415304, 53.39721122645676]], [[-3.107651381854084, 53.39683223643669], [-3.1070499489266648, 53.39683781581794], [-3.1070452828263972, 53.39665807818173], [-3.106744567553948, 53.396660866718356], [-3.106735238037062, 53.396301391392385], [-3.1064345252475083, 53.396304179135505], [-3.106429861830849, 53.39612444144578], [-3.107031284826744, 53.39611886523863], [-3.1070406167763216, 53.39647834053975], [-3.107341330732036, 53.396475551264075], [-3.1073459980486544, 53.39665528888786], [-3.1076467132207046, 53.396652498836815], [-3.107651381854084, 53.39683223643669]], [[-3.100707054822007, 53.395817788269795], [-3.10010563479074, 53.39582333260275], [-3.1001009981207313, 53.39564359451567], [-3.100401706894817, 53.39564082274584], [-3.100397069008204, 53.39546108467108], [-3.1006977764659256, 53.39545831216213], [-3.100707054822007, 53.395817788269795]], [[-3.099795653943112, 53.395466627417484], [-3.0991942386785776, 53.39547216713519], [-3.0991803405154803, 53.394932952660014], [-3.1000824519394317, 53.394924642110084], [-3.1000870884099467, 53.395104380220076], [-3.1003877933846415, 53.39510160850438], [-3.10039243117148, 53.3952813465906], [-3.0997910186393156, 53.3952868893009], [-3.099795653943112, 53.395466627417484]], [[-3.1069986245841843, 53.394860701504236], [-3.1066979219765556, 53.39486348985927], [-3.106693257694772, 53.39468375214185], [-3.1069939590359934, 53.39468096380496], [-3.1069986245841843, 53.394860701504236]], [[-3.106693257694772, 53.39468375214185], [-3.1051897502363737, 53.39469768246901], [-3.1051850923367406, 53.39451794465513], [-3.105786492937709, 53.394512374831976], [-3.1057818325554116, 53.394332637048656], [-3.106082531514326, 53.3943298510195], [-3.106087193163006, 53.39450958878468], [-3.1066885934631596, 53.3945040144187], [-3.106693257694772, 53.39468375214185]], [[-3.1063599166001135, 53.39342837541209], [-3.1057585313958342, 53.39343394804603], [-3.105753871314296, 53.393254210228335], [-3.1060545626752045, 53.393251424308055], [-3.1060499013775047, 53.39307168650275], [-3.107252661254484, 53.39306053532324], [-3.1072573276173245, 53.393240273055895], [-3.106355253985975, 53.393248637630684], [-3.1063599166001135, 53.39342837541209]], [[-3.1036490303852218, 53.39327369047116], [-3.1033483386237, 53.39327647033455], [-3.103343688722608, 53.393096732366125], [-3.1036443792178363, 53.39309395252085], [-3.1036490303852218, 53.39327369047116]], [[-3.0964324143320523, 53.393340198229474], [-3.096131721373922, 53.39334295992215], [-3.0961271018640684, 53.39316322152068], [-3.0964277935558897, 53.393160459846], [-3.0964324143320523, 53.393340198229474]], [[-3.097630559826021, 53.39314940557621], [-3.0973298683330888, 53.393152170279315], [-3.0973252438077417, 53.39297243194411], [-3.0970245535313605, 53.392975195872104], [-3.0970153071624393, 53.39261571914851], [-3.096714619368879, 53.39261848228342], [-3.096709997525262, 53.39243874389502], [-3.0979127433360785, 53.392427686884844], [-3.0979173702447076, 53.39260742520121], [-3.097616682600367, 53.39261019060741], [-3.097630559826021, 53.39314940557621]], [[-3.115056483286588, 53.392448545576855], [-3.1144551136643104, 53.39245416194022], [-3.1144504171129426, 53.392274424622045], [-3.1138490498210247, 53.39228003792053], [-3.113839661934602, 53.39192056319386], [-3.1153430671235895, 53.391906524452445], [-3.11535246767192, 53.392265998996244], [-3.1150517842027985, 53.39226880829524], [-3.115056483286588, 53.392448545576855]], [[-3.1123456307079276, 53.39229405791791], [-3.1120449467339926, 53.39229685964615], [-3.112040260362748, 53.39211712217612], [-3.1114388947960836, 53.3921227233249], [-3.1114342110076274, 53.39194298581265], [-3.1111335294149107, 53.391945785233204], [-3.1111241645214736, 53.39158631015505], [-3.1120262015514446, 53.39157790973164], [-3.1120355740419097, 53.39193738470036], [-3.1123362554834504, 53.39193458300863], [-3.1123456307079276, 53.39229405791791]], [[-3.1101846998654574, 53.39015680278576], [-3.109583361549379, 53.390162394449035], [-3.109578685911301, 53.38998265676444], [-3.1101800216952897, 53.38997706513756], [-3.1101846998654574, 53.39015680278576]], [[-3.1176967019785087, 53.389906914309826], [-3.1173960353736305, 53.38990972942706], [-3.117391326869237, 53.389729992211684], [-3.117691992208101, 53.38972717711277], [-3.1176967019785087, 53.389906914309826]], [[-3.107450675958193, 53.389103514466896], [-3.1071500139691812, 53.38910630375486], [-3.1071453487605627, 53.38892656589039], [-3.1074460094836054, 53.388923776620615], [-3.107450675958193, 53.389103514466896]], [[-3.114361192234038, 53.38885941448722], [-3.114060532668773, 53.38886222116768], [-3.114055838393513, 53.388682483716536], [-3.114356496692839, 53.38867967705436], [-3.114361192234038, 53.38885941448722]], [[-3.1059427053667785, 53.38893771539966], [-3.1056420443929977, 53.38894050088451], [-3.105637385564348, 53.38876076292356], [-3.1053367258064215, 53.38876354763328], [-3.1053227534189083, 53.388224333661654], [-3.105022097408693, 53.38822711756], [-3.105008129269674, 53.38768790348244], [-3.105308781482209, 53.387685119638476], [-3.1053180960565863, 53.38804459565966], [-3.1056187507508066, 53.3880418110225], [-3.105623409379035, 53.38822154900635], [-3.105924065289057, 53.38821876359408], [-3.1059287252333085, 53.38839850155406], [-3.1062293823591323, 53.38839571536667], [-3.1062340436194353, 53.388575453302785], [-3.1059333852276803, 53.38857823950831], [-3.1059427053667785, 53.38893771539966]], [[-3.114055838393513, 53.388682483716536], [-3.1137551800437, 53.38868528962173], [-3.1137504870848547, 53.38850555214659], [-3.1140511441687404, 53.38850274625967], [-3.114055838393513, 53.388682483716536]], [[-3.106840024094859, 53.38874961651485], [-3.1065393645374386, 53.38875240425251], [-3.1065347019610567, 53.38857266634026], [-3.1068353602525334, 53.38856987862076], [-3.106840024094859, 53.38874961651485]], [[-3.1076999955118847, 53.38712360799741], [-3.107399347497976, 53.38712639784251], [-3.1073900157030483, 53.38676692201812], [-3.1076906611853317, 53.386764132209386], [-3.1076999955118847, 53.38712360799741]], [[-3.111265628169116, 53.38547243155424], [-3.1109649921502522, 53.38547523031851], [-3.110960311490977, 53.38529549257595], [-3.111260946244151, 53.38529269382989], [-3.111265628169116, 53.38547243155424]], [[-3.11123753737458, 53.384394005122225], [-3.1106362804743752, 53.384399601675206], [-3.1106316013827193, 53.38421986388002], [-3.1103309741227383, 53.38422266100301], [-3.110321618621561, 53.38386318535902], [-3.1100209938424523, 53.38386598168872], [-3.1100069647646302, 53.383326768125116], [-3.110307585747075, 53.383323971850054], [-3.1103029082228515, 53.38314423400226], [-3.110603527889467, 53.38314143698858], [-3.1105988491500316, 53.38296169915326], [-3.11120008580128, 53.38295610289185], [-3.1112094483925423, 53.38331557848383], [-3.110608206679218, 53.38332117481813], [-3.1106175644096665, 53.38368065046008], [-3.110918187822587, 53.38367785263492], [-3.1109228680288528, 53.38385759042906], [-3.11182474176227, 53.383849192357786], [-3.1118294258156056, 53.38402893009153], [-3.1112281741791854, 53.38403452959902], [-3.11123753737458, 53.384394005122225]], [[-3.1133184830325633, 53.38347570513326], [-3.1127172394934455, 53.38348131209972], [-3.112707864146199, 53.38312183670159], [-3.1124072448320734, 53.38312463901306], [-3.112397872217469, 53.382765163555504], [-3.1126984890005938, 53.382762361280534], [-3.1127031765481914, 53.38294209899393], [-3.1130037945464006, 53.38293929594387], [-3.1130131723238534, 53.38329877131696], [-3.113313792802666, 53.38329596747357], [-3.1133184830325633, 53.38347570513326]], [[-3.115657654811909, 53.38093692128417], [-3.1147558437874494, 53.38094534799431], [-3.114751147936911, 53.38076561034572], [-3.1141499428654473, 53.3807712243321], [-3.114145249596059, 53.380591486641215], [-3.113844648249945, 53.380594292481014], [-3.1138399562963386, 53.38041455476611], [-3.113539356165085, 53.38041735983087], [-3.113520593916312, 53.379698408840895], [-3.1138211889864427, 53.3796956038492], [-3.1138258807382377, 53.379875341587024], [-3.1144270732576533, 53.3798697292969], [-3.114431767590447, 53.38004946699245], [-3.1147323650397136, 53.380046659694], [-3.1147370606882725, 53.38022639736554], [-3.1153382579658846, 53.38022078046185], [-3.115342956195533, 53.38040051809107], [-3.1156435560238607, 53.3803977084858], [-3.115657654811909, 53.38093692128417]], [[-3.1218758045130626, 53.377282998351895], [-3.1215752272567645, 53.37728582353605], [-3.121565779433322, 53.3769263488473], [-3.122166928834939, 53.37692069779593], [-3.1221716552513357, 53.37710043510638], [-3.1218710793108952, 53.37710326102878], [-3.1218758045130626, 53.377282998351895]], [[-3.1215138200359385, 53.374949237648856], [-3.12121325917345, 53.37495206183726], [-3.1212085371614675, 53.374772324402784], [-3.121509096759085, 53.374769500232766], [-3.1215138200359385, 53.374949237648856]], [[-3.1232840691494776, 53.3736741153698], [-3.122983517445707, 53.37367694396884], [-3.122964600769729, 53.37295799447739], [-3.122664054074131, 53.37296082224625], [-3.122659326296972, 53.37278108484061], [-3.1229598717278497, 53.372778257090204], [-3.1229551427368136, 53.37259851969724], [-3.1232556868521404, 53.37259569120874], [-3.123250956647255, 53.372415953828444], [-3.1235514994470313, 53.37241312460182], [-3.1235656940083785, 53.37295233667014], [-3.1238662405514015, 53.3729495066317], [-3.1238709734383256, 53.373129243957884], [-3.12357042563057, 53.37313207401475], [-3.123575157303636, 53.373311811353666], [-3.123274608180261, 53.373314640672405], [-3.1232840691494776, 53.3736741153698]]]}, "properties": {"kind": "max_footprint", "threshold_pct": 4.0}}, {"type": "Feature", "geometry": {"type": "Polygon", "coordinates": [[[-3.077838464990413, 53.40735263108409], [-3.0778293755186237, 53.4069931529444], [-3.0775285844412767, 53.40699586826426], [-3.0775376713782716, 53.40735534643929], [-3.077838464990413, 53.40735263108409]]]}, "properties": {"kind": "max_footprint", "threshold_pct": 7.0}}, {"type": "Feature", "geometry": {"type": "Polygon", "coordinates": [[[-3.0817396550694904, 53.406957784853454], [-3.0817350939311137, 53.406778046005414], [-3.0814343047578667, 53.40678077115506], [-3.0814388646288746, 53.406960510020845], [-3.0817396550694904, 53.406957784853454]]]}, "properties": {"kind": "max_footprint", "threshold_pct": 7.0}}, {"type": "Feature", "geometry": {"type": "Polygon", "coordinates": [[[-3.0811563090442444, 53.40768218990764], [-3.0811426327918867, 53.40714297330853], [-3.08084184098578, 53.40714569697865], [-3.080832726264202, 53.40678621918187], [-3.080531936943813, 53.40678894205902], [-3.080527380923929, 53.406609203134295], [-3.0799258046708213, 53.406614646580664], [-3.079930358155992, 53.40679438554083], [-3.0796295686885853, 53.40679710614549], [-3.079634120955377, 53.40697684511767], [-3.0793333301716195, 53.40697956498256], [-3.0793287791722013, 53.40679982599265], [-3.079027989606851, 53.40680254508232], [-3.0790234399237573, 53.40662280606899], [-3.078722651576817, 53.40662552438346], [-3.0787408455333836, 53.40734448047328], [-3.079041638949846, 53.407341762087995], [-3.0790507387566097, 53.4077012400632], [-3.0811563090442444, 53.40768218990764]]]}, "properties": {"kind": "max_footprint", "threshold_pct": 7.0}}, {"type": "Feature", "geometry": {"type": "Polygon", "coordinates": [[[-3.0814343047578667, 53.40678077115506], [-3.081429744935917, 53.40660103228357], [-3.0811289569809617, 53.40660375665797], [-3.081133515535557, 53.40678349554722], [-3.0814343047578667, 53.40678077115506]]]}, "properties": {"kind": "max_footprint", "threshold_pct": 7.0}}, {"type": "Feature", "geometry": {"type": "Polygon", "coordinates": [[[-3.0799258046708213, 53.406614646580664], [-3.079921251234642, 53.406434907614766], [-3.079620464301938, 53.40643762818397], [-3.079625016470772, 53.406617367167584], [-3.0799258046708213, 53.406614646580664]]]}, "properties": {"kind": "max_footprint", "threshold_pct": 7.0}}, {"type": "Feature", "geometry": {"type": "Polygon", "coordinates": [[[-3.094960535122767, 53.40629791336261], [-3.0949559183699598, 53.406118175283375], [-3.094655135170785, 53.406120933708685], [-3.094659750656298, 53.40630067180589], [-3.094960535122767, 53.40629791336261]]]}, "properties": {"kind": "max_footprint", "threshold_pct": 7.0}}, {"type": "Feature", "geometry": {"type": "Polygon", "coordinates": [[[-3.080814497409435, 53.406067263519645], [-3.0808099403183227, 53.405887524589815], [-3.0802083743018134, 53.40589296940928], [-3.0802129288583244, 53.406072708374595], [-3.080814497409435, 53.406067263519645]]]}, "properties": {"kind": "max_footprint", "threshold_pct": 7.0}}, {"type": "Feature", "geometry": {"type": "Polygon", "coordinates": [[[-3.0790188902896123, 53.40644306704995], [-3.079000692242529, 53.40572411091665], [-3.0786999102321824, 53.40572682914257], [-3.0787181032100173, 53.40644578534671], [-3.0790188902896123, 53.40644306704995]]]}, "properties": {"kind": "max_footprint", "threshold_pct": 7.0}}, {"type": "Feature", "geometry": {"type": "Polygon", "coordinates": [[[-3.0802083743018134, 53.40589296940928], [-3.080199265335798, 53.40553349146152], [-3.0798984847885973, 53.40553621269959], [-3.079907591220047, 53.40589569068281], [-3.0802083743018134, 53.40589296940928]]]}, "properties": {"kind": "max_footprint", "threshold_pct": 7.0}}, {"type": "Feature", "geometry": {"type": "Polygon", "coordinates": [[[-3.087417983736999, 53.405467954509476], [-3.0874133989134243, 53.4052882159539], [-3.0868118426637636, 53.405293693995], [-3.086816424952848, 53.40547343258624], [-3.087417983736999, 53.405467954509476]]]}, "properties": {"kind": "max_footprint", "threshold_pct": 7.0}}, {"type": "Feature", "geometry": {"type": "Polygon", "coordinates": [[[-3.0798984847885973, 53.40553621269959], [-3.079889378553095, 53.405176734693505], [-3.0792878223807705, 53.4051821748264], [-3.0792923729395296, 53.405361913867736], [-3.0795931523174276, 53.405359194162294], [-3.0795977041924094, 53.4055389331802], [-3.0798984847885973, 53.40553621269959]]]}, "properties": {"kind": "max_footprint", "threshold_pct": 7.0}}, {"type": "Feature", "geometry": {"type": "Polygon", "coordinates": [[[-3.0868118426637636, 53.405293693995], [-3.086802678233497, 53.40493421679536], [-3.0862011268555407, 53.4049396917353], [-3.0862102862169047, 53.40529916900627], [-3.0868118426637636, 53.405293693995]]]}, "properties": {"kind": "max_footprint", "threshold_pct": 7.0}}, {"type": "Feature", "geometry": {"type": "Polygon", "coordinates": [[[-3.083826907034251, 53.406219732542866], [-3.0838223372209983, 53.40603999379637], [-3.0841231209319635, 53.40603726265794], [-3.0841185499005834, 53.405857523923515], [-3.0847201146403758, 53.4058520594098], [-3.0847109676560662, 53.40549258199499], [-3.0844101878453105, 53.405495314595], [-3.084405615694215, 53.405315575861216], [-3.083503279768607, 53.40532376906305], [-3.083494143217383, 53.40496429147161], [-3.083193367011662, 53.40496702098842], [-3.0831888000769845, 53.40478728216634], [-3.082888025089344, 53.404790010907924], [-3.082883459471001, 53.40461027206235], [-3.0822819118827725, 53.40461572723769], [-3.0822773488479247, 53.40443598835087], [-3.0834804387591572, 53.404425075041544], [-3.0834895750154923, 53.404784552667316], [-3.0840911247450493, 53.40477909139692], [-3.084086554057911, 53.404599352622476], [-3.083785780484912, 53.4046020836186], [-3.0837766417925128, 53.40424260601697], [-3.0834758707047096, 53.40424533622011], [-3.0834713026994067, 53.40406559739292], [-3.082869762910693, 53.40407105549134], [-3.082865197488826, 53.40389131662289], [-3.082263660037933, 53.403896771656086], [-3.0822590971994503, 53.40371703274639], [-3.082559864682315, 53.40371430562627], [-3.0825553006258013, 53.40353456672863], [-3.0819537681452225, 53.40354002017594], [-3.0819492066720247, 53.40336028123708], [-3.0816484416252243, 53.403363006806856], [-3.0816438814681937, 53.40318326784451], [-3.081343117639427, 53.40318599263916], [-3.081361353493454, 53.403904948525266], [-3.0810605845471786, 53.40390767263348], [-3.0810697002341705, 53.40426715057774], [-3.08137047171476, 53.40426442643402], [-3.0813750308989873, 53.404444165379815], [-3.0816758035977014, 53.40444144046093], [-3.081689485246308, 53.40498065721079], [-3.0819902616975665, 53.40497793148121], [-3.0819993855764434, 53.40533740925035], [-3.0826009434006494, 53.4053319554478], [-3.082605507948224, 53.40551169428827], [-3.0829062880539255, 53.405508966233036], [-3.0829108539178796, 53.40568870505003], [-3.0832116352417263, 53.40568597621957], [-3.0832207696515814, 53.40604545380083], [-3.083521553460866, 53.40604272417735], [-3.083526122006812, 53.40622246294163], [-3.083826907034251, 53.406219732542866]]]}, "properties": {"kind": "max_footprint", "threshold_pct": 7.0}}, {"type": "Feature", "geometry": {"type": "Polygon", "coordinates": [[[-3.0822362837433603, 53.40281833811219], [-3.082231721199402, 53.40263859916821], [-3.0819309612699666, 53.402641325424376], [-3.081935522546872, 53.402821064386124], [-3.0822362837433603, 53.40281833811219]]]}, "properties": {"kind": "max_footprint", "threshold_pct": 7.0}}, {"type": "Feature", "geometry": {"type": "Polygon", "coordinates": [[[-3.0918606160394253, 53.4027306974479], [-3.0918514099104297, 53.4023712206959], [-3.091550652825486, 53.40237397117025], [-3.0915598564204347, 53.402733447958056], [-3.0918606160394253, 53.4027306974479]]]}, "properties": {"kind": "max_footprint", "threshold_pct": 7.0}}, {"type": "Feature", "geometry": {"type": "Polygon", "coordinates": [[[-3.0819309612699666, 53.402641325424376], [-3.0819264000421316, 53.402461586456894], [-3.0816256413306644, 53.402464311937926], [-3.0816302012914587, 53.40264405092314], [-3.0819309612699666, 53.402641325424376]]]}, "properties": {"kind": "max_footprint", "threshold_pct": 7.0}}, {"type": "Feature", "geometry": {"type": "Polygon", "coordinates": [[[-3.091550652825486, 53.40237397117025], [-3.091541449428563, 53.40201449435955], [-3.0912406948281053, 53.40201724404069], [-3.091249895691034, 53.402376720887204], [-3.091550652825486, 53.40237397117025]]]}, "properties": {"kind": "max_footprint", "threshold_pct": 7.0}}, {"type": "Feature", "geometry": {"type": "Polygon", "coordinates": [[[-3.0888989245289142, 53.404555553673575], [-3.0888943336160986, 53.4043758151787], [-3.089195105084106, 53.404373071324095], [-3.089190512953522, 53.40419333284139], [-3.088588972502432, 53.404198819757426], [-3.0885935620986977, 53.404378558275894], [-3.087992018915776, 53.40438404219796], [-3.087987431853833, 53.40420430364379], [-3.0876866614554994, 53.40420704445081], [-3.0876820757100547, 53.40402730587309], [-3.087381306529534, 53.40403004590486], [-3.087376722100559, 53.40385030730354], [-3.0870759541378514, 53.403853046560066], [-3.087057621983566, 53.40313409202625], [-3.086756859039959, 53.403136830453995], [-3.0867522773917204, 53.4029570917884], [-3.086451515665893, 53.40295982944094], [-3.086446935333999, 53.4027800907518], [-3.0861461748259504, 53.4027828276291], [-3.086141595810376, 53.40260308891642], [-3.085840836520107, 53.40260582501852], [-3.0858362588208252, 53.40242608628229], [-3.0855355007483376, 53.402428821609206], [-3.08553092436532, 53.402249082849444], [-3.0852301675106157, 53.40225181740115], [-3.085216442457928, 53.40171260103413], [-3.084314183001476, 53.401720799984865], [-3.0843324679661843, 53.40243975534311], [-3.084633226235526, 53.40243702304571], [-3.084637798866685, 53.402616761853174], [-3.0849385583538655, 53.402614028780576], [-3.084943132301262, 53.402793767564525], [-3.0852438930062807, 53.402791033716746], [-3.085253043582832, 53.403150511231864], [-3.085553806772759, 53.403147776591084], [-3.0855583834019553, 53.403327515322246], [-3.0843553252786187, 53.40333844941227], [-3.0843507537177683, 53.40315871060987], [-3.084049990331031, 53.40316144222109], [-3.084045420086437, 53.402981703395184], [-3.083744657917605, 53.4029844342312], [-3.083758364997625, 53.403523650745115], [-3.084660662760395, 53.403515455804744], [-3.0846652356867277, 53.4036951945779], [-3.085266769816837, 53.40368972746166], [-3.0852759208856324, 53.40404920491962], [-3.0855766904111235, 53.404046470189755], [-3.085581267286514, 53.40422620889233], [-3.0861828087240633, 53.40422073712473], [-3.0861782293143665, 53.404040998457795], [-3.086779768020541, 53.40403552369617], [-3.0867843499645384, 53.40421526232743], [-3.0870851205108396, 53.40421252379267], [-3.0870897037712974, 53.40439226240039], [-3.0876912472502838, 53.40438678302286], [-3.087695833094403, 53.40456652158916], [-3.0888989245289142, 53.404555553673575]], [[-3.0864744180645287, 53.40385852280086], [-3.085872881794082, 53.403863996012], [-3.085863725755261, 53.403504518613886], [-3.0855629600803884, 53.4035072540477], [-3.0855583834019553, 53.403327515322246], [-3.0861599121682515, 53.40332204373286], [-3.086169070642776, 53.40368152110675], [-3.0864698374862423, 53.40367878414031], [-3.0864744180645287, 53.40385852280086]]]}, "properties": {"kind": "max_footprint", "threshold_pct": 7.0}}, {"type": "Feature", "geometry": {"type": "Polygon", "coordinates": [[[-3.090939940178154, 53.40201999296447], [-3.0909307420471293, 53.401660516059245], [-3.090629989881642, 53.40166326418987], [-3.0906391854787265, 53.40202274113091], [-3.090939940178154, 53.40201999296447]]]}, "properties": {"kind": "max_footprint", "threshold_pct": 7.0}}, {"type": "Feature", "geometry": {"type": "Polygon", "coordinates": [[[-3.0954420185846403, 53.401619203218054], [-3.095437400589179, 53.40143946502596], [-3.095136650434208, 53.40144222449883], [-3.0951412671627287, 53.4016219627089], [-3.0954420185846403, 53.401619203218054]]]}, "properties": {"kind": "max_footprint", "threshold_pct": 7.0}}, {"type": "Feature", "geometry": {"type": "Polygon", "coordinates": [[[-3.0912774994676786, 53.403455151289464], [-3.0912728987144984, 53.403275412903405], [-3.0915736621841696, 53.403272663096864], [-3.0915644582921713, 53.40291318634339], [-3.091263697356629, 53.40291593611408], [-3.0912682980108164, 53.403095674511604], [-3.0903660111060973, 53.40310391933311], [-3.090361414253086, 53.402924180881875], [-3.0900606531196457, 53.40292692762304], [-3.0900560575831366, 53.40274718914822], [-3.0894545377020424, 53.40275268032262], [-3.0894453518454523, 53.402393203284255], [-3.0897461092766565, 53.402390458111526], [-3.0897415151554717, 53.40221071960162], [-3.0900422712702444, 53.4022079736894], [-3.090033080642174, 53.40184849668825], [-3.089130819751516, 53.40185673204556], [-3.089117045582756, 53.401317516339994], [-3.088515545677046, 53.40132300268424], [-3.0885247233390354, 53.401682479898476], [-3.088223970778226, 53.40168522197028], [-3.0882285584163016, 53.401864960586686], [-3.0876270506126957, 53.40187044249399], [-3.087622465508561, 53.40169070384187], [-3.087321712799731, 53.40169344364163], [-3.0873171290118826, 53.40151370496599], [-3.087016377520697, 53.40151644399055], [-3.087011795049105, 53.401336705291314], [-3.0867110447755675, 53.401339443540714], [-3.0867064636202044, 53.40115970481791], [-3.0861049654591577, 53.401165179009006], [-3.086109544080655, 53.40134491776743], [-3.0855080431887147, 53.40135038896483], [-3.085512619325573, 53.40153012775318], [-3.0858133710631135, 53.401527392515355], [-3.085817948516165, 53.40170713128018], [-3.0861187014714226, 53.40170439526719], [-3.0861232802406935, 53.40188413400846], [-3.0864240344136675, 53.401881397220286], [-3.0864286144991846, 53.40206113593803], [-3.0867293698898726, 53.402058398374656], [-3.086733951291666, 53.40223813706885], [-3.0873354644591644, 53.402232659634336], [-3.087340048444272, 53.40241239828713], [-3.0876408062210685, 53.40240965841598], [-3.0876453915225173, 53.4025893970452], [-3.0885476683579487, 53.40258117283394], [-3.0885522575098414, 53.40276091140387], [-3.088853017623299, 53.40275816846751], [-3.0888576080916144, 53.40293790701386], [-3.0891583694227354, 53.40293516330224], [-3.089167553041665, 53.40329464034202], [-3.0894683168575248, 53.40329189583727], [-3.0894729100081815, 53.4034716343307], [-3.0912774994676786, 53.403455151289464]]]}, "properties": {"kind": "max_footprint", "threshold_pct": 7.0}}, {"type": "Feature", "geometry": {"type": "Polygon", "coordinates": [[[-3.090629989881642, 53.40166326418987], [-3.090616196856986, 53.401124048735426], [-3.090315448442846, 53.40112679605502], [-3.0903108521337934, 53.400947057540876], [-3.090010104937117, 53.40094980408524], [-3.0900192950708383, 53.40130928114361], [-3.0903200448013477, 53.40130653456345], [-3.090329237666692, 53.40166601156316], [-3.090629989881642, 53.40166326418987]]]}, "properties": {"kind": "max_footprint", "threshold_pct": 7.0}}, {"type": "Feature", "geometry": {"type": "Polygon", "coordinates": [[[-3.0855080431887147, 53.40135038896483], [-3.0855034671010864, 53.40117065017075], [-3.0852027178481993, 53.40117338461561], [-3.085198143076723, 53.400993645798], [-3.0848973950415424, 53.40099637946771], [-3.0849019685460983, 53.401176118303134], [-3.084300469794303, 53.401181583406135], [-3.0843050408141846, 53.40136132227143], [-3.0855080431887147, 53.40135038896483]]]}, "properties": {"kind": "max_footprint", "threshold_pct": 7.0}}, {"type": "Feature", "geometry": {"type": "Polygon", "coordinates": [[[-3.0972326494303744, 53.40106341609916], [-3.0972280239825767, 53.400883677997854], [-3.0969272779266137, 53.40088644196074], [-3.0969319021075163, 53.40106618008006], [-3.0972326494303744, 53.40106341609916]]]}, "properties": {"kind": "max_footprint", "threshold_pct": 7.0}}, {"type": "Feature", "geometry": {"type": "Polygon", "coordinates": [[[-3.095719674141806, 53.400717752042056], [-3.095715055127868, 53.4005380138393], [-3.095414311357065, 53.40054077397963], [-3.0954050760119576, 53.400181297521], [-3.0951043347251797, 53.40018405686805], [-3.0950997183939704, 53.4000043186122], [-3.094798978324361, 53.40000707718396], [-3.09479436330963, 53.39982733890442], [-3.094493624457194, 53.39983009670095], [-3.094502852002653, 53.40018957329024], [-3.0948035933887414, 53.4001868154578], [-3.0948128236664423, 53.40054629198828], [-3.095113567536584, 53.4005435333626], [-3.0951181840167807, 53.40072327160131], [-3.095719674141806, 53.400717752042056]]]}, "properties": {"kind": "max_footprint", "threshold_pct": 7.0}}, {"type": "Feature", "geometry": {"type": "Polygon", "coordinates": [[[-3.090010104937117, 53.40094980408524], [-3.089996320107284, 53.40041058845478], [-3.089695576661827, 53.40041333418817], [-3.089686389556125, 53.400053857036845], [-3.089385648594953, 53.40005660197715], [-3.0893810563830555, 53.39987686337503], [-3.089080316639312, 53.39987960754013], [-3.0890757257436334, 53.39969986891442], [-3.0881735100165897, 53.39970809681241], [-3.088178097111813, 53.39988783549171], [-3.0884788370036773, 53.3998850935985], [-3.0884834254150797, 53.40006483225423], [-3.088784166524417, 53.40006208958584], [-3.088788756252027, 53.400241828218], [-3.0890894985788337, 53.40023908477443], [-3.089094089622678, 53.400418823383], [-3.088793346029011, 53.40042156684443], [-3.0887979358553714, 53.40060130546515], [-3.089098680715911, 53.400598561985845], [-3.089103271858533, 53.400778300582964], [-3.089404017936568, 53.40077555632847], [-3.0894086103954828, 53.400955294902], [-3.090010104937117, 53.40094980408524]]]}, "properties": {"kind": "max_footprint", "threshold_pct": 7.0}}, {"type": "Feature", "geometry": {"type": "Polygon", "coordinates": [[[-3.098102487406792, 53.39979695316129], [-3.098097858506906, 53.399617215073945], [-3.0977971214681226, 53.39961998118267], [-3.0978017491012135, 53.39979971928805], [-3.098102487406792, 53.39979695316129]]]}, "properties": {"kind": "max_footprint", "threshold_pct": 7.0}}, {"type": "Feature", "geometry": {"type": "Polygon", "coordinates": [[[-3.0938921466034315, 53.399835610022066], [-3.0938875354387623, 53.399655871682924], [-3.0935867977042744, 53.399658627189595], [-3.0935914076021374, 53.39983836554669], [-3.0938921466034315, 53.399835610022066]]]}, "properties": {"kind": "max_footprint", "threshold_pct": 7.0}}, {"type": "Feature", "geometry": {"type": "Polygon", "coordinates": [[[-3.094243625576375, 53.40180997489559], [-3.09423901259905, 53.40163023663735], [-3.0939382609785517, 53.40163299309879], [-3.093933649317795, 53.40145325481687], [-3.0945351499752802, 53.40144774117254], [-3.0945305358302795, 53.4012680029208], [-3.094831284817643, 53.40126524498059], [-3.0948266694553657, 53.40108550674109], [-3.093924426145116, 53.40109377823586], [-3.0939198146331917, 53.40091403993679], [-3.0936190680307716, 53.40091679556909], [-3.0936144578353457, 53.40073705724633], [-3.093012967015509, 53.40074256620309], [-3.09300835940343, 53.40056282783873], [-3.092707615186029, 53.40056558116318], [-3.0927030088903815, 53.400385842775165], [-3.0924022658902905, 53.40038859532438], [-3.092397660911046, 53.400208856912705], [-3.0920969191282666, 53.40021160868669], [-3.0920877118520553, 53.39985213181033], [-3.0917869725534137, 53.39985488279116], [-3.091782370256404, 53.39967514432647], [-3.0908801558639096, 53.39968339267146], [-3.0908755574168065, 53.399503654147324], [-3.0905748204538197, 53.399506402063146], [-3.0905702233229695, 53.39932666351541], [-3.090269487577316, 53.399329410656065], [-3.090264891762695, 53.399149672084704], [-3.089964157234374, 53.39915241845018], [-3.089959562735953, 53.398972679855206], [-3.088756629195604, 53.39898365767279], [-3.088770397637834, 53.399522873655066], [-3.0890711348973423, 53.399520130282966], [-3.0890757257436334, 53.39969986891442], [-3.0896772026480854, 53.399694379862616], [-3.089681796077398, 53.39987411845258], [-3.0902832753178235, 53.39986862633582], [-3.0902878713302093, 53.4000483648843], [-3.090588612143094, 53.40004561767206], [-3.090593209471764, 53.40022535619693], [-3.090893951502033, 53.4002226082095], [-3.0909031488414676, 53.40058208520626], [-3.091203893355988, 53.40057933642572], [-3.0912130934270885, 53.400938813363794], [-3.0915138404258973, 53.40093606379011], [-3.091523043228774, 53.401295540669466], [-3.0918237927119088, 53.40129279030261], [-3.0918283954545362, 53.40147252871581], [-3.0930313979595123, 53.40146151960335], [-3.0930406137289363, 53.40182099626911], [-3.094243625576375, 53.40180997489559]]]}, "properties": {"kind": "max_footprint", "threshold_pct": 7.0}}, {"type": "Feature", "geometry": {"type": "Polygon", "coordinates": [[[-3.0875582792296408, 53.39917436211186], [-3.0875491105503343, 53.39881488463033], [-3.0872483781111963, 53.39881762414459], [-3.0872437951122564, 53.398637885377404], [-3.0869430638905575, 53.398640624116545], [-3.0869476456227556, 53.39882036290157], [-3.0866469130850276, 53.398823100901275], [-3.08665149359976, 53.3990028396984], [-3.0863507597460016, 53.39900557695864], [-3.0863553390432403, 53.399185315767916], [-3.0869568092350184, 53.399179840454444], [-3.0869522274042436, 53.39900010168086], [-3.0872529611594373, 53.39899736290606], [-3.0872575442569814, 53.399177101661806], [-3.0875582792296408, 53.39917436211186]]]}, "properties": {"kind": "max_footprint", "threshold_pct": 7.0}}, {"type": "Feature", "geometry": {"type": "Polygon", "coordinates": [[[-3.104690777643026, 53.39865748055356], [-3.104686121174359, 53.398477742829456], [-3.10438539283462, 53.39848052548972], [-3.1043900480365894, 53.398660263231946], [-3.104690777643026, 53.39865748055356]]]}, "properties": {"kind": "max_footprint", "threshold_pct": 7.0}}, {"type": "Feature", "geometry": {"type": "Polygon", "coordinates": [[[-3.093286059920194, 53.39966138193896], [-3.0932768428068136, 53.39930190517172], [-3.0929761075067312, 53.39930465912792], [-3.0929715002911746, 53.39912492071781], [-3.0926707662082973, 53.39912767389881], [-3.092661554459361, 53.39876819702545], [-3.0923608228604316, 53.398770949413326], [-3.092347009408768, 53.398231734006636], [-3.0920462815604504, 53.39823448558346], [-3.0920416784423135, 53.3980547470852], [-3.0917409518111665, 53.39805749788684], [-3.0917363500092203, 53.39787775936496], [-3.091134899131784, 53.397883258660706], [-3.091130299912664, 53.397703520097245], [-3.09082957566639, 53.397706268591364], [-3.0908479677729868, 53.39842522288239], [-3.091148697085996, 53.39842247431669], [-3.091153296503021, 53.39860221285724], [-3.0914540270332695, 53.39859946351638], [-3.0914586277665017, 53.39877920203328], [-3.092060091211969, 53.398773701043915], [-3.092069297893913, 53.39913317798895], [-3.092370032075872, 53.3991304263225], [-3.0923746367578944, 53.3993101647685], [-3.0926753721570877, 53.39930741232687], [-3.092679978155427, 53.399487150749216], [-3.092980714771853, 53.39948439753236], [-3.0929853220865375, 53.39966413593106], [-3.093286059920194, 53.39966138193896]]]}, "properties": {"kind": "max_footprint", "threshold_pct": 7.0}}, {"type": "Feature", "geometry": {"type": "Polygon", "coordinates": [[[-3.0890298195030077, 53.39790248234254], [-3.0890206388474626, 53.397543004959495], [-3.0884191921469797, 53.397548490553355], [-3.0884283677358786, 53.397907968007836], [-3.0890298195030077, 53.39790248234254]]]}, "properties": {"kind": "max_footprint", "threshold_pct": 7.0}}, {"type": "Feature", "geometry": {"type": "Polygon", "coordinates": [[[-3.1040753567244566, 53.39812383185484], [-3.1040567418845026, 53.39740488071031], [-3.1043574626744053, 53.397402098916004], [-3.104352807822963, 53.397222361133686], [-3.1040520882996625, 53.397225142909875], [-3.104047434764882, 53.39704540510369], [-3.1037467164581147, 53.39704818610452], [-3.10374206423997, 53.3968684482745], [-3.103441347149738, 53.396871228500046], [-3.103473904861369, 53.39812939331665], [-3.1040753567244566, 53.39812383185484]]]}, "properties": {"kind": "max_footprint", "threshold_pct": 7.0}}, {"type": "Feature", "geometry": {"type": "Polygon", "coordinates": [[[-3.09082957566639, 53.397706268591364], [-3.0908249777633947, 53.397526530004285], [-3.0920278693849967, 53.39751553155607], [-3.0920232664649214, 53.39733579303492], [-3.0923239879799373, 53.397333041547704], [-3.092319383842757, 53.39715330303876], [-3.09201866359436, 53.39715605450805], [-3.0920140607733115, 53.39697631597547], [-3.091111903530921, 53.39698456578626], [-3.0911165025521483, 53.397164304372595], [-3.0905150616099566, 53.39716980049615], [-3.0905104651219486, 53.39699006187402], [-3.0902097458432882, 53.39699280878208], [-3.0902143410646867, 53.397172547422095], [-3.089913620469985, 53.39717529359082], [-3.0899182144741917, 53.397355032243], [-3.090218936335516, 53.3973522860564], [-3.090223531655779, 53.39753202468497], [-3.09052425473431, 53.39752927772324], [-3.0905288513706544, 53.39770901632821], [-3.09082957566639, 53.397706268591364]]]}, "properties": {"kind": "max_footprint", "threshold_pct": 7.0}}, {"type": "Feature", "geometry": {"type": "Polygon", "coordinates": [[[-3.107054615077126, 53.39701755344846], [-3.1070499489266648, 53.39683781581794], [-3.1067492323876595, 53.39684060437277], [-3.106753897271549, 53.39702034202142], [-3.107054615077126, 53.39701755344846]]]}, "properties": {"kind": "max_footprint", "threshold_pct": 7.0}}, {"type": "Feature", "geometry": {"type": "Polygon", "coordinates": [[[-3.1046488712282283, 53.39703984083034], [-3.1046442152103513, 53.39686010305466], [-3.104343498270291, 53.396862885551826], [-3.1043481530215895, 53.3970426233456], [-3.1046488712282283, 53.39703984083034]]]}, "properties": {"kind": "max_footprint", "threshold_pct": 7.0}}, {"type": "Feature", "geometry": {"type": "Polygon", "coordinates": [[[-3.104343498270291, 53.396862885551826], [-3.1043388435690606, 53.39668314775231], [-3.104038127845493, 53.396685929474124], [-3.104042781280159, 53.39686566729177], [-3.104343498270291, 53.396862885551826]]]}, "properties": {"kind": "max_footprint", "threshold_pct": 7.0}}, {"type": "Feature", "geometry": {"type": "Polygon", "coordinates": [[[-3.0887061487088032, 53.397006531964], [-3.088701559869829, 53.39682679322889], [-3.088400841561391, 53.39682953557575], [-3.088405429133763, 53.39700927432873], [-3.0887061487088032, 53.397006531964]]]}, "properties": {"kind": "max_footprint", "threshold_pct": 7.0}}, {"type": "Feature", "geometry": {"type": "Polygon", "coordinates": [[[-3.104038127845493, 53.396685929474124], [-3.104033474460883, 53.39650619165077], [-3.1037327599538083, 53.39650897259727], [-3.103737412071868, 53.39668871043877], [-3.104038127845493, 53.396685929474124]]]}, "properties": {"kind": "max_footprint", "threshold_pct": 7.0}}, {"type": "Feature", "geometry": {"type": "Polygon", "coordinates": [[[-3.095317350142819, 53.39676627002236], [-3.0953127334884707, 53.39658653167574], [-3.095012017535708, 53.396589290663336], [-3.095007402197577, 53.396409552293], [-3.094706687461726, 53.39641231050546], [-3.094715915654505, 53.396771787276336], [-3.095317350142819, 53.39676627002236]]]}, "properties": {"kind": "max_footprint", "threshold_pct": 7.0}}, {"type": "Feature", "geometry": {"type": "Polygon", "coordinates": [[[-3.091107304559167, 53.39680482719421], [-3.091098106764068, 53.396445349992945], [-3.0904966759545864, 53.39645084597332], [-3.0905012722942633, 53.3966305846126], [-3.090801988990301, 53.396627836983114], [-3.0908065866460035, 53.3968075755988], [-3.091107304559167, 53.39680482719421]]]}, "properties": {"kind": "max_footprint", "threshold_pct": 7.0}}, {"type": "Feature", "geometry": {"type": "Polygon", "coordinates": [[[-3.1023267586549124, 53.40029736134047], [-3.1023221118699875, 53.40011762352306], [-3.1020213717291796, 53.40012040028805], [-3.1020167262610583, 53.39994066244682], [-3.10171598733709, 53.39994343843645], [-3.101706699084356, 53.39958396270064], [-3.1014059626440162, 53.39958673789682], [-3.101401319859361, 53.39940700000224], [-3.1011005846358537, 53.39940977442306], [-3.1010959431679037, 53.3992300365047], [-3.1007952091612254, 53.39923281015017], [-3.1007905690099564, 53.39905307220803], [-3.1004898362201114, 53.39905584507816], [-3.1004805586007746, 53.39869636914052], [-3.1001798282944866, 53.39869914121727], [-3.1001751908263793, 53.398519403221826], [-3.0998744617369134, 53.39852217452328], [-3.0998651894837357, 53.398162698479055], [-3.099564462877777, 53.39816546898715], [-3.0995598280926653, 53.397985730938416], [-3.09895837726453, 53.397991269646795], [-3.098967641817902, 53.398350745810696], [-3.098366185723733, 53.398356281562236], [-3.098375445409604, 53.39871575777533], [-3.097172522490059, 53.39872682033543], [-3.097167897689081, 53.39854708215968], [-3.096566438464182, 53.39855260886015], [-3.0965618162463615, 53.398372870642675], [-3.096261087826026, 53.398375632839056], [-3.0962564669246198, 53.398195894597855], [-3.095955739721267, 53.398198656018955], [-3.0959465006009204, 53.39783917948346], [-3.0953450511118343, 53.39784469998201], [-3.0953404341595054, 53.397664961669705], [-3.095039710607111, 53.39766772076514], [-3.0950350949710854, 53.39748798242916], [-3.0947343726356804, 53.397490740749404], [-3.094725144045822, 53.39713126402432], [-3.094424424194019, 53.3971340215514], [-3.0944198112401446, 53.39695428316231], [-3.094119092605322, 53.39695703991421], [-3.0941144809676553, 53.39677730150145], [-3.0938137635498126, 53.39678005747818], [-3.093809153228327, 53.39660031904175], [-3.0935084370274666, 53.39660307424332], [-3.093503828022136, 53.396423335783226], [-3.093203113038258, 53.396426090209644], [-3.093198505349053, 53.396246351725885], [-3.092597077765717, 53.396251858271256], [-3.0925924726591485, 53.396072119745895], [-3.0916903347122675, 53.39608037383124], [-3.0916949360192225, 53.39626011241036], [-3.0919956499842347, 53.396257361787846], [-3.0920048552797508, 53.3966168388931], [-3.0923055717283705, 53.39661408747756], [-3.0923147797551014, 53.396973564524075], [-3.093216936403262, 53.39696530562664], [-3.09322154429073, 53.39714504408751], [-3.0935222643409377, 53.397142289589326], [-3.0935314827978235, 53.39750176645803], [-3.0938322053316947, 53.39749901116672], [-3.093836815901155, 53.39767874957455], [-3.094137539652073, 53.39767599350807], [-3.0941790484095506, 53.39929363875938], [-3.0944797835112468, 53.39929088177404], [-3.0944843971102634, 53.39947062008874], [-3.094785133429105, 53.399467862328144], [-3.094789748344546, 53.39964760061916], [-3.095090485880533, 53.399644842083305], [-3.0950951021124222, 53.39982458035061], [-3.095395840865554, 53.39982182103951], [-3.0953912233668612, 53.399642082790166], [-3.0959926981904875, 53.39963656193204], [-3.0959880782078915, 53.39945682371294], [-3.0971910221914865, 53.39944577298116], [-3.097186397191501, 53.399266034828315], [-3.0983893353119547, 53.39925497205204], [-3.0983800753272472, 53.3988954958733], [-3.0986808071993814, 53.398892728322096], [-3.098676176015011, 53.39871299024214], [-3.0995783675322612, 53.398704683099005], [-3.09958300251681, 53.398884421124855], [-3.0998837341895826, 53.39888165054457], [-3.0998883704907287, 53.39906138854664], [-3.1001891033803646, 53.39905861719103], [-3.1001937409981357, 53.3992383551693], [-3.100494475104633, 53.399235583038376], [-3.1004991140390574, 53.39941532099288], [-3.1007998493624136, 53.39941254808661], [-3.100809129914541, 53.39977202394231], [-3.1011098677215445, 53.39976925024263], [-3.101114509339289, 53.39994898814381], [-3.1014152483631645, 53.39994621366879], [-3.101419891297657, 53.40012595154619], [-3.1017206315383987, 53.40012317629576], [-3.101725275789669, 53.400302914149364], [-3.1023267586549124, 53.40029736134047]]]}, "properties": {"kind": "max_footprint", "threshold_pct": 7.0}}, {"type": "Feature", "geometry": {"type": "Polygon", "coordinates": [[[-3.1037327599538083, 53.39650897259727], [-3.1037188038998806, 53.39596975903849], [-3.102816671477185, 53.3959780971719], [-3.102821319645586, 53.39615783508486], [-3.102520607471493, 53.396160612966405], [-3.1025252544233672, 53.39634035089173], [-3.1028259678639873, 53.396337572992095], [-3.102830616132389, 53.39651731089363], [-3.1037327599538083, 53.39650897259727]]]}, "properties": {"kind": "max_footprint", "threshold_pct": 7.0}}, {"type": "Feature", "geometry": {"type": "Polygon", "coordinates": [[[-3.109164313376696, 53.39717774973324], [-3.1091596383099716, 53.39699801223573], [-3.1088589208560378, 53.397000806109176], [-3.1088448997572535, 53.39646159352771], [-3.1085441860527037, 53.39646438658936], [-3.10853484143792, 53.39610491147002], [-3.108234130216147, 53.396107703738124], [-3.108220117470363, 53.39556849096156], [-3.107017287278806, 53.39557965224399], [-3.107021953077931, 53.3957593899146], [-3.1067212441380616, 53.39576217836045], [-3.1067259087208856, 53.39594191604349], [-3.107026618927243, 53.39593912757949], [-3.107031284826744, 53.39611886523863], [-3.1073319962494157, 53.396116075999295], [-3.107341330732036, 53.396475551264075], [-3.1076420446375446, 53.396472761231195], [-3.107651381854084, 53.39683223643669], [-3.10795209824247, 53.39682944561027], [-3.107947428342536, 53.39664970802856], [-3.1082481434141336, 53.39664691646312], [-3.108252814580622, 53.39682665402663], [-3.108553530868525, 53.39682386168578], [-3.1085628758853945, 53.397183336759305], [-3.109164313376696, 53.39717774973324]]]}, "properties": {"kind": "max_footprint", "threshold_pct": 7.0}}, {"type": "Feature", "geometry": {"type": "Polygon", "coordinates": [[[-3.1061244881576564, 53.395947490699946], [-3.106115164108117, 53.395588015255505], [-3.105213040486101, 53.3955963714525], [-3.105222356936731, 53.39595584700578], [-3.1061244881576564, 53.395947490699946]]]}, "properties": {"kind": "max_footprint", "threshold_pct": 7.0}}, {"type": "Feature", "geometry": {"type": "Polygon", "coordinates": [[[-3.1067212441380616, 53.39576217836045], [-3.106716579605412, 53.39558244067166], [-3.1064158718818446, 53.39558522834218], [-3.1064205351480174, 53.395764966049114], [-3.1067212441380616, 53.39576217836045]]]}, "properties": {"kind": "max_footprint", "threshold_pct": 7.0}}, {"type": "Feature", "geometry": {"type": "Polygon", "coordinates": [[[-3.1118239172060416, 53.39535519704089], [-3.111819231244223, 53.39517545965007], [-3.1115185269083594, 53.39517826015597], [-3.111513842263368, 53.394998522741176], [-3.1109124359733293, 53.39500412144506], [-3.110917118085472, 53.395183858896324], [-3.1112178225221045, 53.395181059904736], [-3.111222505951049, 53.39536079733204], [-3.1118239172060416, 53.39535519704089]]]}, "properties": {"kind": "max_footprint", "threshold_pct": 7.0}}, {"type": "Feature", "geometry": {"type": "Polygon", "coordinates": [[[-3.102816671477185, 53.3959780971719], [-3.1028120233587813, 53.39579835925319], [-3.1031127329498656, 53.39579558065068], [-3.1031080836149765, 53.39561584274435], [-3.104010208288655, 53.39560750244802], [-3.104005555204368, 53.395427764590295], [-3.104306262062373, 53.39542498299528], [-3.1043016077616823, 53.39524524514993], [-3.103399490836893, 53.3952535876091], [-3.103394840385591, 53.3950738497037], [-3.1030941359103728, 53.39507662899099], [-3.103089486775524, 53.39489689106175], [-3.102488080207936, 53.394902447328676], [-3.102483433655929, 53.39472270935753], [-3.1018820294212532, 53.39472826255966], [-3.1018866734404233, 53.394908000566964], [-3.1006838593060615, 53.394919097957676], [-3.100693137362737, 53.395278574099706], [-3.1012945495955373, 53.395273026846404], [-3.1012991912316488, 53.3954527648727], [-3.101599898539625, 53.39544999009222], [-3.1016045414921414, 53.395629728094725], [-3.1019052500166495, 53.39562695253902], [-3.101909894285595, 53.39580669051768], [-3.1022106040266335, 53.3958039141867], [-3.102215249612037, 53.39598365214159], [-3.102816671477185, 53.3959780971719]]]}, "properties": {"kind": "max_footprint", "threshold_pct": 7.0}}, {"type": "Feature", "geometry": {"type": "Polygon", "coordinates": [[[-3.092564843059966, 53.394993688473576], [-3.0925602383001354, 53.39481394990815], [-3.0922595345660713, 53.39481670190165], [-3.09226413805946, 53.39499644048499], [-3.092564843059966, 53.394993688473576]]]}, "properties": {"kind": "max_footprint", "threshold_pct": 7.0}}, {"type": "Feature", "geometry": {"type": "Polygon", "coordinates": [[[-3.095867976102806, 53.39478362800717], [-3.095863357461844, 53.39460388963352], [-3.095562655539789, 53.394606649937785], [-3.095567272914332, 53.394786388329415], [-3.095867976102806, 53.39478362800717]]]}, "properties": {"kind": "max_footprint", "threshold_pct": 7.0}}, {"type": "Feature", "geometry": {"type": "Polygon", "coordinates": [[[-3.1118098594718004, 53.394815984851235], [-3.111795802191186, 53.39427677260998], [-3.110893708028379, 53.39428517158269], [-3.1109030719001307, 53.39464464652536], [-3.111203772537532, 53.39464184758845], [-3.1112084558153463, 53.39482158503294], [-3.1118098594718004, 53.394815984851235]]]}, "properties": {"kind": "max_footprint", "threshold_pct": 7.0}}, {"type": "Feature", "geometry": {"type": "Polygon", "coordinates": [[[-3.1072946603270304, 53.39467817471096], [-3.1072853268484297, 53.39431869933157], [-3.1069846280901645, 53.394321488389245], [-3.1069939590359934, 53.39468096380496], [-3.1072946603270304, 53.39467817471096]]]}, "properties": {"kind": "max_footprint", "threshold_pct": 7.0}}, {"type": "Feature", "geometry": {"type": "Polygon", "coordinates": [[[-3.0988703739477463, 53.394576244947544], [-3.0988657426924364, 53.39439650674822], [-3.098565042534193, 53.39439927460595], [-3.0985696725231047, 53.3945790128233], [-3.0988703739477463, 53.394576244947544]]]}, "properties": {"kind": "max_footprint", "threshold_pct": 7.0}}, {"type": "Feature", "geometry": {"type": "Polygon", "coordinates": [[[-3.103084837690683, 53.394717153126784], [-3.1030801886558503, 53.394537415186086], [-3.1039822905336876, 53.394529075215694], [-3.103977637749697, 53.3943493373236], [-3.1036769384401675, 53.39435211805275], [-3.1036722869725972, 53.39417238013681], [-3.1030708907362023, 53.394177939287516], [-3.1030755396710235, 53.39435767723966], [-3.1027748402114357, 53.39436045569742], [-3.102784135698303, 53.39471993162073], [-3.103084837690683, 53.394717153126784]]]}, "properties": {"kind": "max_footprint", "threshold_pct": 7.0}}, {"type": "Feature", "geometry": {"type": "Polygon", "coordinates": [[[-3.110893708028379, 53.39428517158269], [-3.110889026168044, 53.39410543410278], [-3.110588329279394, 53.394108232227886], [-3.1105930098733725, 53.394287969726015], [-3.110893708028379, 53.39428517158269]]]}, "properties": {"kind": "max_footprint", "threshold_pct": 7.0}}, {"type": "Feature", "geometry": {"type": "Polygon", "coordinates": [[[-3.105777172223242, 53.39415289925958], [-3.1057725119411987, 53.39397316146477], [-3.10547181546488, 53.39397594670051], [-3.105467156499308, 53.39379620888185], [-3.105166461239218, 53.3937989933423], [-3.105175776687778, 53.39415846901017], [-3.105777172223242, 53.39415289925958]]]}, "properties": {"kind": "max_footprint", "threshold_pct": 7.0}}, {"type": "Feature", "geometry": {"type": "Polygon", "coordinates": [[[-3.0986530208404295, 53.397814299756575], [-3.098643759119311, 53.39745482352227], [-3.099245202447253, 53.39744928643656], [-3.099240569128182, 53.397269548346884], [-3.099541289450782, 53.39726677868624], [-3.09954592403647, 53.39744651675787], [-3.100448088504934, 53.39743820317842], [-3.100452726940362, 53.397617941190184], [-3.1013548947596425, 53.39760962074151], [-3.10134561033897, 53.39725014482065], [-3.1010448903156997, 53.39725291902463], [-3.1010356086279534, 53.39689344304472], [-3.1016370435581972, 53.39688789395181], [-3.1016324002560656, 53.39670815598941], [-3.101933116379702, 53.39670538032522], [-3.1019284718609623, 53.39652564237517], [-3.1010263271398903, 53.39653396704189], [-3.101021686470738, 53.396354229031886], [-3.1001195451000285, 53.396362546829636], [-3.1001149082803887, 53.39618280875975], [-3.100415620853989, 53.39618003693573], [-3.1004109828177087, 53.39600029887817], [-3.099208137290175, 53.39601138155881], [-3.0992035043698087, 53.39583164342333], [-3.0989027941298093, 53.39583441218248], [-3.0988981625257708, 53.39565467402324], [-3.0985974535024465, 53.39565744200718], [-3.0985928232147093, 53.395477703824184], [-3.098292115408059, 53.39548047103293], [-3.098282857514927, 53.3951209946137], [-3.0985835627886535, 53.395118227441], [-3.098578932650333, 53.394938489240836], [-3.0988796366078155, 53.39493572132902], [-3.098875005252873, 53.39475598314113], [-3.098574302561818, 53.394758751034935], [-3.0985696725231047, 53.3945790128233], [-3.0982689710486593, 53.394581779941944], [-3.09826434232615, 53.39440204170658], [-3.0976629417607078, 53.394407573636336], [-3.0976583156207624, 53.3942278353592], [-3.097056917389055, 53.394233364224384], [-3.0970522938316196, 53.39405362590552], [-3.096751595907537, 53.39405638918439], [-3.0967469736661966, 53.393876650841804], [-3.0964462769587593, 53.39387941334556], [-3.096441656033486, 53.39369967497926], [-3.096140960542696, 53.39370243670789], [-3.096131721373922, 53.39334295992215], [-3.0958310283661024, 53.39334572085767], [-3.095826410122559, 53.39316598243824], [-3.0952250264905334, 53.393171502002005], [-3.095234257962019, 53.39353097890708], [-3.095534952335501, 53.3935282194678], [-3.095544186538275, 53.39388769631404], [-3.0958448833947836, 53.39388493608166], [-3.095858738870561, 53.394424151254164], [-3.096159439476529, 53.39442139021072], [-3.0961686792416008, 53.39478086692778], [-3.095867976102806, 53.39478362800717], [-3.0958725947934504, 53.394963366375116], [-3.0961732991986786, 53.39496060527773], [-3.09617791920545, 53.395140343621925], [-3.095877213533775, 53.3951431047373], [-3.0958818323237827, 53.39532284309379], [-3.094679004074551, 53.39533388005547], [-3.094665163050958, 53.39479466475321], [-3.094364459663896, 53.39479742204683], [-3.094369072022363, 53.39497716050458], [-3.0940683673192506, 53.39497991705899], [-3.0940868121833747, 53.39569887090467], [-3.093786102364775, 53.39570162677371], [-3.093790712438304, 53.39588136523875], [-3.0940914235234103, 53.39587860935176], [-3.094096034913051, 53.396058347793165], [-3.094396747215073, 53.396055591131024], [-3.0944013599208486, 53.396235329548716], [-3.0950027869090917, 53.39622981391695], [-3.095007402197577, 53.396409552293], [-3.09530811688378, 53.39640679332336], [-3.0953127334884707, 53.39658653167574], [-3.095914165244996, 53.39658101142886], [-3.0959187844324876, 53.39676074973955], [-3.096219501502795, 53.39675798846232], [-3.0962241220065576, 53.396937726749286], [-3.0965248402937466, 53.39693496469687], [-3.096529462113808, 53.39711470296013], [-3.0968301816178747, 53.397111940132504], [-3.0968348047542613, 53.39729167837203], [-3.0971355254752053, 53.39728891476918], [-3.097140149927945, 53.39746865298499], [-3.0974408718657656, 53.397465888606895], [-3.097445497634886, 53.39764562679898], [-3.0977462207895794, 53.397642861645664], [-3.0977508478751083, 53.39782259981402], [-3.0986530208404295, 53.397814299756575]], [[-3.098625236274836, 53.39673587098492], [-3.098023802880421, 53.39674140489755], [-3.0980191748269594, 53.39656166671284], [-3.097417743766539, 53.396567197560586], [-3.097413118295965, 53.39638745933415], [-3.0965109751318596, 53.39639574987274], [-3.0965063535106605, 53.39621601158657], [-3.0959049270190784, 53.396221534790314], [-3.0958956889919054, 53.39586205812887], [-3.0961963997295046, 53.39585929694158], [-3.0961917795239438, 53.39567955862025], [-3.0964924889453425, 53.395676796693756], [-3.0964971104174017, 53.39585653499708], [-3.096797821055589, 53.39585377229541], [-3.096802443843875, 53.396033510575016], [-3.097403867504082, 53.39602798286411], [-3.097399242182772, 53.3958482446205], [-3.0970985316440505, 53.39585100883656], [-3.0970892836836703, 53.39549153229615], [-3.0973899916894103, 53.39548876811611], [-3.097394616911214, 53.395668506371166], [-3.0976953261336853, 53.39566574141594], [-3.0976999526717393, 53.39584547964726], [-3.0980006631109416, 53.39584271391685], [-3.0980052909652733, 53.396022452124434], [-3.098306002621205, 53.39601968561882], [-3.0983106317918416, 53.39619942380266], [-3.0986113446645005, 53.396196656521816], [-3.098625236274836, 53.39673587098492]]]}, "properties": {"kind": "max_footprint", "threshold_pct": 7.0}}, {"type": "Feature", "geometry": {"type": "Polygon", "coordinates": [[[-3.097334492908177, 53.39333190860881], [-3.0973298683330888, 53.393152170279315], [-3.0967284851980077, 53.39315769741422], [-3.0967331072404805, 53.39333743577971], [-3.097334492908177, 53.39333190860881]]]}, "properties": {"kind": "max_footprint", "threshold_pct": 7.0}}, {"type": "Feature", "geometry": {"type": "Polygon", "coordinates": [[[-3.10243232488239, 53.39274559129678], [-3.102427678930099, 53.39256585325688], [-3.1021269920336993, 53.392568630019504], [-3.102131636719736, 53.39274836807747], [-3.10243232488239, 53.39274559129678]]]}, "properties": {"kind": "max_footprint", "threshold_pct": 7.0}}, {"type": "Feature", "geometry": {"type": "Polygon", "coordinates": [[[-3.115958537340897, 53.39244011535371], [-3.115953834458481, 53.39226037812701], [-3.11535246767192, 53.392265998996244], [-3.1153571680219194, 53.392445736259546], [-3.115958537340897, 53.39244011535371]]]}, "properties": {"kind": "max_footprint", "threshold_pct": 7.0}}, {"type": "Feature", "geometry": {"type": "Polygon", "coordinates": [[[-3.1141685149358755, 53.392996180961276], [-3.1141591241130477, 53.392636706317], [-3.1150611824209213, 53.392628282852726], [-3.115056483286588, 53.392448545576855], [-3.11415442877739, 53.392456968986295], [-3.114149733492235, 53.39227723164982], [-3.1135483660993266, 53.39228284343416], [-3.113543673397072, 53.39210310605542], [-3.1132429908911, 53.392105910793696], [-3.1132382995055057, 53.391926173390964], [-3.1126369368745728, 53.3919317805598], [-3.1126463146314407, 53.392291255432575], [-3.112946998504521, 53.392288452190186], [-3.1129563789955705, 53.39264792700354], [-3.1135577516552613, 53.39264231817443], [-3.1135624445089407, 53.39282205553599], [-3.1138631320293206, 53.39281924996754], [-3.1138678261997326, 53.39299898730507], [-3.1141685149358755, 53.392996180961276]]]}, "properties": {"kind": "max_footprint", "threshold_pct": 7.0}}, {"type": "Feature", "geometry": {"type": "Polygon", "coordinates": [[[-3.1006838593060615, 53.394919097957676], [-3.1006792203525744, 53.39473935987807], [-3.100979922694626, 53.394736586684196], [-3.100975282524628, 53.39455684861692], [-3.1012759835503596, 53.39455407468397], [-3.10127134216388, 53.39437433662904], [-3.1015720418732946, 53.394371561956994], [-3.10156739927036, 53.39419182391441], [-3.101868097663457, 53.39418904850331], [-3.1018727415327705, 53.394368786527814], [-3.1024741407018546, 53.394363233398025], [-3.102464847947696, 53.394003757415604], [-3.102765544924536, 53.39400097975118], [-3.102760897356075, 53.393821241769494], [-3.1030615930165766, 53.39381846336604], [-3.1030569442317693, 53.393638725396706], [-3.1036583328700806, 53.393633166354604], [-3.103653681602637, 53.39345342841575], [-3.1033529885748097, 53.39345620829725], [-3.1033483386237, 53.39327647033455], [-3.1018448790661397, 53.393290358294855], [-3.1018309485071214, 53.39275114410108], [-3.1012295719320737, 53.392756693876976], [-3.1012249310448046, 53.39257695576477], [-3.100924243948656, 53.39257972949902], [-3.100919604377548, 53.39239999136302], [-3.1006189184977395, 53.39240276432211], [-3.100614280242765, 53.39222302616233], [-3.100313595579299, 53.39222579834627], [-3.1003089586404333, 53.39204606016271], [-3.0997075916963275, 53.39205160222325], [-3.0997029573397468, 53.39187186399788], [-3.099402275059124, 53.39187463387449], [-3.0993976420185807, 53.391694895625335], [-3.0990969609543195, 53.391697664726834], [-3.099101592728667, 53.39187740299401], [-3.0988009103483924, 53.39188017135647], [-3.0988055409063517, 53.392059909635954], [-3.099106224552835, 53.39205714125546], [-3.0991108564268215, 53.392236879511174], [-3.099411541289706, 53.3922341103556], [-3.099416174479747, 53.392413848587566], [-3.099716860559032, 53.39241107865683], [-3.0997353988826264, 53.39313003145528], [-3.0991340165440766, 53.393135570703954], [-3.099129384420981, 53.392955832476844], [-3.0988286944432533, 53.39295860094751], [-3.098824063636256, 53.39277886269663], [-3.0985233748749956, 53.392781630392136], [-3.0985187453840712, 53.39260189211753], [-3.0979173702447076, 53.39260742520121], [-3.0979219972031027, 53.39278716351185], [-3.097621308292497, 53.392789928936075], [-3.097635185667418, 53.393329143887684], [-3.0979358783769015, 53.39332637840944], [-3.097949759998632, 53.3938655932555], [-3.09855115286627, 53.39386005991955], [-3.0985557827057777, 53.39403979815408], [-3.098856480331262, 53.39403703033237], [-3.098861111486942, 53.39421676854315], [-3.0991618103289835, 53.39421399994631], [-3.0991664428008634, 53.394393738133324], [-3.0994671428594627, 53.39439096876127], [-3.099476410485518, 53.394750445082074], [-3.1000778155187896, 53.39474490399437], [-3.1000824519394317, 53.394924642110084], [-3.1006838593060615, 53.394919097957676]]]}, "properties": {"kind": "max_footprint", "threshold_pct": 7.0}}, {"type": "Feature", "geometry": {"type": "Polygon", "coordinates": [[[-3.1035885691112064, 53.3909370966703], [-3.103579268127077, 53.39057762061501], [-3.103879940845619, 53.390574840266154], [-3.1038752891624934, 53.390395102248], [-3.103273946207565, 53.3904006621525], [-3.1032692971066207, 53.39022092409244], [-3.102968626820219, 53.39022370289102], [-3.1029825704748015, 53.39076291710833], [-3.1032832445594694, 53.390760138255466], [-3.1032878938104274, 53.39093987629834], [-3.1035885691112064, 53.3909370966703]]]}, "properties": {"kind": "max_footprint", "threshold_pct": 7.0}}, {"type": "Feature", "geometry": {"type": "Polygon", "coordinates": [[[-3.1159021060902385, 53.39028326825488], [-3.115897403814774, 53.390103530959365], [-3.1155967356402186, 53.39010634155286], [-3.115601436649637, 53.39028607886668], [-3.1159021060902385, 53.39028326825488]]]}, "properties": {"kind": "max_footprint", "threshold_pct": 7.0}}, {"type": "Feature", "geometry": {"type": "Polygon", "coordinates": [[[-3.116818232633023, 53.39081404356468], [-3.1168135264075767, 53.39063430634131], [-3.11801621318511, 53.390623047093065], [-3.1180115019460084, 53.39044330993728], [-3.1183121722476805, 53.390440493251], [-3.118307459793197, 53.39026075610784], [-3.1177061216712905, 53.39026638868671], [-3.1177014117995716, 53.390086651501136], [-3.1174007439286657, 53.39008946663672], [-3.1173960353736305, 53.38990972942706], [-3.1167947020119624, 53.389915357390514], [-3.116799408034942, 53.390095094636834], [-3.116498740012151, 53.39009790750136], [-3.1165034448197018, 53.39027764476023], [-3.1159021060902385, 53.39028326825488], [-3.1159068084162787, 53.39046300554467], [-3.115004796144624, 53.390471435163875], [-3.1150094947230205, 53.39065117250282], [-3.1156108388201624, 53.390645553477114], [-3.1156155399812686, 53.39082529077371], [-3.115916213220086, 53.39082248010698], [-3.115911510792894, 53.39064274282869], [-3.1162121827150506, 53.39063993142327], [-3.116216886408328, 53.390819668683264], [-3.116818232633023, 53.39081404356468]]]}, "properties": {"kind": "max_footprint", "threshold_pct": 7.0}}, {"type": "Feature", "geometry": {"type": "Polygon", "coordinates": [[[-3.1029593313004473, 53.38986422671752], [-3.1029546836155437, 53.389684488622166], [-3.1026540170773, 53.38968726660944], [-3.102649370708405, 53.389507528490284], [-3.102048040014058, 53.38951308215766], [-3.1020573277377026, 53.389872558462606], [-3.1029593313004473, 53.38986422671752]]]}, "properties": {"kind": "max_footprint", "threshold_pct": 7.0}}, {"type": "Feature", "geometry": {"type": "Polygon", "coordinates": [[[-3.101442067865047, 53.389338894599796], [-3.101432785505036, 53.38897941818818], [-3.1008314620072235, 53.3889849656911], [-3.1008407393032673, 53.38934444217497], [-3.101442067865047, 53.389338894599796]]]}, "properties": {"kind": "max_footprint", "threshold_pct": 7.0}}, {"type": "Feature", "geometry": {"type": "Polygon", "coordinates": [[[-3.1052994671081855, 53.38732564359438], [-3.1052948099963036, 53.38714590556375], [-3.1049941615813275, 53.38714868935331], [-3.104998817427369, 53.38732842740207], [-3.1052994671081855, 53.38732564359438]]]}, "properties": {"kind": "max_footprint", "threshold_pct": 7.0}}, {"type": "Feature", "geometry": {"type": "Polygon", "coordinates": [[[-3.1248131527280396, 53.38606465132236], [-3.124808413643985, 53.38588491444627], [-3.12450777610736, 53.38588774732573], [-3.124512513925704, 53.38606748422024], [-3.1248131527280396, 53.38606465132236]]]}, "properties": {"kind": "max_footprint", "threshold_pct": 7.0}}, {"type": "Feature", "geometry": {"type": "Polygon", "coordinates": [[[-3.1106456388086445, 53.38475907724837], [-3.1106362804743752, 53.384399601675206], [-3.1103356519487857, 53.3844023988164], [-3.1103309741227383, 53.38422266100301], [-3.1100303468124526, 53.38422545736913], [-3.1100396999836195, 53.38458493302661], [-3.110340329825138, 53.384582136624076], [-3.110345007751799, 53.384761874426005], [-3.1106456388086445, 53.38475907724837]]]}, "properties": {"kind": "max_footprint", "threshold_pct": 7.0}}, {"type": "Feature", "geometry": {"type": "Polygon", "coordinates": [[[-3.121523266742004, 53.375308712463855], [-3.12151854336358, 53.375128975059226], [-3.121217981236201, 53.37513179926602], [-3.12121325917345, 53.37495206183726], [-3.1209126982601867, 53.37495488526908], [-3.1209221399066727, 53.37531436015763], [-3.121523266742004, 53.375308712463855]]]}, "properties": {"kind": "max_footprint", "threshold_pct": 7.0}}, {"type": "Feature", "geometry": {"type": "Polygon", "coordinates": [[[-3.12119909328982, 53.374412849516574], [-3.1211896496212477, 53.37405337460741], [-3.1205885403924487, 53.3740590205306], [-3.1205932596717094, 53.37423875802482], [-3.1208938155763053, 53.37423593542314], [-3.120898536171142, 53.37441567289324], [-3.12119909328982, 53.374412849516574]]]}, "properties": {"kind": "max_footprint", "threshold_pct": 7.0}}, {"type": "Feature", "geometry": {"type": "Polygon", "coordinates": [[[-3.110015004473449, 53.395192251328154], [-3.1100103261605834, 53.39501251382224], [-3.110611732752758, 53.39500691966127], [-3.1106070519573903, 53.39482718218608], [-3.1103063499528827, 53.39482997962691], [-3.110301670474261, 53.39465024212773], [-3.1100009696858164, 53.39465303879321], [-3.1099962915239145, 53.39447330127009], [-3.1096955919515374, 53.394476097160215], [-3.1096909151063272, 53.39429635961314], [-3.109089518343414, 53.39430194908557], [-3.109080169869324, 53.39394247390145], [-3.1087794739451526, 53.393945267465575], [-3.1087654554100546, 53.39340605459183], [-3.1090661475352657, 53.3934032610823], [-3.109061473524463, 53.39322352346444], [-3.1084600917563674, 53.393229109690026], [-3.1084554203283994, 53.39304937203007], [-3.1096581785983775, 53.39303819662329], [-3.109662855091463, 53.39321793421044], [-3.110264236457259, 53.39321234192804], [-3.1102689155332266, 53.39339207947306], [-3.1111709910032896, 53.39338368531648], [-3.1111663081284546, 53.393203947826144], [-3.112970450110511, 53.39318713918055], [-3.1129563789955705, 53.39264792700354], [-3.112655692590044, 53.39265073028244], [-3.1126510035855257, 53.39247099286038], [-3.112350318395795, 53.39247379536396], [-3.1123456307079276, 53.39229405791791], [-3.111744262709652, 53.39229966061731], [-3.1117395776046113, 53.39211992312904], [-3.110837529027905, 53.39212832144537], [-3.1108328477718334, 53.391948583896685], [-3.1105321660784044, 53.39195138180309], [-3.110522806249656, 53.39159190665203], [-3.1102221270382375, 53.39159470376492], [-3.1102174484655216, 53.39141496616261], [-3.1099167704699346, 53.39141776250023], [-3.109921447776497, 53.39159750012078], [-3.109620768464449, 53.391600295719556], [-3.1096347968874425, 53.392139508601446], [-3.1093341137265504, 53.392142303497764], [-3.10933878870193, 53.3923220411318], [-3.109038104224545, 53.392324835289244], [-3.1090334305153764, 53.392145097637034], [-3.108732747253931, 53.39214789101921], [-3.108728074861229, 53.39196815334305], [-3.1081267107199837, 53.39197373779981], [-3.1081220409099077, 53.391794000081546], [-3.108422721739465, 53.391791208249906], [-3.1084133797376636, 53.39143173283255], [-3.108714057984651, 53.39142894028021], [-3.1087093857929657, 53.39124920258112], [-3.10991209321368, 53.39123802487395], [-3.109907416007732, 53.39105828724193], [-3.1102080914710517, 53.391055490940744], [-3.1102127699431263, 53.391235228554535], [-3.111415476357568, 53.391224035706365], [-3.111420159944519, 53.39140377324154], [-3.1120215153818194, 53.39139817223868], [-3.1120262015514446, 53.39157790973164], [-3.1132289168856953, 53.391566698568276], [-3.1132195344677154, 53.39120722372266], [-3.1129188582420864, 53.391210027612566], [-3.1129094785581595, 53.39085055270748], [-3.113510825894511, 53.390844944243675], [-3.113515518243465, 53.391024681662564], [-3.1138161931020503, 53.391021876276824], [-3.113820886767592, 53.3912016136717], [-3.114121562841811, 53.39119880751066], [-3.1141262578239672, 53.391378544881526], [-3.1147276123531604, 53.39137293025172], [-3.1147323099181006, 53.391552667580264], [-3.1156343451313417, 53.39154423990281], [-3.115629643767976, 53.39136450262915], [-3.1159303208051328, 53.39136169190751], [-3.115925618226206, 53.39118195464643], [-3.115324266633578, 53.39118757529602], [-3.115319566637457, 53.39100783799256], [-3.1150188920314226, 53.3910106471635], [-3.1150141933519526, 53.390830909836026], [-3.114713519961484, 53.390833718231626], [-3.1147041252863166, 53.3904742435229], [-3.115004796144624, 53.390471435163875], [-3.1150000976167624, 53.390291697819194], [-3.1143987583817485, 53.390297313743645], [-3.114394062436518, 53.39011757635666], [-3.1140933940092927, 53.390120383165076], [-3.1140886993806016, 53.389940645754066], [-3.1137880321689186, 53.3899434517872], [-3.113783338856744, 53.38976371435217], [-3.113482672860605, 53.38976651961001], [-3.113473288919692, 53.38940704468625], [-3.1140746157974815, 53.38940143348666], [-3.1140699213707568, 53.389221696052736], [-3.114370583467943, 53.38921888933572], [-3.1143752791606487, 53.38939862675139], [-3.1146759424733115, 53.389395819259086], [-3.1146712455146246, 53.38921608186172], [-3.1152725694564296, 53.38921046464275], [-3.1152772689470725, 53.389390202003526], [-3.1161792582785965, 53.38938177044271], [-3.116183961617757, 53.38956150774287], [-3.117987946510559, 53.389544624072414], [-3.1179832355754757, 53.389364886882234], [-3.118283898281034, 53.389362070306014], [-3.118279186130645, 53.389182333128446], [-3.1185798475195523, 53.38917951581358], [-3.118575134153888, 53.3889997786486], [-3.1191764542476967, 53.38899414178463], [-3.1191811701452727, 53.38917387891288], [-3.1200831537034146, 53.3891654178844], [-3.1200784340079766, 53.38898568081125], [-3.119477114218528, 53.38899132221715], [-3.11947239710573, 53.38881158510153], [-3.1191717384008397, 53.38881440465064], [-3.119162306859284, 53.38845493036545], [-3.1197636191546505, 53.38844929058372], [-3.11975890092815, 53.38826955346926], [-3.120660865192886, 53.38826108817454], [-3.120656143219478, 53.38808135110948], [-3.1209567966069547, 53.38807852784903], [-3.120952073418461, 53.38789879079661], [-3.120651421296853, 53.387901614038675], [-3.12064669942501, 53.38772187696213], [-3.1200453975611713, 53.38772752113862], [-3.120040678271798, 53.38754778401958], [-3.1203413279632595, 53.38754496232817], [-3.1203366074588113, 53.38736522522177], [-3.120637255833674, 53.38736240279181], [-3.1206325341141796, 53.38718266569806], [-3.1224364157015954, 53.38716571533304], [-3.122431686438084, 53.386985978343944], [-3.1221310408997223, 53.38698880527869], [-3.1221263129528554, 53.38680906826543], [-3.1224269572254344, 53.3868062413491], [-3.1224222280636456, 53.38662650434852], [-3.122722871019593, 53.386623676693674], [-3.1227181406429074, 53.386443939705764], [-3.1236200654081925, 53.38643545225501], [-3.123615331285157, 53.38625571531664], [-3.1239159715060363, 53.38625288467103], [-3.1239112361681878, 53.38607314774534], [-3.1242118750724166, 53.38607031636124], [-3.1241976655673303, 53.38553110560511], [-3.1238970304601965, 53.38553393693388], [-3.1238922953260477, 53.38535419998527], [-3.1235916614336614, 53.38535703053873], [-3.1235869276160937, 53.385177293565924], [-3.1229856622099263, 53.38518295236536], [-3.1229903934961754, 53.385362689375015], [-3.1223891253551614, 53.385368345183785], [-3.1223843966002325, 53.3851886081373], [-3.122083763719098, 53.38519143488795], [-3.122074308893083, 53.38483196074096], [-3.1223749392429356, 53.384829134027115], [-3.122370210640567, 53.38464939696341], [-3.122670839673946, 53.38464656951112], [-3.1226661098568234, 53.384466832460106], [-3.1235679928549005, 53.38445834561734], [-3.123563259291867, 53.38427860861585], [-3.12386388559051, 53.38427577817299], [-3.123878090229136, 53.384814989104946], [-3.1244793502672654, 53.38480932583804], [-3.1244840877799067, 53.384989062766984], [-3.1250853501455023, 53.384983396435715], [-3.125071130166734, 53.38444418574232], [-3.12597301194226, 53.38443568073507], [-3.125968268254529, 53.384255943881165], [-3.1253670163196734, 53.384261614605926], [-3.125362275214099, 53.38408187770938], [-3.125963524617812, 53.38407620702153], [-3.125954037497415, 53.38371673328504], [-3.1265552816348783, 53.383711059643744], [-3.12655053562014, 53.38353132280384], [-3.1268511563467913, 53.38352848486642], [-3.1268464091175763, 53.38334874803925], [-3.1271470285276615, 53.38334590936349], [-3.127137531691397, 53.38298643572891], [-3.127438148519434, 53.38298359633333], [-3.1274333989124243, 53.3828038595259], [-3.127734014423913, 53.382801019392], [-3.127724512832218, 53.38244154579695], [-3.1280251257617158, 53.38243870494321], [-3.1280156218435264, 53.38207923136219], [-3.1283162321910796, 53.38207638978869], [-3.128311479043232, 53.38189665300809], [-3.1286120880742705, 53.38189381069629], [-3.1286073337121496, 53.381714073928464], [-3.128907941426673, 53.381711230878416], [-3.1288841640562093, 53.38081254704563], [-3.1291847653928673, 53.3808097033314], [-3.1291800088068786, 53.380629966566126], [-3.129480608827084, 53.38062712211366], [-3.129466335580181, 53.38008791183899], [-3.1297669317533963, 53.380085066685375], [-3.1297621728415, 53.379905329934196], [-3.130062767698294, 53.37990248404238], [-3.130048487473978, 53.379363273809986], [-3.130349078483925, 53.37936042721706], [-3.13033479492473, 53.37882121698858], [-3.130635382087943, 53.37881836969456], [-3.1306258574408368, 53.378458896217296], [-3.1309264420225524, 53.37845604820367], [-3.1309216785106884, 53.37827631147498], [-3.131222261776061, 53.37827346272321], [-3.1312032031804446, 53.37755451582515], [-3.1315037813342324, 53.37755166639095], [-3.13149424981372, 53.37719219294457], [-3.131794825386169, 53.37718934279082], [-3.131790058437752, 53.37700960607758], [-3.1320906326939206, 53.37700675518576], [-3.1320858645317466, 53.376827018485336], [-3.131785291540591, 53.376829869358595], [-3.131766224464494, 53.37611092242523], [-3.1320667923957393, 53.37610807162618], [-3.132052488832029, 53.37556886142155], [-3.131751924695575, 53.37557171216489], [-3.131742391772546, 53.375212238629274], [-3.132042953379209, 53.37520938792308], [-3.1320381857296935, 53.375029651165214], [-3.1323387460202197, 53.37502679972099], [-3.132324439584693, 53.37448758946865], [-3.1320238830887113, 53.37449044085717], [-3.132019115644238, 53.37431070407636], [-3.1317185603618185, 53.37431355468974], [-3.1317137942334106, 53.3741338178846], [-3.1320143482510225, 53.37413096728979], [-3.1319666771379295, 53.37233359910813], [-3.131666135767646, 53.37233644951734], [-3.1316566046893617, 53.37197697577496], [-3.1313560657971466, 53.37197982539054], [-3.13135130159949, 53.3718000884922], [-3.131050763920686, 53.371802937332724], [-3.131041238208259, 53.37144346348169], [-3.130440167755496, 53.37144915881905], [-3.130435407505277, 53.37126942184783], [-3.130134873466715, 53.371272268363235], [-3.130130114532255, 53.371092531367744], [-3.129529048830814, 53.37109822209205], [-3.129524292476653, 53.37091848505374], [-3.1256173768757898, 53.37095540076404], [-3.125622116790496, 53.37113513804272], [-3.1247205158647584, 53.37114363895257], [-3.1247299882594497, 53.37150311360341], [-3.124429451986478, 53.37150594576392], [-3.1244436571665166, 53.37204515775245], [-3.124744197233394, 53.37204232553661], [-3.1247536701373035, 53.37240180013003], [-3.1244531275410874, 53.372404632382775], [-3.1244483923283473, 53.372224895070474], [-3.1241478509458975, 53.372227726548246], [-3.12414311704873, 53.37204798921179], [-3.1238425768800484, 53.372050819914605], [-3.123837844298427, 53.37187108255396], [-3.1232367663377327, 53.37187674165319], [-3.123246226493225, 53.37223621644245], [-3.1235467680283233, 53.37223338723422], [-3.1235514994470313, 53.37241312460182], [-3.123852042195937, 53.37241029461864], [-3.1238662405514015, 53.3729495066317], [-3.124166787043538, 53.372946675836715], [-3.1241809896512103, 53.3734858877428], [-3.124481539886682, 53.37348305613597], [-3.124495746746824, 53.37402226793506], [-3.124195192716995, 53.37402509959724], [-3.124190458310831, 53.37384536231816], [-3.1238899054948983, 53.37384819320529], [-3.123885172404423, 53.37366845590206], [-3.1235846208023883, 53.37367128601421], [-3.1235893526280765, 53.37385102333589], [-3.1232887997103793, 53.373853852709914], [-3.1232935303221407, 53.37403359004425], [-3.122992976088781, 53.37403641868014], [-3.123002434935251, 53.374395893368465], [-3.1233029916982584, 53.37439306469576], [-3.123317184143917, 53.37493227662994], [-3.1227160629779127, 53.3749379333293], [-3.122739705422244, 53.375836619955685], [-3.1230402723552304, 53.37583379189223], [-3.1230450022615748, 53.376013529181876], [-3.122744434063637, 53.376016357263744], [-3.122749162755874, 53.37619609456606], [-3.1224485932421246, 53.37619892190973], [-3.1224533207202265, 53.376378659224734], [-3.122753891498954, 53.37637583186267], [-3.1227680780332747, 53.37691504371797], [-3.1224675034595224, 53.37691787113526], [-3.122476958873224, 53.37727734571362], [-3.122176381718554, 53.37728017241107], [-3.1221811082365942, 53.377459909710055], [-3.1212793726725203, 53.3774683853177], [-3.12128409544615, 53.37764812266612], [-3.120983515558131, 53.37765094637372], [-3.1209929587275416, 53.37801042109014], [-3.1212935411457603, 53.37800759734576], [-3.121298264071739, 53.37818733467697], [-3.1215988477042926, 53.37818451015752], [-3.1216035719461908, 53.37836424746459], [-3.1222047415891496, 53.37835859611883], [-3.1222094684121378, 53.37853833338337], [-3.122510054422529, 53.378535506557036], [-3.1225147825615003, 53.37871524379744], [-3.122815369786209, 53.378712416196], [-3.1228200992411934, 53.37889215341227], [-3.1225195107513133, 53.378894981032104], [-3.1225242389919683, 53.379074718260995], [-3.1219230593293292, 53.37908037126739], [-3.1219183336190444, 53.37890063400167], [-3.121317156283516, 53.37890628394443], [-3.1213124331543916, 53.37872654663616], [-3.1207112581460614, 53.37873219351534], [-3.120706537598046, 53.37855245616457], [-3.1198047785003746, 53.378560920752946], [-3.1197906285471024, 53.37802170850085], [-3.1194900458751684, 53.37802452846184], [-3.119480615356773, 53.3776650535617], [-3.1191800351643457, 53.37766787272928], [-3.119184749133095, 53.37784761020058], [-3.1188841676248815, 53.37785042862985], [-3.1188888803792074, 53.37803016611376], [-3.118588297555207, 53.3780329838047], [-3.118597720685621, 53.37839245879202], [-3.118898306039886, 53.37838964106437], [-3.1189077319032714, 53.37874911599205], [-3.1192083197371776, 53.37874629747101], [-3.1192130340100674, 53.37892603490789], [-3.1189124449109813, 53.37892885344729], [-3.11892187107844, 53.379288328340536], [-3.1180200958859574, 53.379296779528524], [-3.1180106773097074, 53.37893730452521], [-3.117710088007987, 53.378940120037754], [-3.1177053800610013, 53.37876038250917], [-3.1171042038360697, 53.378766011227505], [-3.117108909252688, 53.37894574879276], [-3.1168083197991368, 53.3789485620352], [-3.116827136910719, 53.37966751231213], [-3.1165265423457074, 53.379670324871114], [-3.1165359486744952, 53.380029800011805], [-3.115934754331721, 53.380035422932835], [-3.115930053672576, 53.37985568532874], [-3.115629457690629, 53.379858495635844], [-3.1156388565289155, 53.38021797087488], [-3.115939455041414, 53.38021516053117], [-3.1159629593481117, 53.38111384843693], [-3.1162635641366743, 53.38111103724496], [-3.1162682664150285, 53.38129077479059], [-3.115667054256626, 53.38129639645439], [-3.115662354508998, 53.38111665887214], [-3.11506114467917, 53.38112227747228], [-3.115056447512783, 53.380942539847695], [-3.1141546361853027, 53.38095096201727], [-3.1141499428654473, 53.3807712243321], [-3.1138493402540055, 53.38077403019016], [-3.113858724413492, 53.38113350559128], [-3.1141593295556294, 53.38113069969668], [-3.1141640229764267, 53.38131043737035], [-3.114464629333462, 53.381307630700725], [-3.1144693240701105, 53.381487368350385], [-3.114769931642042, 53.38148456090568], [-3.114774627694571, 53.38166429853134], [-3.1150752364813976, 53.38166149031157], [-3.1150799338498323, 53.38184122791321], [-3.1153805438515527, 53.38183841891836], [-3.1153852425359205, 53.38201815649596], [-3.115685853752533, 53.38201534672605], [-3.115704654057107, 53.382734296905916], [-3.1160052702849876, 53.382731486305985], [-3.116009971752978, 53.38291122381831], [-3.114807501476293, 53.38292246175036], [-3.114802805070254, 53.38274272416485], [-3.114502188640274, 53.38274553173752], [-3.11448340858297, 53.382026581264995], [-3.1141827971643274, 53.382029388007766], [-3.114178103541643, 53.381849650357005], [-3.113576883083796, 53.381855261535584], [-3.1135721920424047, 53.38167552384257], [-3.1132715830032165, 53.38167832827841], [-3.113266893277666, 53.38149859056139], [-3.1129662854534446, 53.3815013942222], [-3.1129803509851532, 53.382040607410815], [-3.1132809626056104, 53.38203780369524], [-3.113290342409736, 53.382397279089155], [-3.1123884998044464, 53.38240568807501], [-3.112393185985762, 53.38258542581813], [-3.112693801503403, 53.38258262356139], [-3.1126984890005938, 53.382762361280534], [-3.1129991057333073, 53.38275955824872], [-3.1130037945464006, 53.38293929594387], [-3.113304412494185, 53.382936492137006], [-3.113309102623208, 53.38311622980816], [-3.1139103408984665, 53.38311061988743], [-3.113919726369927, 53.38347009513946], [-3.1142203479629154, 53.38346728900731], [-3.114225042039891, 53.38364702660645], [-3.112721927242686, 53.38366104979017], [-3.1127172394934455, 53.38348131209972], [-3.1124166176482624, 53.38348411444769], [-3.1124025584995736, 53.382944901287146], [-3.1121019404005597, 53.38294770282355], [-3.112092570417724, 53.38258822731806], [-3.1114913391305232, 53.382593828047455], [-3.1115147518103803, 53.383492516950604], [-3.1112141297636873, 53.38349531627124], [-3.111218811185176, 53.3836750540529], [-3.111820057759308, 53.383669454618335], [-3.11182474176227, 53.383849192357786], [-3.1121253662393498, 53.38384639148702], [-3.112130051558263, 53.38402612920251], [-3.1124306772505346, 53.384023327556626], [-3.112435363885423, 53.38420306524814], [-3.111834109919314, 53.38420866781952], [-3.111838794073395, 53.384388405541785], [-3.111538165749167, 53.384391205710436], [-3.1115428486880052, 53.384570943445205], [-3.111843478277852, 53.38456814325833], [-3.1118528468378908, 53.3849276186742], [-3.11215347890864, 53.384924817693964], [-3.112158164529882, 53.38510455537506], [-3.1124587978158993, 53.385101753619715], [-3.1124634847532056, 53.385281491276835], [-3.111862215599435, 53.38528709406713], [-3.111857531193473, 53.38510735637353], [-3.111556897806687, 53.38511015661512], [-3.111552214716763, 53.38493041889754], [-3.1112515825452762, 53.38493321836404], [-3.111260946244151, 53.38529269382989], [-3.1115615809469754, 53.38528989432697], [-3.111575630670028, 53.38582910742808], [-3.111274992170099, 53.385831906985715], [-3.111279674246121, 53.386011644692864], [-3.1115803140117784, 53.38600884511699], [-3.1115849974038943, 53.38618858280016], [-3.1118856383849263, 53.38618578244916], [-3.111895007851789, 53.38654525776184], [-3.1112937207763087, 53.3865508577799], [-3.111289038549224, 53.38637112008994], [-3.1109883962017144, 53.38637391894536], [-3.110983715290741, 53.38619418123145], [-3.1106830741586466, 53.386196979311734], [-3.1106783945637595, 53.386017241573875], [-3.109776474662803, 53.386025631218615], [-3.1097671232183544, 53.385666155616406], [-3.110067760704192, 53.3856633598615], [-3.11006308379169, 53.38548362207002], [-3.1103637199615255, 53.3854808255764], [-3.1103543637560436, 53.38512135001267], [-3.1094524626897657, 53.38512973711356], [-3.1094477884594816, 53.38494999926846], [-3.108846523361931, 53.384955586848264], [-3.1088418517132195, 53.38477584896106], [-3.10854122035473, 53.384778641597464], [-3.1085272095069123, 53.384239427846886], [-3.108226581895078, 53.38424221967187], [-3.108249927231033, 53.38514090931837], [-3.108550561171071, 53.3851381174025], [-3.1085552316545844, 53.38531785529644], [-3.108855866810075, 53.385315062605486], [-3.1088605386095094, 53.38549480047549], [-3.1091611749804526, 53.38549200700946], [-3.1091658480958375, 53.38567174485557], [-3.108865210459188, 53.38567453833978], [-3.108883898360341, 53.3863934897396], [-3.108583255610479, 53.38639628253968], [-3.1085739140909228, 53.386036806814865], [-3.108273273822342, 53.386039598821654], [-3.108268604403647, 53.385859860932456], [-3.1079679653505847, 53.385862652164164], [-3.1079726335035422, 53.386042390071545], [-3.1076719931345385, 53.38604518056453], [-3.1076813270595505, 53.38640465639841], [-3.1073806841088394, 53.3864074461708], [-3.107385349880855, 53.38658718409733], [-3.1076859940973445, 53.386584394306766], [-3.1076906611853317, 53.386764132209386], [-3.1079913066174205, 53.386761341643705], [-3.1080053119799995, 53.38730055526266], [-3.1086066102884513, 53.38729497175145], [-3.10861595251129, 53.387654447396045], [-3.108315300850473, 53.387657239566494], [-3.108324640742506, 53.388016715224516], [-3.1080239864997043, 53.388019506674375], [-3.1080193177944624, 53.387839768830055], [-3.107718664767337, 53.387842559504776], [-3.107709330039218, 53.38748308376256], [-3.1068073782519163, 53.38749145113595], [-3.1068120417932934, 53.38767118906442], [-3.1062107378192327, 53.3876767635649], [-3.1062060768095834, 53.38749702560015], [-3.105604775166735, 53.387502597036516], [-3.105600116738916, 53.387322859029766], [-3.1052994671081855, 53.38732564359438], [-3.105308781482209, 53.387685119638476], [-3.1056094336446574, 53.38768233503758], [-3.1056187507508066, 53.3880418110225], [-3.106220059988922, 53.38803623947725], [-3.106224721148962, 53.38821597742483], [-3.106525376958735, 53.38821319049861], [-3.1065300394348245, 53.38839292842231], [-3.1068306964603694, 53.38839014072097], [-3.1068353602525334, 53.38856987862076], [-3.107136018493852, 53.388567090144285], [-3.10714068360212, 53.38874682802021], [-3.107441343059206, 53.38874403876858], [-3.1074460094836054, 53.388923776620615], [-3.1077466701564607, 53.38892098659383], [-3.1077513378970183, 53.389100724421944], [-3.108051999785639, 53.389097933620015], [-3.1080566688423814, 53.38927767142423], [-3.1083573319467686, 53.38927487984712], [-3.1083713432163265, 53.38981409317084], [-3.1080706763139148, 53.38981688480251], [-3.1080846842374203, 53.39035609812918], [-3.107784013486638, 53.39035888905836], [-3.1077793453946456, 53.39017915127036], [-3.1074786758597193, 53.39018194142432], [-3.107469342358444, 53.38982246579478], [-3.1071686753054144, 53.38982525515539], [-3.107159344536943, 53.389465779466576], [-3.1074600090579376, 53.389462990142306], [-3.1074553424829707, 53.38928325230746], [-3.1068540159227997, 53.3892888301627], [-3.106840024094859, 53.38874961651485], [-3.1065393645374386, 53.38875240425251], [-3.1065440271639666, 53.38893214215901], [-3.106243366290439, 53.38893492915783], [-3.106252689161979, 53.38929440498996], [-3.1056513622006157, 53.38929997678918], [-3.105637385564348, 53.38876076292356], [-3.1053367258064215, 53.38876354763328], [-3.1053274108313214, 53.38840407165793], [-3.1050267535551845, 53.3884068555744], [-3.105017441312277, 53.388047379539856], [-3.104716786517891, 53.38805016266311], [-3.1047074770070644, 53.38769068656942], [-3.1041061723316745, 53.38769625047254], [-3.1041201290776366, 53.38823546471318], [-3.104420785238044, 53.388232683085775], [-3.1044347462321387, 53.388771897220515], [-3.104735406140304, 53.388769114781745], [-3.1047493713827934, 53.38930832881057], [-3.1044487076767004, 53.389311111303684], [-3.104458015556675, 53.389670587330514], [-3.1041573492685055, 53.38967336910285], [-3.1041666548166256, 53.390032845143], [-3.103865985946334, 53.39003562619456], [-3.1038752891624934, 53.390395102248], [-3.1041759605649175, 53.39039232116022], [-3.1041945726620437, 53.39111127312591], [-3.104495249078848, 53.39110849120862], [-3.104499903494388, 53.3912882291676], [-3.1041992258114415, 53.391291011103014], [-3.1042038790108872, 53.39147074907439], [-3.103903200011738, 53.39147353027085], [-3.1038985480784453, 53.391293792281374], [-3.103597870295417, 53.39129657270268], [-3.1035932196783023, 53.391116834689356], [-3.103292543111393, 53.39111961433549], [-3.1032878938104274, 53.39093987629834], [-3.102987218459644, 53.39094265516933], [-3.1029825704748015, 53.39076291710833], [-3.1023812221555045, 53.39076847254301], [-3.1023765767528615, 53.39058873444012], [-3.1017752307659165, 53.390594286810455], [-3.1017705879454196, 53.39041454866566], [-3.101169244290916, 53.390420097971685], [-3.1011646040525154, 53.39024035978507], [-3.100863933416474, 53.39024313328446], [-3.1008778504831236, 53.39078234788142], [-3.100577175998904, 53.390785120677975], [-3.1005818138547894, 53.39096485888355], [-3.100281138054564, 53.39096763094112], [-3.1002904113837, 53.39132710737122], [-3.100591089716212, 53.391324335277545], [-3.100595727721749, 53.391504073465974], [-3.1002950481230758, 53.39150684557769], [-3.100304321751439, 53.39186632197342], [-3.1006050038824835, 53.3918635498256], [-3.100609642037681, 53.39204328799684], [-3.1009103253850427, 53.39204051507387], [-3.100914964856344, 53.3922202532213], [-3.1012156494200194, 53.39221747952321], [-3.1012202902074537, 53.39239721764685], [-3.1015209759874445, 53.3923944431736], [-3.1015070499762385, 53.39185522883967], [-3.1024090956206436, 53.39184690104009], [-3.102418387175431, 53.392206377159944], [-3.1027190714893917, 53.39220359967642], [-3.102723718607966, 53.39238333770967], [-3.103024404138171, 53.39238055945097], [-3.103033701057769, 53.3927400354641], [-3.1033343890704663, 53.39273725641212], [-3.103339038871531, 53.392916994392], [-3.1036397281004797, 53.3929142145648], [-3.1036443792178363, 53.39309395252085], [-3.1042457600581947, 53.393088390558965], [-3.104250413758164, 53.393268128473046], [-3.1048517969308804, 53.39326256344649], [-3.104856453213513, 53.3934423013186], [-3.105157145991056, 53.39343951765152], [-3.10515248844212, 53.393259779797546], [-3.105753871314296, 53.393254210228335], [-3.105749211282883, 53.3930744724049], [-3.1060499013775047, 53.39307168650275], [-3.106045240129941, 53.39289194869174], [-3.1072479949418357, 53.39288079758482], [-3.107252661254484, 53.39306053532324], [-3.1078540408918784, 53.39305495519085], [-3.107863378732911, 53.39341443057778], [-3.108164071008863, 53.39341163933957], [-3.108168741271018, 53.393591377006246], [-3.108469434763045, 53.39358858499274], [-3.108492793159098, 53.394487273149295], [-3.1087934929326186, 53.39448448028772], [-3.1087981660289716, 53.394664217883644], [-3.1090988670186155, 53.394661424246756], [-3.109103541431637, 53.394841161818746], [-3.109404243637403, 53.394838367406514], [-3.10941359514713, 53.39519784249692], [-3.110015004473449, 53.395192251328154]], [[-3.1063366040309317, 53.39252968644772], [-3.1057352314893807, 53.39253525890018], [-3.1057305716584573, 53.39235552105383], [-3.105429886578726, 53.3923583061263], [-3.1054205695996653, 53.39199883038014], [-3.1057212521469713, 53.391996045343944], [-3.105725911877654, 53.39217578320176], [-3.1060265956410453, 53.392172997390354], [-3.106031256688067, 53.3923527352243], [-3.106331941667543, 53.39234994863765], [-3.1063366040309317, 53.39252968644772]], [[-3.10751601187262, 53.39161984371333], [-3.1069146523943867, 53.391625422040846], [-3.1069099877494066, 53.39144568423844], [-3.106609309201186, 53.39144847224846], [-3.106604645872525, 53.391268734422155], [-3.106303968540297, 53.39127152165696], [-3.1062993065279283, 53.391091783806786], [-3.1069006586099572, 53.391086208616464], [-3.106905323154596, 53.39126594643032], [-3.107206000386498, 53.391263157681415], [-3.107210666247455, 53.39144289547139], [-3.107511344695318, 53.39144010594726], [-3.10751601187262, 53.39161984371333]], [[-3.1090007159586968, 53.39088693391094], [-3.1080986926129226, 53.39089531140431], [-3.108094023104199, 53.39071557365166], [-3.108394696336928, 53.3907127819291], [-3.108390025612337, 53.39053304418891], [-3.108690697528741, 53.39053025172749], [-3.1086953695194204, 53.3907099894495], [-3.1089960426516634, 53.39070719621285], [-3.1090007159586968, 53.39088693391094]], [[-3.1108000803891027, 53.39069042089526], [-3.1101987346778595, 53.39069601569593], [-3.110194056356741, 53.39051627806494], [-3.109893384691722, 53.3905190743115], [-3.1098887076869945, 53.390339336656574], [-3.109588037237743, 53.3903421321279], [-3.109583361549379, 53.390162394449035], [-3.109282692315899, 53.39016518914515], [-3.1092733436221143, 53.38980571373379], [-3.1095740103235134, 53.389802919074086], [-3.109569334786013, 53.38962318137802], [-3.1098700001711053, 53.389620385979505], [-3.1098746769746253, 53.38980012365736], [-3.110175343575437, 53.38979732748363], [-3.1101800216952897, 53.38997706513756], [-3.1104806895118173, 53.38997426818862], [-3.1104900484345706, 53.39033374344284], [-3.110790718732871, 53.39033094570042], [-3.1108000803891027, 53.39069042089526]], [[-3.117076540068354, 53.389193594818046], [-3.1167758784261843, 53.38919640834797], [-3.116766466936969, 53.38883693379228], [-3.1170671260472314, 53.388834120298995], [-3.117076540068354, 53.389193594818046]], [[-3.118575134153888, 53.3889997786486], [-3.1182744740309367, 53.389002595945136], [-3.118269761981908, 53.38882285875608], [-3.1170671260472314, 53.388834120298995], [-3.1170624191126057, 53.38865438303087], [-3.1179643923418014, 53.38864593806415], [-3.1179596816600452, 53.38846620084529], [-3.117659025233543, 53.388469016572834], [-3.1176543158683536, 53.38828927932992], [-3.117353660657107, 53.38829209428216], [-3.117344244610443, 53.3879326197424], [-3.117043591880332, 53.387935433901035], [-3.1170388851988147, 53.387755696604216], [-3.117640188076678, 53.38775006756669], [-3.1176448972899227, 53.38792980482684], [-3.117945549918753, 53.387926989154316], [-3.1179502604485223, 53.38810672639038], [-3.1182509142925676, 53.38810390994255], [-3.1182556261388887, 53.388283647154545], [-3.118556281198147, 53.38828082993141], [-3.1185609943610455, 53.388460567119324], [-3.1188616506355173, 53.38845774912086], [-3.1188710796452304, 53.38881722344275], [-3.1185704208389144, 53.38882004147792], [-3.118575134153888, 53.3889997786486]], [[-3.1149672093366574, 53.389033536245904], [-3.114365887825739, 53.38903915191434], [-3.114361192234038, 53.38885941448722], [-3.11375987305302, 53.38886502709115], [-3.1137551800437, 53.38868528962173], [-3.1134545216434137, 53.388688094769954], [-3.1134404467160364, 53.388148882272525], [-3.1137411013185816, 53.388146077179115], [-3.113745794176483, 53.38832581466573], [-3.1140464499944542, 53.38832300879707], [-3.1140511441687404, 53.38850274625967], [-3.114351801202141, 53.38849993961578], [-3.114356496692839, 53.38867967705436], [-3.114657154941664, 53.38867686963521], [-3.114661851748802, 53.388856607049796], [-3.114962511213051, 53.38885379885538], [-3.1149672093366574, 53.389033536245904]], [[-3.1107392332230392, 53.388353831718945], [-3.109837263954835, 53.38836222207397], [-3.109827911202854, 53.38800274662081], [-3.109527257211317, 53.38800554185548], [-3.1095179071922625, 53.387646066342974], [-3.1098185586520475, 53.387643271144725], [-3.1098232349023047, 53.38782300888564], [-3.110725192777453, 53.38781461869452], [-3.1107205127295945, 53.38763488100824], [-3.1110211639881284, 53.38763208278218], [-3.1110352080803483, 53.38817129576912], [-3.110734553024175, 53.38817409404985], [-3.1107392332230392, 53.388353831718945]], [[-3.108333980835441, 53.38837619085964], [-3.1080333240608273, 53.38837898234585], [-3.1080286552551595, 53.38819924451297], [-3.1083293107638594, 53.38819645304493], [-3.108333980835441, 53.38837619085964]], [[-3.1080286552551595, 53.38819924451297], [-3.107727999696245, 53.38820203522403], [-3.1077233322066924, 53.38802229736726], [-3.1080239864997043, 53.388019506674375], [-3.1080286552551595, 53.38819924451297]], [[-3.111918432400664, 53.38744394594321], [-3.1116177825590605, 53.3874467464219], [-3.1116130988143516, 53.38726700877884], [-3.1119137473901186, 53.387264208318406], [-3.111918432400664, 53.38744394594321]], [[-3.1116130988143516, 53.38726700877884], [-3.1113124501882132, 53.38726980848234], [-3.1113077677597007, 53.38709007081531], [-3.1116084151200143, 53.38708727113006], [-3.1116130988143516, 53.38726700877884]], [[-3.109804530203029, 53.387104057887605], [-3.109503882540769, 53.38710685303124], [-3.1094992077574912, 53.38692711524921], [-3.109799854153936, 53.38692432012376], [-3.109804530203029, 53.387104057887605]], [[-3.1094992077574912, 53.38692711524921], [-3.1091985613107713, 53.38692990961772], [-3.109193887843572, 53.38675017181175], [-3.1094945330244905, 53.38674737746143], [-3.1094992077574912, 53.38692711524921]], [[-3.1215202988906956, 53.38663498277157], [-3.1212196557313896, 53.38663780739874], [-3.1212102076863997, 53.38627833323315], [-3.1215108483142013, 53.38627550864277], [-3.1215061231021806, 53.38609577156975], [-3.121806762413434, 53.38609294624083], [-3.1218162154197686, 53.38645242034433], [-3.1215155735770392, 53.38645524571003], [-3.1215202988906956, 53.38663498277157]], [[-3.109193887843572, 53.38675017181175], [-3.1088932426123916, 53.38675296540513], [-3.108883898360341, 53.3863934897396], [-3.1091845410599563, 53.38639069618261], [-3.109193887843572, 53.38675017181175]], [[-3.1124916074355773, 53.38635991709912], [-3.112190965289569, 53.3863627189822], [-3.112186279315574, 53.386182981341236], [-3.112486920195829, 53.38618017947641], [-3.1124916074355773, 53.38635991709912]], [[-3.112186279315574, 53.386182981341236], [-3.1118856383849263, 53.38618578244916], [-3.1118809537270664, 53.38600604478423], [-3.1121815933919756, 53.38600324369453], [-3.112186279315574, 53.386182981341236]], [[-3.115789265436216, 53.385969571579885], [-3.1151879872671175, 53.38597519116802], [-3.115183288736681, 53.385795453698286], [-3.11488265084205, 53.385798262338724], [-3.114877953627848, 53.38561852484494], [-3.114577316948408, 53.38562133271019], [-3.1145726210504168, 53.385441595192404], [-3.1142719855861682, 53.38544440228249], [-3.1142579019921977, 53.384905189639866], [-3.114859165276193, 53.38489957481254], [-3.1148638622883364, 53.38507931232923], [-3.115465127901584, 53.38507369443784], [-3.1154698274955717, 53.385253431912226], [-3.116071095437983, 53.385247810956706], [-3.1160757976138678, 53.385427548388776], [-3.1157751624022616, 53.38543035926327], [-3.1157798633630223, 53.385610096707865], [-3.1160804998403195, 53.385607285815055], [-3.1160852021173406, 53.38578702323563], [-3.11578456437434, 53.38578983414674], [-3.115789265436216, 53.385969571579885]], [[-3.1139854303226655, 53.38598642126147], [-3.1136847909603285, 53.38598922689257], [-3.113680098758499, 53.385809489331436], [-3.1139807368551127, 53.3858066837186], [-3.1139854303226655, 53.38598642126147]], [[-3.113680098758499, 53.385809489331436], [-3.113379460611423, 53.38581229418737], [-3.113374769725763, 53.38563255660222], [-3.11367540660713, 53.38562975176454], [-3.113680098758499, 53.385809489331436]], [[-3.1142579019921977, 53.384905189639866], [-3.1139572702744656, 53.38490799591821], [-3.113952577109754, 53.38472825834094], [-3.114253207561847, 53.38472545208087], [-3.1142579019921977, 53.384905189639866]], [[-3.121468323235371, 53.38465787477914], [-3.1211676939986646, 53.38466069920397], [-3.1211629705095807, 53.38448096206092], [-3.121463598480677, 53.384478137654476], [-3.121468323235371, 53.38465787477914]], [[-3.115756359064765, 53.384711409427474], [-3.1154557288652316, 53.38471421947189], [-3.1154510294228643, 53.3845344819803], [-3.1157516583567744, 53.38453167195418], [-3.115756359064765, 53.384711409427474]], [[-3.113952577109754, 53.38472825834094], [-3.113651946607192, 53.38473106384414], [-3.1136472547585803, 53.38455132624288], [-3.113947883995514, 53.384548520757924], [-3.113952577109754, 53.38472825834094]], [[-3.1211629705095807, 53.38448096206092], [-3.1208623424876873, 53.384483785710515], [-3.1208576203149967, 53.38430404854335], [-3.1211582470712944, 53.38430122491213], [-3.1211629705095807, 53.38448096206092]], [[-3.1154510294228643, 53.3845344819803], [-3.115150400438417, 53.38453729124957], [-3.1151457023121987, 53.384357553733935], [-3.1154463300310358, 53.384354744482984], [-3.1154510294228643, 53.3845344819803]], [[-3.1151457023121987, 53.384357553733935], [-3.114544446722965, 53.38436316996527], [-3.1145397511784667, 53.384183432407355], [-3.115141004236504, 53.384177816212585], [-3.1151457023121987, 53.384357553733935]], [[-3.1151269103125574, 53.38363860361412], [-3.1145256648479434, 53.38364421969918], [-3.1145209695054255, 53.38346448211833], [-3.1151222124389513, 53.38345886606985], [-3.1151269103125574, 53.38363860361412]], [[-3.1145209695054255, 53.38346448211833], [-3.1142203479629154, 53.38346728900731], [-3.1142156539364207, 53.383287551402425], [-3.114516274213399, 53.38328474453173], [-3.1145209695054255, 53.38346448211833]], [[-3.1142109599604053, 53.38310781379182], [-3.1139103408984665, 53.38311061988743], [-3.113905648238433, 53.38293088225281], [-3.114206266034869, 53.38292807617548], [-3.1142109599604053, 53.38310781379182]], [[-3.1139009556288637, 53.38275114461245], [-3.1132997224155994, 53.38275675446012], [-3.113290342409736, 53.382397279089155], [-3.1135909565106497, 53.38239447458026], [-3.1135956477538294, 53.38257421225033], [-3.1138962630697575, 53.38257140696637], [-3.1139009556288637, 53.38275114461245]], [[-3.1165735760126867, 53.381467700345105], [-3.11627296874395, 53.381470512330495], [-3.1162682664150285, 53.38129077479059], [-3.116568872418389, 53.38128796282352], [-3.1165735760126867, 53.381467700345105]], [[-3.1198377968331856, 53.37981908247371], [-3.1195372015094063, 53.379821902618346], [-3.1195324857177997, 53.379642165228496], [-3.119833079776333, 53.37963934510224], [-3.1198377968331856, 53.37981908247371]], [[-3.122486414490265, 53.377636820269], [-3.122185834805457, 53.377639647003285], [-3.1221811082365942, 53.377459909710055], [-3.1224816866563256, 53.37745708299418], [-3.122486414490265, 53.377636820269]]]}, "properties": {"kind": "max_footprint", "threshold_pct": 7.0}}, {"type": "Feature", "geometry": {"type": "Polygon", "coordinates": [[[-3.0829062880539255, 53.405508966233036], [-3.082897156473391, 53.405149488581934], [-3.0825963789021857, 53.405152216601614], [-3.0825872500525806, 53.40479273889209], [-3.081985699831749, 53.40479819258806], [-3.0819948236124644, 53.40515767036863], [-3.082295601281872, 53.405154943863856], [-3.082300164513094, 53.405334682727805], [-3.0826009434006494, 53.4053319554478], [-3.082605507948224, 53.40551169428827], [-3.0829062880539255, 53.405508966233036]]]}, "properties": {"kind": "max_footprint", "threshold_pct": 10.0}}, {"type": "Feature", "geometry": {"type": "Polygon", "coordinates": [[[-3.086779768020541, 53.40403552369617], [-3.0867751861258363, 53.403855785059164], [-3.0864744180645287, 53.40385852280086], [-3.0864789986920944, 53.404038261455696], [-3.086779768020541, 53.40403552369617]]]}, "properties": {"kind": "max_footprint", "threshold_pct": 10.0}}, {"type": "Feature", "geometry": {"type": "Polygon", "coordinates": [[[-3.0855675368080604, 53.403686992767454], [-3.0855629600803884, 53.4035072540477], [-3.0849614285829423, 53.40351272264313], [-3.0849660027763868, 53.403692461398485], [-3.0855675368080604, 53.403686992767454]]]}, "properties": {"kind": "max_footprint", "threshold_pct": 10.0}}, {"type": "Feature", "geometry": {"type": "Polygon", "coordinates": [[[-3.0900744400258207, 53.40346614301321], [-3.0900698443409875, 53.40328640455556], [-3.0897690806239706, 53.40328915057511], [-3.089773675041715, 53.40346888905064], [-3.0900744400258207, 53.40346614301321]]]}, "properties": {"kind": "max_footprint", "threshold_pct": 10.0}}, {"type": "Feature", "geometry": {"type": "Polygon", "coordinates": [[[-3.0861599121682515, 53.40332204373286], [-3.0861553330048874, 53.403142305037335], [-3.0858545699134483, 53.403145041192914], [-3.0858591478097295, 53.403324779906264], [-3.0861599121682515, 53.40332204373286]]]}, "properties": {"kind": "max_footprint", "threshold_pct": 10.0}}, {"type": "Feature", "geometry": {"type": "Polygon", "coordinates": [[[-3.0858545699134483, 53.403145041192914], [-3.0858499920664184, 53.402965302473824], [-3.0855492301928007, 53.402968037854194], [-3.085553806772759, 53.403147776591084], [-3.0858545699134483, 53.403145041192914]]]}, "properties": {"kind": "max_footprint", "threshold_pct": 10.0}}, {"type": "Feature", "geometry": {"type": "Polygon", "coordinates": [[[-3.090370608008562, 53.403283657778594], [-3.090361414253086, 53.402924180881875], [-3.089759891936765, 53.402929673606835], [-3.0897552976673026, 53.40274993511411], [-3.0894545377020424, 53.40275268032262], [-3.0894683168575248, 53.40329189583727], [-3.0897690806239706, 53.40328915057511], [-3.089764486255655, 53.40310941209383], [-3.0900652487055957, 53.40310666609216], [-3.0900698443409875, 53.40328640455556], [-3.090370608008562, 53.403283657778594]]]}, "properties": {"kind": "max_footprint", "threshold_pct": 10.0}}, {"type": "Feature", "geometry": {"type": "Polygon", "coordinates": [[[-3.087326296636896, 53.40187318231159], [-3.087321712799731, 53.40169344364163], [-3.08702096004159, 53.401696182684056], [-3.087016377520697, 53.40151644399055], [-3.0867156259802155, 53.401519182257765], [-3.0867110447755675, 53.401339443540714], [-3.0864102944527465, 53.40134218103275], [-3.0864194543774217, 53.40170165849682], [-3.0867202072341486, 53.40169892096911], [-3.086724788537367, 53.401878659674736], [-3.087326296636896, 53.40187318231159]]]}, "properties": {"kind": "max_footprint", "threshold_pct": 10.0}}, {"type": "Feature", "geometry": {"type": "Polygon", "coordinates": [[[-3.091796177295962, 53.40021435970336], [-3.0917869725534137, 53.39985488279116], [-3.091185493807612, 53.39986038248093], [-3.091180894044228, 53.399680643980425], [-3.090579417634122, 53.3996861406052], [-3.090584014863881, 53.399865879141494], [-3.09088475436048, 53.39986313118985], [-3.090889352906522, 53.40004286970254], [-3.09119009362048, 53.4000401209757], [-3.0911946934828323, 53.40021985946477], [-3.091796177295962, 53.40021435970336]]]}, "properties": {"kind": "max_footprint", "threshold_pct": 10.0}}, {"type": "Feature", "geometry": {"type": "Polygon", "coordinates": [[[-3.090579417634122, 53.3996861406052], [-3.0905748204538197, 53.399506402063146], [-3.090274083441377, 53.3995091492217], [-3.09027867935488, 53.39968888778163], [-3.090579417634122, 53.3996861406052]]]}, "properties": {"kind": "max_footprint", "threshold_pct": 10.0}}, {"type": "Feature", "geometry": {"type": "Polygon", "coordinates": [[[-3.090274083441377, 53.3995091492217], [-3.090269487577316, 53.399329410656065], [-3.0899687517822225, 53.39933215703944], [-3.089973346379495, 53.39951189562294], [-3.090274083441377, 53.3995091492217]]]}, "properties": {"kind": "max_footprint", "threshold_pct": 10.0}}, {"type": "Feature", "geometry": {"type": "Polygon", "coordinates": [[[-3.0899687517822225, 53.39933215703944], [-3.089964157234374, 53.39915241845018], [-3.088761218626977, 53.39916339633927], [-3.0887658081077185, 53.399343135000024], [-3.0899687517822225, 53.39933215703944]]]}, "properties": {"kind": "max_footprint", "threshold_pct": 10.0}}, {"type": "Feature", "geometry": {"type": "Polygon", "coordinates": [[[-3.0983847052946976, 53.399075233965526], [-3.098375445409604, 53.39871575777533], [-3.0977739840493874, 53.3987212905699], [-3.0977786114335752, 53.3989010287039], [-3.097477879412063, 53.3989037939833], [-3.0974825055792876, 53.39908353212961], [-3.0983847052946976, 53.399075233965526]]]}, "properties": {"kind": "max_footprint", "threshold_pct": 10.0}}, {"type": "Feature", "geometry": {"type": "Polygon", "coordinates": [[[-3.094738987005065, 53.39767047910335], [-3.0947343726356804, 53.397490740749404], [-3.0944336502506373, 53.3974934983124], [-3.0944382633533802, 53.39767323668433], [-3.094738987005065, 53.39767047910335]]]}, "properties": {"kind": "max_footprint", "threshold_pct": 10.0}}, {"type": "Feature", "geometry": {"type": "Polygon", "coordinates": [[[-3.0920232664649214, 53.39733579303492], [-3.09201866359436, 53.39715605450805], [-3.0914172229490426, 53.39716155517496], [-3.0914218232863626, 53.397341293737675], [-3.0920232664649214, 53.39733579303492]]]}, "properties": {"kind": "max_footprint", "threshold_pct": 10.0}}, {"type": "Feature", "geometry": {"type": "Polygon", "coordinates": [[[-3.0944336502506373, 53.3974934983124], [-3.094424424194019, 53.3971340215514], [-3.0941237042925964, 53.39713677832126], [-3.094119092605322, 53.39695703991421], [-3.093818373920891, 53.396959795908906], [-3.0938137635498126, 53.39678005747818], [-3.0935130460823763, 53.396782812697715], [-3.0935084370274666, 53.39660307424332], [-3.093207720777026, 53.39660582868769], [-3.093203113038258, 53.396426090209644], [-3.092902398004816, 53.396428843878866], [-3.09289779158216, 53.39624910537717], [-3.092296363899738, 53.39625461040817], [-3.0923009677892925, 53.39643434894573], [-3.092601682921823, 53.396431596790904], [-3.0926062881274654, 53.396611335304804], [-3.0923055717283705, 53.39661408747756], [-3.0923101757169738, 53.39679382600369], [-3.0926108933826457, 53.39679107381301], [-3.092615498687366, 53.39697081231548], [-3.0935176551868664, 53.39696255114638], [-3.0935222643409377, 53.397142289589326], [-3.0938229843415646, 53.39713953433391], [-3.093827594811832, 53.39731927275318], [-3.09412831602948, 53.397316516722576], [-3.0941329278159704, 53.39749625511818], [-3.0944336502506373, 53.3974934983124]]]}, "properties": {"kind": "max_footprint", "threshold_pct": 10.0}}, {"type": "Feature", "geometry": {"type": "Polygon", "coordinates": [[[-3.108539513720183, 53.39628464903256], [-3.10853484143792, 53.39610491147002], [-3.108234130216147, 53.396107703738124], [-3.108238801231897, 53.39628744131883], [-3.108539513720183, 53.39628464903256]]]}, "properties": {"kind": "max_footprint", "threshold_pct": 10.0}}, {"type": "Feature", "geometry": {"type": "Polygon", "coordinates": [[[-3.1073319962494157, 53.396116075999295], [-3.1073273290834114, 53.39593633835828], [-3.107026618927243, 53.39593912757949], [-3.107031284826744, 53.39611886523863], [-3.1073319962494157, 53.396116075999295]]]}, "properties": {"kind": "max_footprint", "threshold_pct": 10.0}}, {"type": "Feature", "geometry": {"type": "Polygon", "coordinates": [[[-3.092296363899738, 53.39625461040817], [-3.092291760059706, 53.39607487186488], [-3.0919910474107404, 53.39607762322666], [-3.0919956499842347, 53.396257361787846], [-3.092296363899738, 53.39625461040817]]]}, "properties": {"kind": "max_footprint", "threshold_pct": 10.0}}, {"type": "Feature", "geometry": {"type": "Polygon", "coordinates": [[[-3.095294267367668, 53.39586757823193], [-3.095289650961615, 53.39568783985667], [-3.095891070052847, 53.395682319789564], [-3.0958864511634743, 53.39550258144454], [-3.0949843262516, 53.39551086035549], [-3.094979711211335, 53.39533112195082], [-3.0943782968881375, 53.39533663740296], [-3.0943875219523735, 53.39569611427845], [-3.094688231671756, 53.39569335689504], [-3.0946928455448015, 53.395873095306236], [-3.095294267367668, 53.39586757823193]]]}, "properties": {"kind": "max_footprint", "threshold_pct": 10.0}}, {"type": "Feature", "geometry": {"type": "Polygon", "coordinates": [[[-3.0976906996453955, 53.39548600317888], [-3.0976860732068707, 53.39530626493609], [-3.097385366517356, 53.39530902985531], [-3.0973761163225015, 53.394949553316565], [-3.097075412116136, 53.394952317442595], [-3.097070788359765, 53.39477257914663], [-3.096469382330702, 53.39477810509121], [-3.0964786248274283, 53.3951375817494], [-3.09617791920545, 53.395140343621925], [-3.0961825392619176, 53.39532008196043], [-3.0958818323237827, 53.39532284309379], [-3.0958864511634743, 53.39550258144454], [-3.0964878675229937, 53.3954970583847], [-3.0964832461503566, 53.39531732006991], [-3.0970846597780883, 53.39531179401735], [-3.0970892836836703, 53.39549153229615], [-3.0976906996453955, 53.39548600317888]]]}, "properties": {"kind": "max_footprint", "threshold_pct": 10.0}}, {"type": "Feature", "geometry": {"type": "Polygon", "coordinates": [[[-3.096469382330702, 53.39477810509121], [-3.0964601400328053, 53.39441862841012], [-3.096159439476529, 53.39442139021072], [-3.0961686792416008, 53.39478086692778], [-3.096469382330702, 53.39477810509121]]]}, "properties": {"kind": "max_footprint", "threshold_pct": 10.0}}, {"type": "Feature", "geometry": {"type": "Polygon", "coordinates": [[[-3.1021641509208773, 53.394006534322905], [-3.1021595058851155, 53.393826796305035], [-3.101858810074683, 53.39382957243709], [-3.1018634538440946, 53.394009310473066], [-3.1021641509208773, 53.394006534322905]]]}, "properties": {"kind": "max_footprint", "threshold_pct": 10.0}}, {"type": "Feature", "geometry": {"type": "Polygon", "coordinates": [[[-3.102756249837604, 53.393641503782064], [-3.102751602369121, 53.39346176578889], [-3.1018495226857055, 53.39347009634801], [-3.1018541663552197, 53.39364983439544], [-3.102756249837604, 53.393641503782064]]]}, "properties": {"kind": "max_footprint", "threshold_pct": 10.0}}, {"type": "Feature", "geometry": {"type": "Polygon", "coordinates": [[[-3.10515248844212, 53.393259779797546], [-3.1051478309432827, 53.39308004193782], [-3.1045464504032982, 53.393085608442355], [-3.104551105369557, 53.393265346338325], [-3.10515248844212, 53.393259779797546]]]}, "properties": {"kind": "max_footprint", "threshold_pct": 10.0}}, {"type": "Feature", "geometry": {"type": "Polygon", "coordinates": [[[-3.1012434948933896, 53.3932959081792], [-3.10123421286926, 53.39293643198343], [-3.1006328335619973, 53.392941978767084], [-3.100637472016532, 53.39312171690395], [-3.100938162961401, 53.39311894387263], [-3.100942802732127, 53.393298681985705], [-3.1012434948933896, 53.3932959081792]]]}, "properties": {"kind": "max_footprint", "threshold_pct": 10.0}}, {"type": "Feature", "geometry": {"type": "Polygon", "coordinates": [[[-3.1045464504032982, 53.393085608442355], [-3.1045417954871084, 53.39290587054065], [-3.103940417279402, 53.39291143398052], [-3.103945069663037, 53.39309117191846], [-3.1045464504032982, 53.393085608442355]]]}, "properties": {"kind": "max_footprint", "threshold_pct": 10.0}}, {"type": "Feature", "geometry": {"type": "Polygon", "coordinates": [[[-3.103940417279402, 53.39291143398052], [-3.1039357649458075, 53.39273169603687], [-3.1036350770331493, 53.392734476603046], [-3.1036397281004797, 53.3929142145648], [-3.103940417279402, 53.39291143398052]]]}, "properties": {"kind": "max_footprint", "threshold_pct": 10.0}}, {"type": "Feature", "geometry": {"type": "Polygon", "coordinates": [[[-3.1003599677112046, 53.3940231798669], [-3.100350692885789, 53.393663703608574], [-3.1006513876794912, 53.393660931280195], [-3.1006467490752785, 53.393481193160504], [-3.100346055547904, 53.39348396547084], [-3.1003414182598976, 53.393304227327356], [-3.1000407259489573, 53.39330699886252], [-3.1000360899771304, 53.393127260695266], [-3.0997353988826264, 53.39313003145528], [-3.09974003358815, 53.39330976964056], [-3.0991386487169965, 53.39331530892532], [-3.0991340165440766, 53.393135570703954], [-3.0988333253000593, 53.39313833919262], [-3.0988286944432533, 53.39295860094751], [-3.0985280044157157, 53.392961368661034], [-3.0985233748749956, 53.392781630392136], [-3.0982226860639392, 53.39278439733055], [-3.0982180578392793, 53.392604659037914], [-3.0979173702447076, 53.39260742520121], [-3.0979358783769015, 53.39332637840944], [-3.098236571036615, 53.393323612174086], [-3.0982458279339826, 53.39368308870781], [-3.0985465230765628, 53.3936803216793], [-3.09855115286627, 53.39386005991955], [-3.09915254553471, 53.39385452355508], [-3.0991571779069327, 53.39403426175354], [-3.1003599677112046, 53.3940231798669]]]}, "properties": {"kind": "max_footprint", "threshold_pct": 10.0}}, {"type": "Feature", "geometry": {"type": "Polygon", "coordinates": [[[-3.104213185559928, 53.39183022499995], [-3.104208532260383, 53.39165048704003], [-3.103907851995064, 53.391653268254615], [-3.103912504028427, 53.391833006232645], [-3.104213185559928, 53.39183022499995]]]}, "properties": {"kind": "max_footprint", "threshold_pct": 10.0}}, {"type": "Feature", "geometry": {"type": "Polygon", "coordinates": [[[-3.103907851995064, 53.391653268254615], [-3.103903200011738, 53.39147353027085], [-3.1036025209625513, 53.39147631071028], [-3.10360717167971, 53.39165604871214], [-3.103907851995064, 53.391653268254615]]]}, "properties": {"kind": "max_footprint", "threshold_pct": 10.0}}, {"type": "Feature", "geometry": {"type": "Polygon", "coordinates": [[[-3.115328966680251, 53.39136731259372], [-3.115324266633578, 53.39118757529602], [-3.1150235907614294, 53.39119038448524], [-3.1150188920314226, 53.3910106471635], [-3.114718217374851, 53.391013455577394], [-3.1147276123531604, 53.39137293025172], [-3.115328966680251, 53.39136731259372]]]}, "properties": {"kind": "max_footprint", "threshold_pct": 10.0}}, {"type": "Feature", "geometry": {"type": "Polygon", "coordinates": [[[-3.111716152835277, 53.39122123560171], [-3.1117114680325773, 53.39104149807903], [-3.1114107928209935, 53.39104429816546], [-3.111415476357568, 53.391224035706365], [-3.111716152835277, 53.39122123560171]]]}, "properties": {"kind": "max_footprint", "threshold_pct": 10.0}}, {"type": "Feature", "geometry": {"type": "Polygon", "coordinates": [[[-3.1036350770331493, 53.392734476603046], [-3.1036257750485694, 53.39237500066231], [-3.1033250896183775, 53.39237778043519], [-3.103301841863345, 53.39147909039262], [-3.1036025209625513, 53.39147631071028], [-3.103597870295417, 53.39129657270268], [-3.103297192462366, 53.39129935236693], [-3.103292543111393, 53.39111961433549], [-3.1029918664944782, 53.391122393224585], [-3.102987218459644, 53.39094265516933], [-3.1020851921073915, 53.39095098724001], [-3.1020991249665713, 53.391490201551406], [-3.1011970867694307, 53.391498526971326], [-3.1012063679948967, 53.391858003258726], [-3.1015070499762385, 53.39185522883967], [-3.1015024080723594, 53.3916754907169], [-3.10210376935287, 53.39166993964373], [-3.1021084137891246, 53.39184967773035], [-3.1027097774021906, 53.39184412359273], [-3.1027190714893917, 53.39220359967642], [-3.1030197557533685, 53.39220082143581], [-3.1030290525729702, 53.392560297460406], [-3.1033297393194137, 53.392557518426514], [-3.1033343890704663, 53.39273725641212], [-3.1036350770331493, 53.392734476603046]]]}, "properties": {"kind": "max_footprint", "threshold_pct": 10.0}}, {"type": "Feature", "geometry": {"type": "Polygon", "coordinates": [[[-3.107201334575725, 53.39108341988571], [-3.1071920031047293, 53.39072394427715], [-3.1068913296711904, 53.39072673297155], [-3.1069006586099572, 53.391086208616464], [-3.107201334575725, 53.39108341988571]]]}, "properties": {"kind": "max_footprint", "threshold_pct": 10.0}}, {"type": "Feature", "geometry": {"type": "Polygon", "coordinates": [[[-3.110203413049296, 53.390875753321204], [-3.1101987346778595, 53.39069601569593], [-3.1098980617467533, 53.390698811960725], [-3.10990273885209, 53.3908785496042], [-3.110203413049296, 53.390875753321204]]]}, "properties": {"kind": "max_footprint", "threshold_pct": 10.0}}, {"type": "Feature", "geometry": {"type": "Polygon", "coordinates": [[[-3.1098980617467533, 53.390698811960725], [-3.109893384691722, 53.3905190743115], [-3.1095927129763985, 53.390521869801056], [-3.1095973887653443, 53.390701607468465], [-3.1098980617467533, 53.390698811960725]]]}, "properties": {"kind": "max_footprint", "threshold_pct": 10.0}}, {"type": "Feature", "geometry": {"type": "Polygon", "coordinates": [[[-3.1068913296711904, 53.39072673297155], [-3.1068866652770595, 53.3905469951405], [-3.1065859930594457, 53.39054978305972], [-3.1065906561874814, 53.39072952090892], [-3.1068913296711904, 53.39072673297155]]]}, "properties": {"kind": "max_footprint", "threshold_pct": 10.0}}, {"type": "Feature", "geometry": {"type": "Polygon", "coordinates": [[[-3.1168088202327477, 53.39045456911222], [-3.116804114108537, 53.39027483187738], [-3.1165034448197018, 53.39027764476023], [-3.1165081496778573, 53.39045738201338], [-3.1168088202327477, 53.39045456911222]]]}, "properties": {"kind": "max_footprint", "threshold_pct": 10.0}}, {"type": "Feature", "geometry": {"type": "Polygon", "coordinates": [[[-3.106275997218215, 53.39019309447], [-3.1062713355066935, 53.39001335658545], [-3.1059706669869898, 53.39001614293616], [-3.105975327432458, 53.39019588083885], [-3.106275997218215, 53.39019309447]]]}, "properties": {"kind": "max_footprint", "threshold_pct": 10.0}}, {"type": "Feature", "geometry": {"type": "Polygon", "coordinates": [[[-3.1095927129763985, 53.390521869801056], [-3.109588037237743, 53.3903421321279], [-3.109287366738204, 53.390344926842225], [-3.109278017943869, 53.38998545144232], [-3.108977349926162, 53.38998824536322], [-3.1089726768704407, 53.389808507636495], [-3.1083713432163265, 53.38981409317084], [-3.108376013739979, 53.38999383093395], [-3.1086766818581935, 53.38999103852709], [-3.1086860255883093, 53.39035051399974], [-3.1089866961883885, 53.3903477207995], [-3.108991369394894, 53.39052745850904], [-3.1095927129763985, 53.390521869801056]]]}, "properties": {"kind": "max_footprint", "threshold_pct": 10.0}}, {"type": "Feature", "geometry": {"type": "Polygon", "coordinates": [[[-3.112280008371546, 53.38977773307128], [-3.1122706345586666, 53.38941825800146], [-3.1116693070756503, 53.38942386011708], [-3.111673991424885, 53.389603597691334], [-3.1119746564575914, 53.38960079699378], [-3.111979342123223, 53.38978053454408], [-3.112280008371546, 53.38977773307128]]]}, "properties": {"kind": "max_footprint", "threshold_pct": 10.0}}, {"type": "Feature", "geometry": {"type": "Polygon", "coordinates": [[[-3.1131726254050966, 53.38940984915056], [-3.1131679347763166, 53.38923011166182], [-3.1128672724772546, 53.38923291535085], [-3.112871961840051, 53.38941265285787], [-3.1131726254050966, 53.38940984915056]]]}, "properties": {"kind": "max_footprint", "threshold_pct": 10.0}}, {"type": "Feature", "geometry": {"type": "Polygon", "coordinates": [[[-3.114370583467943, 53.38921888933572], [-3.114365887825739, 53.38903915191434], [-3.114065226994521, 53.38904195861306], [-3.1140699213707568, 53.389221696052736], [-3.114370583467943, 53.38921888933572]]]}, "properties": {"kind": "max_footprint", "threshold_pct": 10.0}}, {"type": "Feature", "geometry": {"type": "Polygon", "coordinates": [[[-3.1081407204515825, 53.39251295092019], [-3.10813605049082, 53.392333213219125], [-3.107835365812436, 53.39233600434827], [-3.1078260285740127, 53.39197652889259], [-3.1075253463778263, 53.391979319228284], [-3.107520679100124, 53.39179958147366], [-3.107219998119925, 53.391802371034125], [-3.1072153321585962, 53.39162263325562], [-3.1069146523943867, 53.391625422040846], [-3.1069099877494066, 53.39144568423844], [-3.1063086306028085, 53.3914512595014], [-3.106303968540297, 53.39127152165696], [-3.1060032911579243, 53.39127430813471], [-3.1059986304116927, 53.39109457026638], [-3.1056979542453274, 53.39109735596893], [-3.105688635435484, 53.390737880178825], [-3.105387961751239, 53.39074066508803], [-3.1053739877105775, 53.39020145130551], [-3.105674657596573, 53.39019866645068], [-3.105669998417161, 53.39001892852984], [-3.1059706669869898, 53.39001614293616], [-3.105966006591646, 53.38983640502772], [-3.1062666738453086, 53.38983361869517], [-3.1062713355066935, 53.39001335658545], [-3.106572003976258, 53.3900105694777], [-3.1065626781715605, 53.38965109372774], [-3.1062620122340623, 53.38965388079915], [-3.106257350672953, 53.38947414289741], [-3.1053553563577347, 53.38948249951522], [-3.10534138336911, 53.388943285612356], [-3.1050407222951275, 53.38894606958321], [-3.1050453786419343, 53.38912580757469], [-3.1047447162518975, 53.38912859080669], [-3.104754026563758, 53.389488066808724], [-3.1044533615916614, 53.38949084931997], [-3.1044719777520564, 53.39020980132777], [-3.104772647788306, 53.39020701874403], [-3.1047866142324585, 53.390746232635365], [-3.1044859403979532, 53.390749015273464], [-3.104499903494388, 53.3912882291676], [-3.104800581127274, 53.39128544647514], [-3.1048052368590278, 53.391465184410265], [-3.105105915707991, 53.3914624009426], [-3.1051105727559873, 53.39164213885389], [-3.105411252821026, 53.39163935461104], [-3.1054159111852937, 53.39181909249846], [-3.106017273697401, 53.39181352170528], [-3.1060219346441578, 53.39199325955069], [-3.1069239818348655, 53.39198489762847], [-3.10693331147604, 53.39234437319315], [-3.107534681083835, 53.3923387947203], [-3.107539348512141, 53.39251853245772], [-3.1081407204515825, 53.39251295092019]]]}, "properties": {"kind": "max_footprint", "threshold_pct": 10.0}}, {"type": "Feature", "geometry": {"type": "Polygon", "coordinates": [[[-3.117687282488348, 53.38954743990999], [-3.117682572819251, 53.38936770270147], [-3.1179832355754757, 53.389364886882234], [-3.1179785246910585, 53.38918514968632], [-3.118279186130645, 53.389182333128446], [-3.1182744740309367, 53.389002595945136], [-3.117673153633013, 53.38900822826723], [-3.117668444115872, 53.3888284910415], [-3.117367785106871, 53.38883130604873], [-3.117386618415483, 53.389550254990546], [-3.117687282488348, 53.38954743990999]]]}, "properties": {"kind": "max_footprint", "threshold_pct": 10.0}}, {"type": "Feature", "geometry": {"type": "Polygon", "coordinates": [[[-3.113764566112813, 53.38904476455482], [-3.11375987305302, 53.38886502709115], [-3.113459213386791, 53.388867832257624], [-3.1134639051806303, 53.38904756973957], [-3.113764566112813, 53.38904476455482]]]}, "properties": {"kind": "max_footprint", "threshold_pct": 10.0}}, {"type": "Feature", "geometry": {"type": "Polygon", "coordinates": [[[-3.112557234085399, 53.38887624321519], [-3.112552546139849, 53.38869650567274], [-3.112251887537804, 53.38869930779304], [-3.11225657421741, 53.38887904535375], [-3.112557234085399, 53.38887624321519]]]}, "properties": {"kind": "max_footprint", "threshold_pct": 10.0}}, {"type": "Feature", "geometry": {"type": "Polygon", "coordinates": [[[-3.113163244197986, 53.38905037416732], [-3.1131585536701034, 53.388870636667136], [-3.113459213386791, 53.388867832257624], [-3.1134545216434137, 53.388688094769954], [-3.113153863192668, 53.38869089916118], [-3.113149172765679, 53.38851116164952], [-3.1128485155304144, 53.38851396526553], [-3.1128578939029676, 53.38887344031965], [-3.112557234085399, 53.38887624321519], [-3.112561922081369, 53.38905598075191], [-3.113163244197986, 53.38905037416732]]]}, "properties": {"kind": "max_footprint", "threshold_pct": 10.0}}, {"type": "Feature", "geometry": {"type": "Polygon", "coordinates": [[[-3.11975890092815, 53.38826955346926], [-3.119754182752393, 53.38808981634905], [-3.120054836292183, 53.388086995359494], [-3.1200501169012993, 53.38790725825192], [-3.118847507501225, 53.38791853759499], [-3.11885222182862, 53.38809827477603], [-3.118551568085939, 53.38810109273777], [-3.118556281198147, 53.38828082993141], [-3.11975890092815, 53.38826955346926]]]}, "properties": {"kind": "max_footprint", "threshold_pct": 10.0}}, {"type": "Feature", "geometry": {"type": "Polygon", "coordinates": [[[-3.1126088048143137, 53.39085335580383], [-3.112604116314105, 53.39067361832444], [-3.113506133596026, 53.390665206819065], [-3.113496749150459, 53.39030573195264], [-3.1122940694689394, 53.39031694563301], [-3.1122893823860633, 53.39013720811816], [-3.111688044774885, 53.390142810379714], [-3.111683360274503, 53.38996307282265], [-3.111382692659372, 53.389965872799664], [-3.1113780094754007, 53.389786135218635], [-3.1110773430759298, 53.38978893442041], [-3.1110679793911076, 53.38942945920468], [-3.1107673154733, 53.389432257613], [-3.1107626349724096, 53.389252519978314], [-3.1113639602256957, 53.389246922441146], [-3.111359277243196, 53.38906718483719], [-3.111058615907703, 53.389069983966024], [-3.111039889545119, 53.38835103341999], [-3.109837263954835, 53.38836222207397], [-3.109832587553697, 53.38818248435027], [-3.109531932296264, 53.388185279603135], [-3.109527257211317, 53.38800554185548], [-3.1092266031695, 53.38800833633317], [-3.1092219294007166, 53.387828598561605], [-3.1086206236980667, 53.38783418520975], [-3.108634637559828, 53.38837339861645], [-3.108333980835441, 53.38837619085964], [-3.1083386509572497, 53.38855592866859], [-3.108037992916708, 53.38855872017297], [-3.1080333240608273, 53.38837898234585], [-3.107732667235999, 53.38838177307508], [-3.1077233322066924, 53.38802229736726], [-3.1074226778634793, 53.388025087303184], [-3.107413345566729, 53.387665611536114], [-3.107112693705096, 53.387668400678734], [-3.1071220234700836, 53.38802787648215], [-3.106520714532791, 53.388033452569175], [-3.106525376958735, 53.38821319049861], [-3.1068260327183634, 53.38821040281541], [-3.1068306964603694, 53.38839014072097], [-3.107131353435757, 53.38838735226263], [-3.107136018493852, 53.388567090144285], [-3.1074366766849946, 53.38856430091082], [-3.1074460094836054, 53.388923776620615], [-3.1077466701564607, 53.38892098659383], [-3.1077513378970183, 53.389100724421944], [-3.108051999785639, 53.389097933620015], [-3.1080566688423814, 53.38927767142423], [-3.108657995000924, 53.389272087513], [-3.1086626666398725, 53.38945182527513], [-3.109564659298798, 53.38944344367621], [-3.1095599838618706, 53.38926370596868], [-3.109860646714966, 53.38926091060657], [-3.1098700001711053, 53.389620385979505], [-3.110170665505899, 53.38961758982399], [-3.110175343575437, 53.38979732748363], [-3.110476010125933, 53.3897945305529], [-3.1104853689480287, 53.390154005818594], [-3.110786037980272, 53.390151208094395], [-3.110790718732871, 53.39033094570042], [-3.1110913889808267, 53.39032814720099], [-3.1111054353389433, 53.39086735992998], [-3.1114061093347916, 53.39086456061882], [-3.111396742513508, 53.390505085508366], [-3.1119980852897156, 53.390499484687886], [-3.1120027712073353, 53.39067922220952], [-3.1123034437859274, 53.39067642064549], [-3.1123081310200416, 53.39085615814313], [-3.1126088048143137, 53.39085335580383]], [[-3.108643980385539, 53.38873287419226], [-3.1083433211292855, 53.38873566647181], [-3.1083386509572497, 53.38855592866859], [-3.108639308947563, 53.38855313640722], [-3.108643980385539, 53.38873287419226]]]}, "properties": {"kind": "max_footprint", "threshold_pct": 10.0}}, {"type": "Feature", "geometry": {"type": "Polygon", "coordinates": [[[-3.1083012913891035, 53.38711802603645], [-3.1082966216690924, 53.38693828818165], [-3.1079959750214057, 53.38694107952242], [-3.1080006434755973, 53.387120817395406], [-3.1083012913891035, 53.38711802603645]]]}, "properties": {"kind": "max_footprint", "threshold_pct": 10.0}}, {"type": "Feature", "geometry": {"type": "Polygon", "coordinates": [[[-3.114586708895899, 53.38598080772856], [-3.1145820128969026, 53.385801070222236], [-3.114281374901252, 53.38580387734886], [-3.1142860696345274, 53.38598361487347], [-3.114586708895899, 53.38598080772856]]]}, "properties": {"kind": "max_footprint", "threshold_pct": 10.0}}, {"type": "Feature", "geometry": {"type": "Polygon", "coordinates": [[[-3.114859165276193, 53.38489957481254], [-3.1148544683145634, 53.38471983729012], [-3.114553837963454, 53.38472264506393], [-3.1145585336594452, 53.38490238260465], [-3.114859165276193, 53.38489957481254]]]}, "properties": {"kind": "max_footprint", "threshold_pct": 10.0}}, {"type": "Feature", "geometry": {"type": "Polygon", "coordinates": [[[-3.114553837963454, 53.38472264506393], [-3.1145491423179603, 53.384542907517464], [-3.1142485131819795, 53.384545714516136], [-3.114253207561847, 53.38472545208087], [-3.114553837963454, 53.38472264506393]]]}, "properties": {"kind": "max_footprint", "threshold_pct": 10.0}}, {"type": "Feature", "geometry": {"type": "Polygon", "coordinates": [[[-3.124775241482608, 53.38462675615302], [-3.124765764180873, 53.38426728230329], [-3.1241645118382335, 53.38427294697326], [-3.124169247932445, 53.38445268393791], [-3.1244698753948263, 53.38444985196289], [-3.1244746128055727, 53.38462958890334], [-3.124775241482608, 53.38462675615302]]]}, "properties": {"kind": "max_footprint", "threshold_pct": 10.0}}, {"type": "Feature", "geometry": {"type": "Polygon", "coordinates": [[[-3.116357619312158, 53.38470578706803], [-3.116348212884268, 53.38434631218896], [-3.1160475853170837, 53.38434912371048], [-3.1160428834446012, 53.38416938624404], [-3.1157422570924482, 53.38417219699042], [-3.115732856030325, 53.383812722003704], [-3.1151316082366836, 53.383818341152676], [-3.115141004236504, 53.384177816212585], [-3.1154416306897446, 53.38417500697992], [-3.1154463300310358, 53.384354744482984], [-3.1157469576993355, 53.384351934475156], [-3.1157516583567744, 53.38453167195418], [-3.116052287240132, 53.3845288611712], [-3.116056989213745, 53.38470859862617], [-3.116357619312158, 53.38470578706803]]]}, "properties": {"kind": "max_footprint", "threshold_pct": 10.0}}, {"type": "Feature", "geometry": {"type": "Polygon", "coordinates": [[[-3.1167805842467096, 53.38937614561721], [-3.1167758784261843, 53.38919640834797], [-3.116475216733402, 53.389199221120904], [-3.1164705122294505, 53.38901948382762], [-3.1158691912240295, 53.38902510706588], [-3.115864489302573, 53.38884536973025], [-3.1161651485646265, 53.388842558507896], [-3.116160445427803, 53.3886628211848], [-3.115559129384999, 53.38866844283589], [-3.115554428830603, 53.38848870547047], [-3.115253771999283, 53.38849151514225], [-3.11524437357396, 53.38813204035761], [-3.1155450278734738, 53.38812923072243], [-3.1155403274707383, 53.3879494933398], [-3.115840980453815, 53.38794668296595], [-3.1158174728692036, 53.387047996058314], [-3.1155168262153308, 53.38705080634064], [-3.1155074260670133, 53.38669133150083], [-3.1152067818941807, 53.38669414098964], [-3.1151973844795844, 53.386334666090306], [-3.1154980261208847, 53.386331856638094], [-3.115493326223639, 53.386152119198115], [-3.1148920454220006, 53.386157737309034], [-3.1149061376708134, 53.38669694972153], [-3.114304849072533, 53.386702564914515], [-3.114300154137294, 53.38652282741286], [-3.113999511028185, 53.38652563385569], [-3.1139948174092003, 53.386345896330006], [-3.113694175515378, 53.386348701997676], [-3.1136847909603285, 53.38598922689257], [-3.1133841515475287, 53.38599203176678], [-3.1133653881057897, 53.38527308141473], [-3.113666022455776, 53.385270276613596], [-3.11367540660713, 53.38562975176454], [-3.113976043438036, 53.385626946169985], [-3.1139807368551127, 53.3858066837186], [-3.114281374901252, 53.38580387734886], [-3.1142719855861682, 53.38544440228249], [-3.1139713500714334, 53.385447208615645], [-3.1139619634896487, 53.38508773348977], [-3.113661330455789, 53.38509053902952], [-3.1136566385062614, 53.384910801439695], [-3.113356006687599, 53.3849136062043], [-3.113346625471187, 53.38455413097095], [-3.1136472547585803, 53.38455132624288], [-3.113642562960424, 53.384371588635844], [-3.1142438188525965, 53.38436597694566], [-3.1142391245736967, 53.38418623936946], [-3.1139384979184452, 53.3841890455747], [-3.113929112043251, 53.38382957036855], [-3.1124259906660443, 53.38384358985938], [-3.1124213041319546, 53.3836638521564], [-3.1121206809708233, 53.38366665376579], [-3.112130051558263, 53.38402612920251], [-3.112731302892405, 53.38402052515391], [-3.1127547428989533, 53.384919213462894], [-3.1124541109289985, 53.38492201595687], [-3.1124681717409173, 53.38546122892822], [-3.111866900055774, 53.385466831755004], [-3.1118809537270664, 53.38600604478423], [-3.112482233006489, 53.386000441847955], [-3.1124916074355773, 53.38635991709912], [-3.1127922495311755, 53.38635711445913], [-3.1128016266934493, 53.38671658965086], [-3.111899692660795, 53.38672499540959], [-3.111895007851789, 53.38654525776184], [-3.110993077163028, 53.38655365665353], [-3.1109883962017144, 53.38637391894536], [-3.1106877538038624, 53.38637671704386], [-3.1106830741586466, 53.386196979311734], [-3.110081791743491, 53.386202573201544], [-3.1100864688571876, 53.386382310970106], [-3.1097858263083933, 53.38638510679785], [-3.109781150460455, 53.38620536901109], [-3.109480509127133, 53.38620816406373], [-3.1094618113011396, 53.38548921278653], [-3.1097624475715566, 53.38548641780673], [-3.1097577719750413, 53.38530667999129], [-3.1094571369703177, 53.3853094749529], [-3.1094524626897657, 53.38512973711356], [-3.108851195060882, 53.38513532472973], [-3.108855866810075, 53.385315062605486], [-3.109156501915324, 53.38531226915765], [-3.1091892144266327, 53.386570434000035], [-3.1094898583417634, 53.38656763966792], [-3.1094945330244905, 53.38674737746143], [-3.1100958232354885, 53.38674178649003], [-3.110100500500091, 53.38692152424137], [-3.1104011467959434, 53.38691872760208], [-3.1104105040076973, 53.38727820305118], [-3.1101098551802067, 53.38728099972692], [-3.1101192100615407, 53.38764047518952], [-3.110419861420726, 53.38763767847735], [-3.1104151826890534, 53.387457940767135], [-3.1107158327320668, 53.387455143316245], [-3.1107064728880096, 53.387095667915034], [-3.1110071203490284, 53.387092869743654], [-3.111002439236684, 53.386913132052676], [-3.111603731476051, 53.386907533475544], [-3.1116084151200143, 53.38708727113006], [-3.111909062429958, 53.38708447068785], [-3.1119137473901186, 53.387264208318406], [-3.1122143959154984, 53.38726140710102], [-3.1122237685186627, 53.38762088230844], [-3.1131257213873993, 53.38761247400515], [-3.1131304115621683, 53.38779221154551], [-3.1134310636834086, 53.387789407245556], [-3.113435755174495, 53.387969144761904], [-3.1137364085111514, 53.38796633968677], [-3.1137411013185816, 53.388146077179115], [-3.114041755870654, 53.38814327132874], [-3.1140464499944542, 53.38832300879707], [-3.114347105761942, 53.38832020217146], [-3.114351801202141, 53.38849993961578], [-3.11465245818504, 53.38849713221491], [-3.114657154941664, 53.38867686963521], [-3.1149578131399744, 53.38867406145907], [-3.114962511213051, 53.38885379885538], [-3.1152631706267724, 53.388850989903965], [-3.1152725694564296, 53.38921046464275], [-3.1155732313515228, 53.38920765489777], [-3.1155779321081445, 53.38938739224027], [-3.1167805842467096, 53.38937614561721]], [[-3.1131069611927367, 53.38689352378645], [-3.112806315350223, 53.38689632723812], [-3.1128016266934493, 53.38671658965086], [-3.1131022712701695, 53.38671378621745], [-3.1131069611927367, 53.38689352378645]]]}, "properties": {"kind": "max_footprint", "threshold_pct": 10.0}}, {"type": "Feature", "geometry": {"type": "Polygon", "coordinates": [[[-3.1192460353397222, 53.380184196805395], [-3.1192413207119705, 53.38000445940868], [-3.118940724021524, 53.38000727805819], [-3.1189360107097293, 53.37982754063738], [-3.118635415233862, 53.37983035851181], [-3.1186448393775956, 53.38018983338439], [-3.1192460353397222, 53.380184196805395]]]}, "properties": {"kind": "max_footprint", "threshold_pct": 10.0}}, {"type": "Feature", "geometry": {"type": "Polygon", "coordinates": [[[-3.1188380789985426, 53.387559063215754], [-3.1188286506986604, 53.387199588813544], [-3.119129298061407, 53.387196770186634], [-3.1191245827217107, 53.38701703299527], [-3.1188239366247688, 53.38701985160383], [-3.1188145086290793, 53.38666037716722], [-3.1191151521944493, 53.38665755859537], [-3.1191104370068854, 53.38647782138681], [-3.1188097947072793, 53.386480639940295], [-3.118805080836177, 53.38630090270765], [-3.1185044397516277, 53.38630372048588], [-3.1184997271969572, 53.38612398322913], [-3.118199087327465, 53.3861268002321], [-3.1181943760892032, 53.38594706295129], [-3.1178937374347697, 53.385949879179016], [-3.117889027512886, 53.385770141874104], [-3.118490302239661, 53.38576450869844], [-3.118485589837032, 53.3855847714245], [-3.118786225858709, 53.38558195371968], [-3.1187909395270363, 53.38576169097527], [-3.1190915767637173, 53.38575887249521], [-3.119101006783885, 53.386118346952486], [-3.119401646501293, 53.3861155276788], [-3.119406362853176, 53.38629526488046], [-3.1200076446672855, 53.38628962402565], [-3.120002925783932, 53.38610988686072], [-3.1206042048635725, 53.38610424301505], [-3.1205994834995265, 53.38592450588111], [-3.1221026739812188, 53.38591038311311], [-3.1221074016738566, 53.38609012015505], [-3.1224080408834363, 53.386087293312336], [-3.1224127698926454, 53.38626703033014], [-3.1227134103170955, 53.38626420271212], [-3.1227181406429074, 53.386443939705764], [-3.1230187822822266, 53.38644111131242], [-3.123014050690674, 53.38626137433721], [-3.123615331285157, 53.38625571531664], [-3.1236105972130352, 53.38607597837255], [-3.1239112361681878, 53.38607314774534], [-3.1238970304601965, 53.38553393693388], [-3.1235963953021395, 53.38553676750579], [-3.1235916614336614, 53.38535703053873], [-3.1229903934961754, 53.385362689375015], [-3.122995124833308, 53.38554242637892], [-3.1226944895225617, 53.38554525468017], [-3.1226992196448893, 53.38572499169676], [-3.1223985830175858, 53.38572781925954], [-3.1223938541609466, 53.38554808222455], [-3.1217925832851607, 53.3855537350426], [-3.1217878570107276, 53.38537399796503], [-3.1214872227622634, 53.38537682322034], [-3.12148249780432, 53.38519708611864], [-3.1211818647707044, 53.38519991059866], [-3.121177141129226, 53.38502017347283], [-3.120876509310462, 53.385022997177586], [-3.1208576203149967, 53.38430404854335], [-3.1205569935079174, 53.384306871417685], [-3.120547551846036, 53.383947397029374], [-3.120848176121962, 53.38394457419179], [-3.120852898193088, 53.38412431137043], [-3.121153523683802, 53.38412148775762], [-3.1211582470712944, 53.38430122491213], [-3.1217595004314855, 53.38429557537917], [-3.1217689524212657, 53.38465504959742], [-3.122370210640567, 53.38464939696341], [-3.122365482089049, 53.384469659893966], [-3.1229667375737327, 53.38446400426938], [-3.122962006541881, 53.384284267231024], [-3.123563259291867, 53.38427860861585], [-3.12355852577974, 53.384098871608614], [-3.1247610256064444, 53.384087545369816], [-3.124756287082975, 53.383907808430614], [-3.1253575341595115, 53.383902140807066], [-3.1253527931559075, 53.38372240389901], [-3.125954037497415, 53.38371673328504], [-3.1259492940137363, 53.383536996408196], [-3.12655053562014, 53.38353132280384], [-3.126545789656438, 53.38335158595821], [-3.1268464091175763, 53.38334874803925], [-3.1268416619394115, 53.38316901120635], [-3.1265410437437757, 53.38317184910681], [-3.126536297882147, 53.38299211224968], [-3.127438148519434, 53.38298359633333], [-3.12742864935649, 53.382624122712755], [-3.127729263602521, 53.38262128259734], [-3.127719762113002, 53.382261808990805], [-3.1274191503978455, 53.38226464906923], [-3.127414400995134, 53.38208491223886], [-3.1271137904943225, 53.38208775154202], [-3.127109042408089, 53.38190801468739], [-3.1277102608278318, 53.381902335361296], [-3.1277055102618756, 53.38172259853794], [-3.128306725946498, 53.381716916221734], [-3.128297219906367, 53.3813574426318], [-3.128898430325074, 53.3813517573625], [-3.1288889194280274, 53.38099228382367], [-3.1285883167749144, 53.380995126799654], [-3.1285835626684166, 53.3808153900031], [-3.1288841640562093, 53.38081254704563], [-3.1288794087355267, 53.380632810261844], [-3.1291800088068786, 53.380629966566126], [-3.1291752522720406, 53.38045022979513], [-3.129475851026956, 53.38044738536119], [-3.129471093277988, 53.38026764860296], [-3.1291704957883497, 53.38027049301837], [-3.1291657393558068, 53.38009075623588], [-3.129466335580181, 53.38008791183899], [-3.1294615779335335, 53.379908175069296], [-3.1297621728415, 53.379905329934196], [-3.1297478964128467, 53.37936611964621], [-3.130048487473978, 53.379363273809986], [-3.1300437275015764, 53.37918353705436], [-3.1303443172463297, 53.37918069047998], [-3.130330033840724, 53.37864148023427], [-3.130630619738785, 53.3786386329588], [-3.1306258574408368, 53.378458896217296], [-3.1309264420225524, 53.37845604820367], [-3.1309121516406186, 53.377916838000324], [-3.1312127323757863, 53.37791398928566], [-3.131198438659621, 53.377374779086296], [-3.131499015548353, 53.37737192967064], [-3.13149424981372, 53.37719219294457], [-3.131794825386169, 53.37718934279082], [-3.131766224464494, 53.37611092242523], [-3.1320667923957393, 53.37610807162618], [-3.132052488832029, 53.37556886142155], [-3.131751924695575, 53.37557171216489], [-3.131742391772546, 53.375212238629274], [-3.132042953379209, 53.37520938792308], [-3.132033418131439, 53.37484991440162], [-3.1323339771571033, 53.37484706297597], [-3.132324439584693, 53.37448758946865], [-3.1320238830887113, 53.37449044085717], [-3.132019115644238, 53.37431070407636], [-3.1317185603618185, 53.37431355468974], [-3.1317090281562465, 53.37395408107372], [-3.1320095809090653, 53.37395123049747], [-3.131971444018599, 53.37251333595214], [-3.131670901383646, 53.37251618637992], [-3.1316566046893617, 53.37197697577496], [-3.1313560657971466, 53.37197982539054], [-3.13135130159949, 53.3718000884922], [-3.131050763920686, 53.371802937332724], [-3.131046001038868, 53.37162320041007], [-3.130745464573478, 53.371626048475555], [-3.1307407030074734, 53.371446311528615], [-3.130440167755496, 53.37144915881905], [-3.130435407505277, 53.37126942184783], [-3.130134873466715, 53.371272268363235], [-3.130130114532255, 53.371092531367744], [-3.129228515903383, 53.37110106631948], [-3.1292237608137903, 53.37092132926266], [-3.1259179091512226, 53.37095256563291], [-3.1259226503305064, 53.37113230289314], [-3.125622116790496, 53.37113513804272], [-3.1256268567561603, 53.37131487531565], [-3.125025786994087, 53.371320543382275], [-3.1250305244815006, 53.37150028068638], [-3.1247299882594497, 53.37150311360341], [-3.124744197233394, 53.37204232553661], [-3.125044737249348, 53.37203949256424], [-3.1250636883195932, 53.37275844165437], [-3.1244625981193015, 53.372764106990125], [-3.124467333484777, 53.37294384428519], [-3.124166787043538, 53.372946675836715], [-3.124176255397752, 53.3733061504465], [-3.124476804368466, 53.373303318858106], [-3.124486275455813, 53.373662793408066], [-3.124786826905141, 53.37365996102623], [-3.1247915637899726, 53.37383969827416], [-3.1244910110758592, 53.373842530674445], [-3.124519425865418, 53.37492095415212], [-3.12421886551139, 53.37492378590646], [-3.124199927174064, 53.374204836870554], [-3.1238993718285184, 53.37420766779456], [-3.123894638636264, 53.3740279305028], [-3.1232935303221407, 53.37403359004425], [-3.1232982609847686, 53.37421332737287], [-3.1235988164320827, 53.37421049796199], [-3.1236035484104003, 53.37439023526646], [-3.1239041050716647, 53.37438740508057], [-3.123908838365702, 53.37456714236086], [-3.1236082804395964, 53.374569972565155], [-3.123631941348774, 53.375468658972636], [-3.1233313770473767, 53.37547148851249], [-3.123326646028689, 53.37529175122405], [-3.1230260829413323, 53.37529457998886], [-3.1230450022615748, 53.376013529181876], [-3.123345570408656, 53.37601070034337], [-3.1233644956025595, 53.37672964937089], [-3.123063922395538, 53.37673247828307], [-3.1230828433432674, 53.37745142729243], [-3.123383421610449, 53.37744859830658], [-3.123392884919653, 53.37780807273996], [-3.123693465666118, 53.37780524296059], [-3.12370293170905, 53.3781647173342], [-3.1234023484323705, 53.37816754715042], [-3.123407080265048, 53.37834728434705], [-3.1231064956723604, 53.378350113425014], [-3.1231017651048116, 53.37817037620998], [-3.122801181726385, 53.378173204512855], [-3.122796452474818, 53.37799346727367], [-3.1224958703106553, 53.377996294801434], [-3.122491142375041, 53.377816557538075], [-3.122190561425143, 53.377819384290774], [-3.122185834805457, 53.377639647003285], [-3.121885255069827, 53.3776424729809], [-3.1218805297660412, 53.37746273566927], [-3.121579951244678, 53.377465560871805], [-3.1215893993728914, 53.377825035526136], [-3.1218899804244233, 53.3778222102868], [-3.12189470582983, 53.37800194758695], [-3.121594123513192, 53.37800477284469], [-3.1215988477042926, 53.37818451015752], [-3.1222000148169893, 53.37817885884855], [-3.1222047415891496, 53.37835859611883], [-3.1225053263343976, 53.37835576931091], [-3.122510054422529, 53.378535506557036], [-3.1228106403820806, 53.378532678974025], [-3.122815369786209, 53.378712416196], [-3.123115956960063, 53.37870958783788], [-3.123144342044035, 53.37978801093874], [-3.1228437472789596, 53.379790839407384], [-3.1228532068500763, 53.380150313765256], [-3.122552609503623, 53.380153141513986], [-3.1225478809579004, 53.37997340431951], [-3.1222472848258667, 53.3799762312931], [-3.122242557596244, 53.379796494074476], [-3.1216413677101995, 53.37980214571464], [-3.1216319184643826, 53.37944267118658], [-3.121331325975615, 53.37944549583478], [-3.121326602694127, 53.37926575854373], [-3.121026011419785, 53.379268582416834], [-3.1210165675395625, 53.37890910778075], [-3.1207159787448364, 53.37891193086038], [-3.1207112581460614, 53.37873219351534], [-3.120110082934692, 53.37873783736771], [-3.120105364917002, 53.37855809998018], [-3.1198047785003746, 53.378560920752946], [-3.1198000617985664, 53.37838118334133], [-3.1194994765963733, 53.37838400333904], [-3.11949476121042, 53.378204265903314], [-3.119194177222659, 53.378207085125965], [-3.1192083197371776, 53.37874629747101], [-3.1195089075203937, 53.37874347819329], [-3.1195183386472345, 53.379102953024585], [-3.119818928910113, 53.379100132953425], [-3.1198236458147983, 53.379279870342096], [-3.1201242372921616, 53.379277049495855], [-3.1201289555127856, 53.37945678686043], [-3.12042954820463, 53.3794539652391], [-3.1204342677412216, 53.37963370257955], [-3.1207348616475463, 53.379630880183115], [-3.1207395825001316, 53.37981061749946], [-3.1210401776209356, 53.379807794327924], [-3.1210543442790875, 53.38034700618737], [-3.1213549431449223, 53.38034418220393], [-3.1213596667311627, 53.38052391946055], [-3.1219608668410297, 53.380518269186645], [-3.1219655930086807, 53.38069800640071], [-3.1222661942526977, 53.38069518011026], [-3.1222756492711254, 53.38105465448441], [-3.1219750454964514, 53.381057480811684], [-3.1219797718165725, 53.38123721800855], [-3.121679166725725, 53.38124004359749], [-3.1216838918313083, 53.38141978080701], [-3.1213832854242867, 53.38142260565755], [-3.1213785615840686, 53.381242868429645], [-3.1210779563916153, 53.38124569250503], [-3.1210685113942587, 53.380886217995176], [-3.1207679086817097, 53.38088904127703], [-3.1207584664181174, 53.38052956670746], [-3.120457866185437, 53.38053238919581], [-3.1204484266554955, 53.3801729145665], [-3.120147828902646, 53.38017573626134], [-3.1201525473769554, 53.38035547359723], [-3.1198519483080824, 53.380358294553695], [-3.1198802526274863, 53.38143671855874], [-3.119279039153561, 53.381442358421786], [-3.119274324170911, 53.38126262106524], [-3.1183725073758977, 53.381271075128936], [-3.11836779624002, 53.38109133771159], [-3.1180671918056997, 53.38109415420094], [-3.1180624819858274, 53.3809144167595], [-3.116860068803602, 53.38092567507595], [-3.1168553640957057, 53.38074593755545], [-3.1165547619389713, 53.38074875022434], [-3.116568872418389, 53.38128796282352], [-3.116869478371168, 53.3812851500997], [-3.1168788881411085, 53.381644625100506], [-3.1165782796575647, 53.38164743786098], [-3.1165829833530236, 53.38182717537109], [-3.115981763703397, 53.3818327986583], [-3.1159770625387453, 53.38165306111156], [-3.1156764539034976, 53.38165587160168], [-3.115667054256626, 53.38129639645439], [-3.1153664481016095, 53.38129920615114], [-3.115361749619347, 53.3811194685506], [-3.1144599346472974, 53.38112789304531], [-3.114464629333462, 53.381307630700725], [-3.114765235640013, 53.38130482327429], [-3.114769931642042, 53.38148456090568], [-3.1150705391634763, 53.38148175270422], [-3.1150752364813976, 53.38166149031157], [-3.1153758452177125, 53.38165868133503], [-3.1153805438515527, 53.38183841891836], [-3.1156811538027447, 53.38183560916673], [-3.115685853752533, 53.38201534672605], [-3.1159864649186026, 53.38201253619929], [-3.1159958675006822, 53.38237201126412], [-3.116296481147073, 53.38236919994397], [-3.116315291979834, 53.383088149931524], [-3.116615910637569, 53.38308533778134], [-3.116625318888424, 53.3834448127041], [-3.1160240764603038, 53.38345043632087], [-3.116019374840636, 53.38327069882576], [-3.115718754816255, 53.38327350948061], [-3.11571405451266, 53.38309377196145], [-3.1154134357032484, 53.383096581841194], [-3.1154087367156986, 53.38291684429797], [-3.114506883780825, 53.38292526934133], [-3.114516274213399, 53.38328474453173], [-3.115117514615867, 53.38327912851982], [-3.1151222124389513, 53.38345886606985], [-3.115422833829941, 53.38345605691037], [-3.11542753296909, 53.38363579443636], [-3.1157281555750864, 53.38363298450173], [-3.115732856030325, 53.383812722003704], [-3.1160334798513274, 53.38380991129392], [-3.1160381816226836, 53.38398964877186], [-3.1163388066586917, 53.38398683728694], [-3.116343509746191, 53.384166574740824], [-3.116644135997201, 53.384163762480746], [-3.1166582493599924, 53.38470297475302], [-3.1169588793572323, 53.38470016168113], [-3.116972996972307, 53.385239373846844], [-3.1166723631781243, 53.38524218697368], [-3.116667658521485, 53.38506244957251], [-3.116367025942368, 53.38506526192417], [-3.1163952470469756, 53.386143686354934], [-3.1160946068230975, 53.38614649805957], [-3.116099309251833, 53.386326235462924], [-3.1154980261208847, 53.386331856638094], [-3.1155027260686765, 53.38651159407233], [-3.1161040117311423, 53.38650597286056], [-3.1161134168414826, 53.38686544763862], [-3.115812771503971, 53.38686825865958], [-3.1158174728692036, 53.387047996058314], [-3.1161181194725143, 53.38704518501905], [-3.1161228221541233, 53.38722492239374], [-3.1173254131247154, 53.38721367059412], [-3.117320705379863, 53.3870339332927], [-3.1176213517301594, 53.387031118468784], [-3.117626060740822, 53.38721085575187], [-3.1182273558210847, 53.38720522379657], [-3.1182320674140342, 53.387384961037235], [-3.1185327161439864, 53.387382143905846], [-3.118537429053443, 53.38756188112244], [-3.1188380789985426, 53.387559063215754]], [[-3.1178843176416553, 53.38559040456349], [-3.117583681467982, 53.385593219997624], [-3.1175789729130874, 53.38541348266294], [-3.117879607821074, 53.385410667247115], [-3.1178843176416553, 53.38559040456349]], [[-3.1175789729130874, 53.38541348266294], [-3.1169777029452153, 53.38541911122392], [-3.116972996972307, 53.385239373846844], [-3.117574264408831, 53.3852337453225], [-3.1175789729130874, 53.38541348266294]], [[-3.119345054234796, 53.38395868081129], [-3.118743805124843, 53.38396431816119], [-3.118739091963408, 53.38378458084823], [-3.1178372217150563, 53.38379303114169], [-3.1178183847624994, 53.38307408161238], [-3.117517766307195, 53.383076896789845], [-3.117503642920958, 53.382537684527634], [-3.117203028211475, 53.382540498893306], [-3.1171983217827703, 53.38236076144276], [-3.117498935226798, 53.38235794709542], [-3.1174942275832636, 53.38217820965747], [-3.118095451788551, 53.382172578729055], [-3.1181048721880353, 53.38253205352587], [-3.1184054867456035, 53.3825292368898], [-3.118410198286792, 53.38270897426124], [-3.1187108140591575, 53.382706156850006], [-3.118715526916494, 53.38288589419737], [-3.119316760840129, 53.382880257067754], [-3.119326191768843, 53.383239731671885], [-3.1196268111856003, 53.38323691193512], [-3.119640961755595, 53.38377612374321], [-3.11934033854224, 53.383778943535035], [-3.119345054234796, 53.38395868081129]], [[-3.1247420718183094, 53.383368597578546], [-3.1235395922402636, 53.38337992352229], [-3.1235159264611916, 53.38248123828528], [-3.1238165401046833, 53.382478408026735], [-3.123821274424153, 53.38265814506718], [-3.124422504089296, 53.38265248224281], [-3.1244082936909825, 53.38211327121488], [-3.1241076826801897, 53.38211610295014], [-3.1241029472480384, 53.3819363659109], [-3.124704166687865, 53.38193070172048], [-3.1247089046508383, 53.38211043872282], [-3.1250095155597424, 53.38210760547399], [-3.1250142548390905, 53.38228734245214], [-3.1253148669624546, 53.382284508428036], [-3.125319607558204, 53.38246424538201], [-3.1256202208960246, 53.382461410582664], [-3.125624962808203, 53.382641147512416], [-3.1259255773604813, 53.38263831193783], [-3.1259303205891142, 53.382818048843376], [-3.126531552071557, 53.382812375386806], [-3.126536297882147, 53.38299211224968], [-3.1250332124661377, 53.38300629030736], [-3.125037952000318, 53.38318602725681], [-3.1247373334986666, 53.383188860616364], [-3.1247420718183094, 53.383368597578546]], [[-3.119002001687296, 53.3823438640067], [-3.118701388496528, 53.382346682138035], [-3.1186966757912318, 53.38216694477345], [-3.118396063815224, 53.38216976212965], [-3.1183913524260314, 53.38199002474097], [-3.117790130852887, 53.381995657146305], [-3.1177807132881195, 53.38163618227839], [-3.1174801049564, 53.38163899730922], [-3.117475397515357, 53.381459259848334], [-3.1171747903984035, 53.381462074104036], [-3.1171700842733547, 53.38128233661907], [-3.116869478371168, 53.3812851500997], [-3.1168647735620882, 53.38110541259068], [-3.1174659827851343, 53.38109978490936], [-3.117470690124935, 53.3812795223817], [-3.1177712959258947, 53.381276707387556], [-3.11777600458169, 53.38145644483585], [-3.118677825476826, 53.38144799525775], [-3.1186825379794123, 53.38162773264528], [-3.1189831461085085, 53.38162491458733], [-3.118987859927169, 53.38180465195078], [-3.119288469270972, 53.381801833117706], [-3.1192931844057337, 53.38198157045705], [-3.118992573796519, 53.38198438930848], [-3.119002001687296, 53.3823438640067]], [[-3.127109042408089, 53.38190801468739], [-3.126808433121622, 53.38191085321526], [-3.1268036863518383, 53.38173111633645], [-3.1271042943729137, 53.381728277827065], [-3.127109042408089, 53.38190801468739]], [[-3.1265030782797187, 53.381733954089064], [-3.125901861982404, 53.38173962732395], [-3.125897119059801, 53.381559890383954], [-3.1252959050892337, 53.38156556055482], [-3.125291164748369, 53.38138582357215], [-3.126192981831622, 53.381377317236115], [-3.126197725968588, 53.381557054163366], [-3.1264983328263583, 53.38155421718601], [-3.1265030782797187, 53.381733954089064]], [[-3.1201902969981026, 53.38179337207777], [-3.1198896878064537, 53.38179619318121], [-3.1198802526274863, 53.38143671855874], [-3.12018085928836, 53.38143389749205], [-3.1201902969981026, 53.38179337207777]]]}, "properties": {"kind": "max_footprint", "threshold_pct": 10.0}}]}