{"type": "FeatureCollection", "features": [{"type": "Feature", "geometry": {"type": "Polygon", "coordinates": [[[-3.0880745944704753, 53.407619335195015], [-3.088065418619098, 53.40725985828687], [-3.087764626677168, 53.40726259939743], [-3.087746280636191, 53.40654364544106], [-3.0871447067431803, 53.406549125246904], [-3.0871538745955873, 53.40690860230793], [-3.086853085040402, 53.40691134111028], [-3.0868622505553405, 53.407270818184124], [-3.086561458416097, 53.407273556264656], [-3.0865706215934616, 53.407633033351274], [-3.0880745944704753, 53.407619335195015]]]}, "properties": {"kind": "max_footprint", "threshold_pct": 4.0}}, {"type": "Feature", "geometry": {"type": "Polygon", "coordinates": [[[-3.076042777042839, 53.40772839018166], [-3.0760337025845645, 53.407368911852735], [-3.075732908679317, 53.407371622662865], [-3.0757238369511137, 53.407012144275775], [-3.076325419643189, 53.407006721968635], [-3.0763163430406997, 53.40664724362933], [-3.075714765418119, 53.40665266586584], [-3.0757193011602166, 53.40683240507367], [-3.075117720807695, 53.40683782431548], [-3.0751403875761256, 53.40773652044543], [-3.076042777042839, 53.40772839018166]]]}, "properties": {"kind": "max_footprint", "threshold_pct": 4.0}}, {"type": "Feature", "geometry": {"type": "Polygon", "coordinates": [[[-3.0901203995936233, 53.40526352727526], [-3.0901158034143323, 53.4050837888748], [-3.0898150270258182, 53.40508653507324], [-3.0898196219378864, 53.40526627349157], [-3.0901203995936233, 53.40526352727526]]]}, "properties": {"kind": "max_footprint", "threshold_pct": 4.0}}, {"type": "Feature", "geometry": {"type": "Polygon", "coordinates": [[[-3.0913465167054426, 53.40615122639398], [-3.09134191520973, 53.405971488093726], [-3.0919434801149532, 53.40596598718583], [-3.091938876134196, 53.405786248915696], [-3.0916380949736197, 53.40578899973046], [-3.0916242871302924, 53.40524978483195], [-3.09132350972194, 53.40525253483549], [-3.0913143072750757, 53.404893058172064], [-3.0910135323516497, 53.404895807382374], [-3.091031932374482, 53.405614760758], [-3.090731152332649, 53.405617509282465], [-3.0907403501064765, 53.40597698597176], [-3.0910411326828497, 53.40597423741148], [-3.0910457329112733, 53.40615397572964], [-3.0913465167054426, 53.40615122639398]]]}, "properties": {"kind": "max_footprint", "threshold_pct": 4.0}}, {"type": "Feature", "geometry": {"type": "Polygon", "coordinates": [[[-3.0777702987192566, 53.404656544479366], [-3.077765754692312, 53.40447680532665], [-3.077464981356994, 53.4044795203989], [-3.07746952411674, 53.4046592595693], [-3.0777702987192566, 53.404656544479366]]]}, "properties": {"kind": "max_footprint", "threshold_pct": 4.0}}, {"type": "Feature", "geometry": {"type": "Polygon", "coordinates": [[[-3.0901020151731444, 53.4045445736391], [-3.0900928232595897, 53.40418509678668], [-3.0897920532069953, 53.40418784289566], [-3.0898012425862222, 53.40454731978386], [-3.0901020151731444, 53.4045445736391]]]}, "properties": {"kind": "max_footprint", "threshold_pct": 4.0}}, {"type": "Feature", "geometry": {"type": "Polygon", "coordinates": [[[-3.0954882012718077, 53.403416584824235], [-3.0954789643368934, 53.40305710854881], [-3.0948774411713904, 53.403062627060685], [-3.0948820570798805, 53.40324236523723], [-3.0951828199545304, 53.40323960634201], [-3.095187437179756, 53.40341934449485], [-3.0954882012718077, 53.403416584824235]]]}, "properties": {"kind": "max_footprint", "threshold_pct": 4.0}}, {"type": "Feature", "geometry": {"type": "Polygon", "coordinates": [[[-3.0975889211623353, 53.40321750791422], [-3.0975842938503098, 53.4030377698996], [-3.0972835326404864, 53.40304053483591], [-3.0972789066452857, 53.40286079679755], [-3.096978146652739, 53.402863560958494], [-3.096987396158808, 53.4032230370655], [-3.0975889211623353, 53.40321750791422]]]}, "properties": {"kind": "max_footprint", "threshold_pct": 4.0}}, {"type": "Feature", "geometry": {"type": "Polygon", "coordinates": [[[-3.0948774411713904, 53.403062627060685], [-3.0948728253125606, 53.402882888878445], [-3.0945720649223643, 53.402885646980344], [-3.094576679514144, 53.40306538518056], [-3.0948774411713904, 53.403062627060685]]]}, "properties": {"kind": "max_footprint", "threshold_pct": 4.0}}, {"type": "Feature", "geometry": {"type": "Polygon", "coordinates": [[[-3.0988058680116546, 53.40374565431625], [-3.0987966030019756, 53.403386178459805], [-3.0990973664968715, 53.40338340970049], [-3.0990880991524223, 53.40302393385725], [-3.098787338191646, 53.40302670258048], [-3.098791970571891, 53.40320644052301], [-3.0984912082942233, 53.403209208506894], [-3.098486577181032, 53.403029470546336], [-3.0981858161205955, 53.40303223775479], [-3.0981811863242674, 53.40285249977049], [-3.097880426481065, 53.40285526620356], [-3.097871169571875, 53.40249579018173], [-3.0975704122129213, 53.402498555821396], [-3.0975842938503098, 53.4030377698996], [-3.09788505501035, 53.40303500420589], [-3.0978896835894325, 53.403214742202486], [-3.098190445966734, 53.40321197573339], [-3.09819507586268, 53.40339171370623], [-3.0984958394572395, 53.40338894646173], [-3.0985051019327448, 53.403748422354234], [-3.0988058680116546, 53.40374565431625]]]}, "properties": {"kind": "max_footprint", "threshold_pct": 4.0}}, {"type": "Feature", "geometry": {"type": "Polygon", "coordinates": [[[-3.096080487303649, 53.403051587007376], [-3.096075866376628, 53.40287184889703], [-3.0957751061851466, 53.40287461002846], [-3.095765867014295, 53.40251513375461], [-3.0954651093071686, 53.4025178940927], [-3.0954789643368934, 53.40305710854881], [-3.096080487303649, 53.403051587007376]]]}, "properties": {"kind": "max_footprint", "threshold_pct": 4.0}}, {"type": "Feature", "geometry": {"type": "Polygon", "coordinates": [[[-3.0921475626886368, 53.40218873109753], [-3.092142958480952, 53.40200899272516], [-3.091541449428563, 53.40201449435955], [-3.091546051102271, 53.40219423276775], [-3.0921475626886368, 53.40218873109753]]]}, "properties": {"kind": "max_footprint", "threshold_pct": 4.0}}, {"type": "Feature", "geometry": {"type": "Polygon", "coordinates": [[[-3.103242934634215, 53.400828239702406], [-3.1032382838987207, 53.40064850195644], [-3.102636796266069, 53.40065405938156], [-3.1026321481143113, 53.40047432159368], [-3.1020306628153507, 53.40047987595336], [-3.1020167262610583, 53.39994066244682], [-3.1014152483631645, 53.39994621366879], [-3.1014059626440162, 53.39958673789682], [-3.101706699084356, 53.39958396270064], [-3.1017020550329253, 53.39940422482414], [-3.1011005846358537, 53.39940977442306], [-3.101105226153733, 53.39958951233571], [-3.1008044896135183, 53.39959228601733], [-3.1007998493624136, 53.39941254808661], [-3.1004991140390574, 53.39941532099288], [-3.100513031141755, 53.399954534821994], [-3.100813770265482, 53.39995176186159], [-3.1008230511171244, 53.40031123768291], [-3.1011237927245787, 53.40030846392904], [-3.1011284344921237, 53.40048820181305], [-3.1014291773164855, 53.40048542728378], [-3.1014338204008243, 53.400665165144005], [-3.101734564442093, 53.40066238983936], [-3.1017392088432505, 53.400842127675794], [-3.103242934634215, 53.400828239702406]]]}, "properties": {"kind": "max_footprint", "threshold_pct": 4.0}}, {"type": "Feature", "geometry": {"type": "Polygon", "coordinates": [[[-3.0845646426709545, 53.399740940247476], [-3.084560070826804, 53.39956120134851], [-3.084259332828138, 53.39956393336118], [-3.084263903405475, 53.39974367227795], [-3.0845646426709545, 53.399740940247476]]]}, "properties": {"kind": "max_footprint", "threshold_pct": 4.0}}, {"type": "Feature", "geometry": {"type": "Polygon", "coordinates": [[[-3.1011005846358537, 53.39940977442306], [-3.101091301749886, 53.39905029858059], [-3.1007905690099564, 53.39905307220803], [-3.1007998493624136, 53.39941254808661], [-3.1011005846358537, 53.39940977442306]]]}, "properties": {"kind": "max_footprint", "threshold_pct": 4.0}}, {"type": "Feature", "geometry": {"type": "Polygon", "coordinates": [[[-3.1059030187890757, 53.39900581755336], [-3.105898357153328, 53.39882607991324], [-3.1055976264806286, 53.39882886563881], [-3.105602286849654, 53.39900860329707], [-3.1059030187890757, 53.39900581755336]]]}, "properties": {"kind": "max_footprint", "threshold_pct": 4.0}}, {"type": "Feature", "geometry": {"type": "Polygon", "coordinates": [[[-3.0848470897385605, 53.399019251900725], [-3.0848379439593794, 53.39865977408695], [-3.0845372123437618, 53.39866250676792], [-3.0845463555894383, 53.39902198461731], [-3.0848470897385605, 53.399019251900725]]]}, "properties": {"kind": "max_footprint", "threshold_pct": 4.0}}, {"type": "Feature", "geometry": {"type": "Polygon", "coordinates": [[[-3.0836624247270197, 53.399749134066994], [-3.083657856683316, 53.39956939511465], [-3.0839585947803037, 53.39956666461658], [-3.0839448871436677, 53.39902744777861], [-3.084245621391136, 53.39902471657659], [-3.084241051010469, 53.39884497763697], [-3.0839403180297613, 53.398847708821194], [-3.083935748965008, 53.39866796985806], [-3.0833342853896504, 53.398673429919135], [-3.0833434185012876, 53.399032907910794], [-3.083042684106403, 53.39903563684096], [-3.083060945851998, 53.399754592826824], [-3.0836624247270197, 53.399749134066994]]]}, "properties": {"kind": "max_footprint", "threshold_pct": 4.0}}, {"type": "Feature", "geometry": {"type": "Polygon", "coordinates": [[[-3.1013827492201793, 53.398688048366665], [-3.10137810668524, 53.398508310443454], [-3.101077377795402, 53.39851108477394], [-3.1010820190636355, 53.39869082271521], [-3.1013827492201793, 53.398688048366665]]]}, "properties": {"kind": "max_footprint", "threshold_pct": 4.0}}, {"type": "Feature", "geometry": {"type": "Polygon", "coordinates": [[[-3.104746659174378, 53.400814332796074], [-3.1047420021045657, 53.4006345951407], [-3.1044412585635413, 53.400637378018466], [-3.1044366028106753, 53.40045764033922], [-3.1041358604864158, 53.40046042244159], [-3.104131206050471, 53.400280684738526], [-3.1038304649429764, 53.40028346606544], [-3.103825811823924, 53.4001037283385], [-3.1035250719331966, 53.400106508890026], [-3.1034925103687687, 53.39884834451445], [-3.1031917792953854, 53.39885112418191], [-3.103187129110196, 53.39867138637294], [-3.1034878589168637, 53.39866860672358], [-3.103483207514997, 53.39848886892701], [-3.1037839360049264, 53.398486088538505], [-3.103779283386407, 53.398306350754304], [-3.1031778288898884, 53.39831191073787], [-3.103173178854768, 53.39813217291173], [-3.102872452798144, 53.39813495174951], [-3.1028678040797057, 53.39795521389955], [-3.102567079239737, 53.39795799196202], [-3.1025577844861654, 53.3975985162087], [-3.1022570621294885, 53.397601293477756], [-3.102247770109114, 53.39724181766537], [-3.1019470502356916, 53.39724459414099], [-3.1019516949542796, 53.39742433206814], [-3.1016509737642837, 53.397427107804646], [-3.1016649044199243, 53.39796632160596], [-3.1019656294098326, 53.39796354581522], [-3.1019842093834304, 53.3986824973978], [-3.10228493939011, 53.398679720777466], [-3.102294232210169, 53.399039196498244], [-3.1019934996700402, 53.39904197315473], [-3.10198885450175, 53.398862235279125], [-3.1016881231783833, 53.39886501116028], [-3.1016834793267836, 53.39868527326087], [-3.1013827492201793, 53.398688048366665], [-3.1013920344398844, 53.399047524195915], [-3.1016927670799403, 53.39904474905395], [-3.1016974110314535, 53.399224486941904], [-3.1022988786951746, 53.399218934350024], [-3.1023035252301656, 53.39939867219607], [-3.102604260253814, 53.39939589474614], [-3.1026135560073094, 53.3997553703849], [-3.1029142935145146, 53.39975259214146], [-3.1029282413201997, 53.40029180550236], [-3.1032289825778263, 53.40028902644737], [-3.1032382838987207, 53.40064850195644], [-3.103839771331248, 53.40064294150209], [-3.103844424600472, 53.40082267921183], [-3.104746659174378, 53.400814332796074]]]}, "properties": {"kind": "max_footprint", "threshold_pct": 4.0}}, {"type": "Feature", "geometry": {"type": "Polygon", "coordinates": [[[-3.10619442492357, 53.39864355580274], [-3.106189762121418, 53.39846381816933], [-3.1064904901604096, 53.39846103096554], [-3.106485826141736, 53.398281293344546], [-3.106185099369426, 53.39828408053017], [-3.106180436667593, 53.39810434288529], [-3.1058797111117937, 53.39810712929553], [-3.1058750497267713, 53.397927391626766], [-3.1055743253874835, 53.397930177261635], [-3.1055696653192464, 53.39775043956901], [-3.105268942196471, 53.39775322442847], [-3.105254966092374, 53.39721401126183], [-3.104954246719331, 53.39721679530965], [-3.1049589041039805, 53.39739653305574], [-3.1043574626744053, 53.397402098916004], [-3.104352807822963, 53.397222361133686], [-3.1040520882996625, 53.397225142909875], [-3.104042781280159, 53.39686566729177], [-3.103441347149738, 53.396871228500046], [-3.1034553001545295, 53.39741044202724], [-3.103756021044538, 53.39740766174738], [-3.103760673412818, 53.397587399560216], [-3.1040613955193996, 53.397584618505036], [-3.104066049204358, 53.39776435629403], [-3.104366772527511, 53.3977615744635], [-3.104371427529175, 53.39794131222863], [-3.104672152068899, 53.39793852962274], [-3.1046814647557817, 53.39829800509961], [-3.1052829187516053, 53.398292437543574], [-3.1052875777035513, 53.39847217523716], [-3.1058890340322702, 53.398466604615855], [-3.105893695567726, 53.398646342267405], [-3.10619442492357, 53.39864355580274]]]}, "properties": {"kind": "max_footprint", "threshold_pct": 4.0}}, {"type": "Feature", "geometry": {"type": "Polygon", "coordinates": [[[-3.100156641452806, 53.397800451182704], [-3.100138092877372, 53.39708149905199], [-3.1010402494468656, 53.39707318103754], [-3.1010356086279534, 53.39689344304472], [-3.1004341734980265, 53.39689898910878], [-3.1004295352621787, 53.39671925107411], [-3.100128818888941, 53.39672202295226], [-3.100133455858216, 53.39690176100498], [-3.0995320204289687, 53.396907302525776], [-3.0995273859928414, 53.39672756443696], [-3.098625236274836, 53.39673587098492], [-3.098629866911236, 53.39691560912784], [-3.099231302639559, 53.39691007215034], [-3.0992359358589505, 53.397089810251465], [-3.0998373739210936, 53.397084270209035], [-3.099842009723529, 53.39726400826836], [-3.099541289450782, 53.39726677868624], [-3.099555193357411, 53.39780599288396], [-3.100156641452806, 53.397800451182704]]]}, "properties": {"kind": "max_footprint", "threshold_pct": 4.0}}, {"type": "Feature", "geometry": {"type": "Polygon", "coordinates": [[[-3.098625236274836, 53.39673587098492], [-3.0986206056882466, 53.39655613283629], [-3.098319890282502, 53.39655890015317], [-3.098324519602528, 53.39673863831983], [-3.098625236274836, 53.39673587098492]]]}, "properties": {"kind": "max_footprint", "threshold_pct": 4.0}}, {"type": "Feature", "geometry": {"type": "Polygon", "coordinates": [[[-3.098319890282502, 53.39655890015317], [-3.0983152610122735, 53.39637916198077], [-3.0980145468232814, 53.39638192852243], [-3.0980191748269594, 53.39656166671284], [-3.098319890282502, 53.39655890015317]]]}, "properties": {"kind": "max_footprint", "threshold_pct": 4.0}}, {"type": "Feature", "geometry": {"type": "Polygon", "coordinates": [[[-3.107970778344555, 53.397548395879845], [-3.107966108243681, 53.39736865832106], [-3.108567548469222, 53.39736307428745], [-3.1085628758853945, 53.397183336759305], [-3.1088635946561824, 53.39718054362486], [-3.108854247106169, 53.396821068587755], [-3.107651381854084, 53.39683223643669], [-3.1076467132207046, 53.396652498836815], [-3.1073459980486544, 53.39665528888786], [-3.107341330732036, 53.396475551264075], [-3.1070406167763216, 53.39647834053975], [-3.107031284826744, 53.39611886523863], [-3.1067305733538846, 53.3961216537208], [-3.1067259087208856, 53.39594191604349], [-3.105222356936731, 53.39595584700578], [-3.105231673587792, 53.39631532253614], [-3.1049309605475566, 53.396318106493325], [-3.1049356176817167, 53.39649784426805], [-3.1058377604516845, 53.39648949007052], [-3.1058284386343002, 53.396130014624184], [-3.1061291502576496, 53.39612722841357], [-3.1061384746080822, 53.396486703823626], [-3.1064391887143326, 53.39648391681953], [-3.1064671705687537, 53.397562342803276], [-3.107970778344555, 53.397548395879845]]]}, "properties": {"kind": "max_footprint", "threshold_pct": 4.0}}, {"type": "Feature", "geometry": {"type": "Polygon", "coordinates": [[[-3.0967284851980077, 53.39315769741422], [-3.096714619368879, 53.39261848228342], [-3.096413931525605, 53.39262124466123], [-3.09640469042058, 53.39226176784275], [-3.095502634190115, 53.392270050325706], [-3.0955118676976436, 53.39262952725207], [-3.095812555689974, 53.39262676714555], [-3.095817173784497, 53.39280650558217], [-3.096117862993424, 53.39280374470057], [-3.0961224824039024, 53.39298348311348], [-3.0964231728294274, 53.392980721456794], [-3.0964277935558897, 53.393160459846], [-3.0967284851980077, 53.39315769741422]]]}, "properties": {"kind": "max_footprint", "threshold_pct": 4.0}}, {"type": "Feature", "geometry": {"type": "Polygon", "coordinates": [[[-3.107352690530471, 53.385329018491355], [-3.1073480251096894, 53.38514928052473], [-3.1070473909688765, 53.385152069413074], [-3.107052055123974, 53.38533180739787], [-3.107352690530471, 53.385329018491355]]]}, "properties": {"kind": "max_footprint", "threshold_pct": 4.0}}, {"type": "Feature", "geometry": {"type": "Polygon", "coordinates": [[[-3.1070473909688765, 53.385152069413074], [-3.1070427268639387, 53.38497233142254], [-3.106742093938638, 53.38497511953584], [-3.106732768410542, 53.384615643501284], [-3.106432137966399, 53.384618430821405], [-3.106446122536785, 53.38515764491909], [-3.1070473909688765, 53.385152069413074]]]}, "properties": {"kind": "max_footprint", "threshold_pct": 4.0}}, {"type": "Feature", "geometry": {"type": "Polygon", "coordinates": [[[-3.1232887997103793, 53.373853852709914], [-3.1232793386394393, 53.373494378023985], [-3.1229787882004425, 53.373497206604604], [-3.122974059006025, 53.373317469234614], [-3.1226735097809435, 53.373320297040244], [-3.1226829656910873, 53.37367977181133], [-3.122983517445707, 53.37367694396884], [-3.1229882467418197, 53.37385668132736], [-3.1232887997103793, 53.373853852709914]]]}, "properties": {"kind": "max_footprint", "threshold_pct": 4.0}}, {"type": "Feature", "geometry": {"type": "Polygon", "coordinates": [[[-3.085668237275596, 53.40764124315482], [-3.0856545039900682, 53.40710202735589], [-3.085955295009768, 53.407099291565686], [-3.08594613719762, 53.406739814373445], [-3.0853445601784237, 53.40674528512508], [-3.0853491365251506, 53.406925023759705], [-3.0835443966821368, 53.40694141794155], [-3.0835398279395716, 53.406761679200144], [-3.082336672130374, 53.406772593433644], [-3.0823321085063675, 53.40659285461542], [-3.082933683974522, 53.4065873990492], [-3.08292911786494, 53.406407660260804], [-3.0835306906019104, 53.406402201700175], [-3.083526122006812, 53.40622246294163], [-3.083826907034251, 53.406219732542866], [-3.0838223372209983, 53.40603999379637], [-3.085025471769723, 53.406029064697776], [-3.0850300466521996, 53.40620880337307], [-3.0853308314336654, 53.40620606918692], [-3.0853262552838854, 53.40602633052943], [-3.085927822164493, 53.406020859920325], [-3.085918664943505, 53.40566138265946], [-3.0862194457753596, 53.40565864625437], [-3.086233185482599, 53.40619786208361], [-3.086533970067043, 53.40619512486755], [-3.086538551335323, 53.406374863448036], [-3.0871401228909536, 53.40636938670781], [-3.0871309553344557, 53.40600990961248], [-3.087732521623594, 53.40600442991372], [-3.087723349195247, 53.40564495286689], [-3.0874225686098993, 53.405647693059315], [-3.0874133989134243, 53.4052882159539], [-3.0877141769642704, 53.40528547579719], [-3.087709590922794, 53.40510573725377], [-3.088611920977546, 53.4050975122925], [-3.08861651082071, 53.40527725078235], [-3.08891728867411, 53.40527450759582], [-3.088926471043078, 53.40563398452265], [-3.0892272513815784, 53.405631240542924], [-3.0892364364826825, 53.405990717411115], [-3.0895372193063197, 53.40598797263819], [-3.089541813198283, 53.40616771104581], [-3.0889402449670076, 53.406173199869954], [-3.088935653609634, 53.40599346142656], [-3.0886348706871862, 53.40599620468457], [-3.0886302806464916, 53.40581646621757], [-3.0880287171880245, 53.40582195042545], [-3.0880470675086844, 53.40654090440192], [-3.089250214504929, 53.40652993267047], [-3.089245621781435, 53.406350194256405], [-3.0898471924484845, 53.40634470388154], [-3.0898425972397874, 53.40616496549752], [-3.090143381231853, 53.406162219191756], [-3.0901249958223675, 53.40544326566999], [-3.089824216899391, 53.405446011904196], [-3.0898196219378864, 53.40526627349157], [-3.089518844232712, 53.40526901895045], [-3.0895142505878694, 53.40508928051421], [-3.089213474100499, 53.40509202519775], [-3.089208881772289, 53.40491228673791], [-3.0889081065027244, 53.40491503064614], [-3.088903515491123, 53.40473529216271], [-3.088602741439362, 53.40473803529563], [-3.0885935620986977, 53.404378558275894], [-3.089195105084106, 53.404373071324095], [-3.089190512953522, 53.40419333284139], [-3.0897920532069953, 53.40418784289566], [-3.0897874585915277, 53.40400810444299], [-3.090388996112988, 53.40400261150339], [-3.0903935932627378, 53.40418234992027], [-3.090694363216428, 53.40417960229645], [-3.090698961682793, 53.40435934068973], [-3.091902046071301, 53.40434834254859], [-3.091897442536324, 53.40416860422695], [-3.0921982122425136, 53.404165852816035], [-3.092202817044643, 53.40434559111976], [-3.092503587968443, 53.40434283893349], [-3.092508194087277, 53.404522577213555], [-3.0937112823554354, 53.404511560822534], [-3.0937020600300738, 53.40415208440019], [-3.093100521063781, 53.40415759403878], [-3.093095912509784, 53.40397785578316], [-3.0924943758794368, 53.40398336235621], [-3.0924851639886466, 53.403623885756005], [-3.092184398133368, 53.40362663787057], [-3.0921751889749665, 53.403267161211645], [-3.092475952296066, 53.403264409132944], [-3.092471346524102, 53.40308467081283], [-3.0918698223665055, 53.403090174176995], [-3.091856012950167, 53.40255095907476], [-3.091555254598206, 53.402553709566995], [-3.091550652825486, 53.40237397117025], [-3.091249895691034, 53.402376720887204], [-3.0912406948281053, 53.40201724404069], [-3.090939940178154, 53.40201999296447], [-3.0909261430558326, 53.40148077759805], [-3.0906253921572953, 53.40148352571078], [-3.09062079448241, 53.40130378722597], [-3.0903200448013477, 53.40130653456345], [-3.090315448442846, 53.40112679605502], [-3.0900146999792604, 53.40112954261727], [-3.090010104937117, 53.40094980408524], [-3.0897093576910106, 53.400952549872294], [-3.0897001702888036, 53.400593072755264], [-3.0893994255270596, 53.40059581774921], [-3.0893948331669545, 53.400416079164245], [-3.09029706350331, 53.40040784196409], [-3.0903016596640254, 53.4005875804954], [-3.0906024042774773, 53.4005848332295], [-3.0906115992810235, 53.40094431023917], [-3.0909123463787926, 53.40094156218015], [-3.0909169452216645, 53.40112130065851], [-3.0912176935368683, 53.40111855182423], [-3.091222293696137, 53.40129829027898], [-3.091523043228774, 53.401295540669466], [-3.0915276447044664, 53.401475279100566], [-3.0918283954545362, 53.40147252871581], [-3.0918329982466783, 53.40165226712328], [-3.0921337502141784, 53.40164951596324], [-3.092142958480952, 53.40200899272516], [-3.092443712932855, 53.40200624077194], [-3.0924483184075267, 53.40218597912639], [-3.0921475626886368, 53.40218873109753], [-3.0921521669458545, 53.4023684694642], [-3.092452923931745, 53.40236571747513], [-3.0924575295055114, 53.40254545581813], [-3.092758287708869, 53.40254270305377], [-3.0927628945992103, 53.402722441373115], [-3.093063654020033, 53.40271968783343], [-3.0930682622269776, 53.40289942612915], [-3.0933690228652617, 53.40289667181413], [-3.0933782419620033, 53.40325614835249], [-3.0936790050848164, 53.40325339324421], [-3.093688226914098, 53.40361286972377], [-3.0939889925214787, 53.40361011382222], [-3.0940028294388133, 53.404149328444774], [-3.0943035987979304, 53.40414657173196], [-3.0943082124701, 53.40432630991008], [-3.094608983046726, 53.40432355242186], [-3.094613598035692, 53.404503290576315], [-3.0949143698298256, 53.4045005323127], [-3.094918986135616, 53.40468027044344], [-3.095219759147255, 53.40467751140445], [-3.095224376769897, 53.404857249511515], [-3.0958259251784943, 53.40485172912528], [-3.0958166849141833, 53.404492252977356], [-3.0955159132690855, 53.40449501351323], [-3.0955112944786465, 53.40431527541272], [-3.0952105240510117, 53.404318035173176], [-3.09519667177923, 53.40377882078336], [-3.0948959051033103, 53.40378157973248], [-3.0948912890458393, 53.40360184157312], [-3.094590523587362, 53.40360459974687], [-3.094581294155571, 53.40324512337507], [-3.094280531181614, 53.403247880755515], [-3.094275917807253, 53.403068142543056], [-3.0939751560507283, 53.40307089914815], [-3.0939567081177155, 53.40235194616925], [-3.0942574648061183, 53.402349189636], [-3.094243625576375, 53.40180997489559], [-3.093942872688922, 53.401812731374996], [-3.0939382609785517, 53.40163299309879], [-3.09423901259905, 53.40163023663735], [-3.09423439967135, 53.401450498373386], [-3.0948359002295707, 53.401444983214354], [-3.0948220541427403, 53.40090576849588], [-3.0954235469008764, 53.400900250415326], [-3.0954189291041323, 53.40072051220033], [-3.0951181840167807, 53.40072327160131], [-3.095113567536584, 53.4005435333626], [-3.095715055127868, 53.4005380138393], [-3.095719674141806, 53.400717752042056], [-3.0960204191297884, 53.40071499112643], [-3.0960296598405166, 53.40107446747878], [-3.0963304073125744, 53.401071705769866], [-3.0963488943982287, 53.4017906583339], [-3.0966496468882845, 53.40178789579569], [-3.0966542700509647, 53.4019676339044], [-3.0969550237582473, 53.401964870590824], [-3.0969596482376427, 53.40214460867582], [-3.0972604031621507, 53.4021418445869], [-3.0972696548041863, 53.402501320703685], [-3.0975704122129213, 53.402498555821396], [-3.097565785100018, 53.402318817783865], [-3.0981672972341303, 53.40231328578321], [-3.0981626676370317, 53.402133547775996], [-3.0978619128618585, 53.40213631413698], [-3.097857284581539, 53.401956576106045], [-3.0975565310235487, 53.40195934169166], [-3.0975519040599804, 53.40177960363696], [-3.098454160783685, 53.4017713046621], [-3.0984587915481336, 53.401951042662745], [-3.09875954495671, 53.40194827480506], [-3.098768809169018, 53.4023077507531], [-3.0990695650617193, 53.402304982102], [-3.0990649316636634, 53.40212524414887], [-3.099365686239533, 53.402122474758464], [-3.099347148077965, 53.40140352296086], [-3.1011516440788975, 53.40138689114722], [-3.101147002061667, 53.40120715329184], [-3.1005455061281255, 53.40121270022293], [-3.1005408666946312, 53.40103296232568], [-3.0993378792963258, 53.401044047027725], [-3.099333244980291, 53.400864309052565], [-3.0987317535157293, 53.40086984682353], [-3.098713226884974, 53.40015089472135], [-3.0984124861453695, 53.40015366239875], [-3.0983847052946976, 53.399075233965526], [-3.0980839721060174, 53.39907800077751], [-3.098079343405309, 53.398898262667224], [-3.0977786114335752, 53.3989010287039], [-3.0977739840493874, 53.3987212905699], [-3.098375445409604, 53.39871575777533], [-3.098370815541766, 53.39853601967164], [-3.099573732597575, 53.39852494506746], [-3.0995783675322612, 53.398704683099005], [-3.0998790979383117, 53.39870191253677], [-3.0998837341895826, 53.39888165054457], [-3.100184465812481, 53.39887887920701], [-3.1001751908263793, 53.398519403221826], [-3.100475919865958, 53.39851663116311], [-3.1004712811810413, 53.39833689317997], [-3.1001705534081574, 53.398339665220625], [-3.100165916039822, 53.39815992721371], [-3.0998651894837357, 53.398162698479055], [-3.099860553431954, 53.39798296044838], [-3.0995598280926653, 53.397985730938416], [-3.099555193357411, 53.39780599288396], [-3.099254469234922, 53.397808762598736], [-3.099249835816166, 53.3976290245205], [-3.0986483899549624, 53.39763456164228], [-3.098643759119311, 53.39745482352227], [-3.09834303738061, 53.397457590929264], [-3.0983337783919715, 53.397098114636], [-3.098033059136695, 53.397100881249735], [-3.0980284309836663, 53.396921143076504], [-3.0977277129451966, 53.39692390891499], [-3.0977230861085308, 53.39674417071804], [-3.0971216524154515, 53.39674970008738], [-3.097117028161688, 53.39656996184866], [-3.095914165244996, 53.39658101142886], [-3.0958956889919054, 53.39586205812887], [-3.096797821055589, 53.39585377229541], [-3.096802443843875, 53.396033510575016], [-3.097103155698848, 53.39603074709816], [-3.0971077798033866, 53.39621048535404], [-3.0974084928751457, 53.396207721102], [-3.097413118295965, 53.39638745933415], [-3.0980145468232814, 53.39638192852243], [-3.098009918869387, 53.39620219032629], [-3.0986113446645005, 53.396196656521816], [-3.0986067142273406, 53.396016918356], [-3.098306002621205, 53.39601968561882], [-3.098301373500363, 53.395839947429245], [-3.0976999526717393, 53.39584547964726], [-3.0976814468181133, 53.3951265266876], [-3.0979821521914093, 53.395123761029225], [-3.0979867798466243, 53.39530349925973], [-3.09858819297678, 53.395297965635464], [-3.0985928232147093, 53.395477703824184], [-3.0988935309715533, 53.395474935858275], [-3.0988981625257708, 53.39565467402324], [-3.099499580422946, 53.39564913578382], [-3.099504214559972, 53.395828873906986], [-3.100707054822007, 53.395817788269795], [-3.100711694074901, 53.395997526315035], [-3.1010124052821895, 53.395994752994724], [-3.101017045851505, 53.39617449101618], [-3.101317758275393, 53.396171716920605], [-3.1013224001611563, 53.39635145491827], [-3.1016231138016415, 53.39634868004742], [-3.1016277570038793, 53.396528418021276], [-3.1025299014252306, 53.396520088811336], [-3.1025252544233672, 53.39634035089173], [-3.103126681254608, 53.396334794335274], [-3.1031220317696806, 53.39615505644615], [-3.1037234558678164, 53.39614949689715], [-3.1037188038998806, 53.39596975903849], [-3.1043202252648356, 53.39596419649696], [-3.1043109164131293, 53.3956047208349], [-3.104010208288655, 53.39560750244802], [-3.104005555204368, 53.395427764590295], [-3.1037048482963114, 53.395430545428134], [-3.103695544810787, 53.395071069659245], [-3.1039962491859465, 53.39506828885763], [-3.1039915962518108, 53.39488855098272], [-3.1045930023191137, 53.39488298714424], [-3.1045790362186003, 53.39434377359383], [-3.1054811335463675, 53.39433542232066], [-3.1054764744805667, 53.39415568451344], [-3.105777172223242, 53.39415289925958], [-3.1057725119411987, 53.39397316146477], [-3.1063739047434415, 53.39396758872196], [-3.106378567558193, 53.39414732648045], [-3.106679265150444, 53.3941445389552], [-3.106683929281717, 53.39432427668981], [-3.1069846280901645, 53.394321488389245], [-3.1069892935379873, 53.39450122609999], [-3.1063878933381623, 53.39450680198028], [-3.106397219318756, 53.394866277457155], [-3.1066979219765556, 53.39486348985927], [-3.1067025863085105, 53.39504322757095], [-3.1070032901825595, 53.39504043919778], [-3.107012621529871, 53.39539991456765], [-3.1073133278866143, 53.39539712540097], [-3.107317994902011, 53.395576863059134], [-3.108220117470363, 53.39556849096156], [-3.108229459250642, 53.39592796615166], [-3.1085301692059164, 53.39592517390175], [-3.108539513720183, 53.39628464903256], [-3.108840226158208, 53.39628185598909], [-3.1088495734065753, 53.3966413310606], [-3.1091502883273914, 53.396638537223545], [-3.1091549632935367, 53.396818274732496], [-3.1097563955173952, 53.396812684750394], [-3.109733008524299, 53.39591399733034], [-3.110033718228149, 53.39591120129453], [-3.1100243612501495, 53.395551726322815], [-3.110325068370727, 53.39554892956626], [-3.1103203886907598, 53.39536919209002], [-3.1106210944945447, 53.39536639459451], [-3.110611732752758, 53.39500691966127], [-3.111513842263368, 53.394998522741176], [-3.111509157668768, 53.39481878532066], [-3.1118098594718004, 53.394815984851235], [-3.111795802191186, 53.39427677260998], [-3.1120965001446725, 53.394273971438125], [-3.1120824395186446, 53.393734759200015], [-3.1126838276763227, 53.393729154694434], [-3.112688517033903, 53.393908892076375], [-3.1135906026910627, 53.39390047958486], [-3.1135952958980964, 53.39408021690627], [-3.1141966886164907, 53.394074604756426], [-3.1142013844067034, 53.39425434203556], [-3.115103476904487, 53.394245918077495], [-3.115098777315232, 53.39406618085324], [-3.115399473447063, 53.394063371371246], [-3.1153947726420257, 53.39388363415955], [-3.1144926878938923, 53.39389206027923], [-3.114487990938375, 53.393712323006916], [-3.1138866033862973, 53.39371793659789], [-3.1138819090139176, 53.393538199283306], [-3.1132805237924814, 53.39354380980926], [-3.113275832003186, 53.393364072452385], [-3.112975140583058, 53.39336687656143], [-3.1129657596884135, 53.39300740179395], [-3.113266448575989, 53.39300459772143], [-3.113261756938086, 53.39282486034734], [-3.1135624445089407, 53.39282205553599], [-3.1135577516552613, 53.39264231817443], [-3.1138584379093994, 53.39263951262427], [-3.113853743839969, 53.39245977527528], [-3.11415442877739, 53.392456968986295], [-3.1141450382575804, 53.392097494307635], [-3.1150470851695515, 53.39208907100792], [-3.1150423861868464, 53.39190933371484], [-3.117147151681919, 53.391889652979614], [-3.1171518595278864, 53.3920693901445], [-3.1183545866189344, 53.39205812728133], [-3.1183498737082607, 53.39187839018978], [-3.118049193277677, 53.391881207022834], [-3.118044481683855, 53.39170146990721], [-3.1174431232029973, 53.391707101265446], [-3.1174384141921507, 53.391527364107425], [-3.1162357016873576, 53.391538617665894], [-3.1162309977917113, 53.39135888042884], [-3.115629643767976, 53.39136450262915], [-3.1156202411929383, 53.3910050280646], [-3.1150188920314226, 53.3910106471635], [-3.1150094947230205, 53.39065117250282], [-3.115310166796866, 53.39064836336849], [-3.1153007671584736, 53.39028888872144], [-3.115601436649637, 53.39028607886668], [-3.1156061377096176, 53.39046581617476], [-3.1159068084162787, 53.39046300554467], [-3.115916213220086, 53.39082248010698], [-3.1165175595459775, 53.39081685650249], [-3.1165269696165168, 53.391176330968634], [-3.1168276452357695, 53.3911735179942], [-3.1168323516130734, 53.39135325520036], [-3.118335735280381, 53.39133917888075], [-3.118331022572467, 53.391159441766284], [-3.117428996322403, 53.39116788977415], [-3.1174242874635003, 53.390988152598915], [-3.1171236132116094, 53.39099096706913], [-3.1171141981779193, 53.39063149266479], [-3.1174148698976323, 53.39062867823123], [-3.117410161190666, 53.3904489410388], [-3.1168088202327477, 53.39045456911222], [-3.116804114108537, 53.39027483187738], [-3.1177061216712905, 53.39026638868671], [-3.1177014117995716, 53.390086651501136], [-3.1198060854767697, 53.390066924355764], [-3.1198108042107524, 53.390246661412874], [-3.1201114729420603, 53.390243840202814], [-3.1201161929928443, 53.390423577235794], [-3.1204168629394338, 53.39042075525036], [-3.120412141622603, 53.390241018235756], [-3.1207128102523667, 53.390238195511664], [-3.120708087720281, 53.390058458509706], [-3.1210087550332193, 53.390055635047005], [-3.1210040312859078, 53.389875898057696], [-3.1213046972820213, 53.38987307385638], [-3.121295247407817, 53.38951359989733], [-3.120693920428776, 53.38951924746941], [-3.1206891980998566, 53.3893395104445], [-3.120388535800124, 53.38934233307664], [-3.120369652056109, 53.38862338484611], [-3.120068994769383, 53.388626206647764], [-3.1200642752262246, 53.38844646955741], [-3.1206655872170814, 53.38844082523388], [-3.120656143219478, 53.38808135110948], [-3.120355489781215, 53.38808417361294], [-3.1203507691244603, 53.38790443652377], [-3.1200501169012993, 53.38790725825192], [-3.1200453975611713, 53.38772752113862], [-3.12064669942501, 53.38772187696213], [-3.120651421296853, 53.387901614038675], [-3.121252725489271, 53.38789596679761], [-3.1212574499436343, 53.38807570383164], [-3.121558103229503, 53.388072879057276], [-3.1215628290005584, 53.38825261606718], [-3.1218634835014822, 53.38824979051747], [-3.121858756464546, 53.38807005352598], [-3.12215940964875, 53.38806722723773], [-3.122154681396786, 53.38788749025889], [-3.122455333264273, 53.38788466323209], [-3.1224506037973065, 53.38770492626594], [-3.1230519048479697, 53.38769926997831], [-3.1230471729001934, 53.387519533043246], [-3.1233478220833586, 53.38751670378246], [-3.123343088920651, 53.38733696686009], [-3.122140496945998, 53.38734827928799], [-3.1221357688974365, 53.38716854228622], [-3.123037709157316, 53.387160059155946], [-3.1230329773622114, 53.38698032220367], [-3.123333622747948, 53.38697749299814], [-3.1233241567788546, 53.38661801911323], [-3.1236247995821422, 53.386615189187644], [-3.1236200654081925, 53.38643545225501], [-3.124221348330502, 53.38642979016996], [-3.124202402018087, 53.38571084252956], [-3.123601129221526, 53.385716504467126], [-3.1235963953021395, 53.38553676750579], [-3.1238970304601965, 53.38553393693388], [-3.1238922953260477, 53.38535419998527], [-3.1244935629580377, 53.3853485366077], [-3.1244888253434966, 53.3851687996902], [-3.1250900902403744, 53.38516313332203], [-3.1250853501455023, 53.384983396435715], [-3.1253859812518425, 53.38498056213477], [-3.125381239942317, 53.38480082526118], [-3.1259824994707657, 53.384795154425625], [-3.1259777556810047, 53.38461541758321], [-3.1262783841031005, 53.38461258104863], [-3.126268894145444, 53.38425310738352], [-3.125968268254529, 53.384255943881165], [-3.125958781032108, 53.38389647015616], [-3.1265600277006564, 53.383890796477885], [-3.1265552816348783, 53.383711059643744], [-3.1268559036270585, 53.38370822168783], [-3.1268464091175763, 53.38334874803925], [-3.1271470285276615, 53.38334590936349], [-3.127137531691397, 53.38298643572891], [-3.127438148519434, 53.38298359633333], [-3.1274333989124243, 53.3828038595259], [-3.127734014423913, 53.382801019392], [-3.127729263602521, 53.38262128259734], [-3.12742864935649, 53.382624122712755], [-3.12742389985163, 53.38244438589387], [-3.1280251257617158, 53.38243870494321], [-3.1280156218435264, 53.38207923136219], [-3.1283162321910796, 53.38207638978869], [-3.128311479043232, 53.38189665300809], [-3.1286120880742705, 53.38189381069629], [-3.128602579401154, 53.38153433715487], [-3.128903185850304, 53.38153149412333], [-3.1288841640562093, 53.38081254704563], [-3.1291847653928673, 53.3808097033314], [-3.1291800088068786, 53.380629966566126], [-3.1297812087961274, 53.38062427690446], [-3.1297669317533963, 53.380085066685375], [-3.1300675278754375, 53.38008222077503], [-3.130058007572336, 53.37972274730399], [-3.1303586011127105, 53.37971990067399], [-3.1303538397727184, 53.379540163948384], [-3.130654431996674, 53.37953731658021], [-3.1306449069398865, 53.37917784314888], [-3.1309454965822336, 53.379174995061064], [-3.1309407328654792, 53.378995258355324], [-3.131241321191424, 53.37899240952936], [-3.1312317913812713, 53.37863293613777], [-3.131532377125668, 53.378630086592224], [-3.1315276110323103, 53.37845034990637], [-3.1312270265530495, 53.37845319943335], [-3.131217497050308, 53.37809372600731], [-3.131518078999339, 53.37809087651743], [-3.131513313059723, 53.37791113981434], [-3.131813893692413, 53.377908289586344], [-3.1318091265389647, 53.37772855289607], [-3.1321097058553145, 53.37772570192998], [-3.1320906326939206, 53.37700675518576], [-3.131790058437752, 53.37700960607758], [-3.131785291540591, 53.376829869358595], [-3.1320858645317466, 53.376827018485336], [-3.1320763283612085, 53.37646754506725], [-3.1317757579000363, 53.37647039590338], [-3.131761457823602, 53.37593118567751], [-3.13146089110605, 53.37593403570135], [-3.13145612578134, 53.37575429892936], [-3.131756691233963, 53.37575144892407], [-3.1317137942334106, 53.3741338178846], [-3.1320143482510225, 53.37413096728979], [-3.1319857449681194, 53.373052546449706], [-3.132286291345916, 53.373049695209716], [-3.1322767547989074, 53.372690221587554], [-3.1319762109505205, 53.37269307279041], [-3.1319619103085103, 53.37215386225838], [-3.1316613702028864, 53.37215671264904], [-3.1316518392270716, 53.371797238895155], [-3.13135130159949, 53.3718000884922], [-3.131346537453053, 53.37162035158809], [-3.130745464573478, 53.371626048475555], [-3.1307407030074734, 53.371446311528615], [-3.130440167755496, 53.37144915881905], [-3.130435407505277, 53.37126942184783], [-3.129533805236111, 53.3712779591246], [-3.129529048830814, 53.37109822209205], [-3.1289279829248273, 53.37110390979042], [-3.128923229099806, 53.370924172715085], [-3.1274205697635225, 53.37093837863002], [-3.1274253172656845, 53.37111811579786], [-3.1268242506446424, 53.37112379290542], [-3.1268289956686686, 53.37130353010448], [-3.1256268567561603, 53.37131487531565], [-3.125631596772787, 53.37149461258284], [-3.125331060652617, 53.371497447012864], [-3.125335799455584, 53.371677184292764], [-3.1250352620198485, 53.37168001798474], [-3.1250399996091303, 53.371859755277356], [-3.1247394608578243, 53.371862588231274], [-3.124744197233394, 53.37204232553661], [-3.1244436571665166, 53.37204515775245], [-3.124467333484777, 53.37294384428519], [-3.124166787043538, 53.372946675836715], [-3.124162052942781, 53.37276693852321], [-3.1235609624370584, 53.37277259931977], [-3.1235893526280765, 53.37385102333589], [-3.1232887997103793, 53.373853852709914], [-3.1232935303221407, 53.37403359004425], [-3.122391867469522, 53.374042073682176], [-3.1224013212566994, 53.37440154844416], [-3.122701878121395, 53.3743987212846], [-3.1227160629779127, 53.3749379333293], [-3.1224155023186437, 53.37494076054407], [-3.1224249566140707, 53.37530023524868], [-3.1227255198031227, 53.37529740799709], [-3.1227302482919876, 53.37547714532234], [-3.1221291193332306, 53.375482799105754], [-3.1221338453430856, 53.37566253646212], [-3.1218332795225514, 53.37566536223732], [-3.121838004318282, 53.37584509960635], [-3.1203351681291447, 53.37585921722502], [-3.1203398866508927, 53.37603895468023], [-3.1209410238087623, 53.37603330986586], [-3.120950466064378, 53.376392784685564], [-3.120649894980862, 53.37639560750781], [-3.1206451750926565, 53.376215870082454], [-3.119743465332622, 53.37622433395431], [-3.119748181425869, 53.37640407143479], [-3.1194476101394346, 53.37640689123049], [-3.11946175492839, 53.37694610369258], [-3.119161179796213, 53.376948922786724], [-3.1191564660808933, 53.37676918528674], [-3.118855892163062, 53.37677200360589], [-3.1188700296659464, 53.377311216143696], [-3.1191706073789076, 53.37730839776948], [-3.1191800351643457, 53.37766787272928], [-3.117677133442163, 53.37768195721712], [-3.1176818410854175, 53.37786169478012], [-3.1173812593239667, 53.377864509426004], [-3.117390672232092, 53.3782239845715], [-3.1170900878897903, 53.37822679849733], [-3.1170759723988604, 53.37768758571555], [-3.1164748111531893, 53.377693211187285], [-3.1164701086209106, 53.37751347354525], [-3.11616952918731, 53.37751628512779], [-3.116178931772238, 53.37787576044272], [-3.116479513736032, 53.377872948823565], [-3.1164936217879617, 53.37841216169807], [-3.1161930360287724, 53.37841497337215], [-3.1162071407402956, 53.37895418624995], [-3.1165077302950004, 53.37895137452093], [-3.11651713621921, 53.3793108497075], [-3.116216544134093, 53.379313661473134], [-3.1162212459068277, 53.37949339907612], [-3.1156200590544754, 53.37949902037384], [-3.115610660620447, 53.379139545088925], [-3.115310069648911, 53.379142354566106], [-3.1153288616581505, 53.37986130518622], [-3.115629457690629, 53.379858495635844], [-3.1156388565289155, 53.38021797087488], [-3.1153382579658846, 53.38022078046185], [-3.115342956195533, 53.38040051809107], [-3.1150423563166814, 53.38040332693957], [-3.115051750396907, 53.38076280221739], [-3.1144505454264206, 53.3807684177173], [-3.1144458508917063, 53.38058868004469], [-3.114145249596059, 53.380591486641215], [-3.1141405563771385, 53.380411748944596], [-3.113539356165085, 53.38041735983087], [-3.1135346655272325, 53.38023762209197], [-3.1129334676440235, 53.380243229914726], [-3.1129287795871896, 53.38006349213357], [-3.112327584032912, 53.38006909689283], [-3.112332269559167, 53.380248834710464], [-3.1126328686267946, 53.38024603269097], [-3.1126375554687375, 53.38042577048463], [-3.112938155751271, 53.38042296769012], [-3.1129522203754907, 53.38096218098197], [-3.1132528244036, 53.38095937737593], [-3.113257513977859, 53.38113911511017], [-3.113858724413492, 53.38113350559128], [-3.1138634165689196, 53.38131324328324], [-3.1141640229764267, 53.38131043737035], [-3.114168716447693, 53.381490175038316], [-3.114769931642042, 53.38148456090568], [-3.114779323797598, 53.38184403615126], [-3.1144787136948637, 53.38184684363253], [-3.114474018857245, 53.381667105994325], [-3.1138728010311487, 53.38167271864994], [-3.11387749333795, 53.3818524563247], [-3.113576883083796, 53.381855261535584], [-3.1135721920424047, 53.38167552384257], [-3.1132715830032165, 53.38167832827841], [-3.1132622036025484, 53.38131885283864], [-3.1126609904344567, 53.38132445936695], [-3.1126656775788066, 53.381504197126226], [-3.1123650696537632, 53.38150699927344], [-3.1123369551358055, 53.3804285725224], [-3.112036354752488, 53.38043137380338], [-3.1120457235262733, 53.3807908494465], [-3.1117451205619315, 53.38079365000723], [-3.111749803759038, 53.38097338783842], [-3.1114491994789897, 53.38097618766062], [-3.1114585634935485, 53.38133566334225], [-3.111759170304333, 53.38133286348359], [-3.111763853652523, 53.38151260129758], [-3.1120644616783313, 53.38150980066391], [-3.112069146342285, 53.38168953845392], [-3.112369755583117, 53.381686737045236], [-3.1123744415628627, 53.38186647481128], [-3.112675052018717, 53.381863672627546], [-3.112679739314278, 53.3820434103696], [-3.1129803509851532, 53.382040607410815], [-3.1129944169706367, 53.38257982054784], [-3.11329503238745, 53.38257701677752], [-3.1132997224155994, 53.38275675446012], [-3.113600339047457, 53.382753949914694], [-3.1136050303915344, 53.38293368757332], [-3.113905648238433, 53.38293088225281], [-3.113919726369927, 53.38347009513946], [-3.1142203479629154, 53.38346728900731], [-3.114225042039891, 53.38364702660645], [-3.1139244191813553, 53.383649832756866], [-3.113929112043251, 53.38382957036855], [-3.1136284878686897, 53.38383237578041], [-3.113619104726472, 53.383472900514775], [-3.1133184830325633, 53.38347570513326], [-3.113313792802666, 53.38329596747357], [-3.1130131723238534, 53.38329877131696], [-3.1130037945464006, 53.38293929594387], [-3.1127031765481914, 53.38294209899393], [-3.112693801503403, 53.38258262356139], [-3.112393185985762, 53.38258542581813], [-3.1123838136735262, 53.38222595032617], [-3.1120832006364103, 53.38222875178958], [-3.112078515821324, 53.38204901401677], [-3.1114772921268554, 53.382054614636765], [-3.1114819744110593, 53.38223435244606], [-3.111181361222848, 53.38223715163908], [-3.11120008580128, 53.38295610289185], [-3.1108994675008206, 53.382958901400976], [-3.1109275482854506, 53.38403732821751], [-3.110626922341384, 53.384040126079114], [-3.110622243350366, 53.38386038827246], [-3.110321618621561, 53.38386318535902], [-3.1102935533253078, 53.38278475828949], [-3.1099929361394065, 53.38278755450993], [-3.1099882600315696, 53.38260781662673], [-3.1096876440608674, 53.382610612072156], [-3.1096689451941892, 53.381891660409224], [-3.109368334235033, 53.38189445502505], [-3.1093730076108628, 53.382074192967565], [-3.109072395336017, 53.38207698684477], [-3.1090864119686628, 53.382616200692546], [-3.1093870280398956, 53.38261340676076], [-3.109391701616754, 53.382793144680356], [-3.109692318903215, 53.382790349973554], [-3.109696993795835, 53.38297008786921], [-3.109396375243873, 53.38297288259421], [-3.1094057226488907, 53.38333235840475], [-3.10910510151562, 53.38333515240932], [-3.109100429053512, 53.383155414488726], [-3.1087998091355256, 53.38315820771829], [-3.1087951379891803, 53.382978469773754], [-3.108494519286479, 53.38298126222829], [-3.108503859098353, 53.383340738147965], [-3.108804480332105, 53.383337945657054], [-3.108813822875965, 53.383697421517454], [-3.109114446590583, 53.38369462823333], [-3.1091191192034366, 53.38387436613674], [-3.1097203690130537, 53.383868777261576], [-3.109725044207325, 53.38404851512284], [-3.1094244180620643, 53.38405130995705], [-3.109429092041018, 53.38423104783081], [-3.109128464579895, 53.38423384192636], [-3.109123791866541, 53.38405410403442], [-3.1088231656207665, 53.38405689735491], [-3.108818494223248, 53.38387715943905], [-3.108517869192822, 53.383879951984504], [-3.1085225393247558, 53.38405968991857], [-3.1082219129785202, 53.38406248172536], [-3.108245258063417, 53.384961171400555], [-3.107944625338834, 53.38496396254135], [-3.1079679653505847, 53.385862652164164], [-3.1076673262473182, 53.385865442638966], [-3.1076766600719483, 53.386224918484324], [-3.1073760183870034, 53.38622770823856], [-3.1073806841088394, 53.3864074461708], [-3.1070800411079493, 53.38641023518628], [-3.107075376651879, 53.38623049723587], [-3.1067747348665917, 53.38623328547629], [-3.106779398056896, 53.38641302344485], [-3.1058774686028814, 53.38642138367904], [-3.105872809209883, 53.38624164565602], [-3.105572167224075, 53.38624443086876], [-3.105562851119904, 53.38588495476927], [-3.1052622116155, 53.38588773918881], [-3.105257554904288, 53.38570800111235], [-3.1049569166155337, 53.38571078475687], [-3.104975538697873, 53.38642973710091], [-3.1046748952960472, 53.38643252006102], [-3.1046795496760193, 53.38661225815085], [-3.1043789049583514, 53.38661504037216], [-3.10439751791553, 53.387333992746605], [-3.104096868084536, 53.38733677428347], [-3.104101520183089, 53.38751651238086], [-3.104402171279938, 53.38751373082588], [-3.1044161316734438, 53.388052945029386], [-3.1032135117953037, 53.38806406692482], [-3.1032228088472116, 53.388423543176714], [-3.103523466423609, 53.3884207638021], [-3.1035281162904957, 53.38860050190134], [-3.102626139613511, 53.388608837808526], [-3.1026307857325475, 53.388788575956326], [-3.103232106099103, 53.388783019405665], [-3.1032414035509848, 53.389142495611715], [-3.1029407408607517, 53.38914527430174], [-3.1029360933757917, 53.38896553618349], [-3.1023347703773476, 53.388971091256344], [-3.1023394153303436, 53.38915082941078], [-3.101738089600105, 53.38915638149182], [-3.1017427320710667, 53.38933611967671], [-3.1008407393032673, 53.38934444217497], [-3.1008500167988733, 53.389703918635966], [-3.1014513504247287, 53.38969837098851], [-3.101455991779449, 53.389878109174276], [-3.1017566597835415, 53.38987533419696], [-3.1017613024542343, 53.390055072358926], [-3.1020619716744453, 53.390052296606505], [-3.102066615661136, 53.39023203474467], [-3.102367286097464, 53.39022925821715], [-3.1023765767528615, 53.39058873444012], [-3.1017752307659165, 53.390594286810455], [-3.1017705879454196, 53.39041454866566], [-3.101169244290916, 53.390420097971685], [-3.1011738845792265, 53.39059983615261], [-3.100873211411012, 53.390602609688145], [-3.100863933416474, 53.39024313328446], [-3.1005632627305397, 53.39024590602682], [-3.100553987467701, 53.38988642956411], [-3.0999526510104523, 53.38989197270556], [-3.099961921209043, 53.39025144924049], [-3.099661250373508, 53.39025421971178], [-3.0996705182393307, 53.390613696259884], [-3.0999711916070463, 53.3906109257525], [-3.0999758268808306, 53.39079066399992], [-3.0990738028298384, 53.39079897330503], [-3.099078434355102, 53.390978711600845], [-3.0987777583056646, 53.390981479873155], [-3.098787018973344, 53.391340956483646], [-3.098185661660487, 53.391346490829235], [-3.098181033834054, 53.39116675249077], [-3.0972790012899485, 53.391175048277134], [-3.097283625317911, 53.39135478666958], [-3.097584304148522, 53.39135202214651], [-3.0975935548860085, 53.39171149887826], [-3.0978942361992265, 53.39170873356212], [-3.097898862908792, 53.39188847190139], [-3.098199545438442, 53.39188570581016], [-3.098204173463982, 53.3920654441257], [-3.0985048572100635, 53.39206267725936], [-3.098509486551605, 53.39224241555114], [-3.0988101715141165, 53.392239647909726], [-3.0988194328790684, 53.39259912444006], [-3.0991201203242573, 53.39259635600547], [-3.099129384420981, 53.392955832476844], [-3.0994300743488843, 53.392953063249095], [-3.0994347077382702, 53.39313280145816], [-3.0988333253000593, 53.39313833919262], [-3.098842587163104, 53.393497815665704], [-3.0985418933366544, 53.39350058343332], [-3.0985372636465445, 53.39332084518161], [-3.098236571036615, 53.393323612174086], [-3.098231942662607, 53.39314387389862], [-3.0973298683330888, 53.393152170279315], [-3.0973391175330094, 53.39351164693257], [-3.097038423457704, 53.393514410914584], [-3.0970615409962243, 53.39441310253753], [-3.0973622414033395, 53.394410338465505], [-3.0973761163225015, 53.394949553316565], [-3.0967747078600345, 53.39495508081147], [-3.096770085370093, 53.394775342497496], [-3.0961686792416008, 53.39478086692778], [-3.0961732991986786, 53.39496060527773], [-3.0958725947934504, 53.394963366375116], [-3.095867976102806, 53.39478362800717], [-3.095567272914332, 53.394786388329415], [-3.095562655539789, 53.394606649937785], [-3.095261953568067, 53.39460940948491], [-3.0952573375095978, 53.394429671069574], [-3.0949566367546324, 53.39443242984158], [-3.09495202201221, 53.39425269140254], [-3.094651322474, 53.394255449399424], [-3.0946467090475984, 53.39407571093673], [-3.0937446139344282, 53.39408398033064], [-3.093758442964942, 53.394623195863176], [-3.094059145184789, 53.394620440101825], [-3.0940683673192506, 53.39497991705899], [-3.094369072022363, 53.39497716050458], [-3.0943736844304435, 53.39515689895663], [-3.0946743903503924, 53.3951541416271], [-3.094679004074551, 53.39533388005547], [-3.0937768823664817, 53.395342149826426], [-3.0937722724417167, 53.39516241134419], [-3.0934715663729677, 53.395165166402215], [-3.0934485238250584, 53.39426647381552], [-3.0931478240388635, 53.39426922802667], [-3.0931432169443798, 53.39408948947421], [-3.0925418197561103, 53.39409499558924], [-3.0925464243178236, 53.394274734177564], [-3.091945024398665, 53.39428023729986], [-3.0919404223697287, 53.3941004986757], [-3.0916397236022797, 53.39410324908322], [-3.0916305222256457, 53.39374377178195], [-3.0913298259414477, 53.393746521396494], [-3.091334425338659, 53.393926260067914], [-3.0910337277386253, 53.39392900894324], [-3.091038325918934, 53.394108747626845], [-3.090737627003065, 53.394111495762935], [-3.090742223966441, 53.39429123445872], [-3.0910429241487027, 53.39428848630472], [-3.0910475224279326, 53.39446822497688], [-3.0922503277278426, 53.39445722471779], [-3.092254931122198, 53.394636963312585], [-3.092555633589836, 53.39463421133701], [-3.0925694478693297, 53.395173427033264], [-3.0922687416023686, 53.3951761790626], [-3.092273345194796, 53.3953559176345], [-3.0919726376118466, 53.39535866892461], [-3.091968035285888, 53.395178930334765], [-3.0913666225044265, 53.39518443060763], [-3.0913712222974414, 53.395364169233254], [-3.0910705145660136, 53.39536691825182], [-3.0910751131420233, 53.39554665688965], [-3.0913758221399363, 53.395543907853195], [-3.09138042203191, 53.39572364646739], [-3.091079711767497, 53.395726395521756], [-3.091084310442439, 53.395906134148134], [-3.0898814638242076, 53.395917122865356], [-3.089876870215325, 53.3957373841674], [-3.089275449142711, 53.39574287394708], [-3.0892708581162456, 53.39556313520765], [-3.0883687299364877, 53.395571364144686], [-3.088373317163438, 53.39575110293771], [-3.0886740278725586, 53.395748360698036], [-3.0886786164153723, 53.395928099467476], [-3.0889793283416522, 53.395925356452736], [-3.088988508108432, 53.39628483393872], [-3.0892892225184174, 53.396282090131045], [-3.0892938137424255, 53.39646182884759], [-3.089594529369581, 53.39645908426484], [-3.089599121909548, 53.39663882295778], [-3.0898998387538734, 53.396636077599936], [-3.089904432609829, 53.396815816269275], [-3.0902051506713204, 53.39681307013635], [-3.0902097458432882, 53.39699280878208], [-3.0905104651219486, 53.39699006187402], [-3.0905196581474104, 53.397349539112554], [-3.090218936335516, 53.3973522860564], [-3.090223531655779, 53.39753202468497], [-3.089922808527815, 53.39753477088945], [-3.0899182144741917, 53.397355032243], [-3.089617492563446, 53.39735777767238], [-3.0896037144989186, 53.39681856164501], [-3.0893029963386063, 53.39682130626352], [-3.0893213621236426, 53.39754026102673], [-3.0890206388474626, 53.397543004959495], [-3.0890252291505456, 53.39772274365388], [-3.0887245045583325, 53.39772548684729], [-3.0887290936441265, 53.39790522555381], [-3.0884283677358786, 53.397907968007836], [-3.088423779916753, 53.39772822928345], [-3.087220880857058, 53.397739191455685], [-3.087216298153913, 53.397559452654185], [-3.087517021726158, 53.39755671326485], [-3.0875124378056658, 53.397376974475456], [-3.087813160061957, 53.397374234346714], [-3.087803989835652, 53.39701475678648], [-3.0872025503402543, 53.39702023621534], [-3.0872071328955113, 53.397199975034006], [-3.0863049694828852, 53.39720818855164], [-3.0863095482875402, 53.397387927418066], [-3.0860088257848366, 53.39739066376064], [-3.0860179810086055, 53.397750141512], [-3.086318706044617, 53.39774740513379], [-3.0863232849970395, 53.39792714398307], [-3.086924737454626, 53.397921668919246], [-3.08692931898968, 53.398101407727154], [-3.0872300464112405, 53.398098669041524], [-3.087239212162618, 53.3984581466045], [-3.0869384822076458, 53.398460885325804], [-3.0869522274042436, 53.39900010168086], [-3.08665149359976, 53.3990028396984], [-3.0866560741637667, 53.39918257848981], [-3.0860546038734493, 53.3991880522887], [-3.086063760082133, 53.39954752992569], [-3.087266710599977, 53.39953657915612], [-3.087275877140192, 53.39989605662757], [-3.0869751370510223, 53.39989879549159], [-3.0869705550230853, 53.399719056740885], [-3.0863690772305294, 53.39972453216133], [-3.0863736567248194, 53.39990427094769], [-3.0848699550474135, 53.399917946335144], [-3.0848653818872527, 53.3997382074597], [-3.0845646426709545, 53.399740940247476], [-3.0845692145642887, 53.39992067914071], [-3.084268474031979, 53.399923411188986], [-3.0842730447076527, 53.400103150094296], [-3.083671560961852, 53.40010861195449], [-3.083685265682677, 53.40064782874285], [-3.083986011380768, 53.40064509813807], [-3.083990580986231, 53.40082483703831], [-3.0842913279020623, 53.40082210565839], [-3.084295898823595, 53.40100184453513], [-3.0845966469571637, 53.40099911238009], [-3.084601219194795, 53.4011788512333], [-3.0849019685460983, 53.401176118303134], [-3.0849156893549767, 53.401715334775055], [-3.0846149362028217, 53.40171806775864], [-3.084610363817623, 53.401538328922584], [-3.084008859899686, 53.40154379258209], [-3.08400429009758, 53.40136405370472], [-3.08310203765285, 53.401372243460514], [-3.083097471700725, 53.401192504524076], [-3.082796722054497, 53.401195232910204], [-3.0827921574184205, 53.40101549395029], [-3.082491408990014, 53.40101822156132], [-3.082486845669958, 53.4008384825779], [-3.082186098459375, 53.400841209413834], [-3.0821952226147338, 53.40120068741044], [-3.0824959723591627, 53.401197960539], [-3.0825005357774033, 53.40137769951095], [-3.0828012867396795, 53.40137497186441], [-3.0828104162573693, 53.40173444975565], [-3.0825096627611672, 53.401737177437745], [-3.0825142263266914, 53.401916916392565], [-3.0822134715144114, 53.40191964333504], [-3.08220890921587, 53.40173990436248], [-3.081908155621493, 53.40174263052985], [-3.0818944728212276, 53.40120341352455], [-3.0815937229786536, 53.401206138881314], [-3.0815982825960644, 53.40138587790653], [-3.080996780229886, 53.40139132638353], [-3.0810013373624336, 53.401571065438546], [-3.0807005848388394, 53.40157378855876], [-3.0807142527296767, 53.40211300574269], [-3.0810150090542314, 53.402110282569275], [-3.081019566382888, 53.402290021601424], [-3.0813203239254285, 53.40228729765289], [-3.0813248825701396, 53.40246703666159], [-3.0819264000421316, 53.402461586456894], [-3.0819309612699666, 53.402641325424376], [-3.082231721199402, 53.40263859916821], [-3.0822362837433603, 53.40281833811219], [-3.081935522546872, 53.402821064386124], [-3.0819400838728503, 53.40300080334216], [-3.0816393213602233, 53.40300352887643], [-3.0816484416252243, 53.403363006806856], [-3.081347676529363, 53.40336573161926], [-3.0813385587985374, 53.40300625365332], [-3.081037796187807, 53.40300897767283], [-3.0810241237605713, 53.402469760627845], [-3.080723364901974, 53.40247248383672], [-3.0807370335280435, 53.40301170093493], [-3.079533982398947, 53.40302258640945], [-3.0795567390805405, 53.40392128181331], [-3.0792559698402555, 53.403924001377014], [-3.0792605200563203, 53.404103740458375], [-3.0789597494999277, 53.40410645928236], [-3.078964298497777, 53.404286198375694], [-3.0786635266252755, 53.40428891645997], [-3.078672622233421, 53.404648394664925], [-3.079274170998241, 53.404642957668095], [-3.0792832718709686, 53.40500243577934], [-3.0795840487143824, 53.40499971610935], [-3.0795931523174276, 53.405359194162294], [-3.078991593512672, 53.405364632815704], [-3.078987044221163, 53.40518489375666], [-3.0786862660126104, 53.40518761192946], [-3.078681718037283, 53.405007872846994], [-3.078080164007875, 53.40501330688486], [-3.0780756186159284, 53.40483356776127], [-3.0777748427950873, 53.404836283626345], [-3.0777793869198087, 53.405016022767605], [-3.077478609782853, 53.40501873789291], [-3.077483152689225, 53.405198477046156], [-3.077182374236151, 53.40520119143168], [-3.077186915924145, 53.40538093059689], [-3.0768861361549527, 53.40538364424264], [-3.076899757710273, 53.40592286175701], [-3.077200541281311, 53.40592014805822], [-3.0772096250970846, 53.4062796263372], [-3.0769088389914123, 53.40628234007136], [-3.0769179204679697, 53.40664181836282], [-3.076617131778755, 53.40664453137482], [-3.076635290248594, 53.407363487959906], [-3.07693608400735, 53.40736077487722], [-3.0769451660701863, 53.407720253100116], [-3.078148350755884, 53.40770939305275], [-3.0781392585536533, 53.40734991497131], [-3.077838464990413, 53.40735263108409], [-3.077833920230068, 53.40717289201708], [-3.0775331278853315, 53.40717560735463], [-3.0775285844412767, 53.40699586826426], [-3.0772277933150467, 53.40699858282662], [-3.0772187091083274, 53.40663910459334], [-3.0781210747361363, 53.40663095873988], [-3.078125620617149, 53.40681069780633], [-3.0787271999925503, 53.406805263414476], [-3.078731748457223, 53.40698500243981], [-3.0790325393388978, 53.406982284089935], [-3.0790370891198955, 53.40716202309181], [-3.0787362969708334, 53.4071647414594], [-3.0787408455333836, 53.40734448047328], [-3.0784400520679815, 53.40734719810104], [-3.0784491468050588, 53.407706676147086], [-3.0808555134359095, 53.407684913630995], [-3.080846398420121, 53.40732543586849], [-3.0817487774934675, 53.40731726253233], [-3.08175333877907, 53.407497001363204], [-3.0823549271174238, 53.40749154864937], [-3.0823503632970066, 53.40731180985401], [-3.0847567045459376, 53.40728996884029], [-3.084765852514439, 53.40764944614073], [-3.085668237275596, 53.40764124315482]], [[-3.079921251234642, 53.406434907614766], [-3.0793196773202567, 53.40644034799571], [-3.079310575664168, 53.406080869975916], [-3.0796113601112, 53.40607815019961], [-3.0796159121820814, 53.40625788919466], [-3.0799166978474544, 53.40625516864317], [-3.079921251234642, 53.406434907614766]], [[-3.082318417928947, 53.406053638126465], [-3.0820176339231873, 53.406056364720044], [-3.08200850965165, 53.40569688699664], [-3.082309291122827, 53.40569416043857], [-3.082318417928947, 53.406053638126465]], [[-3.0781028917011737, 53.40591200241702], [-3.0778021082767766, 53.405914718388225], [-3.0777975639075987, 53.405734979275536], [-3.0774967817016003, 53.4057376944716], [-3.077483152689225, 53.405198477046156], [-3.07778393109342, 53.40519576190316], [-3.077788475315921, 53.40537550103301], [-3.078390034512134, 53.40537006843927], [-3.078394581318059, 53.405549807528004], [-3.078093800477139, 53.4055525242213], [-3.0781028917011737, 53.40591200241702]], [[-3.087709590922794, 53.40510573725377], [-3.0874088141391787, 53.40510847739264], [-3.0874042294142585, 53.40492873882564], [-3.087705004930658, 53.40492599870462], [-3.087709590922794, 53.40510573725377]], [[-3.085303375273489, 53.40512763715621], [-3.084701820868577, 53.405133104557315], [-3.0846881010563743, 53.40459388835794], [-3.0843873275817377, 53.40459662086892], [-3.084382755676589, 53.40441688210654], [-3.0849843000422976, 53.404411416362734], [-3.0849888744818097, 53.40459115508949], [-3.08528964785803, 53.404588421063636], [-3.0852942236139524, 53.40476815976689], [-3.0858957727530805, 53.404762689407235], [-3.0859003510926484, 53.40494242806911], [-3.0852987994191055, 53.404947898464386], [-3.085303375273489, 53.40512763715621]], [[-3.0874042294142585, 53.40492873882564], [-3.086802678233497, 53.40493421679536], [-3.086798096092311, 53.40475447818696], [-3.0864973216951808, 53.40475721601781], [-3.0864927408704843, 53.40457747738586], [-3.0861919676912613, 53.40458021444145], [-3.0861873881830277, 53.40440047578596], [-3.0867889319578325, 53.40439500095301], [-3.086793514000424, 53.404574739572844], [-3.0870942870810656, 53.40457200100238], [-3.087098870440144, 53.40475173959866], [-3.087399644738665, 53.40474900025292], [-3.0874042294142585, 53.40492873882564]], [[-3.0918928390508738, 53.4039888658996], [-3.0912913020242025, 53.40399436641335], [-3.091282100270356, 53.403634889669824], [-3.091582866274209, 53.40363213982747], [-3.0915874683934956, 53.4038118781842], [-3.091888235614949, 53.40380912756652], [-3.0918928390508738, 53.4039888658996]], [[-3.08827443751168, 53.40366234643605], [-3.0876729043671687, 53.403667828700435], [-3.087668318769728, 53.40348809010552], [-3.0873675533905707, 53.403490830083754], [-3.08736296910956, 53.403311091465305], [-3.088265261297734, 53.40330286931194], [-3.08827443751168, 53.40366234643605]], [[-3.0867660224843125, 53.40349630776802], [-3.0861644913808823, 53.403501782422666], [-3.0861599121682515, 53.40332204373286], [-3.0858591478097295, 53.403324779906264], [-3.0858499920664184, 53.402965302473824], [-3.085248468269945, 53.40297077247717], [-3.0852438930062807, 53.402791033716746], [-3.085845414268638, 53.40278556374904], [-3.085840836520107, 53.40260582501852], [-3.086141595810376, 53.40260308891642], [-3.0861461748259504, 53.4027828276291], [-3.086747695792772, 53.4027773531171], [-3.0867522773917204, 53.4029570917884], [-3.0873538006954906, 53.402951614211176], [-3.087358384877866, 53.40313135284109], [-3.087057621983566, 53.40313409202625], [-3.087062204948178, 53.40331383066829], [-3.08676144073749, 53.40331656911387], [-3.0867660224843125, 53.40349630776802]], [[-3.0900606531196457, 53.40292692762304], [-3.0894591307044568, 53.40293241883323], [-3.0894545377020424, 53.40275268032262], [-3.088853017623299, 53.40275816846751], [-3.088848427204369, 53.40257842991544], [-3.087946150517009, 53.402586656398825], [-3.0879415639485353, 53.40240691778745], [-3.0876408062210685, 53.40240965841598], [-3.087636220968949, 53.40222991978102], [-3.0873354644591644, 53.402232659634336], [-3.087330880523372, 53.40205292097583], [-3.0870301252312737, 53.402055660053925], [-3.08702096004159, 53.401696182684056], [-3.087622465508561, 53.40169070384187], [-3.0876270506126957, 53.40187044249399], [-3.087927804539169, 53.401867701919016], [-3.0879323909596166, 53.40204744054755], [-3.0882331461037325, 53.40204469919736], [-3.088237733840518, 53.4022244378023], [-3.088839246514662, 53.40221895279413], [-3.0888438368348243, 53.40239869135766], [-3.089144594364837, 53.40239594769964], [-3.0891491860014035, 53.40257568623956], [-3.089750703447268, 53.40257019661567], [-3.0897461092766565, 53.402390458111526], [-3.0900468666584366, 53.402387712181394], [-3.0900606531196457, 53.40292692762304]], [[-3.093665172712935, 53.40271417848194], [-3.0933644133912783, 53.40271693353639], [-3.093359803966884, 53.40253719525291], [-3.093660562021516, 53.40253444021643], [-3.093665172712935, 53.40271417848194]], [[-3.093359803966884, 53.40253719525291], [-3.0930590458626646, 53.402539949532034], [-3.0930544377548714, 53.40236021122489], [-3.0933551945920783, 53.402357456963706], [-3.093359803966884, 53.40253719525291]], [[-3.0897461092766565, 53.402390458111526], [-3.0894453518454523, 53.402393203284255], [-3.089440758991275, 53.40221346475649], [-3.0897415151554717, 53.40221071960162], [-3.0897461092766565, 53.402390458111526]], [[-3.084027139599739, 53.40226274803437], [-3.0837263824990733, 53.40226547879925], [-3.08372181376732, 53.40208573992697], [-3.0840225696009793, 53.40208300917988], [-3.084027139599739, 53.40226274803437]], [[-3.089130819751516, 53.40185673204556], [-3.08852931224408, 53.401862218496994], [-3.0885201344833577, 53.40150274129421], [-3.0882193831895046, 53.40150548334819], [-3.0882102081601186, 53.40114600608677], [-3.0885109569201012, 53.40114326406853], [-3.088515545677046, 53.40132300268424], [-3.0888162956545897, 53.40132025989078], [-3.0888208857278436, 53.401499998482905], [-3.089121636922949, 53.40149725491425], [-3.089130819751516, 53.40185673204556]], [[-3.0852210174262718, 53.40189233982885], [-3.0849202630563433, 53.4018950735876], [-3.0849156893549767, 53.401715334775055], [-3.085216442457928, 53.40171260103413], [-3.0852210174262718, 53.40189233982885]], [[-3.098444899404243, 53.40141182864366], [-3.0981441497466853, 53.4014145956899], [-3.0981395203986066, 53.40123485765408], [-3.0984402687892465, 53.40123209062584], [-3.098444899404243, 53.40141182864366]], [[-3.0981348911003312, 53.40105511961251], [-3.0978341439267942, 53.4010578858654], [-3.0978202601314058, 53.40051867165231], [-3.0981210035043065, 53.40051590545348], [-3.0981348911003312, 53.40105511961251]], [[-3.0969272779266137, 53.40088644196074], [-3.0966265318209025, 53.40088920516631], [-3.096621908956627, 53.40070946702325], [-3.096922653795456, 53.40070670383568], [-3.0969272779266137, 53.40088644196074]], [[-3.094215948456801, 53.400731545260285], [-3.0936144578353457, 53.40073705724633], [-3.0936098476895157, 53.40055731891785], [-3.094211335777224, 53.400551806967705], [-3.094215948456801, 53.400731545260285]], [[-3.0936098476895157, 53.40055731891785], [-3.093309103571263, 53.40056007375694], [-3.09330449474189, 53.40038033540479], [-3.0936052375932817, 53.40037758058365], [-3.0936098476895157, 53.40055731891785]], [[-3.097815632299181, 53.40033893356983], [-3.097514890143345, 53.40034169899334], [-3.097505637161913, 53.399982222775165], [-3.0972048974899704, 53.39998498740535], [-3.0972002723407206, 53.39980524926967], [-3.0968995338858356, 53.39980801312455], [-3.096890286270185, 53.39944853680004], [-3.0965895502991425, 53.399451299861624], [-3.0965849278326996, 53.399271561672776], [-3.0977878663512874, 53.39926050495474], [-3.0978017491012135, 53.39979971928805], [-3.098102487406792, 53.39979695316129], [-3.0981117453559537, 53.400156429318834], [-3.0978110045167413, 53.40015919548162], [-3.097815632299181, 53.40033893356983]], [[-3.0926891903007556, 53.39984662757676], [-3.0923884511011734, 53.39984938007219], [-3.0923838462705433, 53.39966964164336], [-3.0926845842033157, 53.39966688916587], [-3.0926891903007556, 53.39984662757676]], [[-3.0923838462705433, 53.39966964164336], [-3.091782370256404, 53.39967514432647], [-3.0917777680089054, 53.39949540585608], [-3.0914770311943625, 53.39949815604379], [-3.0914724302631558, 53.39931841754974], [-3.0911716946659036, 53.39932116696225], [-3.0911670950509644, 53.39914142844458], [-3.0917685636624337, 53.3991359288981], [-3.0917731658109155, 53.39931566737996], [-3.0923746367578944, 53.3993101647685], [-3.0923838462705433, 53.39966964164336]], [[-3.095386605917843, 53.39946234453512], [-3.095085869698304, 53.399465103810265], [-3.0950812535657333, 53.39928536553151], [-3.0953819885184957, 53.39928260627432], [-3.095386605917843, 53.39946234453512]], [[-3.089371872107465, 53.39951738615358], [-3.0890711348973423, 53.399520130282966], [-3.0890665441004366, 53.39934039164581], [-3.0893672800437684, 53.3993376475343], [-3.089371872107465, 53.39951738615358]], [[-3.0950812535657333, 53.39928536553151], [-3.0947805185633115, 53.399288124031415], [-3.0947759037471605, 53.39910838572899], [-3.0950766374828196, 53.399105627247046], [-3.0950812535657333, 53.39928536553151]], [[-3.0890665441004366, 53.39934039164581], [-3.0887658081077185, 53.399343135000024], [-3.088756629195604, 53.39898365767279], [-3.089057362654781, 53.39898091435431], [-3.0890665441004366, 53.39934039164581]], [[-3.0947759037471605, 53.39910838572899], [-3.094475169961859, 53.39911114345364], [-3.0944705564621016, 53.39893140512749], [-3.094771288980654, 53.398928647420796], [-3.0947759037471605, 53.39910838572899]], [[-3.0944705564621016, 53.39893140512749], [-3.0941698238939215, 53.39893416207693], [-3.0941652117105307, 53.39875442372712], [-3.0944659430119748, 53.39875166679565], [-3.0944705564621016, 53.39893140512749]], [[-3.088756629195604, 53.39898365767279], [-3.0884558956870576, 53.398986400234], [-3.0884513075718063, 53.39880666154395], [-3.0887520398136026, 53.39880391900059], [-3.088756629195604, 53.39898365767279]], [[-3.0941652117105307, 53.39875442372712], [-3.0938644803594717, 53.39875717990133], [-3.0938598694924204, 53.398577441527834], [-3.094160599576755, 53.398574685371585], [-3.0941652117105307, 53.39875442372712]], [[-3.0884513075718063, 53.39880666154395], [-3.0878498429401597, 53.398812144358814], [-3.0878452574077406, 53.39863240562732], [-3.088446719505912, 53.39862692284815], [-3.0884513075718063, 53.39880666154395]], [[-3.0932538008909347, 53.39840321315345], [-3.092351613843125, 53.39841147248125], [-3.092347009408768, 53.398231734006636], [-3.0920462815604504, 53.39823448558346], [-3.0920370753736917, 53.39787500858121], [-3.092939251169957, 53.397866751686536], [-3.092948464956797, 53.398226228581215], [-3.093249192656479, 53.398223474732625], [-3.0932538008909347, 53.39840321315345]], [[-3.0905334480564473, 53.39788875492744], [-3.090232722444601, 53.39789150192495], [-3.090223531655779, 53.39753202468497], [-3.09052425473431, 53.39752927772324], [-3.0905334480564473, 53.39788875492744]], [[-3.0953358172568417, 53.39748522335167], [-3.0947343726356804, 53.397490740749404], [-3.0947297583159328, 53.39731100238973], [-3.093827594811832, 53.39731927275318], [-3.0938229843415646, 53.39713953433391], [-3.0935222643409377, 53.397142289589326], [-3.0935176551868664, 53.39696255114638], [-3.0944198112401446, 53.39695428316231], [-3.094424424194019, 53.3971340215514], [-3.094725144045822, 53.39713126402432], [-3.094715915654505, 53.396771787276336], [-3.0950166329234863, 53.39676902902795], [-3.0950212483609127, 53.39694876738684], [-3.0953219668468304, 53.39694600836327], [-3.0953358172568417, 53.39748522335167]], [[-3.0935176551868664, 53.39696255114638], [-3.093216936403262, 53.39696530562664], [-3.093212328565361, 53.39678556716004], [-3.0935130460823763, 53.396782812697715], [-3.0935176551868664, 53.39696255114638]], [[-3.091699537375673, 53.39643985098375], [-3.091098106764068, 53.396445349992945], [-3.0910889091668468, 53.396085872768786], [-3.0913896219642982, 53.396083123678615], [-3.091394222004714, 53.39626286227565], [-3.0916949360192225, 53.39626011241036], [-3.091699537375673, 53.39643985098375]], [[-3.09289779158216, 53.39624910537717], [-3.092597077765717, 53.396251858271256], [-3.0925924726591485, 53.396072119745895], [-3.0928931852090553, 53.396069366869746], [-3.09289779158216, 53.39624910537717]], [[-3.0916857334548062, 53.39590063524638], [-3.0913850219733625, 53.395903385075854], [-3.09138042203191, 53.39572364646739], [-3.091681132246841, 53.39572089665583], [-3.0916857334548062, 53.39590063524638]], [[-3.1084881213793873, 53.39430753552945], [-3.1081874228219903, 53.39431032761568], [-3.108182752358893, 53.394130589971915], [-3.1084834496499276, 53.39412779790387], [-3.1084881213793873, 53.39430753552945]], [[-3.1033762390806046, 53.39435489802477], [-3.1030755396710235, 53.39435767723966], [-3.1030708907362023, 53.394177939287516], [-3.1033715888794093, 53.394175160090725], [-3.1033762390806046, 53.39435489802477]], [[-3.108182752358893, 53.394130589971915], [-3.107280660184425, 53.39413896163328], [-3.107275993570615, 53.39395922392927], [-3.106975297345069, 53.393962012950624], [-3.106965966800698, 53.39360253748907], [-3.107567354136273, 53.39359695876189], [-3.1075626864067365, 53.39341722105885], [-3.1063599166001135, 53.39342837541209], [-3.106355253985975, 53.393248637630684], [-3.1069566364570487, 53.39324306200461], [-3.106951971360491, 53.393063324253774], [-3.107252661254484, 53.39306053532324], [-3.1072479949418357, 53.39288079758482], [-3.1069473063141135, 53.392883586497206], [-3.106942641317913, 53.39270384873492], [-3.106641953906272, 53.39270663687203], [-3.1066372902264905, 53.39252689908585], [-3.1063366040309317, 53.39252968644772], [-3.106331941667543, 53.39234994863765], [-3.1072339963050313, 53.39234158433527], [-3.107238662467109, 53.39252132209085], [-3.1078400345069714, 53.392515742067495], [-3.107849372046692, 53.39287521748879], [-3.1081500605237995, 53.392872426305125], [-3.108159400796942, 53.39323190166715], [-3.1078587097872847, 53.393234692887184], [-3.107877385871112, 53.393953643615184], [-3.108178081946032, 53.393950852322426], [-3.108182752358893, 53.394130589971915]], [[-3.110282953063109, 53.39393129207373], [-3.109982257340126, 53.39393408866635], [-3.1099729014691886, 53.39357461356854], [-3.109672208228539, 53.3935774093676], [-3.1096675316348494, 53.393397671791895], [-3.1102689155332266, 53.39339207947306], [-3.110282953063109, 53.39393129207373]], [[-3.103963679698004, 53.393810123612894], [-3.1036629841875554, 53.393812904287735], [-3.1036583328700806, 53.393633166354604], [-3.1039590271141972, 53.39363038569788], [-3.103963679698004, 53.393810123612894]], [[-3.0997539380038415, 53.39384898416209], [-3.09915254553471, 53.39385452355508], [-3.0991479132123128, 53.39367478535089], [-3.099448608205455, 53.393672016051006], [-3.0994393411774936, 53.393312539661494], [-3.1000407259489573, 53.39330699886252], [-3.1000499980422065, 53.39366647517984], [-3.0997493031487586, 53.39366924599399], [-3.0997539380038415, 53.39384898416209]], [[-3.111744262709652, 53.39229966061731], [-3.110541526108498, 53.39231085693118], [-3.1105368460682827, 53.39213111937002], [-3.1102361630583224, 53.39213391653756], [-3.110226805661277, 53.39177444136154], [-3.110527486138862, 53.39177164423042], [-3.1105321660784044, 53.39195138180309], [-3.1114342110076274, 53.39194298581265], [-3.1114388947960836, 53.3921227233249], [-3.1117395776046113, 53.39211992312904], [-3.111744262709652, 53.39229966061731]], [[-3.100600365777173, 53.39168381164865], [-3.099999003997595, 53.39168935515113], [-3.0999943684745257, 53.39150961693233], [-3.099693688776122, 53.391512387529936], [-3.0996844204118754, 53.391152911039086], [-3.0999850975779655, 53.39115014047758], [-3.0999804622044684, 53.39097040224161], [-3.1005818138547894, 53.39096485888355], [-3.100586451760559, 53.39114459708341], [-3.1011878057436157, 53.39113905066102], [-3.1011924462315674, 53.391318788819035], [-3.1008917679988386, 53.39132156242682], [-3.1008964072705396, 53.39150130059718], [-3.100595727721749, 53.391504073465974], [-3.100600365777173, 53.39168381164865]], [[-3.1126088048143137, 53.39085335580383], [-3.1123081310200416, 53.39085615814313], [-3.1123034437859274, 53.39067642064549], [-3.112604116314105, 53.39067361832444], [-3.1126088048143137, 53.39085335580383]], [[-3.1123034437859274, 53.39067642064549], [-3.1120027712073353, 53.39067922220952], [-3.1119980852897156, 53.390499484687886], [-3.1122987566022267, 53.39049668314211], [-3.1123034437859274, 53.39067642064549]], [[-3.111100753169213, 53.3906876223594], [-3.1108000803891027, 53.39069042089526], [-3.110795399535814, 53.390510683300704], [-3.1110960710498405, 53.39050788478305], [-3.111100753169213, 53.3906876223594]], [[-3.1201020329927895, 53.38988436611963], [-3.119801366793537, 53.38988718729293], [-3.1197966481610555, 53.38970745022435], [-3.1200973130943015, 53.38970462906943], [-3.1201020329927895, 53.38988436611963]], [[-3.1197966481610555, 53.38970745022435], [-3.1194959831770612, 53.38971027062227], [-3.1194912658613245, 53.389530533529594], [-3.119791929579325, 53.38952771315003], [-3.1197966481610555, 53.38970745022435]], [[-3.1194912658613245, 53.389530533529594], [-3.117687282488348, 53.38954743990999], [-3.117668444115872, 53.3888284910415], [-3.1179691030742216, 53.388825675277275], [-3.1179785246910585, 53.38918514968632], [-3.118279186130645, 53.389182333128446], [-3.118283898281034, 53.389362070306014], [-3.118584560935911, 53.389359252972795], [-3.1185798475195523, 53.38917951581358], [-3.1191811701452727, 53.38917387891288], [-3.11918588609357, 53.38935361603537], [-3.119486548596325, 53.38935079643118], [-3.1194912658613245, 53.389530533529594]], [[-3.104458015556675, 53.389670587330514], [-3.1035560165420524, 53.38967893037652], [-3.103551366375094, 53.38949919231165], [-3.1032507012028603, 53.38950197179488], [-3.103246052351923, 53.38932223370617], [-3.1044487076767004, 53.389311111303684], [-3.104458015556675, 53.389670587330514]], [[-3.1074460094836054, 53.388923776620615], [-3.1071453487605627, 53.38892656589039], [-3.107131353435757, 53.38838735226263], [-3.107432010360971, 53.38838456304735], [-3.107427344087132, 53.38820482517812], [-3.107727999696245, 53.38820203522403], [-3.1077420024661047, 53.38874124875997], [-3.107441343059206, 53.38874403876858], [-3.1074460094836054, 53.388923776620615]], [[-3.1059287252333085, 53.38839850155406], [-3.1053274108313214, 53.38840407165793], [-3.1053180960565863, 53.38804459565966], [-3.105919405394922, 53.38803902562836], [-3.1059287252333085, 53.38839850155406]], [[-3.104721441348399, 53.38822990070137], [-3.104420785238044, 53.388232683085775], [-3.1044161316734438, 53.388052945029386], [-3.104716786517891, 53.38805016266311], [-3.104721441348399, 53.38822990070137]], [[-3.1200453975611713, 53.38772752113862], [-3.1197447465531107, 53.38773034209144], [-3.1197400285295824, 53.38755060495403], [-3.120040678271798, 53.38754778401958], [-3.1200453975611713, 53.38772752113862]], [[-3.1080193177944624, 53.387839768830055], [-3.107418011690013, 53.387845349422534], [-3.1074086794936298, 53.387485873643975], [-3.108009980534611, 53.387480293124185], [-3.1080193177944624, 53.387839768830055]], [[-3.107108028897858, 53.38748866276844], [-3.1068073782519163, 53.38749145113595], [-3.1068027147606947, 53.38731171320178], [-3.107103364140788, 53.387308924852405], [-3.107108028897858, 53.38748866276844]], [[-3.1062060768095834, 53.38749702560015], [-3.1059054260132153, 53.3874998116968], [-3.105900766319546, 53.387320073708175], [-3.105600116738916, 53.387322859029766], [-3.105595458361196, 53.38714312101725], [-3.1052948099963036, 53.38714590556375], [-3.105285495922798, 53.38678642948526], [-3.1061874332722557, 53.386778073683786], [-3.1062060768095834, 53.38749702560015]], [[-3.109193887843572, 53.38675017181175], [-3.108592597330965, 53.386755758241584], [-3.108583255610479, 53.38639628253968], [-3.108883898360341, 53.3863934897396], [-3.108888570461242, 53.38657322757523], [-3.1091892144266327, 53.386570434000035], [-3.109193887843572, 53.38675017181175]], [[-3.106788724587957, 53.38677249936483], [-3.1061874332722557, 53.386778073683786], [-3.10618277251324, 53.386598335690366], [-3.106784061297351, 53.38659276140769], [-3.106788724587957, 53.38677249936483]], [[-3.108583255610479, 53.38639628253968], [-3.108282612810384, 53.38639907458285], [-3.1082779432912533, 53.38621933670512], [-3.1085785848255845, 53.38621654468013], [-3.108583255610479, 53.38639628253968]], [[-3.11006308379169, 53.38548362207002], [-3.1097624475715566, 53.38548641780673], [-3.1097577719750413, 53.38530667999129], [-3.110058406929483, 53.38530388427278], [-3.11006308379169, 53.38548362207002]], [[-3.1097577719750413, 53.38530667999129], [-3.1094571369703177, 53.3853094749529], [-3.1094524626897657, 53.38512973711356], [-3.109151828900452, 53.38513253130009], [-3.109137810157359, 53.384593317693046], [-3.109438440149716, 53.3845905235611], [-3.1094477884594816, 53.38494999926846], [-3.109748420932863, 53.384947204343256], [-3.1097577719750413, 53.38530667999129]], [[-3.111556897806687, 53.38511015661512], [-3.1109556308820387, 53.38511575482765], [-3.1109509503234376, 53.384936017073635], [-3.1112515825452762, 53.38493321836404], [-3.1112469007713615, 53.38475348062248], [-3.1118481625326835, 53.384747880969144], [-3.1118528468378908, 53.3849276186742], [-3.111552214716763, 53.38493041889754], [-3.111556897806687, 53.38511015661512]], [[-3.1121113105849236, 53.38330717830613], [-3.1118106899044955, 53.3833099791222], [-3.111806006052646, 53.383130241365535], [-3.11210662546755, 53.38312744056771], [-3.1121113105849236, 53.38330717830613]], [[-3.111806006052646, 53.383130241365535], [-3.111505386587371, 53.38313304140655], [-3.1115007040514, 53.382953303625904], [-3.1118013222511642, 53.38295050360314], [-3.111806006052646, 53.383130241365535]], [[-3.1224722311409554, 53.37709760842732], [-3.1221716552513357, 53.37710043510638], [-3.122166928834939, 53.37692069779593], [-3.1224675034595224, 53.37691787113526], [-3.1224722311409554, 53.37709760842732]], [[-3.1197670463059577, 53.377123021299305], [-3.119466469959438, 53.37712584116847], [-3.11946175492839, 53.37694610369258], [-3.1197623300098685, 53.37694328384177], [-3.1197670463059577, 53.377123021299305]]]}, "properties": {"kind": "max_footprint", "threshold_pct": 4.0}}, {"type": "Feature", "geometry": {"type": "Polygon", "coordinates": [[[-3.0778475546577972, 53.407712109200865], [-3.0778430097996545, 53.40753237014534], [-3.077542214920097, 53.40753508551823], [-3.077546758510809, 53.40771482459148], [-3.0778475546577972, 53.407712109200865]]]}, "properties": {"kind": "max_footprint", "threshold_pct": 7.0}}, {"type": "Feature", "geometry": {"type": "Polygon", "coordinates": [[[-3.082049570419782, 53.40731453657192], [-3.082045007915862, 53.40713479775309], [-3.081744216256941, 53.40713752369574], [-3.0817487774934675, 53.40731726253233], [-3.082049570419782, 53.40731453657192]]]}, "properties": {"kind": "max_footprint", "threshold_pct": 7.0}}, {"type": "Feature", "geometry": {"type": "Polygon", "coordinates": [[[-3.0829199857931577, 53.406048182666844], [-3.0829154198309556, 53.4058684438613], [-3.082614637190703, 53.40587117195208], [-3.082619201885609, 53.40605091077538], [-3.0829199857931577, 53.406048182666844]]]}, "properties": {"kind": "max_footprint", "threshold_pct": 7.0}}, {"type": "Feature", "geometry": {"type": "Polygon", "coordinates": [[[-3.0799440189054574, 53.40733360238704], [-3.0799394652733096, 53.40715386344402], [-3.080541049130639, 53.407148419891286], [-3.0805364930127173, 53.40696868097802], [-3.080837283600475, 53.40696595808313], [-3.08084184098578, 53.40714569697865], [-3.081443424548946, 53.4071402488809], [-3.081429744935917, 53.40660103228357], [-3.081730532841812, 53.40659830715169], [-3.0817259718015833, 53.406418568292224], [-3.082026758391066, 53.4064158424206], [-3.0820221961325833, 53.406236103573185], [-3.081721410810427, 53.40623882942705], [-3.081712288975329, 53.405879351679566], [-3.0808099403183227, 53.405887524589815], [-3.080814497409435, 53.406067263519645], [-3.0805137131583886, 53.40606998632587], [-3.0805228249530643, 53.40642946420386], [-3.0802220381183556, 53.40643218628806], [-3.0802265928218784, 53.40661192523623], [-3.0799258046708213, 53.406614646580664], [-3.079934911690153, 53.406974124495285], [-3.079634120955377, 53.40697684511767], [-3.079625016470772, 53.406617367167584], [-3.0793242282217466, 53.40662008699705], [-3.079315126467731, 53.40626060898868], [-3.079014340704418, 53.406263328025204], [-3.079000692242529, 53.40572411091665], [-3.078399128172904, 53.405729546611035], [-3.078412769030958, 53.40626876382581], [-3.078713554892156, 53.40626604630426], [-3.078722651576817, 53.40662552438346], [-3.0790234399237573, 53.40662280606899], [-3.0790325393388978, 53.406982284089935], [-3.0793333301716195, 53.40697956498256], [-3.0793424323173553, 53.40733904294519], [-3.0799440189054574, 53.40733360238704]]]}, "properties": {"kind": "max_footprint", "threshold_pct": 7.0}}, {"type": "Feature", "geometry": {"type": "Polygon", "coordinates": [[[-3.079602256116366, 53.40571867219239], [-3.0795977041924094, 53.4055389331802], [-3.079296923547248, 53.40554165290336], [-3.079301474203926, 53.405721391933255], [-3.079602256116366, 53.40571867219239]]]}, "properties": {"kind": "max_footprint", "threshold_pct": 7.0}}, {"type": "Feature", "geometry": {"type": "Polygon", "coordinates": [[[-3.0865110644649785, 53.40529643187936], [-3.086506483492426, 53.40511669326456], [-3.0862057065115867, 53.40511943037364], [-3.0862011268555407, 53.4049396917353], [-3.085599575280499, 53.40494516364548], [-3.085608729572953, 53.40530464098773], [-3.0865110644649785, 53.40529643187936]]]}, "properties": {"kind": "max_footprint", "threshold_pct": 7.0}}, {"type": "Feature", "geometry": {"type": "Polygon", "coordinates": [[[-3.0795658420959446, 53.40428075993486], [-3.0795612905637584, 53.40410102087694], [-3.0792605200563203, 53.404103740458375], [-3.079265070321338, 53.40428347953399], [-3.0795658420959446, 53.40428075993486]]]}, "properties": {"kind": "max_footprint", "threshold_pct": 7.0}}, {"type": "Feature", "geometry": {"type": "Polygon", "coordinates": [[[-3.08888515193864, 53.404016338171814], [-3.088880561173998, 53.40383659965979], [-3.088279025692696, 53.40384208498952], [-3.088283613923073, 53.40402182353728], [-3.08888515193864, 53.404016338171814]]]}, "properties": {"kind": "max_footprint", "threshold_pct": 7.0}}, {"type": "Feature", "geometry": {"type": "Polygon", "coordinates": [[[-3.0807643721036952, 53.404090134977004], [-3.0807598155518674, 53.403910395984276], [-3.0804590465075337, 53.40391311857765], [-3.0804636017922107, 53.40409285758813], [-3.0807643721036952, 53.404090134977004]]]}, "properties": {"kind": "max_footprint", "threshold_pct": 7.0}}, {"type": "Feature", "geometry": {"type": "Polygon", "coordinates": [[[-3.079862061022228, 53.40409830053808], [-3.079857508271857, 53.40391856149217], [-3.0795567390805405, 53.40392128181331], [-3.0795612905637584, 53.40410102087694], [-3.079862061022228, 53.40409830053808]]]}, "properties": {"kind": "max_footprint", "threshold_pct": 7.0}}, {"type": "Feature", "geometry": {"type": "Polygon", "coordinates": [[[-3.0846789547609155, 53.40423441086307], [-3.0846743816869857, 53.40405467210706], [-3.084373612013856, 53.404057404564654], [-3.084364468547868, 53.40369792699989], [-3.084063701359824, 53.403700658664484], [-3.0840774128311583, 53.40423987505643], [-3.0846789547609155, 53.40423441086307]]]}, "properties": {"kind": "max_footprint", "threshold_pct": 7.0}}, {"type": "Feature", "geometry": {"type": "Polygon", "coordinates": [[[-3.0858774598873713, 53.40404373470248], [-3.085863725755261, 53.403504518613886], [-3.0855629600803884, 53.4035072540477], [-3.0855766904111235, 53.404046470189755], [-3.0858774598873713, 53.40404373470248]]]}, "properties": {"kind": "max_footprint", "threshold_pct": 7.0}}, {"type": "Feature", "geometry": {"type": "Polygon", "coordinates": [[[-3.084063701359824, 53.403700658664484], [-3.084059130967723, 53.40352091985572], [-3.083758364997625, 53.403523650745115], [-3.083762934122611, 53.40370338957166], [-3.084063701359824, 53.403700658664484]]]}, "properties": {"kind": "max_footprint", "threshold_pct": 7.0}}, {"type": "Feature", "geometry": {"type": "Polygon", "coordinates": [[[-3.083758364997625, 53.403523650745115], [-3.083753795921797, 53.40334391191288], [-3.083453031169644, 53.403346642027074], [-3.0834575989783697, 53.40352638087711], [-3.083758364997625, 53.403523650745115]]]}, "properties": {"kind": "max_footprint", "threshold_pct": 7.0}}, {"type": "Feature", "geometry": {"type": "Polygon", "coordinates": [[[-3.0850208969364683, 53.40584932601675], [-3.0850163221524327, 53.40566958733002], [-3.0853171031320272, 53.40566685319728], [-3.085312527129949, 53.40548711452265], [-3.0856133067930482, 53.405484379650275], [-3.085608729572953, 53.40530464098773], [-3.0850071727320194, 53.405310109939364], [-3.085002598095642, 53.40513037123547], [-3.083197933995474, 53.405146759804786], [-3.0831888000769845, 53.40478728216634], [-3.082888025089344, 53.404790010907924], [-3.082883459471001, 53.40461027206235], [-3.0825826857014405, 53.40461300002874], [-3.0825689929426523, 53.40407378340442], [-3.082268222925507, 53.40407651056007], [-3.082245408978534, 53.40317781598303], [-3.0819446452479, 53.40318054229247], [-3.0819811380150113, 53.404618453689196], [-3.081680364098171, 53.40462117938328], [-3.081684924647706, 53.40480091829989], [-3.081384149414597, 53.404803643254276], [-3.0813795901322667, 53.404623904319905], [-3.0804772679402945, 53.40463207458519], [-3.0804818234210107, 53.40481181357277], [-3.0810833741324353, 53.404806367451215], [-3.081092490309806, 53.405165845338296], [-3.082295601281872, 53.405154943863856], [-3.082300164513094, 53.405334682727805], [-3.0829017222390966, 53.40532922741033], [-3.0829062880539255, 53.405508966233036], [-3.083207068110505, 53.40550623742036], [-3.0832116352417263, 53.40568597621957], [-3.083813197741991, 53.40568051628624], [-3.0838177674569125, 53.40586025504416], [-3.0850208969364683, 53.40584932601675]]]}, "properties": {"kind": "max_footprint", "threshold_pct": 7.0}}, {"type": "Feature", "geometry": {"type": "Polygon", "coordinates": [[[-3.0831431334324924, 53.40298989363108], [-3.0831340006931436, 53.40263041585542], [-3.0825324810797516, 53.40263587215464], [-3.0825370448907625, 53.40281561108089], [-3.082837805989065, 53.40281288329219], [-3.0828423711162385, 53.40299262219493], [-3.0831431334324924, 53.40298989363108]]]}, "properties": {"kind": "max_footprint", "threshold_pct": 7.0}}, {"type": "Feature", "geometry": {"type": "Polygon", "coordinates": [[[-3.083740088989243, 53.402804695381796], [-3.0837309512799767, 53.402445217665814], [-3.083430192863137, 53.402447947691094], [-3.083425625349255, 53.40226820880676], [-3.0831248681503, 53.40227093805689], [-3.0831203019525626, 53.402091199149055], [-3.082819545971492, 53.40209392762404], [-3.0828286758820562, 53.40245340546956], [-3.0831294343971587, 53.402450676959006], [-3.0831340006931436, 53.40263041585542], [-3.0834347604261585, 53.40262768656974], [-3.083439328038319, 53.40280742544264], [-3.083740088989243, 53.402804695381796]]]}, "properties": {"kind": "max_footprint", "threshold_pct": 7.0}}, {"type": "Feature", "geometry": {"type": "Polygon", "coordinates": [[[-3.088875970458744, 53.40365686114204], [-3.0888621986093163, 53.403117645554495], [-3.0891629612075, 53.40311490182499], [-3.089153777687371, 53.40275542477375], [-3.0885522575098414, 53.40276091140387], [-3.0885476683579487, 53.40258117283394], [-3.0876453915225173, 53.4025893970452], [-3.0876408062210685, 53.40240965841598], [-3.087340048444272, 53.40241239828713], [-3.0873354644591644, 53.402232659634336], [-3.0870347079000657, 53.40223539873028], [-3.0870301252312737, 53.402055660053925], [-3.0867293698898726, 53.402058398374656], [-3.086724788537367, 53.401878659674736], [-3.0864240344136675, 53.401881397220286], [-3.0864286144991846, 53.40206113593803], [-3.0861278590592236, 53.40206387274404], [-3.0861232802406935, 53.40188413400846], [-3.08582252601846, 53.401886870039284], [-3.0858362588208252, 53.40242608628229], [-3.085234742626616, 53.40243155617873], [-3.0852301675106157, 53.40225181740115], [-3.084929410606692, 53.40225455119551], [-3.0849202630563433, 53.4018950735876], [-3.0846195086372106, 53.40189780658897], [-3.0846149362028217, 53.40171806775864], [-3.084314183001476, 53.401720799984865], [-3.084309611883243, 53.401541061131006], [-3.0837081078669666, 53.40154652327581], [-3.0837172450847197, 53.40190600104898], [-3.0840179996513837, 53.401903270319664], [-3.084027139599739, 53.40226274803437], [-3.08432789665124, 53.40226001651213], [-3.0843324679661843, 53.40243975534311], [-3.084031709647664, 53.40244248688316], [-3.0840408498910117, 53.40280196456356], [-3.0846423715470355, 53.40279650065493], [-3.084646944276582, 53.40297623945095], [-3.0849477062978674, 53.402973506342754], [-3.084943132301262, 53.402793767564525], [-3.085544653662077, 53.40278829911158], [-3.08554007718059, 53.402608560363255], [-3.0867431142431143, 53.40259761444006], [-3.086747695792772, 53.4027773531171], [-3.0870484562022558, 53.40277461472502], [-3.087043873385556, 53.402594876065805], [-3.087344632478695, 53.402592136934196], [-3.087349216562434, 53.40277187557556], [-3.0876499768732963, 53.40276913566871], [-3.0876545622734066, 53.40294887428648], [-3.0882560852812286, 53.40294339216494], [-3.088265261297734, 53.40330286931194], [-3.0885660252617564, 53.403300127079376], [-3.0885752040099006, 53.403659604167764], [-3.088875970458744, 53.40365686114204]]]}, "properties": {"kind": "max_footprint", "threshold_pct": 7.0}}, {"type": "Feature", "geometry": {"type": "Polygon", "coordinates": [[[-3.0879094593507843, 53.40114874734768], [-3.087904873177036, 53.40096900869056], [-3.0876041255852797, 53.400971749176264], [-3.087608710492113, 53.40115148785125], [-3.0879094593507843, 53.40114874734768]]]}, "properties": {"kind": "max_footprint", "threshold_pct": 7.0}}, {"type": "Feature", "geometry": {"type": "Polygon", "coordinates": [[[-3.08700263025381, 53.40097722787569], [-3.0869980479301082, 53.4007974891593], [-3.086697301457327, 53.400800227355205], [-3.0867018825141246, 53.400979966089416], [-3.08700263025381, 53.40097722787569]]]}, "properties": {"kind": "max_footprint", "threshold_pct": 7.0}}, {"type": "Feature", "geometry": {"type": "Polygon", "coordinates": [[[-3.084587502629462, 53.4006396346565], [-3.084582930539391, 53.400459895786135], [-3.0842821862065133, 53.40046262788777], [-3.084286757029701, 53.40064236677594], [-3.084587502629462, 53.4006396346565]]]}, "properties": {"kind": "max_footprint", "threshold_pct": 7.0}}, {"type": "Feature", "geometry": {"type": "Polygon", "coordinates": [[[-3.086979719128253, 53.40007853423657], [-3.0869751370510223, 53.39989879549159], [-3.0866743969125596, 53.39990153359828], [-3.0866789777229537, 53.400081272361106], [-3.086979719128253, 53.40007853423657]]]}, "properties": {"kind": "max_footprint", "threshold_pct": 7.0}}, {"type": "Feature", "geometry": {"type": "Polygon", "coordinates": [[[-3.0963026781756637, 53.39999327675209], [-3.096298056826852, 53.39981353856243], [-3.0959973182227833, 53.39981630014542], [-3.0959926981904875, 53.39963656193204], [-3.0956919608035167, 53.39963932273974], [-3.0957011983841936, 53.39999879919675], [-3.0963026781756637, 53.39999327675209]]]}, "properties": {"kind": "max_footprint", "threshold_pct": 7.0}}, {"type": "Feature", "geometry": {"type": "Polygon", "coordinates": [[[-3.0926984026442867, 53.40020610438142], [-3.0926937964477457, 53.40002636598196], [-3.0923930559813413, 53.40002911849531], [-3.0923884511011734, 53.39984938007219], [-3.0920877118520553, 53.39985213181033], [-3.092083108288236, 53.399672393363566], [-3.091481632175064, 53.3996778945321], [-3.0914770311943625, 53.39949815604379], [-3.0905748204538197, 53.399506402063146], [-3.090579417634122, 53.3996861406052], [-3.091180894044228, 53.399680643980425], [-3.091185493807612, 53.39986038248093], [-3.0914862332052615, 53.39985763301469], [-3.091490834284955, 53.40003737149157], [-3.0920923154653988, 53.40003187025136], [-3.0920969191282666, 53.40021160868669], [-3.0926984026442867, 53.40020610438142]]]}, "properties": {"kind": "max_footprint", "threshold_pct": 7.0}}, {"type": "Feature", "geometry": {"type": "Polygon", "coordinates": [[[-3.0915644582921713, 53.40291318634339], [-3.091555254598206, 53.402553709566995], [-3.091254496196738, 53.4025564593019], [-3.091249895691034, 53.402376720887204], [-3.090949138507088, 53.4023794698468], [-3.090939940178154, 53.40201999296447], [-3.0906391854787265, 53.40202274113091], [-3.0906345876554533, 53.40184300266325], [-3.0903338341735376, 53.40184575005442], [-3.0903200448013477, 53.40130653456345], [-3.0900192950708383, 53.40130928114361], [-3.0900146999792604, 53.40112954261727], [-3.089713951466242, 53.40113228842221], [-3.089704763965196, 53.400772811316614], [-3.089404017936568, 53.40077555632847], [-3.0893994255270596, 53.40059581774921], [-3.089098680715911, 53.400598561985845], [-3.0890894985788337, 53.40023908477443], [-3.0902924673920382, 53.400228103427054], [-3.0902832753178235, 53.39986862633582], [-3.089681796077398, 53.39987411845258], [-3.0896772026480854, 53.399694379862616], [-3.0893764642205603, 53.39969712476718], [-3.089371872107465, 53.39951738615358], [-3.0890711348973423, 53.399520130282966], [-3.0890665441004366, 53.39934039164581], [-3.0884650720656306, 53.399345877596964], [-3.0884788370036773, 53.3998850935985], [-3.088178097111813, 53.39988783549171], [-3.088168922970714, 53.39952835812736], [-3.087868185563128, 53.39953109922758], [-3.0878635998333914, 53.39935136051898], [-3.0872621274038274, 53.39935684041182], [-3.087266710599977, 53.39953657915612], [-3.0875674481062125, 53.39953383957049], [-3.087572032618476, 53.399713578291234], [-3.087271293845433, 53.399716317894715], [-3.087280460484259, 53.40007579535472], [-3.087581201790957, 53.40007305571555], [-3.087585786451179, 53.40025279441914], [-3.087886528975406, 53.400250054004815], [-3.087891114951809, 53.40042979268484], [-3.088793346029011, 53.40042156684443], [-3.0887979358553714, 53.40060130546515], [-3.088497190945456, 53.40060404818712], [-3.0885063682125224, 53.400963525447125], [-3.0888071156562247, 53.400960782689396], [-3.0888162956545897, 53.40132025989078], [-3.089117045582756, 53.401317516339994], [-3.089121636922949, 53.40149725491425], [-3.0894223880686598, 53.40149451058824], [-3.0894361661865077, 53.402033726223024], [-3.0897369210837096, 53.40203098108603], [-3.0897415151554717, 53.40221071960162], [-3.0900422712702444, 53.4022079736894], [-3.0900468666584366, 53.402387712181394], [-3.0903476239907772, 53.402384965493894], [-3.0903522206954275, 53.40256470396227], [-3.0909537377457763, 53.40255920827939], [-3.0909583370339435, 53.40273894670626], [-3.0912590967519367, 53.40273619771085], [-3.091263697356629, 53.40291593611408], [-3.0915644582921713, 53.40291318634339]]]}, "properties": {"kind": "max_footprint", "threshold_pct": 7.0}}, {"type": "Feature", "geometry": {"type": "Polygon", "coordinates": [[[-3.089973346379495, 53.39951189562294], [-3.0899687517822225, 53.39933215703944], [-3.090269487577316, 53.399329410656065], [-3.0902602959975116, 53.398969933507615], [-3.0896588294249696, 53.398975425445535], [-3.0896542362427204, 53.398795686826936], [-3.089353504149073, 53.39879843164208], [-3.089362688029472, 53.399157908909295], [-3.0896634226566295, 53.39915516405837], [-3.0896726092681868, 53.39951464126692], [-3.089973346379495, 53.39951189562294]]]}, "properties": {"kind": "max_footprint", "threshold_pct": 7.0}}, {"type": "Feature", "geometry": {"type": "Polygon", "coordinates": [[[-3.0878452574077406, 53.39863240562732], [-3.0878406719246496, 53.398452666890115], [-3.088141401731681, 53.39844992589702], [-3.088136815031207, 53.39827018717194], [-3.0875353579012392, 53.39827566836515], [-3.087544526284656, 53.39863514588098], [-3.0878452574077406, 53.39863240562732]]]}, "properties": {"kind": "max_footprint", "threshold_pct": 7.0}}, {"type": "Feature", "geometry": {"type": "Polygon", "coordinates": [[[-3.0893351369810333, 53.39807947703908], [-3.08933054531251, 53.39789973837402], [-3.0890298195030077, 53.39790248234254], [-3.0890344099048495, 53.398082221025454], [-3.0893351369810333, 53.39807947703908]]]}, "properties": {"kind": "max_footprint", "threshold_pct": 7.0}}, {"type": "Feature", "geometry": {"type": "Polygon", "coordinates": [[[-3.0875307737835014, 53.398095929598654], [-3.087526189715076, 53.39791619082642], [-3.0872254636095002, 53.39791893025147], [-3.0872300464112405, 53.398098669041524], [-3.0875307737835014, 53.398095929598654]]]}, "properties": {"kind": "max_footprint", "threshold_pct": 7.0}}, {"type": "Feature", "geometry": {"type": "Polygon", "coordinates": [[[-3.102881750385044, 53.398494427432276], [-3.102872452798144, 53.39813495174951], [-3.1025717266915125, 53.39813772983008], [-3.102562431837955, 53.39777825408822], [-3.1022617082146415, 53.39778103137536], [-3.1022524160943132, 53.39742155557443], [-3.1019516949542796, 53.39742433206814], [-3.1019656294098326, 53.39796354581522], [-3.102266354349775, 53.397960769267236], [-3.102275646769981, 53.39832024503382], [-3.102576374193282, 53.398317467692415], [-3.102581021745046, 53.39849720554902], [-3.102881750385044, 53.398494427432276]]]}, "properties": {"kind": "max_footprint", "threshold_pct": 7.0}}, {"type": "Feature", "geometry": {"type": "Polygon", "coordinates": [[[-3.1079614381930414, 53.39718892075651], [-3.10795209824247, 53.39682944561027], [-3.1073506654154786, 53.39683502650594], [-3.1073459980486544, 53.39665528888786], [-3.1070452828263972, 53.39665807818173], [-3.1070406167763216, 53.39647834053975], [-3.1067399027704155, 53.39648112905823], [-3.106753897271549, 53.39702034202142], [-3.107054615077126, 53.39701755344846], [-3.1070592812777815, 53.397197291073226], [-3.1079614381930414, 53.39718892075651]]]}, "properties": {"kind": "max_footprint", "threshold_pct": 7.0}}, {"type": "Feature", "geometry": {"type": "Polygon", "coordinates": [[[-3.095715055127868, 53.4005380138393], [-3.0957104361636203, 53.400358275630836], [-3.0960111786178777, 53.40035551475119], [-3.096006558436477, 53.40017577655498], [-3.095705817249063, 53.40017853741666], [-3.0957011983841936, 53.39999879919675], [-3.0954004584139185, 53.40000155928312], [-3.095395840865554, 53.39982182103951], [-3.094493624457194, 53.39983009670095], [-3.0944843971102634, 53.39947062008874], [-3.093882924323698, 53.39947613333805], [-3.09387370224238, 53.399116656631136], [-3.0932722343244903, 53.39912216677953], [-3.093267625891739, 53.39894242838158], [-3.0929668931251775, 53.39894518230192], [-3.092962286008742, 53.39876544388032], [-3.0923608228604316, 53.398770949413326], [-3.0923562183270117, 53.39859121095015], [-3.092055487945279, 53.398593962562835], [-3.0920462815604504, 53.39823448558346], [-3.091745553662616, 53.39823723640305], [-3.0917409518111665, 53.39805749788684], [-3.0920416784423135, 53.3980547470852], [-3.0920370753736917, 53.39787500858121], [-3.092337800688648, 53.39787225704022], [-3.0923331964028824, 53.39769251854844], [-3.0929346443508727, 53.3976870132306], [-3.092939251169957, 53.397866751686536], [-3.0932399763362826, 53.39786399787381], [-3.093244584471596, 53.398043736306086], [-3.0935453108550233, 53.39804098171818], [-3.0935499203065913, 53.398220720126794], [-3.0938506479071175, 53.39821796476369], [-3.0938552586749695, 53.39839770314863], [-3.0944567162606034, 53.39839219011477], [-3.094461329611475, 53.398571928458075], [-3.0947620595965684, 53.39856917078731], [-3.09476667426379, 53.39874890910691], [-3.0950674054659637, 53.39874615066091], [-3.0950720214495635, 53.398925888956846], [-3.095372753868818, 53.3989231297356], [-3.0953773711688197, 53.399102868007816], [-3.0956781048051516, 53.399100108011325], [-3.0956827234215876, 53.39927984625986], [-3.0962841930787035, 53.39927432395908], [-3.096274950828501, 53.398914847528246], [-3.095974218558299, 53.398917609021304], [-3.0959603593559817, 53.39837839427815], [-3.096261087826026, 53.398375632839056], [-3.096265708777141, 53.3985553710745], [-3.097167897689081, 53.39854708215968], [-3.0971771473407865, 53.398906558505445], [-3.097477879412063, 53.3989037939833], [-3.097468627226911, 53.39854431767356], [-3.0989722741693346, 53.398530483884066], [-3.098967641817902, 53.398350745810696], [-3.099268369790247, 53.39834797679906], [-3.0992637362219613, 53.398168238738], [-3.0980608291003913, 53.39817931016894], [-3.098056200648639, 53.39799957203005], [-3.0974547493224094, 53.398005103165985], [-3.097450123453768, 53.39782536498536], [-3.0968486744618158, 53.39783089305633], [-3.0968532977971344, 53.398010631272946], [-3.0962518460729207, 53.39801615635094], [-3.096247225270929, 53.39783641809832], [-3.0959465006009204, 53.39783917948346], [-3.095941881115286, 53.397659441207104], [-3.094738987005065, 53.39767047910335], [-3.094743601424086, 53.397850217451584], [-3.093841426520212, 53.397858487976656], [-3.093836815901155, 53.39767874957455], [-3.09353609210064, 53.397681504883806], [-3.0935314827978235, 53.39750176645803], [-3.0932307602143694, 53.39750452099211], [-3.0932261522277638, 53.39732478254267], [-3.092925430861373, 53.39732753630158], [-3.0929208241909554, 53.39714779782849], [-3.092620104041626, 53.397150550812235], [-3.092615498687366, 53.39697081231548], [-3.0923147797551014, 53.396973564524075], [-3.0923055717283705, 53.39661408747756], [-3.0917041387816213, 53.396619589551435], [-3.0917133417420093, 53.39697906666961], [-3.0920140607733115, 53.39697631597547], [-3.09201866359436, 53.39715605450805], [-3.092319383842757, 53.39715330303876], [-3.0923239879799373, 53.397333041547704], [-3.092624709445425, 53.39733028930328], [-3.092629314898767, 53.39751002778856], [-3.09142642367317, 53.397521032294655], [-3.0914172229490426, 53.39716155517496], [-3.0911165025521483, 53.397164304372595], [-3.091107304559167, 53.39680482719421], [-3.0908065866460035, 53.3968075755988], [-3.0907973913840543, 53.39644809836173], [-3.0904966759545864, 53.39645084597332], [-3.0905196581474104, 53.397349539112554], [-3.0908203799098577, 53.39734679141149], [-3.090834173618847, 53.39788600717269], [-3.091134899131784, 53.397883258660706], [-3.091148697085996, 53.39842247431669], [-3.0908479677729868, 53.39842522288239], [-3.0908571641230638, 53.39878469999359], [-3.0914586277665017, 53.39877920203328], [-3.0914632285492276, 53.39895894054452], [-3.091763961563457, 53.39895619041053], [-3.0917685636624337, 53.3991359288981], [-3.092370032075872, 53.3991304263225], [-3.0923746367578944, 53.3993101647685], [-3.0926753721570877, 53.39930741232687], [-3.0926937964477457, 53.40002636598196], [-3.092994536864597, 53.40002361271129], [-3.092999144327975, 53.40020335109282], [-3.093600627546641, 53.40019784224372], [-3.0936052375932817, 53.40037758058365], [-3.0942067231472667, 53.40037206866939], [-3.094211335777224, 53.400551806967705], [-3.095715055127868, 53.4005380138393]]]}, "properties": {"kind": "max_footprint", "threshold_pct": 7.0}}, {"type": "Feature", "geometry": {"type": "Polygon", "coordinates": [[[-3.0973899916894103, 53.39548876811611], [-3.0973807413950545, 53.3951292915888], [-3.0967793303996984, 53.395134819119704], [-3.0967747078600345, 53.39495508081147], [-3.0964740035542104, 53.39495784342318], [-3.0964878675229937, 53.3954970583847], [-3.0973899916894103, 53.39548876811611]]]}, "properties": {"kind": "max_footprint", "threshold_pct": 7.0}}, {"type": "Feature", "geometry": {"type": "Polygon", "coordinates": [[[-3.094975096220714, 53.3951513835404], [-3.094970481279733, 53.39497164512428], [-3.094669776675861, 53.394974403193004], [-3.0946743903503924, 53.3951541416271], [-3.094975096220714, 53.3951513835404]]]}, "properties": {"kind": "max_footprint", "threshold_pct": 7.0}}, {"type": "Feature", "geometry": {"type": "Polygon", "coordinates": [[[-3.110315709061131, 53.39518945460804], [-3.110311029481839, 53.39500971712032], [-3.110611732752758, 53.39500691966127], [-3.1106023712123703, 53.394647444705114], [-3.110301670474261, 53.39465024212773], [-3.1102969910459737, 53.394470504622824], [-3.1099962915239145, 53.39447330127009], [-3.1100009696858164, 53.39465303879321], [-3.1097002688470514, 53.394655834701524], [-3.1097096227890044, 53.39501530976699], [-3.1100103261605834, 53.39501251382224], [-3.110015004473449, 53.395192251328154], [-3.110315709061131, 53.39518945460804]]]}, "properties": {"kind": "max_footprint", "threshold_pct": 7.0}}, {"type": "Feature", "geometry": {"type": "Polygon", "coordinates": [[[-3.096538705903083, 53.397474179469484], [-3.0965340839835855, 53.39729444121767], [-3.095932642293095, 53.397299964637256], [-3.0959234036696675, 53.39694048804451], [-3.0962241220065576, 53.396937726749286], [-3.096219501502795, 53.39675798846232], [-3.0959187844324876, 53.39676074973955], [-3.0959049270190784, 53.396221534790314], [-3.095604213698751, 53.396224295256395], [-3.0955995959268514, 53.39604455691056], [-3.0952988838233817, 53.39604731660146], [-3.095294267367668, 53.39586757823193], [-3.0958956889919054, 53.39586205812887], [-3.0958864511634743, 53.39550258144454], [-3.0955857429091815, 53.39550534183871], [-3.0955811253359657, 53.39532560346995], [-3.0952804182984783, 53.39532836308898], [-3.095275802041393, 53.39514862469653], [-3.094975096220714, 53.3951513835404], [-3.0949935564810565, 53.39587033714767], [-3.0946928455448015, 53.395873095306236], [-3.0947020734397857, 53.39623257211144], [-3.0944013599208486, 53.396235329548716], [-3.094396747215073, 53.396055591131024], [-3.093795322561423, 53.39606110369808], [-3.093786102364775, 53.39570162677371], [-3.0934853924965835, 53.39570438188555], [-3.0934715663729677, 53.395165166402215], [-3.0931708602546433, 53.395167920703074], [-3.0931478240388635, 53.39426922802667], [-3.0925464243178236, 53.394274734177564], [-3.092555633589836, 53.39463421133701], [-3.092856336007941, 53.39463145860429], [-3.0928655480109413, 53.394990935704996], [-3.092564843059966, 53.394993688473576], [-3.0925694478693297, 53.395173427033264], [-3.092870154086759, 53.395170674246735], [-3.0928931852090553, 53.396069366869746], [-3.0931938977094124, 53.396066613236385], [-3.093198505349053, 53.396246351725885], [-3.093499219066382, 53.39624359731738], [-3.093503828022136, 53.396423335783226], [-3.0938045429564336, 53.39642058059959], [-3.093809153228327, 53.39660031904175], [-3.0947113015332994, 53.396592048893766], [-3.094715915654505, 53.396771787276336], [-3.0950166329234863, 53.39676902902795], [-3.0950212483609127, 53.39694876738684], [-3.0953219668468304, 53.39694600836327], [-3.095326583600504, 53.39712574669846], [-3.095627303303359, 53.397122986899724], [-3.095636539492932, 53.39748246351698], [-3.096538705903083, 53.397474179469484]]]}, "properties": {"kind": "max_footprint", "threshold_pct": 7.0}}, {"type": "Feature", "geometry": {"type": "Polygon", "coordinates": [[[-3.10882153226474, 53.39556290577732], [-3.1088121856196294, 53.395203430637046], [-3.108511480780469, 53.39520622357136], [-3.1085021368692773, 53.3948467483718], [-3.10880283917559, 53.394843955473846], [-3.1087934929326186, 53.39448448028772], [-3.108492793159098, 53.394487273149295], [-3.1084881213793873, 53.39430753552945], [-3.1078867242143553, 53.39431311894477], [-3.1078820550176225, 53.39413338128283], [-3.107280660184425, 53.39413896163328], [-3.107289993562632, 53.39449843702413], [-3.107891393461313, 53.394492856600976], [-3.1078960627584973, 53.39467259425147], [-3.10759536156787, 53.394675384859774], [-3.107604697780087, 53.395034860179905], [-3.1079054015035394, 53.39503206953524], [-3.1079100709514, 53.395211807168536], [-3.107609365961517, 53.39521459783137], [-3.1076140341931575, 53.39539433547712], [-3.108516152811447, 53.39538596116255], [-3.1085208248926803, 53.39556569874803], [-3.10882153226474, 53.39556290577732]]]}, "properties": {"kind": "max_footprint", "threshold_pct": 7.0}}, {"type": "Feature", "geometry": {"type": "Polygon", "coordinates": [[[-3.1112084558153463, 53.39482158503294], [-3.111203772537532, 53.39464184758845], [-3.1115044731245574, 53.3946390478944], [-3.1114997886307343, 53.394459310462395], [-3.111199089310092, 53.39446211013821], [-3.1111944061330266, 53.39428237268226], [-3.110893708028379, 53.39428517158269], [-3.110889026168044, 53.39410543410278], [-3.1102876323403974, 53.39411102959582], [-3.1102923116680197, 53.3942907671122], [-3.1105930098733725, 53.394287969726015], [-3.1106023712123703, 53.394647444705114], [-3.1109030719001307, 53.39464464652536], [-3.1109077539115493, 53.39482438398808], [-3.1112084558153463, 53.39482158503294]]]}, "properties": {"kind": "max_footprint", "threshold_pct": 7.0}}, {"type": "Feature", "geometry": {"type": "Polygon", "coordinates": [[[-3.1126697599062156, 53.39318994251425], [-3.1126650707503893, 53.39301020510938], [-3.1123643817619273, 53.39301300766769], [-3.1123550061340843, 53.39265353280428], [-3.1120543196277017, 53.392656334569004], [-3.112049633155643, 53.39247659711043], [-3.1114482625241333, 53.39248219833218], [-3.111452946463729, 53.39266193582722], [-3.111152259806164, 53.39266473532071], [-3.111156942529894, 53.39284447282825], [-3.111457630453705, 53.39284167331654], [-3.111462314494061, 53.39302141080012], [-3.111763003633751, 53.393018610513074], [-3.111767688990763, 53.393198347972685], [-3.1126697599062156, 53.39318994251425]]]}, "properties": {"kind": "max_footprint", "threshold_pct": 7.0}}, {"type": "Feature", "geometry": {"type": "Polygon", "coordinates": [[[-3.106341266444468, 53.392709424252054], [-3.1063366040309317, 53.39252968644772], [-3.1060359177852237, 53.392532473052505], [-3.1060405789325145, 53.39271221087499], [-3.106341266444468, 53.392709424252054]]]}, "properties": {"kind": "max_footprint", "threshold_pct": 7.0}}, {"type": "Feature", "geometry": {"type": "Polygon", "coordinates": [[[-3.1117864309227827, 53.39391729775381], [-3.1117817453641807, 53.39373756031712], [-3.1120824395186446, 53.393734759200015], [-3.112077752744128, 53.393555021775846], [-3.111777059855976, 53.39355782287471], [-3.111767688990763, 53.393198347972685], [-3.1114669985848, 53.39320114827797], [-3.111462314494061, 53.39302141080012], [-3.1111616253039895, 53.39302421033007], [-3.111156942529894, 53.39284447282825], [-3.110856254555714, 53.392847271582845], [-3.110851573098232, 53.39266753405709], [-3.1105508863399467, 53.392670332036374], [-3.1105462061990528, 53.39249059448665], [-3.1102455206566644, 53.39249339169065], [-3.1102408418323293, 53.392313654116954], [-3.1096394731290324, 53.392319246217276], [-3.109653502155593, 53.39285845903037], [-3.1099541903311065, 53.39285566330414], [-3.109958868040156, 53.393035400878844], [-3.110259557431619, 53.3930326043773], [-3.110264236457259, 53.39321234192804], [-3.110564927064671, 53.393209544651185], [-3.110569607406929, 53.39338928217798], [-3.110870299230287, 53.3933864841258], [-3.1108749808891885, 53.39356622162864], [-3.1111756739284946, 53.39356342280111], [-3.1111803569040695, 53.39374316027999], [-3.1114810511593176, 53.39374036067713], [-3.1114857354515926, 53.39392009813203], [-3.1117864309227827, 53.39391729775381]]]}, "properties": {"kind": "max_footprint", "threshold_pct": 7.0}}, {"type": "Feature", "geometry": {"type": "Polygon", "coordinates": [[[-3.0991108564268215, 53.392236879511174], [-3.099106224552835, 53.39205714125546], [-3.0988055409063517, 53.392059909635954], [-3.0988101715141165, 53.392239647909726], [-3.0991108564268215, 53.392236879511174]]]}, "properties": {"kind": "max_footprint", "threshold_pct": 7.0}}, {"type": "Feature", "geometry": {"type": "Polygon", "coordinates": [[[-3.113257065350647, 53.39264512296752], [-3.1132476823271555, 53.39228564819072], [-3.1135483660993266, 53.39228284343416], [-3.1135295955931466, 53.39156389388478], [-3.1132289168856953, 53.391566698568276], [-3.1132195344677154, 53.39120722372266], [-3.112618181966014, 53.391212830745424], [-3.11261349336495, 53.391033093277485], [-3.1123128183045696, 53.39103589563504], [-3.1123081310200416, 53.39085615814313], [-3.1120074571753538, 53.3908589597254], [-3.1120027712073353, 53.39067922220952], [-3.111702098578342, 53.39068202301651], [-3.111706783280267, 53.39086176055064], [-3.10990273885209, 53.3908785496042], [-3.109921447776497, 53.39159750012078], [-3.1102221270382375, 53.39159470376492], [-3.110226805661277, 53.39177444136154], [-3.1114295272695474, 53.39176324829467], [-3.1114342110076274, 53.39194298581265], [-3.111734892549963, 53.391940185635036], [-3.111744262709652, 53.39229966061731], [-3.1123456307079276, 53.39229405791791], [-3.112350318395795, 53.39247379536396], [-3.1126510035855257, 53.39247099286038], [-3.112655692590044, 53.39265073028244], [-3.113257065350647, 53.39264512296752]]]}, "properties": {"kind": "max_footprint", "threshold_pct": 7.0}}, {"type": "Feature", "geometry": {"type": "Polygon", "coordinates": [[[-3.1011831653055753, 53.39095931249727], [-3.1011785249174464, 53.39077957432781], [-3.1008778504831236, 53.39078234788142], [-3.100868572388795, 53.39042287148916], [-3.1002672284348836, 53.39042841625299], [-3.1002718649249084, 53.39060815448809], [-3.100572538192901, 53.390605382466646], [-3.1005818138547894, 53.39096485888355], [-3.1011831653055753, 53.39095931249727]]]}, "properties": {"kind": "max_footprint", "threshold_pct": 7.0}}, {"type": "Feature", "geometry": {"type": "Polygon", "coordinates": [[[-3.1029593313004473, 53.38986422671752], [-3.1029546836155437, 53.389684488622166], [-3.1026540170773, 53.38968726660944], [-3.102658663496168, 53.38986700472289], [-3.1029593313004473, 53.38986422671752]]]}, "properties": {"kind": "max_footprint", "threshold_pct": 7.0}}, {"type": "Feature", "geometry": {"type": "Polygon", "coordinates": [[[-3.119777774138626, 53.388988501892705], [-3.119768337431897, 53.388629027692446], [-3.1194676800436656, 53.388631847980164], [-3.1194582460717317, 53.388272373720234], [-3.118556281198147, 53.38828082993141], [-3.118565707574635, 53.388640304301475], [-3.118866365115021, 53.38863748628468], [-3.1188710796452304, 53.38881722344275], [-3.1191717384008397, 53.38881440465064], [-3.1191764542476967, 53.38899414178463], [-3.119777774138626, 53.388988501892705]]]}, "properties": {"kind": "max_footprint", "threshold_pct": 7.0}}, {"type": "Feature", "geometry": {"type": "Polygon", "coordinates": [[[-3.107112693705096, 53.387668400678734], [-3.107108028897858, 53.38748866276844], [-3.1062060768095834, 53.38749702560015], [-3.1062107378192327, 53.3876767635649], [-3.107112693705096, 53.387668400678734]]]}, "properties": {"kind": "max_footprint", "threshold_pct": 7.0}}, {"type": "Feature", "geometry": {"type": "Polygon", "coordinates": [[[-3.1056140921726803, 53.3878620730329], [-3.1056094336446574, 53.38768233503758], [-3.105308781482209, 53.387685119638476], [-3.1052994671081855, 53.38732564359438], [-3.104998817427369, 53.38732842740207], [-3.1049941615813275, 53.38714868935331], [-3.104693513116277, 53.38715147238592], [-3.1047074770070644, 53.38769068656942], [-3.105008129269674, 53.38768790348244], [-3.105012785265939, 53.38786764151401], [-3.1056140921726803, 53.3878620730329]]]}, "properties": {"kind": "max_footprint", "threshold_pct": 7.0}}, {"type": "Feature", "geometry": {"type": "Polygon", "coordinates": [[[-3.1127031765481914, 53.38294209899393], [-3.1126984890005938, 53.382762361280534], [-3.112397872217469, 53.382765163555504], [-3.1124025584995736, 53.382944901287146], [-3.1127031765481914, 53.38294209899393]]]}, "properties": {"kind": "max_footprint", "threshold_pct": 7.0}}, {"type": "Feature", "geometry": {"type": "Polygon", "coordinates": [[[-3.112397872217469, 53.382765163555504], [-3.112393185985762, 53.38258542581813], [-3.112092570417724, 53.38258822731806], [-3.1120972553839508, 53.38276796507366], [-3.112397872217469, 53.382765163555504]]]}, "properties": {"kind": "max_footprint", "threshold_pct": 7.0}}, {"type": "Feature", "geometry": {"type": "Polygon", "coordinates": [[[-3.1141593295556294, 53.38113069969668], [-3.1141546361853027, 53.38095096201727], [-3.113854032308521, 53.38095376789358], [-3.113858724413492, 53.38113350559128], [-3.1141593295556294, 53.38113069969668]]]}, "properties": {"kind": "max_footprint", "threshold_pct": 7.0}}, {"type": "Feature", "geometry": {"type": "Polygon", "coordinates": [[[-3.1203870746589324, 53.377836328916764], [-3.1203823556298, 53.37765659151892], [-3.120081775589514, 53.377659412956525], [-3.1200723402136217, 53.377299938106894], [-3.1197717626527597, 53.3773027587511], [-3.1197764790502727, 53.377482496197146], [-3.1194759001736285, 53.377485316103034], [-3.119480615356773, 53.3776650535617], [-3.1197811954985015, 53.37766223363746], [-3.119785911997444, 53.37784197107202], [-3.1203870746589324, 53.377836328916764]]]}, "properties": {"kind": "max_footprint", "threshold_pct": 7.0}}, {"type": "Feature", "geometry": {"type": "Polygon", "coordinates": [[[-3.1209740725917965, 53.37729147163436], [-3.120969351184781, 53.377111734256076], [-3.1206687750411906, 53.37711455715187], [-3.1206640549499802, 53.37693481974947], [-3.1203634800206776, 53.37693764187022], [-3.1203540425205523, 53.37657816701143], [-3.1197528975698257, 53.376583808909515], [-3.1197623300098685, 53.37694328384177], [-3.1200629050406348, 53.37694046323433], [-3.1200676226017663, 53.37712020067348], [-3.120368198846849, 53.37711737929102], [-3.1203729177237585, 53.37729711670607], [-3.1209740725917965, 53.37729147163436]]]}, "properties": {"kind": "max_footprint", "threshold_pct": 7.0}}, {"type": "Feature", "geometry": {"type": "Polygon", "coordinates": [[[-3.1022198952474116, 53.39616339009072], [-3.102215249612037, 53.39598365214159], [-3.101914538604499, 53.39598642849065], [-3.101909894285595, 53.39580669051768], [-3.1016091844946, 53.3958094660915], [-3.101599898539625, 53.39544999009222], [-3.1019006057976597, 53.39544721455458], [-3.1018820294212532, 53.39472826255966], [-3.101581327228979, 53.39473103802498], [-3.1015766845261674, 53.39455129999385], [-3.1012759835503596, 53.39455407468397], [-3.10127134216388, 53.39437433662904], [-3.1009706424045427, 53.39437711054394], [-3.1009660023343657, 53.3941973724652], [-3.1006653037914997, 53.394200145604906], [-3.1006606650376014, 53.39402040750238], [-3.1009613623141026, 53.39401763438076], [-3.1009567223437458, 53.39383789629058], [-3.1012574183039847, 53.39383512242989], [-3.101262059540694, 53.394014860502004], [-3.101562756717362, 53.394012085866095], [-3.10156739927036, 53.39419182391441], [-3.101868097663457, 53.39418904850331], [-3.1018727415327705, 53.394368786527814], [-3.102173441142295, 53.39436601034149], [-3.102178086327952, 53.39454574834217], [-3.102478787153902, 53.394542971380645], [-3.102483433655929, 53.39472270935753], [-3.102784135698303, 53.39471993162073], [-3.102788783516727, 53.394899669573796], [-3.1036908931430793, 53.39489133176623], [-3.103686241525408, 53.39471159386746], [-3.1042876451599932, 53.39470603157953], [-3.1042829910595557, 53.394526293711266], [-3.10338088933182, 53.39453463595311], [-3.1033762390806046, 53.39435489802477], [-3.1027748402114357, 53.39436045569742], [-3.1027701925429905, 53.39418071772717], [-3.102469494299786, 53.394183495409685], [-3.102464847947696, 53.394003757415604], [-3.1030662418513866, 53.39399820132963], [-3.1030615930165766, 53.39381846336604], [-3.1021595058851155, 53.393826796305035], [-3.102154860899314, 53.39364705828142], [-3.1018541663552197, 53.39364983439544], [-3.101840235496521, 53.39311062023601], [-3.102441616936891, 53.39310506735937], [-3.102446263039101, 53.39328480538207], [-3.1027469549506272, 53.39328202779002], [-3.102756249837604, 53.393641503782064], [-3.1036583328700806, 53.393633166354604], [-3.103653681602637, 53.39345342841575], [-3.1039543745804345, 53.39345064777714], [-3.1039497220967145, 53.39327090985066], [-3.104250413758164, 53.393268128473046], [-3.1042550675081877, 53.3934478663814], [-3.104555760385886, 53.393445084228546], [-3.104574380951912, 53.39416403573224], [-3.1054764744805667, 53.39415568451344], [-3.10547181546488, 53.39397594670051], [-3.1057725119411987, 53.39397316146477], [-3.105767851709285, 53.39379342366426], [-3.1063692419788453, 53.39378785095774], [-3.106364579264402, 53.393608113187774], [-3.106665273057634, 53.39360532571697], [-3.106660609127032, 53.39342558795946], [-3.106059224023043, 53.393431162107625], [-3.10606388542102, 53.393610899901454], [-3.105462497583848, 53.39361647105747], [-3.105467156499308, 53.39379620888185], [-3.105166461239218, 53.3937989933423], [-3.10515248844212, 53.393259779797546], [-3.105753871314296, 53.393254210228335], [-3.1057445513015924, 53.39289473457571], [-3.105443862423122, 53.39289751970261], [-3.1054392037582144, 53.392717781849576], [-3.1057398913704257, 53.39271499674083], [-3.1057352314893807, 53.39253525890018], [-3.1060359177852237, 53.392532473052505], [-3.106031256688067, 53.3923527352243], [-3.106632626596872, 53.39234716129394], [-3.1066279630174147, 53.3921674234963], [-3.107229330193141, 53.39216184657395], [-3.1072339963050313, 53.39234158433527], [-3.107835365812436, 53.39233600434827], [-3.1078400345069714, 53.392515742067495], [-3.1090427779839844, 53.392504572935756], [-3.109038104224545, 53.392324835289244], [-3.10933878870193, 53.3923220411318], [-3.1093341137265504, 53.392142303497764], [-3.1090334305153764, 53.392145097637034], [-3.109028756856476, 53.391965359979075], [-3.1096301206961487, 53.39195977097988], [-3.1096347968874425, 53.392139508601446], [-3.109935479998037, 53.392136712948044], [-3.1099261251333687, 53.39177723773561], [-3.1096254445551517, 53.391780033352596], [-3.109620768464449, 53.391600295719556], [-3.1093200891021056, 53.39160309056128], [-3.109315414327854, 53.39142335290433], [-3.1090147361813862, 53.39142614697079], [-3.109010062723557, 53.3912464092899], [-3.1093107396038815, 53.39124361524164], [-3.1093013903067765, 53.39088413989906], [-3.1087000415603514, 53.39088972716577], [-3.108690697528741, 53.39053025172749], [-3.108991369394894, 53.39052745850904], [-3.1089820230321448, 53.390167983084226], [-3.109884030732569, 53.3901595989959], [-3.1098887076869945, 53.390339336656574], [-3.1104900484345706, 53.39033374344284], [-3.1104853689480287, 53.390154005818594], [-3.110786037980272, 53.390151208094395], [-3.110790718732871, 53.39033094570042], [-3.1110913889808267, 53.39032814720099], [-3.1110960710498405, 53.39050788478305], [-3.111396742513508, 53.390505085508366], [-3.1114014258989635, 53.39068482306647], [-3.111702098578342, 53.39068202301651], [-3.111688044774885, 53.390142810379714], [-3.1122893823860633, 53.39013720811816], [-3.1122940694689394, 53.39031694563301], [-3.112594739464972, 53.39031414334846], [-3.112604116314105, 53.39067361832444], [-3.1129047887918584, 53.39067081524633], [-3.1129094785581595, 53.39085055270748], [-3.1132101522515634, 53.3908477488541], [-3.113214843334412, 53.39102748629125], [-3.113515518243465, 53.391024681662564], [-3.1135202106428888, 53.39120441907569], [-3.113820886767592, 53.3912016136717], [-3.1138255804836175, 53.39138135106083], [-3.1141262578239672, 53.391378544881526], [-3.1141356479397744, 53.39173801960604], [-3.1144363277619282, 53.3917352126331], [-3.114422238865532, 53.39119600059256], [-3.114722914838743, 53.39119319291743], [-3.114713519961484, 53.390833718231626], [-3.114412846520491, 53.39083652587019], [-3.1144081504237353, 53.390656788500415], [-3.1150094947230205, 53.39065117250282], [-3.115004796144624, 53.390471435163875], [-3.115305466952395, 53.39046862604784], [-3.1153007671584736, 53.39028888872144], [-3.1159021060902385, 53.39028326825488], [-3.115897403814774, 53.390103530959365], [-3.116799408034942, 53.390095094636834], [-3.1167899960395977, 53.389735620138474], [-3.11648933054885, 53.38973843296637], [-3.116484625893101, 53.389558695690276], [-3.1167852901178463, 53.38955588288071], [-3.1167711726562706, 53.38901667107297], [-3.117372493358066, 53.3890110432928], [-3.117358368756392, 53.38847183154341], [-3.117057712228605, 53.38847464575702], [-3.1170482986124677, 53.38811517119209], [-3.1167476445658564, 53.388117984612094], [-3.116738233683947, 53.38775850998757], [-3.1170388851988147, 53.387755696604216], [-3.117043591880332, 53.387935433901035], [-3.117344244610443, 53.3879326197424], [-3.1173489526084577, 53.38811235701513], [-3.1179502604485223, 53.38810672639038], [-3.1179549710289525, 53.3882864636207], [-3.118556281198147, 53.38828082993141], [-3.118551568085939, 53.38810109273777], [-3.120054836292183, 53.388086995359494], [-3.1200501169012993, 53.38790725825192], [-3.1197494646273816, 53.38791007922311], [-3.1197400285295824, 53.38755060495403], [-3.1194393787366255, 53.38755342513155], [-3.119425228767939, 53.387014213629776], [-3.120026520708208, 53.38700857262803], [-3.1200312398453174, 53.3871883097643], [-3.120331887005131, 53.38718548810964], [-3.1203366074588113, 53.38736522522177], [-3.120637255833674, 53.38736240279181], [-3.1206419776039507, 53.38754213987985], [-3.120942627193861, 53.38753931667456], [-3.1209473502807623, 53.38771905373845], [-3.1212480010857186, 53.38771622975784], [-3.121252725489271, 53.38789596679761], [-3.1218540294784463, 53.38789031652873], [-3.1218445756587654, 53.387530842517066], [-3.1212432767329754, 53.387536492712336], [-3.1212291039796014, 53.38699728154139], [-3.1215297496704664, 53.38699445687742], [-3.1215202988906956, 53.38663498277157], [-3.120919012521278, 53.386640631269024], [-3.1209142897391398, 53.3864608941707], [-3.1218162154197686, 53.38645242034433], [-3.121820941999183, 53.38663215738747], [-3.1221215850568367, 53.38662933124645], [-3.122116857211665, 53.38644959422172], [-3.1227181406429074, 53.386443939705764], [-3.1227134103170955, 53.38626420271212], [-3.123314691013365, 53.38625854520537], [-3.1233099582069697, 53.38607880824286], [-3.1236105972130352, 53.38607597837255], [-3.123601129221526, 53.385716504467126], [-3.1226992196448893, 53.38572499169676], [-3.1226944895225617, 53.38554525468017], [-3.122093218748475, 53.38555090901201], [-3.1220884912083653, 53.38537117195285], [-3.1235916614336614, 53.38535703053873], [-3.1235869276160937, 53.385177293565924], [-3.1238875602428218, 53.3851744630309], [-3.123878090229136, 53.384814989104946], [-3.1241787202736675, 53.384812157849915], [-3.1241739840775904, 53.38463242089677], [-3.125376498683782, 53.38462108838184], [-3.125362275214099, 53.38408187770938], [-3.125662899941455, 53.38407904274388], [-3.125658157621308, 53.383899305860034], [-3.125958781032108, 53.38389647015616], [-3.125954037497415, 53.38371673328504], [-3.126254659591659, 53.3837138968428], [-3.126245170144264, 53.3833544231203], [-3.1259445505810657, 53.383357259525596], [-3.1259398071994062, 53.38317752263726], [-3.1265410437437757, 53.38317184910681], [-3.126536297882147, 53.38299211224968], [-3.1262356809009617, 53.38299494937484], [-3.1262309363558463, 53.3828152124935], [-3.1271327833498592, 53.382806698903025], [-3.127118538631617, 53.38226748839087], [-3.127719762113002, 53.382261808990805], [-3.1277055102618756, 53.38172259853794], [-3.128306725946498, 53.381716916221734], [-3.1283019729008767, 53.38153717942962], [-3.128602579401154, 53.38153433715487], [-3.1285835626684166, 53.3808153900031], [-3.1288841640562093, 53.38081254704563], [-3.1288746534659793, 53.38045307347231], [-3.1291752522720406, 53.38045022979513], [-3.1291704957883497, 53.38027049301837], [-3.129471093277988, 53.38026764860296], [-3.1294615779335335, 53.379908175069296], [-3.1297621728415, 53.379905329934196], [-3.1297478964128467, 53.37936611964621], [-3.130048487473978, 53.379363273809986], [-3.1300437275015764, 53.37918353705436], [-3.1303443172463297, 53.37918069047998], [-3.1303395560599316, 53.37900095373714], [-3.1306401444883094, 53.37899810642459], [-3.130635382087943, 53.37881836969456], [-3.1309359691999488, 53.37881552164386], [-3.1309216785106884, 53.37827631147498], [-3.130621095194095, 53.37827915947003], [-3.1306163329985606, 53.37809942271704], [-3.131518078999339, 53.37809087651743], [-3.131513313059723, 53.37791113981434], [-3.131813893692413, 53.377908289586344], [-3.131785291540591, 53.376829869358595], [-3.1320858645317466, 53.376827018485336], [-3.1320763283612085, 53.37646754506725], [-3.1317757579000363, 53.37647039590338], [-3.131761457823602, 53.37593118567751], [-3.13146089110605, 53.37593403570135], [-3.13145612578134, 53.37575429892936], [-3.131756691233963, 53.37575144892407], [-3.131704262130327, 53.373774344257114], [-3.132004813618365, 53.373771493699394], [-3.1319857449681194, 53.373052546449706], [-3.132286291345916, 53.373049695209716], [-3.1322815230467786, 53.372869958401516], [-3.1319809779336936, 53.37287280962295], [-3.1319666771379295, 53.37233359910813], [-3.131666135767646, 53.37233644951734], [-3.1316518392270716, 53.371797238895155], [-3.13135130159949, 53.3718000884922], [-3.131346537453053, 53.37162035158809], [-3.130745464573478, 53.371626048475555], [-3.1307407030074734, 53.371446311528615], [-3.1301396324523396, 53.37145200535301], [-3.130134873466715, 53.371272268363235], [-3.129533805236111, 53.3712779591246], [-3.129529048830814, 53.37109822209205], [-3.1286274498951627, 53.37110675250487], [-3.128622697334712, 53.37092701541103], [-3.128021633651254, 53.37093269853349], [-3.1280263836825606, 53.37111243566433], [-3.1271247839806784, 53.37112095472989], [-3.1271295302692934, 53.371300691910456], [-3.1256268567561603, 53.37131487531565], [-3.125631596772787, 53.37149461258284], [-3.125331060652617, 53.371497447012864], [-3.1253405383094996, 53.37185692156695], [-3.1250399996091303, 53.371859755277356], [-3.125044737249348, 53.37203949256424], [-3.124744197233394, 53.37204232553661], [-3.124748933659887, 53.37222206283619], [-3.1250494749405027, 53.372219229845385], [-3.1250684262145008, 53.37293817891255], [-3.125368972502959, 53.372935345091406], [-3.1253737117135345, 53.373115082325384], [-3.1247726165562204, 53.37312074924803], [-3.1247820900712386, 53.373480223772575], [-3.124481539886682, 53.37348305613597], [-3.124495746746824, 53.37402226793506], [-3.124195192716995, 53.37402509959724], [-3.1242093962409148, 53.37456431139999], [-3.123908838365702, 53.37456714236086], [-3.1238993718285184, 53.37420766779456], [-3.1232982609847686, 53.37421332737287], [-3.123317184143917, 53.37493227662994], [-3.1227160629779127, 53.3749379333293], [-3.1227302482919876, 53.37547714532234], [-3.12303081269511, 53.375474317295726], [-3.1230355424997422, 53.37565405459685], [-3.1233361081169324, 53.37565122579518], [-3.1233408392373594, 53.37583096307216], [-3.122739705422244, 53.375836619955685], [-3.122744434063637, 53.376016357263744], [-3.1224438658148546, 53.37601918458899], [-3.1224533207202265, 53.376378659224734], [-3.1215516080791033, 53.376387136771115], [-3.121556331813051, 53.37656687413558], [-3.1224580482491584, 53.37655839653397], [-3.122462775828924, 53.3767381338375], [-3.1227633491376547, 53.37673530643861], [-3.1227869941242354, 53.37763399277804], [-3.122185834805457, 53.377639647003285], [-3.1221811082365942, 53.377459909710055], [-3.1218805297660412, 53.37746273566927], [-3.1218994312860477, 53.37818168488137], [-3.1215988477042926, 53.37818451015752], [-3.121594123513192, 53.37800477284469], [-3.1212935411457603, 53.37800759734576], [-3.12128409544615, 53.37764812266612], [-3.120682935619343, 53.377653769324674], [-3.1206970966542937, 53.37819298144582], [-3.120997680388402, 53.37819015843973], [-3.121011845675613, 53.378729370454096], [-3.1207112581460614, 53.37873219351534], [-3.1207159787448364, 53.37891193086038], [-3.120415389899349, 53.3789147531833], [-3.1204201092836947, 53.379094490540965], [-3.1201195191222704, 53.37909731212553], [-3.120133673784145, 53.379636524219265], [-3.1195324857177997, 53.379642165228496], [-3.1195372015094063, 53.379821902618346], [-3.1192366061349155, 53.37982472200623], [-3.1192413207119705, 53.38000445940868], [-3.1183395304885955, 53.38001291308702], [-3.118334819707323, 53.37983317562952], [-3.1180342241301315, 53.37983599199048], [-3.118015386572512, 53.379117042029726], [-3.1177147960055973, 53.379119857560624], [-3.117695964318903, 53.37840090743478], [-3.1170947931546222, 53.378406536079794], [-3.1171042038360697, 53.378766011227505], [-3.116803615647702, 53.37876882445163], [-3.1168224325569454, 53.379487774751496], [-3.116521839257173, 53.379490587292175], [-3.1165312454848135, 53.37985006244433], [-3.1162306496039744, 53.37985287426492], [-3.1162353515283883, 53.38003261185068], [-3.1165359486744952, 53.380029800011805], [-3.116550058546987, 53.380569012679814], [-3.1168506594384016, 53.380566200029236], [-3.116860068803602, 53.38092567507595], [-3.116258861908883, 53.38093129969358], [-3.1162823735534944, 53.38182998739308], [-3.115981763703397, 53.3818327986583], [-3.1159864649186026, 53.38201253619929], [-3.116287076034118, 53.38200972491578], [-3.1162917785653104, 53.38218946243274], [-3.116592390895688, 53.38218665037414], [-3.116601798640685, 53.38254612535422], [-3.1169024134513785, 53.38254331250217], [-3.1169165292447145, 53.38308252487435], [-3.116615910637569, 53.38308533778134], [-3.1166112065880216, 53.382905600311375], [-3.116009971752978, 53.38291122381831], [-3.1159958675006822, 53.38237201126412], [-3.115394640056242, 53.382377631633965], [-3.1154040377786822, 53.38273710674903], [-3.114502188640274, 53.38274553173752], [-3.114497493550216, 53.382565794128], [-3.1141968783352247, 53.38256860092557], [-3.1141921845611167, 53.38238886329205], [-3.113891570561114, 53.38239166931456], [-3.113886878102932, 53.382211931657004], [-3.113586265317919, 53.38221473690444], [-3.113581574175634, 53.38203499922287], [-3.1132809626056104, 53.38203780369524], [-3.11329503238745, 53.38257701677752], [-3.1135956477538294, 53.38257421225033], [-3.1136050303915344, 53.38293368757332], [-3.113905648238433, 53.38293088225281], [-3.1139103408984665, 53.38311061988743], [-3.1142109599604053, 53.38310781379182], [-3.1142203479629154, 53.38346728900731], [-3.1145209695054255, 53.38346448211833], [-3.1145350556844633, 53.3840036948437], [-3.114234430345279, 53.384006501787525], [-3.1142485131819795, 53.384545714516136], [-3.113947883995514, 53.384548520757924], [-3.1139431909317445, 53.38436878316919], [-3.113642562960424, 53.384371588635844], [-3.1136331795154795, 53.38401211340462], [-3.1133325540248915, 53.3840149180779], [-3.1133184830325633, 53.38347570513326], [-3.1115147518103803, 53.383492516950604], [-3.11151943449742, 53.383672254714035], [-3.1121206809708233, 53.38366665376579], [-3.112130051558263, 53.38402612920251], [-3.1118294258156056, 53.38402893009153], [-3.1118481625326835, 53.384747880969144], [-3.112148793337786, 53.38474508000714], [-3.112162850201516, 53.38528429305042], [-3.110960311490977, 53.38529549257595], [-3.1109556308820387, 53.38511575482765], [-3.1103543637560436, 53.38512135001267], [-3.110345007751799, 53.384761874426005], [-3.1100443766446446, 53.38476467084677], [-3.110058406929483, 53.38530388427278], [-3.1103590418336298, 53.385301087797394], [-3.1103637199615255, 53.3854808255764], [-3.110664356081051, 53.3854780283259], [-3.1106690355249618, 53.385657766080975], [-3.1109696728598664, 53.38565496805535], [-3.1109743536198184, 53.38583470578645], [-3.111274992170099, 53.385831906985715], [-3.111289038549224, 53.38637112008994], [-3.1109883962017144, 53.38637391894536], [-3.111002439236684, 53.386913132052676], [-3.110701793041479, 53.38691593020584], [-3.110697113245277, 53.38673619249091], [-3.1100958232354885, 53.38674178649003], [-3.1100911460211877, 53.38656204873294], [-3.1097905022066192, 53.3865648445789], [-3.109781150460455, 53.38620536901109], [-3.109480509127133, 53.38620816406373], [-3.1094571369703177, 53.3853094749529], [-3.109156501915324, 53.38531226915765], [-3.109151828900452, 53.38513253130009], [-3.108550561171071, 53.3851381174025], [-3.1085458907377874, 53.384958379502855], [-3.108245258063417, 53.384961171400555], [-3.108249927231033, 53.38514090931837], [-3.1079492932407815, 53.38514370047737], [-3.10795396119293, 53.385323438407674], [-3.1082545964488633, 53.38532064723051], [-3.108268604403647, 53.385859860932456], [-3.108569243406493, 53.38585706894384], [-3.108583255610479, 53.38639628253968], [-3.108883898360341, 53.3863934897396], [-3.108888570461242, 53.38657322757523], [-3.1094898583417634, 53.38656763966792], [-3.1094992077574912, 53.38692711524921], [-3.109799854153936, 53.38692432012376], [-3.109804530203029, 53.387104057887605], [-3.1092032348282324, 53.38710964741795], [-3.1091985613107713, 53.38692990961772], [-3.1085972682665584, 53.386935496083936], [-3.108592597330965, 53.386755758241584], [-3.1082919519993033, 53.38675855032111], [-3.108273273822342, 53.386039598821654], [-3.1079726335035422, 53.386042390071545], [-3.1079773017067027, 53.38622212797318], [-3.1076766600719483, 53.386224918484324], [-3.1076999955118847, 53.38712360799741], [-3.107399347497976, 53.38712639784251], [-3.107404013470712, 53.38730613574612], [-3.1083059611593367, 53.387297763885535], [-3.1083106309797937, 53.38747750172887], [-3.108611281374752, 53.3874747095766], [-3.1086066102884513, 53.38729497175145], [-3.1089072593673297, 53.38729217886043], [-3.1089119317194753, 53.3874719166674], [-3.1092125820139462, 53.387469123001246], [-3.1092172556821986, 53.38764886078429], [-3.1095179071922625, 53.387646066342974], [-3.109527257211317, 53.38800554185548], [-3.1092266031695, 53.38800833633317], [-3.1092359508578675, 53.38836781185916], [-3.109536607431492, 53.38836501734506], [-3.1095459578527933, 53.38872449281169], [-3.1098466169079964, 53.38872169750422], [-3.109855970062345, 53.389081172911524], [-3.1092546468378246, 53.389086762842325], [-3.10924997276743, 53.38890702510513], [-3.108949312345722, 53.38890981891685], [-3.1089446395915505, 53.38873008115572], [-3.108643980385539, 53.38873287419226], [-3.108639308947563, 53.38855313640722], [-3.1089399668876347, 53.38855034338886], [-3.108925949077417, 53.38801113005392], [-3.10862529493508, 53.388013923017695], [-3.10861595251129, 53.387654447396045], [-3.108014649139432, 53.38766003097999], [-3.108037992916708, 53.38855872017297], [-3.107737334825952, 53.3885615109204], [-3.1077560056877775, 53.389280462244336], [-3.1074553424829707, 53.38928325230746], [-3.107450675958193, 53.389103514466896], [-3.1071500139691812, 53.38910630375486], [-3.1071453487605627, 53.38892656589039], [-3.1068446879873446, 53.388929354403196], [-3.1068353602525334, 53.38856987862076], [-3.1062340436194353, 53.388575453302785], [-3.106243366290439, 53.38893492915783], [-3.1059427053667785, 53.38893771539966], [-3.1059380452721688, 53.388757977456855], [-3.105637385564348, 53.38876076292356], [-3.105632726785806, 53.38858102495689], [-3.1053320682938255, 53.388583809648466], [-3.10534138336911, 53.388943285612356], [-3.1050407222951275, 53.38894606958321], [-3.1050314097517537, 53.38858659358305], [-3.104730751159604, 53.388589376760685], [-3.104726096228969, 53.38840963873389], [-3.104425438852691, 53.388412421136415], [-3.104420785238044, 53.388232683085775], [-3.103518816606732, 53.38824102569712], [-3.103523466423609, 53.3884207638021], [-3.103824123949998, 53.38841798367052], [-3.103838077498543, 53.38895719789674], [-3.10443939999694, 53.388951635253974], [-3.1044440538117937, 53.389131373281685], [-3.1047447162518975, 53.38912859080669], [-3.104754026563758, 53.389488066808724], [-3.1050546914857886, 53.38948528354049], [-3.10505003503882, 53.38930554556045], [-3.105350698644766, 53.389302761553324], [-3.1053553563577347, 53.38948249951522], [-3.105656021179588, 53.38947971473295], [-3.1056606802086693, 53.389659452670976], [-3.1059613462464277, 53.38965666711357], [-3.105984648473769, 53.390555356627054], [-3.1056839761057344, 53.39055814227517], [-3.105679316826097, 53.39037840436579], [-3.105378645674032, 53.39038118923874], [-3.1053739877105775, 53.39020145130551], [-3.1050733177744836, 53.390204235403274], [-3.1050686611271847, 53.390024497446156], [-3.104767992407064, 53.39002728076881], [-3.1047633370758927, 53.389847542787834], [-3.1032599990547376, 53.38986144795511], [-3.1032832445594694, 53.390760138255466], [-3.1029825704748015, 53.39076291710833], [-3.1029779225399503, 53.39058317904163], [-3.1023765767528615, 53.39058873444012], [-3.1023812221555045, 53.39076847254301], [-3.1020805479209015, 53.390771249124775], [-3.1020851921073915, 53.39095098724001], [-3.1014838409561096, 53.390956538168574], [-3.1014884826602835, 53.39113627631425], [-3.1023905131106844, 53.3911279487316], [-3.1023858676081115, 53.390948210640175], [-3.1032878938104274, 53.39093987629834], [-3.103292543111393, 53.39111961433549], [-3.1029918664944782, 53.391122393224585], [-3.103005810898946, 53.39166160735598], [-3.1027051304335647, 53.39166438554229], [-3.1027097774021906, 53.39184412359273], [-3.103010459133757, 53.39184134538832], [-3.1030151074185657, 53.39202108341493], [-3.103616473264092, 53.392015524698685], [-3.103630426015847, 53.39255473863554], [-3.1033297393194137, 53.392557518426514], [-3.1033250896183775, 53.39237778043519], [-3.103024404138171, 53.39238055945097], [-3.1030197557533685, 53.39220082143581], [-3.102418387175431, 53.392206377159944], [-3.1024044499182017, 53.39166716297155], [-3.10210376935287, 53.39166993964373], [-3.1020991249665713, 53.391490201551406], [-3.1011970867694307, 53.391498526971326], [-3.101201727357206, 53.391678265117896], [-3.10090104659214, 53.3916810387618], [-3.100914964856344, 53.3922202532213], [-3.1012156494200194, 53.39221747952321], [-3.1012202902074537, 53.39239721764685], [-3.1015209759874445, 53.3923944431736], [-3.101530260244565, 53.39275391936758], [-3.100928883569666, 53.392759467629276], [-3.100919604377548, 53.39239999136302], [-3.1006189184977395, 53.39240276432211], [-3.1006050038824835, 53.3918635498256], [-3.100003639570523, 53.39186909336419], [-3.099999003997595, 53.39168935515113], [-3.0996983230330115, 53.391692125766774], [-3.0996890545690774, 53.39133264928737], [-3.099087697555077, 53.391338188175304], [-3.0990969609543195, 53.391697664726834], [-3.0993976420185807, 53.391694895625335], [-3.099411541289706, 53.3922341103556], [-3.0991108564268215, 53.392236879511174], [-3.0991201203242573, 53.39259635600547], [-3.099420807719625, 53.392593586813796], [-3.0994254410093363, 53.392773325034305], [-3.100026818183072, 53.39276778434359], [-3.1000314540551694, 53.3929475225223], [-3.1003321438335223, 53.39294475102322], [-3.1003367810217712, 53.393124489178156], [-3.100637472016532, 53.39312171690395], [-3.1006467490752785, 53.393481193160504], [-3.100346055547904, 53.39348396547084], [-3.100350692885789, 53.393663703608574], [-3.1000499980422065, 53.39366647517984], [-3.1000546341636324, 53.39384621332991], [-3.0997539380038415, 53.39384898416209], [-3.0997585729087787, 53.39402872232449], [-3.100059270334926, 53.39402595147427], [-3.100063906556087, 53.39420568961289], [-3.0994625091211985, 53.3942112305923], [-3.0994671428594627, 53.39439096876127], [-3.0991664428008634, 53.394393738133324], [-3.0991618103289835, 53.39421399994631], [-3.098861111486942, 53.39421676854315], [-3.098851849225396, 53.39385729211588], [-3.09855115286627, 53.39386005991955], [-3.0985418933366544, 53.39350058343332], [-3.0982411994604058, 53.39350335044381], [-3.098236571036615, 53.393323612174086], [-3.097635185667418, 53.393329143887684], [-3.09763981155857, 53.39350888219343], [-3.0973391175330094, 53.39351164693257], [-3.09735299170597, 53.39405086186951], [-3.097653689530576, 53.39404809707635], [-3.0976768204791174, 53.39494678843337], [-3.0979775245859704, 53.394944022793005], [-3.0979821521914093, 53.395123761029225], [-3.0985835627886535, 53.395118227441], [-3.09858819297678, 53.395297965635464], [-3.0988888994671546, 53.39529519768756], [-3.0988935309715533, 53.395474935858275], [-3.0991942386785776, 53.39547216713519], [-3.099189605907713, 53.395292428982515], [-3.0994903122984376, 53.395289659520294], [-3.099476410485518, 53.394750445082074], [-3.1000778155187896, 53.39474490399437], [-3.1000824519394317, 53.394924642110084], [-3.1003831556476897, 53.39492187041246], [-3.1003877933846415, 53.39510160850438], [-3.1000870884099467, 53.395104380220076], [-3.1000963615005945, 53.39546385642287], [-3.1006977764659256, 53.39545831216213], [-3.1007024156190153, 53.39563805021883], [-3.10100312429331, 53.395635276934634], [-3.101007764762792, 53.39581501496753], [-3.101308474653661, 53.3958122409081], [-3.1013131164395626, 53.39599197891722], [-3.101613827547003, 53.39598920408252], [-3.101618470649349, 53.39616894206783], [-3.1022198952474116, 53.39616339009072]], [[-3.1018355919768488, 53.392930882171385], [-3.1015349024480208, 53.39293365745597], [-3.101530260244565, 53.39275391936758], [-3.1018309485071214, 53.39275114410108], [-3.1018355919768488, 53.392930882171385]], [[-3.099716860559032, 53.39241107865683], [-3.099416174479747, 53.392413848587566], [-3.099411541289706, 53.3922341103556], [-3.099712226102755, 53.392231340442905], [-3.099716860559032, 53.39241107865683]], [[-3.108728074861229, 53.39196815334305], [-3.1078260285740127, 53.39197652889259], [-3.107821360030122, 53.39179679115614], [-3.107520679100124, 53.39179958147366], [-3.107511344695318, 53.39144010594726], [-3.107812023092985, 53.391437315666074], [-3.107816691536447, 53.39161705341397], [-3.1084180507134436, 53.39161147054408], [-3.108422721739465, 53.391791208249906], [-3.1087234025187818, 53.39178841566117], [-3.108728074861229, 53.39196815334305]], [[-3.106303968540297, 53.39127152165696], [-3.1060032911579243, 53.39127430813471], [-3.105989309069616, 53.390735094512564], [-3.1062899826536188, 53.39073230808926], [-3.106303968540297, 53.39127152165696]], [[-3.1053972780288466, 53.39110014091441], [-3.105096601762265, 53.391102925102864], [-3.105082631219337, 53.390563711300295], [-3.105383303687585, 53.39056092716626], [-3.1053972780288466, 53.39110014091441]], [[-3.1140933940092927, 53.390120383165076], [-3.1134920570033757, 53.390125994510825], [-3.113477980864917, 53.38958678215101], [-3.1143799749038585, 53.3895783641613], [-3.114384670697573, 53.3897581015655], [-3.1140840048024034, 53.38976090833733], [-3.1140933940092927, 53.390120383165076]], [[-3.1089820230321448, 53.390167983084226], [-3.1083806843138637, 53.390173568691345], [-3.1083713432163265, 53.38981409317084], [-3.1080706763139148, 53.38981688480251], [-3.1080660071065185, 53.38963714701546], [-3.1086673383290675, 53.38963156303152], [-3.108672010068507, 53.38981130078215], [-3.1089726768704407, 53.389808507636495], [-3.1089820230321448, 53.390167983084226]], [[-3.1143752791606487, 53.38939862675139], [-3.1140746157974815, 53.38940143348666], [-3.1140699213707568, 53.389221696052736], [-3.114370583467943, 53.38921888933572], [-3.1143752791606487, 53.38939862675139]], [[-3.1140699213707568, 53.389221696052736], [-3.113769259223081, 53.38922450201276], [-3.113764566112813, 53.38904476455482], [-3.114065226994521, 53.38904195861306], [-3.1140699213707568, 53.389221696052736]], [[-3.113764566112813, 53.38904476455482], [-3.112561922081369, 53.38905598075191], [-3.112557234085399, 53.38887624321519], [-3.1119559142990147, 53.38888184673531], [-3.1119465435220874, 53.388522371571696], [-3.1128485155304144, 53.38851396526553], [-3.1128532046914756, 53.38869370279546], [-3.113153863192668, 53.38869089916118], [-3.1131585536701034, 53.388870636667136], [-3.11375987305302, 53.38886502709115], [-3.113764566112813, 53.38904476455482]], [[-3.1119465435220874, 53.388522371571696], [-3.1116458860851774, 53.3885251721598], [-3.111641202038218, 53.38834543455115], [-3.111941858209209, 53.388342633981274], [-3.1119465435220874, 53.388522371571696]], [[-3.116738233683947, 53.38775850998757], [-3.1164375821184738, 53.38776132261396], [-3.116432878019281, 53.387581585274795], [-3.1167335283189015, 53.387578772666714], [-3.116738233683947, 53.38775850998757]], [[-3.111627150199599, 53.38780622169079], [-3.111326497775908, 53.387809021449], [-3.1113218151963165, 53.38762928379918], [-3.1116224663541434, 53.3876264840592], [-3.111627150199599, 53.38780622169079]], [[-3.1113218151963165, 53.38762928379918], [-3.1107205127295945, 53.38763488100824], [-3.1107111527848734, 53.38727540561851], [-3.1113124501882132, 53.38726980848234], [-3.1113218151963165, 53.38762928379918]], [[-3.113717637786134, 53.38724738966006], [-3.113416989512887, 53.38725019466214], [-3.113412298223622, 53.38707045712286], [-3.1137129452310504, 53.38706765213904], [-3.113717637786134, 53.38724738966006]], [[-3.119425228767939, 53.387014213629776], [-3.1191245827217107, 53.38701703299527], [-3.1191198674327234, 53.38683729579818], [-3.119420512213161, 53.38683447645107], [-3.119425228767939, 53.387014213629776]], [[-3.113393533571089, 53.3863515069084], [-3.1130928915763514, 53.38635431106222], [-3.113088201805097, 53.38617457347602], [-3.112486920195829, 53.38618017947641], [-3.1124916074355773, 53.38635991709912], [-3.112190965289569, 53.3863627189822], [-3.1121722216959595, 53.385643768383936], [-3.1127734958117017, 53.38563816400686], [-3.1127688075078868, 53.38545842637949], [-3.1130694432244366, 53.38545562307385], [-3.1130788224138977, 53.38581509828639], [-3.113379460611423, 53.38581229418737], [-3.113393533571089, 53.3863515069084]], [[-3.114873256464164, 53.38543878734546], [-3.1145726210504168, 53.385441595192404], [-3.1145632294059347, 53.385082120139636], [-3.1148638622883364, 53.38507931232923], [-3.114873256464164, 53.38543878734546]], [[-3.118166109723599, 53.38486863914592], [-3.1178654786632376, 53.3848714552636], [-3.117860769045256, 53.3846917179243], [-3.1181613988399874, 53.38468890182495], [-3.118166109723599, 53.38486863914592]], [[-3.1145585336594452, 53.38490238260465], [-3.1142579019921977, 53.384905189639866], [-3.114253207561847, 53.38472545208087], [-3.114553837963454, 53.38472264506393], [-3.1145585336594452, 53.38490238260465]], [[-3.113356006687599, 53.3849136062043], [-3.113055374818492, 53.38491641021203], [-3.1130506854507067, 53.38473667257996], [-3.1133513160541706, 53.38473386859049], [-3.113356006687599, 53.3849136062043]], [[-3.1166582493599924, 53.38470297475302], [-3.116357619312158, 53.38470578706803], [-3.116352916072924, 53.38452604963138], [-3.1157516583567744, 53.38453167195418], [-3.1157469576993355, 53.384351934475156], [-3.1154463300310358, 53.384354744482984], [-3.115422833829941, 53.38345605691037], [-3.116324697699652, 53.3834476248909], [-3.116343509746191, 53.384166574740824], [-3.116644135997201, 53.384163762480746], [-3.116648840400873, 53.38434349991058], [-3.116949467866887, 53.38434068687532], [-3.116954173586756, 53.3845204242811], [-3.1166535448551365, 53.38452323733466], [-3.1166582493599924, 53.38470297475302]], [[-3.113045996133352, 53.38455693494217], [-3.112745366745086, 53.38455973815648], [-3.1127406787437777, 53.38438000049469], [-3.1130413068664256, 53.38437719729861], [-3.113045996133352, 53.38455693494217]], [[-3.1259398071994062, 53.38317752263726], [-3.1256391888507014, 53.38318035826726], [-3.1256344467855413, 53.38300062135473], [-3.1259350638687566, 53.3829977857432], [-3.1259398071994062, 53.38317752263726]], [[-3.1177477534064146, 53.38037802006004], [-3.1174471539321176, 53.38038083496255], [-3.117442446845408, 53.3802010974615], [-3.1171418485857862, 53.38020391158892], [-3.117127731425145, 53.37966469899641], [-3.117428325888969, 53.379661884923955], [-3.1174377398093123, 53.380021359954725], [-3.11773833675304, 53.380018545088895], [-3.1177477534064146, 53.38037802006004]]]}, "properties": {"kind": "max_footprint", "threshold_pct": 7.0}}, {"type": "Feature", "geometry": {"type": "Polygon", "coordinates": [[[-3.0906391854787265, 53.40202274113091], [-3.0906345876554533, 53.40184300266325], [-3.0903338341735376, 53.40184575005442], [-3.0903384307298327, 53.40202548853997], [-3.0906391854787265, 53.40202274113091]]]}, "properties": {"kind": "max_footprint", "threshold_pct": 10.0}}, {"type": "Feature", "geometry": {"type": "Polygon", "coordinates": [[[-3.095113567536584, 53.4005435333626], [-3.095108951106051, 53.4003637951182], [-3.094808208502767, 53.40036655372591], [-3.0948128236664423, 53.40054629198828], [-3.095113567536584, 53.4005435333626]]]}, "properties": {"kind": "max_footprint", "threshold_pct": 10.0}}, {"type": "Feature", "geometry": {"type": "Polygon", "coordinates": [[[-3.094808208502767, 53.40036655372591], [-3.0948035933887414, 53.4001868154578], [-3.0939013690815895, 53.400195086683205], [-3.093905980395079, 53.40037482500518], [-3.094808208502767, 53.40036655372591]]]}, "properties": {"kind": "max_footprint", "threshold_pct": 10.0}}, {"type": "Feature", "geometry": {"type": "Polygon", "coordinates": [[[-3.0939013690815895, 53.400195086683205], [-3.0938967578177072, 53.4000153483555], [-3.0935960175495922, 53.400018103898056], [-3.0935914076021374, 53.39983836554669], [-3.0932906685512496, 53.39984112031401], [-3.093286059920194, 53.39966138193896], [-3.0929853220865375, 53.39966413593106], [-3.092994536864597, 53.40002361271129], [-3.0932952772318845, 53.40002085868333], [-3.093299885962097, 53.40020059704693], [-3.0939013690815895, 53.400195086683205]]]}, "properties": {"kind": "max_footprint", "threshold_pct": 10.0}}, {"type": "Feature", "geometry": {"type": "Polygon", "coordinates": [[[-3.0941882731236467, 53.39965311541896], [-3.094183660741789, 53.39947337709203], [-3.093882924323698, 53.39947613333805], [-3.0938875354387623, 53.399655871682924], [-3.0941882731236467, 53.39965311541896]]]}, "properties": {"kind": "max_footprint", "threshold_pct": 10.0}}, {"type": "Feature", "geometry": {"type": "Polygon", "coordinates": [[[-3.092980714771853, 53.39948439753236], [-3.0929761075067312, 53.39930465912792], [-3.0926753721570877, 53.39930741232687], [-3.092679978155427, 53.399487150749216], [-3.092980714771853, 53.39948439753236]]]}, "properties": {"kind": "max_footprint", "threshold_pct": 10.0}}, {"type": "Feature", "geometry": {"type": "Polygon", "coordinates": [[[-3.095668867721331, 53.39874063149709], [-3.095659630836241, 53.398381154959964], [-3.09505817364773, 53.39838667405189], [-3.0950674054659637, 53.39874615066091], [-3.095668867721331, 53.39874063149709]]]}, "properties": {"kind": "max_footprint", "threshold_pct": 10.0}}, {"type": "Feature", "geometry": {"type": "Polygon", "coordinates": [[[-3.098370815541766, 53.39853601967164], [-3.098366185723733, 53.398356281562236], [-3.0980654576019346, 53.3983590483021], [-3.0980608291003913, 53.39817931016894], [-3.097158648236376, 53.39818760579102], [-3.0971540235846473, 53.398007867598096], [-3.0962518460729207, 53.39801615635094], [-3.0962564669246198, 53.398195894597855], [-3.0968579211821874, 53.39819036948388], [-3.0968625446169757, 53.39837010768909], [-3.0977647294303448, 53.398361814284726], [-3.097769356714978, 53.39854155243019], [-3.098370815541766, 53.39853601967164]]]}, "properties": {"kind": "max_footprint", "threshold_pct": 10.0}}, {"type": "Feature", "geometry": {"type": "Polygon", "coordinates": [[[-3.0917363500092203, 53.39787775936496], [-3.091731748256776, 53.39769802083733], [-3.091431024109464, 53.39770077084591], [-3.091435624595246, 53.397880509391435], [-3.0917363500092203, 53.39787775936496]]]}, "properties": {"kind": "max_footprint", "threshold_pct": 10.0}}, {"type": "Feature", "geometry": {"type": "Polygon", "coordinates": [[[-3.091130299912664, 53.397703520097245], [-3.0911257007430186, 53.39752378152808], [-3.0908249777633947, 53.397526530004285], [-3.09082957566639, 53.397706268591364], [-3.091130299912664, 53.397703520097245]]]}, "properties": {"kind": "max_footprint", "threshold_pct": 10.0}}, {"type": "Feature", "geometry": {"type": "Polygon", "coordinates": [[[-3.1012991912316488, 53.3954527648727], [-3.1012945495955373, 53.395273026846404], [-3.101595255637052, 53.395270252084], [-3.1015859699817283, 53.394910776050374], [-3.1012852664730954, 53.394913550776636], [-3.1012806249867655, 53.39473381273316], [-3.100979922694626, 53.394736586684196], [-3.100998483873744, 53.395455538895995], [-3.1012991912316488, 53.3954527648727]]]}, "properties": {"kind": "max_footprint", "threshold_pct": 10.0}}, {"type": "Feature", "geometry": {"type": "Polygon", "coordinates": [[[-3.0931616456196567, 53.39480844364967], [-3.0931524311829057, 53.39444896657341], [-3.0928517300807554, 53.39445172004535], [-3.0928609419846675, 53.39481119715749], [-3.0931616456196567, 53.39480844364967]]]}, "properties": {"kind": "max_footprint", "threshold_pct": 10.0}}, {"type": "Feature", "geometry": {"type": "Polygon", "coordinates": [[[-3.100979922694626, 53.394736586684196], [-3.1009706424045427, 53.39437711054394], [-3.1006699425952933, 53.39437988370169], [-3.1006653037914997, 53.394200145604906], [-3.100063906556087, 53.39420568961289], [-3.1000778155187896, 53.39474490399437], [-3.100979922694626, 53.394736586684196]]]}, "properties": {"kind": "max_footprint", "threshold_pct": 10.0}}, {"type": "Feature", "geometry": {"type": "Polygon", "coordinates": [[[-3.0988842680125757, 53.39511545951114], [-3.0988796366078155, 53.39493572132902], [-3.0991803405154803, 53.394932952660014], [-3.099171075322572, 53.3945734763146], [-3.0985696725231047, 53.3945790128233], [-3.0985604125950843, 53.3942195363829], [-3.0982597136534262, 53.39422230346546], [-3.098250456457344, 53.39386282696608], [-3.0976490634901492, 53.39386835878777], [-3.0976629417607078, 53.394407573636336], [-3.0979636420683168, 53.394404808050034], [-3.0979775245859704, 53.394944022793005], [-3.098278228643047, 53.394941256395505], [-3.098282857514927, 53.3951209946137], [-3.0988842680125757, 53.39511545951114]]]}, "properties": {"kind": "max_footprint", "threshold_pct": 10.0}}, {"type": "Feature", "geometry": {"type": "Polygon", "coordinates": [[[-3.1006606650376014, 53.39402040750238], [-3.1006560263335987, 53.39384066939416], [-3.100355330273557, 53.39384344174061], [-3.1003599677112046, 53.3940231798669], [-3.1006606650376014, 53.39402040750238]]]}, "properties": {"kind": "max_footprint", "threshold_pct": 10.0}}, {"type": "Feature", "geometry": {"type": "Polygon", "coordinates": [[[-3.0976490634901492, 53.39386835878777], [-3.09764443749948, 53.393688620493464], [-3.097343742207585, 53.39369138525061], [-3.0973483669319055, 53.3938711235629], [-3.0976490634901492, 53.39386835878777]]]}, "properties": {"kind": "max_footprint", "threshold_pct": 10.0}}, {"type": "Feature", "geometry": {"type": "Polygon", "coordinates": [[[-3.1027748402114357, 53.39436045569742], [-3.1027701925429905, 53.39418071772717], [-3.102469494299786, 53.394183495409685], [-3.102464847947696, 53.394003757415604], [-3.1021641509208773, 53.394006534322905], [-3.1021595058851155, 53.393826796305035], [-3.101858810074683, 53.39382957243709], [-3.1018541663552197, 53.39364983439544], [-3.1012527771171983, 53.39365538435205], [-3.1012434948933896, 53.3932959081792], [-3.1015441870047313, 53.3932931336156], [-3.1015349024480208, 53.39293365745597], [-3.10123421286926, 53.39293643198343], [-3.1012295719320737, 53.392756693876976], [-3.1006281951573538, 53.392762240624485], [-3.1006235568026024, 53.392582502476145], [-3.100322869606658, 53.392585274696195], [-3.1003182325680405, 53.3924055365241], [-3.1000175465884667, 53.39240830796901], [-3.100026818183072, 53.39276778434359], [-3.1003275066951517, 53.392765012862576], [-3.1003321438335223, 53.39294475102322], [-3.1006328335619973, 53.392941978767084], [-3.100637472016532, 53.39312171690395], [-3.100938162961401, 53.39311894387263], [-3.1009567223437458, 53.39383789629058], [-3.1012574183039847, 53.39383512242989], [-3.101262059540694, 53.394014860502004], [-3.1018634538440946, 53.394009310473066], [-3.101868097663457, 53.39418904850331], [-3.1021687960066044, 53.39418627233506], [-3.102173441142295, 53.39436601034149], [-3.1027748402114357, 53.39436045569742]]]}, "properties": {"kind": "max_footprint", "threshold_pct": 10.0}}, {"type": "Feature", "geometry": {"type": "Polygon", "coordinates": [[[-3.1036583328700806, 53.393633166354604], [-3.103653681602637, 53.39345342841575], [-3.1039543745804345, 53.39345064777714], [-3.103940417279402, 53.39291143398052], [-3.1030383495925666, 53.392919773462076], [-3.103024404138171, 53.39238055945097], [-3.1018216617175036, 53.39239166794324], [-3.1018123751276594, 53.39203219176251], [-3.1021130582753336, 53.39202941581122], [-3.1021084137891246, 53.39184967773035], [-3.1012063679948967, 53.391858003258726], [-3.1012156494200194, 53.39221747952321], [-3.1015163339337795, 53.392214705068014], [-3.101525618091039, 53.392574181273446], [-3.1018263050873407, 53.39257140602502], [-3.1018309485071214, 53.39275114410108], [-3.102131636719736, 53.39274836807747], [-3.1021362814557314, 53.39292810612973], [-3.1024369708846535, 53.392925329330936], [-3.102441616936891, 53.39310506735937], [-3.102742307582121, 53.39310228978541], [-3.102751602369121, 53.39346176578889], [-3.103052295496965, 53.39345898742162], [-3.1030569442317693, 53.393638725396706], [-3.1036583328700806, 53.393633166354604]]]}, "properties": {"kind": "max_footprint", "threshold_pct": 10.0}}, {"type": "Feature", "geometry": {"type": "Polygon", "coordinates": [[[-3.112942308334668, 53.392108714774906], [-3.1129329281463005, 53.39174923992718], [-3.1132336081703715, 53.39174643598248], [-3.1132289168856953, 53.391566698568276], [-3.112928238127785, 53.3915695024947], [-3.112923548159715, 53.391389765056495], [-3.1126228706175083, 53.39139256820761], [-3.1126275593194315, 53.39157230566406], [-3.1123268804606465, 53.39157510807639], [-3.1123362554834504, 53.39193458300863], [-3.1126369368745728, 53.3919317805598], [-3.1126416257277896, 53.392111517999055], [-3.112942308334668, 53.392108714774906]]]}, "properties": {"kind": "max_footprint", "threshold_pct": 10.0}}, {"type": "Feature", "geometry": {"type": "Polygon", "coordinates": [[[-3.108714057984651, 53.39142894028021], [-3.1087093857929657, 53.39124920258112], [-3.108408708812123, 53.39125199511528], [-3.1084133797376636, 53.39143173283255], [-3.108714057984651, 53.39142894028021]]]}, "properties": {"kind": "max_footprint", "threshold_pct": 10.0}}, {"type": "Feature", "geometry": {"type": "Polygon", "coordinates": [[[-3.103912504028427, 53.391833006232645], [-3.103907851995064, 53.391653268254615], [-3.10360717167971, 53.39165604871214], [-3.1035932196783023, 53.391116834689356], [-3.103292543111393, 53.39111961433549], [-3.103297192462366, 53.39129935236693], [-3.1029965145793073, 53.3913021312741], [-3.103005810898946, 53.39166160735598], [-3.103306491314332, 53.39165882841259], [-3.103311140815328, 53.39183856642682], [-3.103912504028427, 53.391833006232645]]]}, "properties": {"kind": "max_footprint", "threshold_pct": 10.0}}, {"type": "Feature", "geometry": {"type": "Polygon", "coordinates": [[[-3.1111288469430116, 53.39176604769699], [-3.1111194821502988, 53.39140657260738], [-3.111720837688364, 53.391400973118635], [-3.111716152835277, 53.39122123560171], [-3.111415476357568, 53.391224035706365], [-3.1114107928209935, 53.39104429816546], [-3.109907416007732, 53.39105828724193], [-3.1099167704699346, 53.39141776250023], [-3.1102174484655216, 53.39141496616261], [-3.1102221270382375, 53.39159470376492], [-3.110522806249656, 53.39159190665203], [-3.110527486138862, 53.39177164423042], [-3.1111288469430116, 53.39176604769699]]]}, "properties": {"kind": "max_footprint", "threshold_pct": 10.0}}, {"type": "Feature", "geometry": {"type": "Polygon", "coordinates": [[[-3.114116867910151, 53.39101907013405], [-3.1141121730289893, 53.390839332751725], [-3.113811499486992, 53.39084213887621], [-3.1138161931020503, 53.391021876276824], [-3.114116867910151, 53.39101907013405]]]}, "properties": {"kind": "max_footprint", "threshold_pct": 10.0}}, {"type": "Feature", "geometry": {"type": "Polygon", "coordinates": [[[-3.1135014413480087, 53.390485469388715], [-3.113496749150459, 53.39030573195264], [-3.113196079305745, 53.39030853650827], [-3.113191388424712, 53.3901287990482], [-3.1128907197955975, 53.390131602828546], [-3.112900099075998, 53.390491077779465], [-3.1135014413480087, 53.390485469388715]]]}, "properties": {"kind": "max_footprint", "threshold_pct": 10.0}}, {"type": "Feature", "geometry": {"type": "Polygon", "coordinates": [[[-3.1041759605649175, 53.39039232116022], [-3.1041713076657502, 53.39021258315448], [-3.1038706375293987, 53.390215364224154], [-3.1038752891624934, 53.390395102248], [-3.1041759605649175, 53.39039232116022]]]}, "properties": {"kind": "max_footprint", "threshold_pct": 10.0}}, {"type": "Feature", "geometry": {"type": "Polygon", "coordinates": [[[-3.113811499486992, 53.39084213887621], [-3.1138068059224158, 53.390662401469875], [-3.1147088225986392, 53.39065398088013], [-3.1147041252863166, 53.3904742435229], [-3.115004796144624, 53.390471435163875], [-3.1150000976167624, 53.390291697819194], [-3.1153007671584736, 53.39028888872144], [-3.1152960674151005, 53.39010915138934], [-3.1155967356402186, 53.39010634155286], [-3.1155920346813595, 53.38992660423331], [-3.1149907007126414, 53.38993222311264], [-3.1149953991394352, 53.39011196046879], [-3.1146947308132362, 53.39011476879123], [-3.114690033652476, 53.38993503141679], [-3.114389366541791, 53.38993783896393], [-3.114394062436518, 53.39011757635666], [-3.1140933940092927, 53.390120383165076], [-3.1140980886884746, 53.39030012057033], [-3.113797418944707, 53.39030292664], [-3.113802112408321, 53.390482664057814], [-3.1135014413480087, 53.390485469388715], [-3.113510825894511, 53.390844944243675], [-3.113811499486992, 53.39084213887621]]]}, "properties": {"kind": "max_footprint", "threshold_pct": 10.0}}, {"type": "Feature", "geometry": {"type": "Polygon", "coordinates": [[[-3.115587333773062, 53.38974686690803], [-3.1155826329153227, 53.389567129577], [-3.114981304010654, 53.38957274838316], [-3.1149860023363813, 53.38975248575077], [-3.115587333773062, 53.38974686690803]]]}, "properties": {"kind": "max_footprint", "threshold_pct": 10.0}}, {"type": "Feature", "geometry": {"type": "Polygon", "coordinates": [[[-3.104837828383481, 53.392723349795766], [-3.1048285162689573, 53.39236387399998], [-3.1045278310389453, 53.39236665680119], [-3.1045138670413777, 53.391827443010186], [-3.104814548472766, 53.39182466026334], [-3.104819204354751, 53.3920043981813], [-3.1051198870022536, 53.39200161465926], [-3.1051245442005246, 53.39218135255334], [-3.107530013705729, 53.39215905697715], [-3.107534681083835, 53.3923387947203], [-3.10813605049082, 53.392333213219125], [-3.1081267107199837, 53.39197373779981], [-3.1075253463778263, 53.391979319228284], [-3.107520679100124, 53.39179958147366], [-3.107219998119925, 53.391802371034125], [-3.1072153321585962, 53.39162263325562], [-3.10751601187262, 53.39161984371333], [-3.1075066775682147, 53.39126036817547], [-3.107206000386498, 53.391263157681415], [-3.107201334575725, 53.39108341988571], [-3.1069006586099572, 53.391086208616464], [-3.1068913296711904, 53.39072673297155], [-3.1071920031047293, 53.39072394427715], [-3.1071966688151353, 53.39090368208429], [-3.1077980180638654, 53.39089810238801], [-3.1078026863566945, 53.391077840153095], [-3.1081033621718683, 53.39107504915122], [-3.1081080317810406, 53.391254786892404], [-3.108408708812123, 53.39125199511528], [-3.108394696336928, 53.3907127819291], [-3.1086953695194204, 53.3907099894495], [-3.108681353698128, 53.3901707762663], [-3.1083806843138637, 53.390173568691345], [-3.108376013739979, 53.38999383093395], [-3.107774677352861, 53.389999413476616], [-3.1077700093612823, 53.38981967567713], [-3.107469342358444, 53.38982246579478], [-3.1074646756830955, 53.38964272797139], [-3.10716400989609, 53.389645517313845], [-3.107159344536943, 53.389465779466576], [-3.1059566859513317, 53.3894769291937], [-3.1059613462464277, 53.38965666711357], [-3.1062620122340623, 53.38965388079915], [-3.1063132927154653, 53.39163099734012], [-3.1069146523943867, 53.391625422040846], [-3.106919317089539, 53.39180515983751], [-3.106017273697401, 53.39181352170528], [-3.106012612800779, 53.39163378385416], [-3.1057119328359613, 53.39163656961113], [-3.1057072732556334, 53.39145683173612], [-3.105406594506864, 53.391459616717896], [-3.1054019362428047, 53.39127987881902], [-3.105101258710083, 53.3912826630256], [-3.1050919448645353, 53.39092318717442], [-3.104791269813991, 53.39092597058768], [-3.104781958701004, 53.390566494677316], [-3.105082631219337, 53.390563711300295], [-3.1050779744718673, 53.390383973354645], [-3.104777303219618, 53.39038675671354], [-3.104767992407064, 53.39002728076881], [-3.1044673236368725, 53.39003006333441], [-3.1044766319172967, 53.39038953931539], [-3.1041759605649175, 53.39039232116022], [-3.104189919562693, 53.39093153514308], [-3.1038892443619663, 53.39093431628521], [-3.103903200011738, 53.39147353027085], [-3.1042038790108872, 53.39147074907439], [-3.104213185559928, 53.39183022499995], [-3.103912504028427, 53.391833006232645], [-3.103926460428739, 53.39237222013236], [-3.104227145758869, 53.39236943884532], [-3.104236452808423, 53.39272891471359], [-3.104837828383481, 53.392723349795766]], [[-3.104495249078848, 53.39110849120862], [-3.1041945726620437, 53.39111127312591], [-3.104189919562693, 53.39093153514308], [-3.1044905947133703, 53.39092875324389], [-3.104495249078848, 53.39110849120862]]]}, "properties": {"kind": "max_footprint", "threshold_pct": 10.0}}, {"type": "Feature", "geometry": {"type": "Polygon", "coordinates": [[[-3.113402915796453, 53.38671098202712], [-3.113398224658545, 53.38653124447061], [-3.113097581398042, 53.3865340486427], [-3.1131022712701695, 53.38671378621745], [-3.113402915796453, 53.38671098202712]]]}, "properties": {"kind": "max_footprint", "threshold_pct": 10.0}}, {"type": "Feature", "geometry": {"type": "Polygon", "coordinates": [[[-3.122112129417339, 53.38626985719125], [-3.1221074016738566, 53.38609012015505], [-3.121806762413434, 53.38609294624083], [-3.121811488891185, 53.38627268329547], [-3.122112129417339, 53.38626985719125]]]}, "properties": {"kind": "max_footprint", "threshold_pct": 10.0}}, {"type": "Feature", "geometry": {"type": "Polygon", "coordinates": [[[-3.1101846998654574, 53.39015680278576], [-3.1101800216952897, 53.38997706513756], [-3.109879353828447, 53.3899798613295], [-3.1098746769746253, 53.38980012365736], [-3.1095740103235134, 53.389802919074086], [-3.109564659298798, 53.38944344367621], [-3.110165987486676, 53.38943785215861], [-3.110170665505899, 53.38961758982399], [-3.110471330790378, 53.389614792911466], [-3.110476010125933, 53.3897945305529], [-3.1110773430759298, 53.38978893442041], [-3.111082024993872, 53.38996867201966], [-3.111382692659372, 53.389965872799664], [-3.1113780094754007, 53.389786135218635], [-3.1116786758245025, 53.38978333525987], [-3.111683360274503, 53.38996307282265], [-3.1131866975941325, 53.3899490615824], [-3.113177316084324, 53.389589586633576], [-3.112876651253281, 53.389592390359105], [-3.112871961840051, 53.38941265285787], [-3.113773952383825, 53.38940423946497], [-3.113769259223081, 53.38922450201276], [-3.1134685970249296, 53.389227307215776], [-3.1134639051806303, 53.38904756973957], [-3.112561922081369, 53.38905598075191], [-3.112557234085399, 53.38887624321519], [-3.1119559142990147, 53.38888184673531], [-3.111951228885355, 53.38870210915638], [-3.1116505701825137, 53.38870490976272], [-3.1116458860851774, 53.3885251721598], [-3.1113452285978895, 53.38852797199093], [-3.111335863086174, 53.38816849673142], [-3.1110352080803483, 53.38817129576912], [-3.1110258453018544, 53.38781182045024], [-3.110725192777453, 53.38781461869452], [-3.1107158327320668, 53.387455143316245], [-3.1104151826890534, 53.387457940767135], [-3.1103964682655407, 53.38673898986893], [-3.1100958232354885, 53.38674178649003], [-3.1100911460211877, 53.38656204873294], [-3.1097905022066192, 53.3865648445789], [-3.1097858263083933, 53.38638510679785], [-3.1094851837093107, 53.3863879018687], [-3.109475834595227, 53.38602842625303], [-3.1091751944773796, 53.38603122053055], [-3.1091658480958375, 53.38567174485557], [-3.109466485682232, 53.38566895061444], [-3.1094618113011396, 53.38548921278653], [-3.1091611749804526, 53.38549200700946], [-3.109156501915324, 53.38531226915765], [-3.108855866810075, 53.385315062605486], [-3.108851195060882, 53.38513532472973], [-3.108550561171071, 53.3851381174025], [-3.1085739140909228, 53.386036806814865], [-3.108874554309274, 53.38603401405116], [-3.108883898360341, 53.3863934897396], [-3.1091845410599563, 53.38639069618261], [-3.1091892144266327, 53.386570434000035], [-3.1094898583417634, 53.38656763966792], [-3.1094945330244905, 53.38674737746143], [-3.1097951781551343, 53.38674458235419], [-3.109799854153936, 53.38692432012376], [-3.110100500500091, 53.38692152424137], [-3.1101051778149977, 53.38710126198703], [-3.109804530203029, 53.387104057887605], [-3.109813882452083, 53.38746353339807], [-3.1095132322581533, 53.38746632857812], [-3.109541282617002, 53.38854475508124], [-3.1098419404062683, 53.38854195979196], [-3.109855970062345, 53.389081172911524], [-3.1095553084752265, 53.38908396825542], [-3.1095599838618706, 53.38926370596868], [-3.1092593209584884, 53.389266500573775], [-3.1092546468378246, 53.389086762842325], [-3.1089539851501504, 53.38908955667224], [-3.108949312345722, 53.38890981891685], [-3.108648651873758, 53.38891261197158], [-3.108634637559828, 53.38837339861645], [-3.1089352942339756, 53.38837060561629], [-3.1089306216305688, 53.38819086783797], [-3.1086299662223347, 53.38819366081994], [-3.1086206236980667, 53.38783418520975], [-3.108319970771377, 53.38783697739837], [-3.1083386509572497, 53.38855592866859], [-3.108037992916708, 53.38855872017297], [-3.1080566688423814, 53.38927767142423], [-3.1083573319467686, 53.38927487984712], [-3.1083666727429082, 53.38963435540199], [-3.1086673383290675, 53.38963156303152], [-3.108672010068507, 53.38981130078215], [-3.1089726768704407, 53.389808507636495], [-3.108977349926162, 53.38998824536322], [-3.109578685911301, 53.38998265676444], [-3.109583361549379, 53.390162394449035], [-3.1101846998654574, 53.39015680278576]], [[-3.1116693070756503, 53.38942386011708], [-3.111368643258563, 53.38942666003937], [-3.1113639602256957, 53.389246922441146], [-3.1116646227767952, 53.38924412253708], [-3.1116693070756503, 53.38942386011708]], [[-3.1110632976242294, 53.389249721588236], [-3.1107626349724096, 53.389252519978314], [-3.110757954521858, 53.38907278233789], [-3.111058615907703, 53.389069983966024], [-3.1110632976242294, 53.389249721588236]], [[-3.1101332427608366, 53.388179688340436], [-3.109832587553697, 53.38818248435027], [-3.109827911202854, 53.38800274662081], [-3.110128565144096, 53.38799995062919], [-3.1101332427608366, 53.388179688340436]]]}, "properties": {"kind": "max_footprint", "threshold_pct": 10.0}}, {"type": "Feature", "geometry": {"type": "Polygon", "coordinates": [[[-3.1127641192544906, 53.38527868874634], [-3.1127594310515128, 53.38509895110747], [-3.1124587978158993, 53.385101753619715], [-3.1124634847532056, 53.385281491276835], [-3.1127641192544906, 53.38527868874634]]]}, "properties": {"kind": "max_footprint", "threshold_pct": 10.0}}, {"type": "Feature", "geometry": {"type": "Polygon", "coordinates": [[[-3.1124587978158993, 53.385101753619715], [-3.1124541109289985, 53.38492201595687], [-3.11215347890864, 53.384924817693964], [-3.112158164529882, 53.38510455537506], [-3.1124587978158993, 53.385101753619715]]]}, "properties": {"kind": "max_footprint", "threshold_pct": 10.0}}, {"type": "Feature", "geometry": {"type": "Polygon", "coordinates": [[[-3.113055374818492, 53.38491641021203], [-3.1130506854507067, 53.38473667257996], [-3.1127500547968117, 53.38473947581256], [-3.1127547428989533, 53.384919213462894], [-3.113055374818492, 53.38491641021203]]]}, "properties": {"kind": "max_footprint", "threshold_pct": 10.0}}, {"type": "Feature", "geometry": {"type": "Polygon", "coordinates": [[[-3.1259350638687566, 53.3829977857432], [-3.1259303205891142, 53.382818048843376], [-3.1256297047713755, 53.38282088443645], [-3.1256344467855413, 53.38300062135473], [-3.1259350638687566, 53.3829977857432]]]}, "properties": {"kind": "max_footprint", "threshold_pct": 10.0}}, {"type": "Feature", "geometry": {"type": "Polygon", "coordinates": [[[-3.1138962630697575, 53.38257140696637], [-3.113891570561114, 53.38239166931456], [-3.1135909565106497, 53.38239447458026], [-3.1135956477538294, 53.38257421225033], [-3.1138962630697575, 53.38257140696637]]]}, "properties": {"kind": "max_footprint", "threshold_pct": 10.0}}, {"type": "Feature", "geometry": {"type": "Polygon", "coordinates": [[[-3.1158691912240295, 53.38902510706588], [-3.115864489302573, 53.38884536973025], [-3.1161651485646265, 53.388842558507896], [-3.1161463363208255, 53.38812360918118], [-3.1155450278734738, 53.38812923072243], [-3.1155403274707383, 53.3879494933398], [-3.114939021352939, 53.38795511181661], [-3.1149296257625743, 53.38759563696097], [-3.1152302763150175, 53.387592828137635], [-3.1152349753507935, 53.387772565550016], [-3.1161369305024085, 53.38776413448341], [-3.116141633386327, 53.387943871835155], [-3.116442286268259, 53.387941059947416], [-3.116432878019281, 53.387581585274795], [-3.11763547891408, 53.38757033030082], [-3.117640188076678, 53.38775006756669], [-3.1185421420135873, 53.38774161833328], [-3.118537429053443, 53.38756188112244], [-3.1188380789985426, 53.387559063215754], [-3.1188333648232525, 53.387379326017516], [-3.119134013451817, 53.387376507372224], [-3.119129298061407, 53.387196770186634], [-3.1188286506986604, 53.387199588813544], [-3.1188239366247688, 53.38701985160383], [-3.1182226442788057, 53.38702548655016], [-3.1182179327871995, 53.38684574929802], [-3.1188192226015756, 53.3868401143884], [-3.1188145086290793, 53.38666037716722], [-3.1194157957091093, 53.3866547392666], [-3.119420512213161, 53.38683447645107], [-3.1200218016218484, 53.386828835486035], [-3.120026520708208, 53.38700857262803], [-3.1206278124454645, 53.38700292859857], [-3.1206230908275288, 53.386823191493335], [-3.120322446250071, 53.386826013868145], [-3.120313005698075, 53.38646653960371], [-3.1200123636013903, 53.38646936118486], [-3.1200076446672855, 53.38628962402565], [-3.120608926278396, 53.38628398014322], [-3.1205994834995265, 53.38592450588111], [-3.119998206951327, 53.38593014969005], [-3.1199887694383603, 53.385570675331486], [-3.12059004092376, 53.38556503159608], [-3.120594762186256, 53.385744768741475], [-3.120895399118494, 53.385741945720056], [-3.1209001216974706, 53.385921682841314], [-3.121200759844625, 53.38591885904461], [-3.12120548374011, 53.38609859614174], [-3.121806762413434, 53.38609294624083], [-3.121802035986513, 53.385913209180494], [-3.121501397940978, 53.385916034491004], [-3.1214919477710192, 53.38555656031629], [-3.121191312206063, 53.38555938483311], [-3.121186588462984, 53.38537964771876], [-3.1217878570107276, 53.38537399796503], [-3.121783130787122, 53.385194260881725], [-3.1229856622099263, 53.38518295236536], [-3.1229903934961754, 53.385362689375015], [-3.123291027490366, 53.385359860335306], [-3.123262632942319, 53.38428143830187], [-3.123563259291867, 53.38427860861585], [-3.12355852577974, 53.384098871608614], [-3.1241597757949546, 53.38409321000292], [-3.1241503038611893, 53.38373373604497], [-3.1244509262612974, 53.38373090414373], [-3.1244461891052757, 53.3835511671746], [-3.1247468101889075, 53.383548334534964], [-3.1247515486104622, 53.383728071485656], [-3.125653415352161, 53.383719568970456], [-3.1256486731340116, 53.38353983207514], [-3.1259492940137363, 53.383536996408196], [-3.1259445505810657, 53.383357259525596], [-3.1256439309668584, 53.38336009517406], [-3.1256391888507014, 53.38318035826726], [-3.1253385704510013, 53.38318319314047], [-3.1253338296513307, 53.38300345620946], [-3.1250332124661377, 53.38300629030736], [-3.1250284729829265, 53.38282655335216], [-3.1256297047713755, 53.38282088443645], [-3.125624962808203, 53.382641147512416], [-3.1262261918617513, 53.38263547560642], [-3.126211958685585, 53.382096264910714], [-3.1259113479806198, 53.382099101186725], [-3.125901861982404, 53.38173962732395], [-3.1265030782797187, 53.381733954089064], [-3.126507823784111, 53.38191369098638], [-3.127109042408089, 53.38190801468739], [-3.1271042943729137, 53.381728277827065], [-3.1274049023429304, 53.381725438560906], [-3.1274001530934363, 53.3815457017133], [-3.128001366349491, 53.38154002094764], [-3.1279966146203417, 53.381360284131276], [-3.128297219906367, 53.3813574426318], [-3.1282782084394283, 53.380638495383025], [-3.1279776082147106, 53.380641336808495], [-3.12796335394698, 53.380102126256126], [-3.128564546753631, 53.38009644275947], [-3.1285693006556468, 53.38027617957899], [-3.1288698982475647, 53.38027333667705], [-3.1288651430802847, 53.380093599876055], [-3.1291657393558068, 53.38009075623588], [-3.12915147036505, 53.379551545853964], [-3.1294520627937175, 53.379548701512654], [-3.129447305300545, 53.379368964725714], [-3.1291467141370863, 53.37937180904851], [-3.129137201834591, 53.37901233542038], [-3.1300389675803566, 53.379003800293006], [-3.1300342077103207, 53.3788240635259], [-3.13033479492473, 53.37882121698858], [-3.130330033840724, 53.37864148023427], [-3.130630619738785, 53.3786386329588], [-3.1306163329985606, 53.37809942271704], [-3.1309169150500438, 53.378096574740525], [-3.1309073882824134, 53.3777371012544], [-3.1306068087611076, 53.37773994919382], [-3.1305972847284766, 53.37738047564764], [-3.130897861719656, 53.37737762774529], [-3.1308883353617665, 53.377018154213225], [-3.1314894841303285, 53.37701245621279], [-3.1315037813342324, 53.37755166639095], [-3.1312032031804446, 53.37755451582515], [-3.1312079677525, 53.377734252558284], [-3.1318091265389647, 53.37772855289607], [-3.131766224464494, 53.37611092242523], [-3.131465656481996, 53.37611377246761], [-3.131451360507869, 53.37557456215161], [-3.131751924695575, 53.37557171216489], [-3.1316947302322165, 53.37341487060664], [-3.1319952791907313, 53.373412020086036], [-3.131971444018599, 53.37251333595214], [-3.131670901383646, 53.37251618637992], [-3.1316518392270716, 53.371797238895155], [-3.13135130159949, 53.3718000884922], [-3.131346537453053, 53.37162035158809], [-3.130745464573478, 53.371626048475555], [-3.1307407030074734, 53.371446311528615], [-3.1301396324523396, 53.37145200535301], [-3.130134873466715, 53.371272268363235], [-3.129533805236111, 53.3712779591246], [-3.129529048830814, 53.37109822209205], [-3.1274253172656845, 53.37111811579786], [-3.1274300648188875, 53.37129785295994], [-3.1271295302692934, 53.371300691910456], [-3.127134276608937, 53.3714804290853], [-3.1265332048274685, 53.37148610475381], [-3.1265284610170303, 53.37130636754201], [-3.1259273915607624, 53.3713120401476], [-3.1259321328419927, 53.37149177739632], [-3.125331060652617, 53.371497447012864], [-3.125378450975067, 53.37329481955363], [-3.1256789997420413, 53.37329198493905], [-3.125683740319283, 53.37347172214309], [-3.125383190287553, 53.37347455677614], [-3.1253879296509948, 53.373654293992885], [-3.1250873783035398, 53.373657127887846], [-3.1250921164531555, 53.373836865117326], [-3.1253926690653935, 53.37383403120391], [-3.12539740853075, 53.3740137684092], [-3.125096854653716, 53.37401660234106], [-3.1251015929052204, 53.37419633955907], [-3.1245004824687044, 53.37420200518995], [-3.1245099540652226, 53.37456147968253], [-3.1242093962409148, 53.37456431139999], [-3.12421886551139, 53.37492378590646], [-3.1239183051064554, 53.374926616904226], [-3.123923038553172, 53.37510635416728], [-3.1230213532384092, 53.375114842676254], [-3.12303081269511, 53.375474317295726], [-3.1233313770473767, 53.37547148851249], [-3.1233361081169324, 53.37565122579518], [-3.1236366736832553, 53.375648396236926], [-3.123650870991999, 53.37618760799533], [-3.1239514403022866, 53.37618477762515], [-3.123970375819666, 53.376903726482276], [-3.1233692270282205, 53.37690938661342], [-3.123383421610449, 53.37744859830658], [-3.1230828433432674, 53.37745142729243], [-3.1230970345881275, 53.3779906389892], [-3.1224958703106553, 53.377996294801434], [-3.122510054422529, 53.378535506557036], [-3.121908882350918, 53.378541159452986], [-3.1219183336190444, 53.37890063400167], [-3.122218922210593, 53.37889780789524], [-3.1222283762123633, 53.37925728238415], [-3.1225289672834675, 53.379254455484194], [-3.122538424018994, 53.37961392991333], [-3.1228390175696896, 53.379611102219826], [-3.1228437472789596, 53.379790839407384], [-3.122543152463024, 53.379793667119294], [-3.1225478809579004, 53.37997340431951], [-3.1222472848258667, 53.3799762312931], [-3.122252012106324, 53.38015596850601], [-3.121650817159237, 53.38016162021978], [-3.1216460924093163, 53.3799818829701], [-3.121044899789541, 53.37998753162014], [-3.1210401776209356, 53.379807794327924], [-3.1198377968331856, 53.37981908247371], [-3.11984251394076, 53.37999881983943], [-3.1195419173517194, 53.380001640002426], [-3.119546633244746, 53.38018137738078], [-3.118945437384001, 53.38018701547325], [-3.1189501507971635, 53.38036675288261], [-3.119250750018172, 53.38036393419639], [-3.119255464747319, 53.38054367158163], [-3.119556065182932, 53.38054085212029], [-3.1195607812280928, 53.38072058948143], [-3.119861382878308, 53.38071776924498], [-3.119866100239509, 53.38089750658203], [-3.1192648943577135, 53.380903146334894], [-3.119260179527167, 53.380723408961124], [-3.1186589759732293, 53.38072904565025], [-3.118654263724014, 53.38054930823404], [-3.118353663136345, 53.38055212542513], [-3.1183583741202434, 53.380731862859676], [-3.11775717026231, 53.38073749500827], [-3.117761878766206, 53.38091723247376], [-3.1183630851548023, 53.380911600288506], [-3.1183725073758977, 53.381271075128936], [-3.118071901676221, 53.38127389163664], [-3.1180766115973877, 53.381453629066584], [-3.11777600458169, 53.38145644483585], [-3.1177995486202015, 53.382355131991275], [-3.117498935226798, 53.38235794709542], [-3.1174942275832636, 53.38217820965747], [-3.117193615404677, 53.38218102398648], [-3.1171700842733547, 53.38128233661907], [-3.116869478371168, 53.3812851500997], [-3.1168835931019707, 53.38182436259231], [-3.1165829833530236, 53.38182717537109], [-3.1165970947428954, 53.38236638786705], [-3.116897708288131, 53.382363575033295], [-3.116907118665225, 53.38272304996528], [-3.1172077346907905, 53.3827202363381], [-3.1172171478012625, 53.38307971121051], [-3.1160146732715277, 53.38309096132492], [-3.116009971752978, 53.38291122381831], [-3.1154087367156986, 53.38291684429797], [-3.1154040377786822, 53.38273710674903], [-3.1142015721598084, 53.38274833855339], [-3.1141968783352247, 53.38256860092557], [-3.1138962630697575, 53.38257140696637], [-3.113905648238433, 53.38293088225281], [-3.114206266034869, 53.38292807617548], [-3.1142109599604053, 53.38310781379182], [-3.1145115789718667, 53.383105006939395], [-3.1145209695054255, 53.38346448211833], [-3.114821590997442, 53.3834616744725], [-3.1148638622883364, 53.38507931232923], [-3.1151644951202244, 53.38507650376199], [-3.1151785902567735, 53.38561571622281], [-3.11547922683517, 53.38561290684379], [-3.115483926580782, 53.38579264430098], [-3.11578456437434, 53.38578983414674], [-3.115789265436216, 53.385969571579885], [-3.1160899044449337, 53.385966760650476], [-3.116099309251833, 53.386326235462924], [-3.115798667711639, 53.386329046428955], [-3.1157939665486474, 53.3861493090073], [-3.115493326223639, 53.386152119198115], [-3.1154886263769384, 53.38597238175241], [-3.114887348106766, 53.38597799982674], [-3.114877953627848, 53.38561852484494], [-3.114577316948408, 53.38562133271019], [-3.1145726210504168, 53.385441595192404], [-3.1142719855861682, 53.38544440228249], [-3.114253207561847, 53.38472545208087], [-3.113952577109754, 53.38472825834094], [-3.1139431909317445, 53.38436878316919], [-3.113642562960424, 53.384371588635844], [-3.1136331795154795, 53.38401211340462], [-3.1133325540248915, 53.3840149180779], [-3.113327863643675, 53.38383518043541], [-3.1130272393682206, 53.38383798433358], [-3.1130225503030067, 53.38365824666711], [-3.1124213041319546, 53.3836638521564], [-3.1124259906660443, 53.38384358985938], [-3.112726615042339, 53.3838407874749], [-3.112735990792884, 53.38420026282717], [-3.1130366176499296, 53.384197459649336], [-3.1130413068664256, 53.38437719729861], [-3.113341934938646, 53.38437439334567], [-3.1133700788905534, 53.38545281901134], [-3.113670714506224, 53.38545001419194], [-3.113680098758499, 53.385809489331436], [-3.1139807368551127, 53.3858066837186], [-3.1139901238406953, 53.386166158798616], [-3.1142907644182913, 53.38616335239231], [-3.114300154137294, 53.38652282741286], [-3.113999511028185, 53.38652563385569], [-3.1140182860089114, 53.387244583901044], [-3.1143189341812083, 53.38724177738511], [-3.114323629318423, 53.38742151486383], [-3.1140229798802936, 53.38742432139804], [-3.1140276738021595, 53.38760405888934], [-3.1134263722427797, 53.387609669723496], [-3.113421680852606, 53.38742993219568], [-3.113121031263072, 53.38743273645906], [-3.1131116511657413, 53.387073261349734], [-3.1128110040574213, 53.38707606481966], [-3.112806315350223, 53.38689632723812], [-3.1125056694572835, 53.38689912993287], [-3.112500982066304, 53.38671939232735], [-3.112200337388748, 53.386722194246936], [-3.112186279315574, 53.386182981341236], [-3.1118856383849263, 53.38618578244916], [-3.11187626911959, 53.38582630711356], [-3.111575630670028, 53.38582910742808], [-3.11158968084638, 53.386368320477615], [-3.111289038549224, 53.38637112008994], [-3.1113124501882132, 53.38726980848234], [-3.1116130988143516, 53.38726700877884], [-3.1116224663541434, 53.3876264840592], [-3.111923117461597, 53.3876236835623], [-3.111927802572917, 53.38780342117564], [-3.1122284548958454, 53.38780061990352], [-3.1122378278014184, 53.38816009507653], [-3.112538482605712, 53.38815729301099], [-3.112547858244719, 53.388516768124546], [-3.1128485155304144, 53.38851396526553], [-3.1128532046914756, 53.38869370279546], [-3.1134545216434137, 53.388688094769954], [-3.113459213386791, 53.388867832257624], [-3.11375987305302, 53.38886502709115], [-3.1137504870848547, 53.38850555214659], [-3.1134498299504956, 53.388508357276535], [-3.113445138308037, 53.38832861977739], [-3.113144482389134, 53.38833142413211], [-3.11313510178738, 53.38797194908009], [-3.1137364085111514, 53.38796633968677], [-3.1137411013185816, 53.388146077179115], [-3.1143424103722426, 53.3881404647214], [-3.114347105761942, 53.38832020217146], [-3.114647761478929, 53.38831739478888], [-3.11465245818504, 53.38849713221491], [-3.115253771999283, 53.38849151514225], [-3.1152631706267724, 53.388850989903965], [-3.1155638299899504, 53.388848180195595], [-3.1155685306454575, 53.38902791754954], [-3.1158691912240295, 53.38902510706588]], [[-3.116432878019281, 53.387581585274795], [-3.116132227669069, 53.38758439712591], [-3.116127524886307, 53.38740465976268], [-3.116428173970679, 53.38740184792987], [-3.116432878019281, 53.387581585274795]], [[-3.116127524886307, 53.38740465976268], [-3.115526226565842, 53.3874102811575], [-3.1155168262153308, 53.38705080634064], [-3.1161181194725143, 53.38704518501905], [-3.116127524886307, 53.38740465976268]], [[-3.117588390073513, 53.3857729573266], [-3.1172877525835014, 53.38577577202221], [-3.11728304524367, 53.3855960346749], [-3.117583681467982, 53.385593219997624], [-3.117588390073513, 53.3857729573266]], [[-3.118786225858709, 53.38558195371968], [-3.118184953764675, 53.38558758837244], [-3.1181755316428097, 53.38522811377064], [-3.117874898051146, 53.38523092992501], [-3.1178560594779237, 53.384511980579234], [-3.1175554308981637, 53.38451479590338], [-3.1175413062968196, 53.383975583778835], [-3.117841931079806, 53.38397276850968], [-3.1178513499612377, 53.38433224322846], [-3.118151977224747, 53.384329427165795], [-3.1181613988399874, 53.38468890182495], [-3.1184620285840556, 53.38468608496874], [-3.118466740733298, 53.38486582227136], [-3.118767371692322, 53.384863004639925], [-3.118776798674134, 53.38522247919127], [-3.119077432113767, 53.38521966076628], [-3.1190821469463783, 53.385399398015], [-3.118781512241075, 53.38540221645835], [-3.118786225858709, 53.38558195371968]], [[-3.1172783379544633, 53.38541629732188], [-3.1169777029452153, 53.38541911122392], [-3.116972996972307, 53.385239373846844], [-3.11727363071588, 53.38523655996309], [-3.1172783379544633, 53.38541629732188]], [[-3.116972996972307, 53.385239373846844], [-3.1166723631781243, 53.38524218697368], [-3.116667658521485, 53.38506244957251], [-3.116367025942368, 53.38506526192417], [-3.1163623226019737, 53.38488552449897], [-3.1160616912379244, 53.384888336075434], [-3.116056989213745, 53.38470859862617], [-3.115756359064765, 53.384711409427474], [-3.1157469576993355, 53.384351934475156], [-3.1154463300310358, 53.384354744482984], [-3.1154369313989907, 53.383995269471136], [-3.115136306211333, 53.38399807868551], [-3.1151222124389513, 53.38345886606985], [-3.1169259400266074, 53.38344199976044], [-3.1169306454934564, 53.383621737194886], [-3.1172312678465763, 53.383618923476085], [-3.117250095282294, 53.38433787308321], [-3.116949467866887, 53.38434068687532], [-3.1169588793572323, 53.38470016168113], [-3.1166582493599924, 53.38470297475302], [-3.116662953915441, 53.38488271216562], [-3.1169635851783153, 53.38487989907543], [-3.116972996972307, 53.385239373846844]], [[-3.122980930974556, 53.38500321534997], [-3.1214777728971908, 53.38501734901121], [-3.121463598480677, 53.384478137654476], [-3.121764226400964, 53.384475312491155], [-3.1217595004314855, 53.38429557537917], [-3.1223607535883837, 53.3842899228188], [-3.122365482089049, 53.384469659893966], [-3.1226661098568234, 53.384466832460106], [-3.122675569541935, 53.38482630655641], [-3.122976199790069, 53.38482347832883], [-3.122980930974556, 53.38500321534997]], [[-3.1220506727177186, 53.38393327527304], [-3.1214494245214564, 53.3839389262461], [-3.121421077974818, 53.38286050327443], [-3.1211204613935934, 53.38286332751534], [-3.1211110154820862, 53.38250385310879], [-3.121712243531866, 53.3824982039437], [-3.1217216945052386, 53.3828576782767], [-3.1220223109848426, 53.382854852522165], [-3.1220270378132398, 53.38303458966165], [-3.1223276555074975, 53.383031763131896], [-3.122332383652224, 53.38321150024724], [-3.122633002561134, 53.38320867294226], [-3.1226424615341637, 53.383568147118915], [-3.1223418400942187, 53.38357097446072], [-3.122346568391487, 53.38375071155883], [-3.122045945635154, 53.383753538162225], [-3.1220506727177186, 53.38393327527304]], [[-3.123549058908196, 53.38373939757694], [-3.1232484363553383, 53.38374222720767], [-3.1232389722184646, 53.38338275311617], [-3.1235395922402636, 53.38337992352229], [-3.123549058908196, 53.38373939757694]], [[-3.1205381103872254, 53.38358792261811], [-3.1199368667452876, 53.38359356594925], [-3.119932148623093, 53.383413828698274], [-3.1196315279915408, 53.383416649210226], [-3.1196268111856003, 53.38323691193512], [-3.119326191768843, 53.383239731671885], [-3.119321476279132, 53.38305999437269], [-3.120223330580707, 53.38305153294705], [-3.120228049866931, 53.383231270191104], [-3.120528669131477, 53.3832284481839], [-3.1205381103872254, 53.38358792261811]], [[-3.119321476279132, 53.38305999437269], [-3.1190208580771692, 53.383062813334284], [-3.1190161439036572, 53.38288307601097], [-3.119316760840129, 53.382880257067754], [-3.119321476279132, 53.38305999437269]], [[-3.1250284729829265, 53.38282655335216], [-3.1247278570122456, 53.382829386674814], [-3.124723118845465, 53.38264964969542], [-3.1250237335506816, 53.38264681639124], [-3.1250284729829265, 53.38282655335216]], [[-3.120213892160509, 53.38269205844165], [-3.119612661072119, 53.38269770007542], [-3.119607944469069, 53.382517962777385], [-3.1193073301142507, 53.38252078244069], [-3.1192978995911993, 53.38216130779065], [-3.118997287716562, 53.38216412666047], [-3.118992573796519, 53.38198438930848], [-3.1186919631366146, 53.381987207403135], [-3.118677825476826, 53.38144799525775], [-3.1183772185624377, 53.38145081254054], [-3.1183725073758977, 53.381271075128936], [-3.118973718623257, 53.38126543984324], [-3.1189690049566643, 53.38108570246259], [-3.119269609238962, 53.381082883702945], [-3.119274324170911, 53.38126262106524], [-3.119875535114098, 53.381256981238906], [-3.1198802526274863, 53.38143671855874], [-3.1204814658984903, 53.38143107566857], [-3.1205050668804746, 53.38232976199797], [-3.120204453943306, 53.38233258391332], [-3.120213892160509, 53.38269205844165]], [[-3.1256107372246476, 53.38210193670593], [-3.1253101264176832, 53.38210477146835], [-3.1253053859238915, 53.381925034502906], [-3.125605995465445, 53.381922199758954], [-3.1256107372246476, 53.38210193670593]], [[-3.125901861982404, 53.38173962732395], [-3.125601253757233, 53.38174246280624], [-3.1255965121000115, 53.381562725847765], [-3.125897119059801, 53.381559890383954], [-3.125901861982404, 53.38173962732395]], [[-3.1255917704937803, 53.38138298888358], [-3.125291164748369, 53.38138582357215], [-3.1252864244584786, 53.38120608658376], [-3.125587028938537, 53.38120325191364], [-3.1255917704937803, 53.38138298888358]]]}, "properties": {"kind": "max_footprint", "threshold_pct": 10.0}}]}