{"type": "FeatureCollection", "features": [{"type": "Feature", "geometry": {"type": "Polygon", "coordinates": [[[-3.076042777042839, 53.40772839018166], [-3.0760337025845645, 53.407368911852735], [-3.075432114725266, 53.407374332715484], [-3.0754411841138265, 53.40773381111503], [-3.076042777042839, 53.40772839018166]]]}, "properties": {"kind": "max_footprint", "threshold_pct": 4.0}}, {"type": "Feature", "geometry": {"type": "Polygon", "coordinates": [[[-3.0946828288287533, 53.40719936220608], [-3.0946782130949404, 53.40701962413748], [-3.094076633874399, 53.4070251388953], [-3.094081247073483, 53.40720487699981], [-3.0946828288287533, 53.40719936220608]]]}, "properties": {"kind": "max_footprint", "threshold_pct": 4.0}}, {"type": "Feature", "geometry": {"type": "Polygon", "coordinates": [[[-3.076635290248594, 53.407363487959906], [-3.0766307505578703, 53.4071837488222], [-3.076329958017676, 53.4071864611297], [-3.076334496440994, 53.40736620028508], [-3.076635290248594, 53.407363487959906]]]}, "properties": {"kind": "max_footprint", "threshold_pct": 4.0}}, {"type": "Feature", "geometry": {"type": "Polygon", "coordinates": [[[-3.095571342630566, 53.40665187027305], [-3.0955667232437705, 53.40647213224122], [-3.095265937609352, 53.40647489221741], [-3.095270555728826, 53.40665463026723], [-3.095571342630566, 53.40665187027305]]]}, "properties": {"kind": "max_footprint", "threshold_pct": 4.0}}, {"type": "Feature", "geometry": {"type": "Polygon", "coordinates": [[[-3.074825994584533, 53.40720001130456], [-3.07482146254702, 53.40702027205521], [-3.07512225406383, 53.40701756355291], [-3.075117720807695, 53.40683782431548], [-3.07541851100835, 53.40683511507334], [-3.0754139765336195, 53.40665537584785], [-3.0745116095874567, 53.406663501248886], [-3.0745252017515634, 53.40720271906697], [-3.074825994584533, 53.40720001130456]]]}, "properties": {"kind": "max_footprint", "threshold_pct": 4.0}}, {"type": "Feature", "geometry": {"type": "Polygon", "coordinates": [[[-3.0955574846192815, 53.40611265616037], [-3.095552865381585, 53.405932918111354], [-3.09465051973493, 53.40594119560575], [-3.094655135170785, 53.406120933708685], [-3.0955574846192815, 53.40611265616037]]]}, "properties": {"kind": "max_footprint", "threshold_pct": 4.0}}, {"type": "Feature", "geometry": {"type": "Polygon", "coordinates": [[[-3.075692087439632, 53.405753969740985], [-3.0756875519903284, 53.405574230498864], [-3.0753867707097506, 53.40557694037497], [-3.0753913048917676, 53.40575667963473], [-3.075692087439632, 53.405753969740985]]]}, "properties": {"kind": "max_footprint", "threshold_pct": 4.0}}, {"type": "Feature", "geometry": {"type": "Polygon", "coordinates": [[[-3.093757396958991, 53.406308942590854], [-3.093748173641362, 53.405949466282976], [-3.093447391510921, 53.40595222166045], [-3.0934381709262837, 53.405592745293795], [-3.0931373912807696, 53.405595499877904], [-3.093132782330097, 53.40541576166805], [-3.0928320039022394, 53.405418515476775], [-3.092827396268385, 53.405238777243234], [-3.0925266190581873, 53.40524153027659], [-3.09253122542481, 53.40542126852805], [-3.09223044689782, 53.405424020821876], [-3.0922396572452397, 53.405783497343485], [-3.092540438306735, 53.405780745013786], [-3.0925450448220393, 53.40596048324808], [-3.0928458271012462, 53.405957730143], [-3.0928504349333985, 53.40613746835364], [-3.093151218430316, 53.40613471447315], [-3.0931558275793427, 53.406314452660126], [-3.093757396958991, 53.406308942590854]]]}, "properties": {"kind": "max_footprint", "threshold_pct": 4.0}}, {"type": "Feature", "geometry": {"type": "Polygon", "coordinates": [[[-3.0970475227996626, 53.40555963120284], [-3.0970428973748745, 53.40537989322661], [-3.0967421195927103, 53.40538265688218], [-3.0967374954849065, 53.40520291888224], [-3.0955343889277733, 53.405213965858074], [-3.0955390079666825, 53.405393703929995], [-3.0958397859477667, 53.405390943304205], [-3.0958444063036095, 53.405570681352415], [-3.0970475227996626, 53.40555963120284]]]}, "properties": {"kind": "max_footprint", "threshold_pct": 4.0}}, {"type": "Feature", "geometry": {"type": "Polygon", "coordinates": [[[-3.094932835350981, 53.405219484801336], [-3.094928218896193, 53.40503974668778], [-3.0946274433005003, 53.405042505005255], [-3.0946320584880764, 53.405222243136805], [-3.094932835350981, 53.405219484801336]]]}, "properties": {"kind": "max_footprint", "threshold_pct": 4.0}}, {"type": "Feature", "geometry": {"type": "Polygon", "coordinates": [[[-3.098528258993467, 53.40464711198526], [-3.0985189960196955, 53.40428763615002], [-3.097917456109671, 53.4042931700619], [-3.097912827231801, 53.40411343209964], [-3.0973112896568518, 53.40411896294582], [-3.097315916000446, 53.40429870094412], [-3.097616686079952, 53.40429593588171], [-3.097621313740472, 53.40447567385627], [-3.0982228562844125, 53.4044701414232], [-3.098227486529049, 53.40464987935597], [-3.098528258993467, 53.40464711198526]]]}, "properties": {"kind": "max_footprint", "threshold_pct": 4.0}}, {"type": "Feature", "geometry": {"type": "Polygon", "coordinates": [[[-3.090999732854164, 53.40435659229058], [-3.0909859338020653, 53.403817377147284], [-3.0906851664321153, 53.40382012549273], [-3.090698961682793, 53.40435934068973], [-3.090999732854164, 53.40435659229058]]]}, "properties": {"kind": "max_footprint", "threshold_pct": 4.0}}, {"type": "Feature", "geometry": {"type": "Polygon", "coordinates": [[[-3.0918698223665055, 53.403090174176995], [-3.091865219178203, 53.40291043581529], [-3.091263697356629, 53.40291593611408], [-3.0912682980108164, 53.403095674511604], [-3.0918698223665055, 53.403090174176995]]]}, "properties": {"kind": "max_footprint", "threshold_pct": 4.0}}, {"type": "Feature", "geometry": {"type": "Polygon", "coordinates": [[[-3.10179030055376, 53.40281924349832], [-3.10178565560296, 53.40263950572491], [-3.1014848976253764, 53.40264228122841], [-3.101489541309156, 53.40282201901991], [-3.10179030055376, 53.40281924349832]]]}, "properties": {"kind": "max_footprint", "threshold_pct": 4.0}}, {"type": "Feature", "geometry": {"type": "Polygon", "coordinates": [[[-3.1002957812124015, 53.40319258924281], [-3.1002865038312954, 53.40283311353246], [-3.0999857443370367, 53.402835885267166], [-3.099981106988364, 53.40265614738536], [-3.0996803487112374, 53.402658918344635], [-3.0996757126794643, 53.40247918043904], [-3.099374955619474, 53.40248195062291], [-3.099370320904574, 53.402302212693556], [-3.0990695650617193, 53.402304982102], [-3.0990649316636634, 53.40212524414887], [-3.0987641770379466, 53.402128012781944], [-3.09875954495671, 53.40194827480506], [-3.0984587915481336, 53.401951042662745], [-3.098454160783685, 53.4017713046621], [-3.0978526563510105, 53.40177683806936], [-3.0978480281702727, 53.40159710002695], [-3.09754727714619, 53.40159986557654], [-3.0975565310235487, 53.40195934169166], [-3.097857284581539, 53.401956576106045], [-3.0978619128618585, 53.40213631413698], [-3.0981626676370317, 53.402133547775996], [-3.0981672972341303, 53.40231328578321], [-3.098468053226484, 53.40231051864683], [-3.0984773151041156, 53.40266999460804], [-3.098778073580663, 53.402667226678254], [-3.098782705861236, 53.402846964632225], [-3.0990834655549735, 53.402844195927024], [-3.0990880991524223, 53.40302393385725], [-3.0996896209244134, 53.40301839413864], [-3.099694257105817, 53.40319813202706], [-3.1002957812124015, 53.40319258924281]]]}, "properties": {"kind": "max_footprint", "threshold_pct": 4.0}}, {"type": "Feature", "geometry": {"type": "Polygon", "coordinates": [[[-3.103867691697496, 53.40172136767456], [-3.103858384708502, 53.401361892306646], [-3.1029561382820305, 53.4013702320695], [-3.1029607879507375, 53.40154996981066], [-3.1032615380765187, 53.40154719062891], [-3.1032661890621824, 53.40172692834624], [-3.103867691697496, 53.40172136767456]]]}, "properties": {"kind": "max_footprint", "threshold_pct": 4.0}}, {"type": "Feature", "geometry": {"type": "Polygon", "coordinates": [[[-3.0836806973932576, 53.40046808981913], [-3.0836761291529817, 53.40028835088966], [-3.0833753859395023, 53.40029108070157], [-3.0833799529129053, 53.400470819648824], [-3.0836806973932576, 53.40046808981913]]]}, "properties": {"kind": "max_footprint", "threshold_pct": 4.0}}, {"type": "Feature", "geometry": {"type": "Polygon", "coordinates": [[[-3.103252236255301, 53.401187715177116], [-3.1032475854197403, 53.40100797744261], [-3.104450570219529, 53.40099685335974], [-3.1044412585635413, 53.400637378018466], [-3.103539027640007, 53.400645722107946], [-3.1035343756876927, 53.40046598437434], [-3.103233633213258, 53.40046876420476], [-3.1032243319924238, 53.40010928868421], [-3.102923592001622, 53.40011206772113], [-3.1029096443459823, 53.39957285434306], [-3.102608908105562, 53.399575632568386], [-3.102604260253814, 53.39939589474614], [-3.1023035252301656, 53.39939867219607], [-3.1022988786951746, 53.399218934350024], [-3.103201079815837, 53.39921059978263], [-3.1031917792953854, 53.39885112418191], [-3.102590316998562, 53.39885668124506], [-3.1025856693468055, 53.39867694339989], [-3.10228493939011, 53.398679720777466], [-3.1022802930550535, 53.398499982908525], [-3.101678835525138, 53.398505535355746], [-3.1016834793267836, 53.39868527326087], [-3.1010820190636355, 53.39869082271521], [-3.101091301749886, 53.39905029858059], [-3.1007905690099564, 53.39905307220803], [-3.1008044896135183, 53.39959228601733], [-3.100503753023385, 53.39959505894166], [-3.1005083920576175, 53.3997747968847], [-3.100809129914541, 53.39977202394231], [-3.1008184106663434, 53.40013149977511], [-3.1011191510069676, 53.40012872603929], [-3.1011284344921237, 53.40048820181305], [-3.1014291773164855, 53.40048542728378], [-3.1014338204008243, 53.400665165144005], [-3.101734564442093, 53.40066238983936], [-3.1017392088432505, 53.400842127675794], [-3.1020399541014263, 53.40083935159572], [-3.1020445998194304, 53.40101908940835], [-3.1026460927195965, 53.40101353494012], [-3.1026507410213693, 53.401193272710834], [-3.103252236255301, 53.401187715177116]]]}, "properties": {"kind": "max_footprint", "threshold_pct": 4.0}}, {"type": "Feature", "geometry": {"type": "Polygon", "coordinates": [[[-3.1016695480717087, 53.398146059528266], [-3.1016649044199243, 53.39796632160596], [-3.1013641793800644, 53.39796909663947], [-3.101359537044885, 53.39778935869335], [-3.1010588132217385, 53.39779213295154], [-3.101068095408719, 53.39815160887418], [-3.1016695480717087, 53.398146059528266]]]}, "properties": {"kind": "max_footprint", "threshold_pct": 4.0}}, {"type": "Feature", "geometry": {"type": "Polygon", "coordinates": [[[-3.085416530788868, 53.39775561199669], [-3.0854028056269676, 53.39721639525417], [-3.0851020842432177, 53.39721912930722], [-3.085115805605169, 53.39775834610316], [-3.085416530788868, 53.39775561199669]]]}, "properties": {"kind": "max_footprint", "threshold_pct": 4.0}}, {"type": "Feature", "geometry": {"type": "Polygon", "coordinates": [[[-3.1055230673938325, 53.39595306232769], [-3.1055137484102304, 53.395593586810676], [-3.105213040486101, 53.3955963714525], [-3.105208382335946, 53.395416633667246], [-3.1046069688703133, 53.39542220064309], [-3.1046162801548376, 53.39578167628037], [-3.104916989445646, 53.395778893134775], [-3.1049216464295224, 53.39595863092668], [-3.1055230673938325, 53.39595306232769]]]}, "properties": {"kind": "max_footprint", "threshold_pct": 4.0}}, {"type": "Feature", "geometry": {"type": "Polygon", "coordinates": [[[-3.1139147706809784, 53.394796360365135], [-3.1139100760056238, 53.39461662308493], [-3.1136093758220875, 53.39461942883609], [-3.1136140692310526, 53.394799166134575], [-3.1139147706809784, 53.394796360365135]]]}, "properties": {"kind": "max_footprint", "threshold_pct": 4.0}}, {"type": "Feature", "geometry": {"type": "Polygon", "coordinates": [[[-3.091658126949403, 53.39482220361717], [-3.0916535260383893, 53.39464246499226], [-3.0913528234222434, 53.39464521469637], [-3.0913574230668273, 53.39482495333917], [-3.091658126949403, 53.39482220361717]]]}, "properties": {"kind": "max_footprint", "threshold_pct": 4.0}}, {"type": "Feature", "geometry": {"type": "Polygon", "coordinates": [[[-3.095534952335501, 53.3935282194678], [-3.095530335308609, 53.39334848103609], [-3.0958310283661024, 53.39334572085767], [-3.095826410122559, 53.39316598243824], [-3.095525718331377, 53.393168742598675], [-3.095521101403806, 53.39298900415554], [-3.0949197202050693, 53.392994522169154], [-3.094924334600042, 53.393174260648244], [-3.094623642659918, 53.39317701853734], [-3.0946282558382117, 53.39335675702866], [-3.0952296422014522, 53.393351240457406], [-3.095234257962019, 53.39353097890708], [-3.095534952335501, 53.3935282194678]]]}, "properties": {"kind": "max_footprint", "threshold_pct": 4.0}}, {"type": "Feature", "geometry": {"type": "Polygon", "coordinates": [[[-3.096413931525605, 53.39262124466123], [-3.0964093109482427, 53.39244150625485], [-3.0961086243215257, 53.39244426785758], [-3.0961132436326326, 53.392624006281935], [-3.096413931525605, 53.39262124466123]]]}, "properties": {"kind": "max_footprint", "threshold_pct": 4.0}}, {"type": "Feature", "geometry": {"type": "Polygon", "coordinates": [[[-3.097010684052569, 53.392435980778124], [-3.0970014379820046, 53.39207650402019], [-3.0964000699426157, 53.39208202942493], [-3.09640469042058, 53.39226176784275], [-3.0967053757313576, 53.39225900550093], [-3.096709997525262, 53.39243874389502], [-3.097010684052569, 53.392435980778124]]]}, "properties": {"kind": "max_footprint", "threshold_pct": 4.0}}, {"type": "Feature", "geometry": {"type": "Polygon", "coordinates": [[[-3.0978942361992265, 53.39170873356212], [-3.0978896095394237, 53.391528995217115], [-3.0975889294923915, 53.39153176051526], [-3.0975935548860085, 53.39171149887826], [-3.0978942361992265, 53.39170873356212]]]}, "properties": {"kind": "max_footprint", "threshold_pct": 4.0}}, {"type": "Feature", "geometry": {"type": "Polygon", "coordinates": [[[-3.1207175328352452, 53.39041793250789], [-3.1207128102523667, 53.390238195511664], [-3.120412141622603, 53.390241018235756], [-3.1204168629394338, 53.39042075525036], [-3.1207175328352452, 53.39041793250789]]]}, "properties": {"kind": "max_footprint", "threshold_pct": 4.0}}, {"type": "Feature", "geometry": {"type": "Polygon", "coordinates": [[[-3.101159963864022, 53.390060621592674], [-3.1011553237254352, 53.38988088339457], [-3.1008546556215144, 53.38988365685783], [-3.1008592944940485, 53.390063395074016], [-3.101159963864022, 53.390060621592674]]]}, "properties": {"kind": "max_footprint", "threshold_pct": 4.0}}, {"type": "Feature", "geometry": {"type": "Polygon", "coordinates": [[[-3.120708087720281, 53.390058458509706], [-3.120703365238988, 53.38987872150201], [-3.1219060291217784, 53.389867423182714], [-3.121896574183587, 53.38950794929726], [-3.1215959108211178, 53.38951077497579], [-3.1216006369988, 53.38969051193979], [-3.1206986428084873, 53.38969898448857], [-3.120693920428776, 53.38951924746941], [-3.120092593246577, 53.38952489201348], [-3.1201020329927895, 53.38988436611963], [-3.1204026991412785, 53.38988154418932], [-3.1204074203565506, 53.39006128121541], [-3.120708087720281, 53.390058458509706]]]}, "properties": {"kind": "max_footprint", "threshold_pct": 4.0}}, {"type": "Feature", "geometry": {"type": "Polygon", "coordinates": [[[-3.1020526838509075, 53.38969282031301], [-3.102048040014058, 53.38951308215766], [-3.1017473745919597, 53.38951585785585], [-3.1017427320710667, 53.38933611967671], [-3.1011414036091094, 53.38934166876589], [-3.101146043597979, 53.389521406981174], [-3.101446709119928, 53.389518632797014], [-3.1014513504247287, 53.38969837098851], [-3.1020526838509075, 53.38969282031301]]]}, "properties": {"kind": "max_footprint", "threshold_pct": 4.0}}, {"type": "Feature", "geometry": {"type": "Polygon", "coordinates": [[[-3.104693513116277, 53.38715147238592], [-3.1046888585861323, 53.38697173431327], [-3.1043882113368526, 53.38697451657085], [-3.1043928646011687, 53.387154254661574], [-3.104693513116277, 53.38715147238592]]]}, "properties": {"kind": "max_footprint", "threshold_pct": 4.0}}, {"type": "Feature", "geometry": {"type": "Polygon", "coordinates": [[[-3.1049801943436304, 53.3866094751726], [-3.104975538697873, 53.38642973710091], [-3.105276182049631, 53.38642695338387], [-3.105271525188172, 53.38624721532459], [-3.104670240966132, 53.386252781965474], [-3.1046655866862714, 53.38607304386421], [-3.10406430479553, 53.38607860744122], [-3.1040689565438724, 53.386258345578725], [-3.1043695987800226, 53.38625556415056], [-3.1043789049583514, 53.38661504037216], [-3.1049801943436304, 53.3866094751726]]]}, "properties": {"kind": "max_footprint", "threshold_pct": 4.0}}, {"type": "Feature", "geometry": {"type": "Polygon", "coordinates": [[[-3.10406430479553, 53.38607860744122], [-3.1040596530972158, 53.38589886929798], [-3.103759013342543, 53.385901649933004], [-3.103763663775112, 53.38608138809436], [-3.10406430479553, 53.38607860744122]]]}, "properties": {"kind": "max_footprint", "threshold_pct": 4.0}}, {"type": "Feature", "geometry": {"type": "Polygon", "coordinates": [[[-3.106474093031155, 53.386236072959775], [-3.1064647693324927, 53.38587659696914], [-3.1061641299784144, 53.38587938365942], [-3.1061594694700125, 53.38569964563735], [-3.10585883133154, 53.38570243155258], [-3.1058681498669922, 53.38606190762726], [-3.106168790536936, 53.38605912167576], [-3.106173451145579, 53.38623885968636], [-3.106474093031155, 53.386236072959775]]]}, "properties": {"kind": "max_footprint", "threshold_pct": 4.0}}, {"type": "Feature", "geometry": {"type": "Polygon", "coordinates": [[[-3.10585883133154, 53.38570243155258], [-3.105854172138976, 53.38552269350666], [-3.105553535216111, 53.38552547864684], [-3.105558193142961, 53.38570521671092], [-3.10585883133154, 53.38570243155258]]]}, "properties": {"kind": "max_footprint", "threshold_pct": 4.0}}, {"type": "Feature", "geometry": {"type": "Polygon", "coordinates": [[[-3.1076299929563294, 53.38442753902832], [-3.1076253265207914, 53.384247801051224], [-3.1073246987583656, 53.3842505906056], [-3.107329363928288, 53.38443032860089], [-3.1076299929563294, 53.38442753902832]]]}, "properties": {"kind": "max_footprint", "threshold_pct": 4.0}}, {"type": "Feature", "geometry": {"type": "Polygon", "coordinates": [[[-3.108226581895078, 53.38424221967187], [-3.1082219129785202, 53.38406248172536], [-3.107620660135436, 53.38406806306837], [-3.1076253265207914, 53.384247801051224], [-3.108226581895078, 53.38424221967187]]]}, "properties": {"kind": "max_footprint", "threshold_pct": 4.0}}, {"type": "Feature", "geometry": {"type": "Polygon", "coordinates": [[[-3.1094244180620643, 53.38405130995705], [-3.109419744133377, 53.383871572077574], [-3.1091191192034366, 53.38387436613674], [-3.109123791866541, 53.38405410403442], [-3.1094244180620643, 53.38405130995705]]]}, "properties": {"kind": "max_footprint", "threshold_pct": 4.0}}, {"type": "Feature", "geometry": {"type": "Polygon", "coordinates": [[[-3.1097203690130537, 53.383868777261576], [-3.1097156938690587, 53.383689039394575], [-3.1094150702549523, 53.383691834192376], [-3.109419744133377, 53.383871572077574], [-3.1097203690130537, 53.383868777261576]]]}, "properties": {"kind": "max_footprint", "threshold_pct": 4.0}}, {"type": "Feature", "geometry": {"type": "Polygon", "coordinates": [[[-3.1109135076666514, 53.383498114835035], [-3.110908827561045, 53.38331837702939], [-3.110608206679218, 53.38332117481813], [-3.1106128855192847, 53.38350091264199], [-3.1109135076666514, 53.383498114835035]]]}, "properties": {"kind": "max_footprint", "threshold_pct": 4.0}}, {"type": "Feature", "geometry": {"type": "Polygon", "coordinates": [[[-3.108813822875965, 53.383697421517454], [-3.108809151578917, 53.383517683590135], [-3.1091097740279783, 53.38351489032421], [-3.10910510151562, 53.38333515240932], [-3.1094057226488907, 53.38333235840475], [-3.109401048921251, 53.38315262050236], [-3.108198569148867, 53.38316379190689], [-3.108193900533558, 53.382984053926], [-3.1078932817304326, 53.382986844866885], [-3.1078839471814255, 53.382627368851566], [-3.1072827144866113, 53.38263294839017], [-3.1072967087923673, 53.38317216251356], [-3.1075973289613854, 53.383169373068164], [-3.1076019950958345, 53.38334911107966], [-3.1079026164802057, 53.38334632085927], [-3.1079072839303814, 53.38352605884687], [-3.1082079065301054, 53.38352326785146], [-3.108212575296034, 53.38370300581516], [-3.108813822875965, 53.383697421517454]]]}, "properties": {"kind": "max_footprint", "threshold_pct": 4.0}}, {"type": "Feature", "geometry": {"type": "Polygon", "coordinates": [[[-3.110608206679218, 53.38332117481813], [-3.1105941704609092, 53.38278196131222], [-3.1102935533253078, 53.38278475828949], [-3.1102841986289635, 53.382425282553776], [-3.109682969268792, 53.38243087416502], [-3.109692318903215, 53.382790349973554], [-3.109391701616754, 53.382793144680356], [-3.109401048921251, 53.38315262050236], [-3.110002288505935, 53.38314703025913], [-3.1100069647646302, 53.383326768125116], [-3.110608206679218, 53.38332117481813]]]}, "properties": {"kind": "max_footprint", "threshold_pct": 4.0}}, {"type": "Feature", "geometry": {"type": "Polygon", "coordinates": [[[-3.1126609904344567, 53.38132445936695], [-3.11265630334051, 53.38114472160197], [-3.1123556979462257, 53.3811475237127], [-3.1123603837747993, 53.38132726149593], [-3.1126609904344567, 53.38132445936695]]]}, "properties": {"kind": "max_footprint", "threshold_pct": 4.0}}, {"type": "Feature", "geometry": {"type": "Polygon", "coordinates": [[[-3.109063051165467, 53.38171751091761], [-3.1090583791555537, 53.381537772945414], [-3.109358987634138, 53.38153497912279], [-3.1093543144090714, 53.38135524116309], [-3.1090537071958813, 53.38135803496751], [-3.1090396916182974, 53.380818820999366], [-3.10873908815097, 53.38082161399246], [-3.1087437586945725, 53.38100135200576], [-3.108443153911666, 53.38100414426026], [-3.108452492618795, 53.381363620306026], [-3.1087530999324504, 53.381360828015154], [-3.108762441371235, 53.38172030400162], [-3.109063051165467, 53.38171751091761]]]}, "properties": {"kind": "max_footprint", "threshold_pct": 4.0}}, {"type": "Feature", "geometry": {"type": "Polygon", "coordinates": [[[-3.112041039114194, 53.380611111627815], [-3.112031670441154, 53.38025163597323], [-3.11173107127277, 53.38025443647925], [-3.111717022436827, 53.37971522289969], [-3.1114164270139213, 53.379718022594254], [-3.1114351538347504, 53.38043697409513], [-3.1117357543187985, 53.38043417432764], [-3.1117404374151856, 53.380613912170304], [-3.112041039114194, 53.380611111627815]]]}, "properties": {"kind": "max_footprint", "threshold_pct": 4.0}}, {"type": "Feature", "geometry": {"type": "Polygon", "coordinates": [[[-3.1123135277564513, 53.37952988340551], [-3.112304157157389, 53.379170407718604], [-3.111702974054084, 53.37917600926853], [-3.111707656797977, 53.37935574715131], [-3.1120082496400365, 53.37935294673647], [-3.1120129336995226, 53.37953268459529], [-3.1123135277564513, 53.37952988340551]]]}, "properties": {"kind": "max_footprint", "threshold_pct": 4.0}}, {"type": "Feature", "geometry": {"type": "Polygon", "coordinates": [[[-3.113797730984206, 53.378796915074055], [-3.113788348136448, 53.37843743952388], [-3.1134877619227592, 53.37844024438768], [-3.1134783818070724, 53.378080768778005], [-3.112877214288996, 53.37808637616255], [-3.1128959646008236, 53.37880532750503], [-3.113797730984206, 53.378796915074055]]]}, "properties": {"kind": "max_footprint", "threshold_pct": 4.0}}, {"type": "Feature", "geometry": {"type": "Polygon", "coordinates": [[[-3.090480948506075, 53.40759737875426], [-3.0904763504164765, 53.40741764044608], [-3.0901755576024397, 53.40742038763457], [-3.0901709608297, 53.40724064930276], [-3.089870169233592, 53.40724339571584], [-3.089865573777686, 53.40706365736043], [-3.089564783399509, 53.40706640299814], [-3.0895601892604065, 53.40688666461912], [-3.0892594001001634, 53.40688940948145], [-3.089254807277839, 53.40670967107882], [-3.088653231343818, 53.40671515849526], [-3.0886486411055807, 53.40653542005116], [-3.0883478543318197, 53.406538162605294], [-3.088343265410293, 53.40635842413759], [-3.0880424798544817, 53.40636116591638], [-3.088037892249639, 53.406181427425125], [-3.0877371079117815, 53.40618416842855], [-3.087732521623594, 53.40600442991372], [-3.0874317385036893, 53.406007170141834], [-3.0874225686098993, 53.405647693059315], [-3.088324910217902, 53.40563947020969], [-3.0883294989419436, 53.40581920870026], [-3.0886302806464916, 53.40581646621757], [-3.0886348706871862, 53.40599620468457], [-3.090138784805303, 53.405982480819894], [-3.0901341884282063, 53.40580274244232], [-3.091036532503921, 53.405794499087605], [-3.091027332294537, 53.405435022422665], [-3.090425774695893, 53.40544051867835], [-3.0904211771999135, 53.4052607803015], [-3.0901203995936233, 53.40526352727526], [-3.0901158034143323, 53.4050837888748], [-3.0898150270258182, 53.40508653507324], [-3.0898058373499873, 53.40472705821937], [-3.0901066112040922, 53.404724312056715], [-3.0900974191916437, 53.40436483521575], [-3.0897966478718932, 53.40436758134262], [-3.0897920532069953, 53.40418784289566], [-3.0894912831049677, 53.404190588247246], [-3.089486689756646, 53.404010849776675], [-3.0897874585915277, 53.40400810444299], [-3.0897828640254947, 53.40382836598461], [-3.0900836315438176, 53.403825619911395], [-3.090079035760098, 53.403645881465174], [-3.0903798019618605, 53.40364313465243], [-3.0903752049604836, 53.40346339621837], [-3.090675969845689, 53.40346064866613], [-3.0906805681141676, 53.40364038708229], [-3.091282100270356, 53.403634889669824], [-3.0912867011225296, 53.403814628044444], [-3.0915874683934956, 53.4038118781842], [-3.091596672780606, 53.404171354880454], [-3.091897442536324, 53.40416860422695], [-3.091902046071301, 53.40434834254859], [-3.092202817044643, 53.40434559111976], [-3.092207421896314, 53.40452532941775], [-3.092508194087277, 53.404522577213555], [-3.0925128002556694, 53.4047023154879], [-3.0931143470232683, 53.40469680877137], [-3.093118955775597, 53.404876547004136], [-3.0934197303522177, 53.40487379249177], [-3.093424340421334, 53.405053530700854], [-3.094326667655156, 53.40504526256533], [-3.0943128261919064, 53.404506048082474], [-3.0940120542984832, 53.40450880483123], [-3.0940074418438366, 53.404329066640855], [-3.09370667116795, 53.40433182261423], [-3.0937020600300738, 53.40415208440019], [-3.0934012905717254, 53.4041548395982], [-3.0933966807505935, 53.40397510136052], [-3.093095912509784, 53.40397785578316], [-3.0930913040053674, 53.40379811752178], [-3.0927905369820983, 53.40380087116908], [-3.092785929794371, 53.40362113288404], [-3.091582866274209, 53.40363213982747], [-3.0915736621841696, 53.403272663096864], [-3.090972135195332, 53.40327816195253], [-3.0909675357587196, 53.40309842354282], [-3.0906667734571416, 53.40310117181666], [-3.0906621753370724, 53.402921433383334], [-3.091263697356629, 53.40291593611408], [-3.0912590967519367, 53.40273619771085], [-3.090657577266471, 53.4027416949443], [-3.0906529792453354, 53.40256195649952], [-3.0903522206954275, 53.40256470396227], [-3.0903476239907772, 53.402384965493894], [-3.090949138507088, 53.4023794698468], [-3.0909445393178823, 53.4021997314085], [-3.091245295234823, 53.4021969824668], [-3.091249895691034, 53.402376720887204], [-3.091550652825486, 53.40237397117025], [-3.091555254598206, 53.402553709566995], [-3.0921567712526064, 53.402548207825156], [-3.0921613756088933, 53.40272794618034], [-3.0927628945992103, 53.402722441373115], [-3.092767501539115, 53.402902179686755], [-3.0930682622269776, 53.40289942612915], [-3.093072870483499, 53.40307916441912], [-3.0933736323888374, 53.403076410086186], [-3.09338285158476, 53.40343588661307], [-3.0936836159746544, 53.40343313148685], [-3.093688226914098, 53.40361286972377], [-3.0939889925214787, 53.40361011382222], [-3.0939843803149416, 53.40343037560324], [-3.0948866730380296, 53.40342210340803], [-3.0948912890458393, 53.40360184157312], [-3.095492819813797, 53.40359632295339], [-3.095497438405473, 53.40377606107681], [-3.095798204982027, 53.40377330061286], [-3.095793585123248, 53.40359356250743], [-3.096395115593032, 53.40358803934329], [-3.0963997379860126, 53.40376777741276], [-3.097001270791078, 53.40376225118304], [-3.096996645863898, 53.40358251314958], [-3.0972974109247025, 53.40357974891663], [-3.097292784780193, 53.40340001089544], [-3.097593548524144, 53.40339724592312], [-3.0975889211623353, 53.40321750791422], [-3.097288158685456, 53.40322027286855], [-3.0972789066452857, 53.40286079679755], [-3.096978146652739, 53.402863560958494], [-3.0969688973456857, 53.4025040848286], [-3.0966681398374325, 53.40250684819616], [-3.0966635165255383, 53.402327110104636], [-3.096362760234552, 53.402329872696825], [-3.0963581382393874, 53.402150134581575], [-3.0960573831656664, 53.40215289639843], [-3.096052762487204, 53.40197315825945], [-3.095752008630752, 53.40197591930096], [-3.0957566280422353, 53.40215565745789], [-3.0954558728691093, 53.40215841776003], [-3.0954743459439658, 53.4028773704025], [-3.0957751061851466, 53.40287461002846], [-3.0957797258451207, 53.40305434815679], [-3.096080487303649, 53.403051587007376], [-3.0960897293068337, 53.40341106321088], [-3.0957889653141706, 53.40341382439626], [-3.095784345554796, 53.403234086279376], [-3.0948820570798805, 53.40324236523723], [-3.0948774411713904, 53.403062627060685], [-3.094576679514144, 53.40306538518056], [-3.0945720649223643, 53.402885646980344], [-3.0948728253125606, 53.402882888878445], [-3.0948682095033893, 53.402703150690456], [-3.093965931984988, 53.40271142267015], [-3.0939613200265423, 53.402531684422556], [-3.093660562021516, 53.40253444021643], [-3.0936559513796973, 53.40235470194515], [-3.0933551945920783, 53.402357456963706], [-3.093350585266861, 53.402177718668774], [-3.0930498296966533, 53.402180472912015], [-3.093045221688008, 53.402000734593436], [-3.092744467335211, 53.40200348806136], [-3.092735254000572, 53.401644011371154], [-3.0924345021321473, 53.40164676404587], [-3.092425291529619, 53.40128728729692], [-3.092124542145529, 53.40129003917845], [-3.0921199381855002, 53.40111030077746], [-3.0918191900187995, 53.40111305188372], [-3.091805382236558, 53.40057383659266], [-3.0921061266025793, 53.40057108554016], [-3.092110730414025, 53.400750823958326], [-3.0924114759973977, 53.400748072130554], [-3.0924160811252634, 53.400927810525076], [-3.0927168279259862, 53.400925057922066], [-3.092721434370298, 53.40110479629291], [-3.093022182388371, 53.40110204291465], [-3.0930267901491577, 53.40128178126187], [-3.094229786793277, 53.401270760103685], [-3.09423901259905, 53.40163023663735], [-3.0948405156911516, 53.401624721442396], [-3.0948220541427403, 53.40090576849588], [-3.0945213076891904, 53.40090852640018], [-3.094516693693102, 53.40072878813128], [-3.0951181840167807, 53.40072327160131], [-3.095122800546641, 53.400903009834266], [-3.095724293205433, 53.40089749023905], [-3.095728912318753, 53.40107722843034], [-3.0963304073125744, 53.401071705769866], [-3.096325785665461, 53.40089196761454], [-3.0960250394603004, 53.40089472930546], [-3.0960204191297884, 53.40071499112643], [-3.095719674141806, 53.400717752042056], [-3.095715055127868, 53.4005380138393], [-3.095113567536584, 53.4005435333626], [-3.095108951106051, 53.4003637951182], [-3.094808208502767, 53.40036655372591], [-3.0948035933887414, 53.4001868154578], [-3.094502852002653, 53.40018957329024], [-3.094498238205107, 53.40000983499844], [-3.094197498036217, 53.40001259205563], [-3.0941882731236467, 53.39965311541896], [-3.095090485880533, 53.399644842083305], [-3.0950951021124222, 53.39982458035061], [-3.095395840865554, 53.39982182103951], [-3.0954004584139185, 53.40000155928312], [-3.09600193830478, 53.399996038353066], [-3.0959973182227833, 53.39981630014542], [-3.0956965795690117, 53.39981906097112], [-3.0956919608035167, 53.39963932273974], [-3.09689491005314, 53.39962827496517], [-3.0968995338858356, 53.39980801312455], [-3.0972002723407206, 53.39980524926967], [-3.0972187732362597, 53.40052420177802], [-3.097519516708719, 53.40052143709381], [-3.097533396703471, 53.40106065136094], [-3.0978341439267942, 53.4010578858654], [-3.0978434000393253, 53.401417361978815], [-3.0981441497466853, 53.4014145956899], [-3.098148779144566, 53.40159433372003], [-3.0987502809437295, 53.40158879883412], [-3.098754912925304, 53.40176853682245], [-3.0996571690511154, 53.40176022875942], [-3.0996710766975664, 53.40229944252773], [-3.099971832440685, 53.40229667160455], [-3.0999764696895795, 53.40247640949782], [-3.1005779835601297, 53.40247086534326], [-3.100582623392932, 53.402650603194694], [-3.1008833815203483, 53.4026478299633], [-3.100888022670088, 53.402827567790936], [-3.101188782014595, 53.40282479378411], [-3.1011841395978337, 53.40264505597454], [-3.1014848976253764, 53.40264228122841], [-3.1014802539915522, 53.40246254343119], [-3.100878740420538, 53.402468092129915], [-3.1008740993706576, 53.402288354290846], [-3.1002725881339153, 53.40229389992399], [-3.100254034569361, 53.40157494836589], [-3.099953283943978, 53.40157771997422], [-3.099934736245434, 53.40085876825229], [-3.099333244980291, 53.400864309052565], [-3.0993378792963258, 53.401044047027725], [-3.0990371323220764, 53.40104681630989], [-3.0990324992729303, 53.40086707831671], [-3.0987317535157293, 53.40086984682353], [-3.0987271217833006, 53.40069010880658], [-3.0984263772431473, 53.40069287653805], [-3.0984217468274085, 53.40051313849733], [-3.0981210035043065, 53.40051590545348], [-3.0981117453559537, 53.400156429318834], [-3.0978110045167413, 53.40015919548162], [-3.0978063767840855, 53.39997945738771], [-3.097505637161913, 53.399982222775165], [-3.0974917580630352, 53.39944300840501], [-3.0971910221914865, 53.39944577298116], [-3.097181772241267, 53.39908629666975], [-3.096580305415982, 53.39909182347821], [-3.0965756830489912, 53.398912085277914], [-3.095974218558299, 53.398917609021304], [-3.095969598774497, 53.398737870779286], [-3.097473253294605, 53.398724055831295], [-3.097468627226911, 53.39854431767356], [-3.097769356714978, 53.39854155243019], [-3.0977786114335752, 53.3989010287039], [-3.098079343405309, 53.398898262667224], [-3.098093229656815, 53.39943747698084], [-3.0983939653790196, 53.39943471013284], [-3.098407855879065, 53.39997392434085], [-3.098708595351849, 53.399971156681474], [-3.098713226884974, 53.40015089472135], [-3.099013967574752, 53.40014812628664], [-3.099027866273625, 53.40068734031779], [-3.099629355104741, 53.40068180106823], [-3.099610813471194, 53.399962849159586], [-3.099310074147925, 53.39996561909085], [-3.0993008061639458, 53.39960614306609], [-3.0990000693244255, 53.399608912203995], [-3.0989769065705977, 53.39871022195169], [-3.098676176015011, 53.39871299024214], [-3.098671544880461, 53.39853325215649], [-3.098370815541766, 53.39853601967164], [-3.098366185723733, 53.398356281562236], [-3.099268369790247, 53.39834797679906], [-3.0992776370763537, 53.39870745290398], [-3.0995783675322612, 53.398704683099005], [-3.099587637551219, 53.39906415914495], [-3.0998883704907287, 53.39906138854664], [-3.0998698255853885, 53.398342436504024], [-3.1001705534081574, 53.398339665220625], [-3.100165916039822, 53.39815992721371], [-3.1004666425460243, 53.39815715519112], [-3.100448088504934, 53.39743820317842], [-3.10074880989465, 53.397435430470814], [-3.100753449596704, 53.39761516846454], [-3.1016556172662137, 53.39760684574416], [-3.1016509737642837, 53.397427107804646], [-3.1013502525243375, 53.39742988278393], [-3.101331684082481, 53.3967109308964], [-3.1016324002560656, 53.39670815598941], [-3.1016370435581972, 53.39688789395181], [-3.102238478288648, 53.396882341830064], [-3.1022431241738926, 53.39706207975057], [-3.102543842730744, 53.3970593025358], [-3.1025531371843664, 53.39741877832345], [-3.1022524160943132, 53.39742155557443], [-3.1022570621294885, 53.397601293477756], [-3.1019563397228334, 53.39760406998957], [-3.1019656294098326, 53.39796354581522], [-3.102266354349775, 53.397960769267236], [-3.102275646769981, 53.39832024503382], [-3.102576374193282, 53.398317467692415], [-3.102581021745046, 53.39849720554902], [-3.102881750385044, 53.398494427432276], [-3.1028863992535056, 53.39867416526504], [-3.103187129110196, 53.39867138637294], [-3.1031917792953854, 53.39885112418191], [-3.1034925103687687, 53.39884834451445], [-3.1035064650247115, 53.39938755785263], [-3.1038071998482812, 53.39938477737356], [-3.1038165057359937, 53.39974425286751], [-3.104117243043061, 53.39974147159492], [-3.1041265516645984, 53.40010094702971], [-3.1044272914552002, 53.40009816496361], [-3.1044319471078965, 53.40027790265431], [-3.104732688115238, 53.400275119812775], [-3.104737345084851, 53.40045485747959], [-3.1053388294828936, 53.40044928948838], [-3.105329510526452, 53.40008981422155], [-3.1050287708861415, 53.40009259855952], [-3.1050241127499154, 53.39991286089937], [-3.1047233743263, 53.39991564446193], [-3.104718717506977, 53.39973590677791], [-3.1044179803000596, 53.39973868956506], [-3.104408669345249, 53.3993792141436], [-3.104107934621798, 53.39938199613724], [-3.1041032804862687, 53.39920225839978], [-3.103802546979507, 53.39920503961801], [-3.1037932413921134, 53.398845564089704], [-3.1043947032886354, 53.398840000968455], [-3.104399358590761, 53.399019738699245], [-3.105000822820419, 53.39901417251268], [-3.105005480706102, 53.399193910201475], [-3.105306214012518, 53.39919112595416], [-3.1053108732150596, 53.3993708636191], [-3.1056116077381057, 53.39936807859638], [-3.1056162682575343, 53.39954781623745], [-3.1068192109152806, 53.39953666850117], [-3.106800548870492, 53.39881771819298], [-3.106499818348273, 53.39882050619032], [-3.1064904901604096, 53.39846103096554], [-3.106189762121418, 53.39846381816933], [-3.106185099369426, 53.39828408053017], [-3.1058843725469605, 53.39828686695856], [-3.1058750497267713, 53.397927391626766], [-3.1055743253874835, 53.397930177261635], [-3.1055650053011377, 53.39757070187065], [-3.105264283444992, 53.39757348671199], [-3.1052456489402083, 53.39685453578873], [-3.10614779915912, 53.39684617921076], [-3.106152461509869, 53.39702591689574], [-3.106753897271549, 53.39702034202142], [-3.106758562205621, 53.39720007966436], [-3.1070592812777815, 53.397197291073226], [-3.107063947528631, 53.39737702869227], [-3.107364667817194, 53.39737423932575], [-3.107369335384849, 53.39755397692089], [-3.107670056889815, 53.39755118677898], [-3.1076747257743036, 53.397730924350235], [-3.107975448495668, 53.39772813343291], [-3.107980118697016, 53.397907870980234], [-3.10828084263478, 53.39790507928751], [-3.108285514153016, 53.39808481681093], [-3.10918768946468, 53.39807643713477], [-3.10917833887861, 53.39771696219133], [-3.1088776163582783, 53.39771975613756], [-3.1088729424073023, 53.39754001863906], [-3.1082714997490597, 53.397545604223474], [-3.108262157064342, 53.39718612913651], [-3.1088635946561824, 53.39718054362486], [-3.1088589208560378, 53.397000806109176], [-3.1094603557136162, 53.39699521760507], [-3.1094463270155233, 53.3964560051328], [-3.1091456134115325, 53.396458799708846], [-3.1091315889656768, 53.3959195871304], [-3.1088308791109314, 53.39592238089467], [-3.108816858917049, 53.39538316821004], [-3.109117564972385, 53.39538037450036], [-3.109112890408521, 53.39520063694555], [-3.1097142998354443, 53.39519504729111], [-3.1097189769321925, 53.39537478480952], [-3.1100196828366378, 53.39537198882834], [-3.1100243612501495, 53.395551726322815], [-3.110325068370727, 53.39554892956626], [-3.1103297481010297, 53.395728667036764], [-3.110931164724085, 53.395723071215706], [-3.1109358470376876, 53.395902808644045], [-3.1118379753939296, 53.395894409178965], [-3.1118332892808938, 53.395714671805344], [-3.112133997365701, 53.395711870487546], [-3.1121293100366088, 53.39553213312642], [-3.1124300168045336, 53.3955293310697], [-3.112425328259413, 53.395349593721114], [-3.1118239172060416, 53.39535519704089], [-3.111819231244223, 53.39517545965007], [-3.1112178225221045, 53.395181059904736], [-3.1112084558153463, 53.39482158503294], [-3.111509157668768, 53.39481878532066], [-3.1115044731245574, 53.3946390478944], [-3.112105874147428, 53.39463344623489], [-3.1120871263435737, 53.39391449661846], [-3.112387821713951, 53.39391169472598], [-3.112378445581868, 53.39355221991987], [-3.1138819090139176, 53.393538199283306], [-3.1138866033862973, 53.39371793659789], [-3.11478868463864, 53.39370951507578], [-3.114779288346569, 53.39335004055054], [-3.114177905960721, 53.39335565558258], [-3.1141685149358755, 53.392996180961276], [-3.1138678261997326, 53.39299898730507], [-3.113853743839969, 53.39245977527528], [-3.11415442877739, 53.392456968986295], [-3.1141591241130477, 53.392636706317], [-3.1144598102661942, 53.392633899252665], [-3.1144645069185954, 53.39281363655939], [-3.1150658816057986, 53.39280802012285], [-3.11507058084122, 53.39298775738726], [-3.1162733346739806, 53.39297651535592], [-3.116263926123739, 53.39261704096781], [-3.115963240273899, 53.39261985257467], [-3.115958537340897, 53.39244011535371], [-3.1153571680219194, 53.392445736259546], [-3.11535246767192, 53.392265998996244], [-3.1150517842027985, 53.39226880829524], [-3.1150470851695515, 53.39208907100792], [-3.1147464029160847, 53.392091879531556], [-3.1147417051995636, 53.39191214222019], [-3.1144410241617533, 53.391914949968495], [-3.1144269351138183, 53.391375737945154], [-3.1147276123531604, 53.39137293025172], [-3.1147323099181006, 53.391552667580264], [-3.1156343451313417, 53.39154423990281], [-3.115629643767976, 53.39136450262915], [-3.1165316747276943, 53.39135606819311], [-3.1165363798894807, 53.39153580541186], [-3.1171377361418915, 53.39153017863262], [-3.1171424438865882, 53.39170991580898], [-3.118044481683855, 53.39170146990721], [-3.1180350586482426, 53.39134199565878], [-3.117734381965429, 53.39134481167974], [-3.117724961664746, 53.39098533737168], [-3.1186269839644636, 53.39097688714771], [-3.118617556269898, 53.39061741292677], [-3.11801621318511, 53.390623047093065], [-3.1180115019460084, 53.39044330993728], [-3.117710831593667, 53.39044612586656], [-3.1177061216712905, 53.39026638868671], [-3.118307459793197, 53.39026075610784], [-3.1183121722476805, 53.390440493251], [-3.1201161929928443, 53.390423577235794], [-3.1201114729420603, 53.390243840202814], [-3.119510135428692, 53.39024948186589], [-3.1195054179607444, 53.39006974479044], [-3.1192047503939806, 53.39007256446806], [-3.119200034242793, 53.38989282736851], [-3.1188993678913284, 53.38989564627078], [-3.1188946530568744, 53.389715909147114], [-3.1185939879207103, 53.38971872727403], [-3.118589274402963, 53.38953899012628], [-3.1188899382731305, 53.38953617201772], [-3.1188805088577674, 53.38917669774172], [-3.1194818313820605, 53.389171059327026], [-3.119477114218528, 53.38899132221715], [-3.1203790938265668, 53.38898285897285], [-3.120388535800124, 53.38934233307664], [-3.1206891980998566, 53.3893395104445], [-3.120693920428776, 53.38951924746941], [-3.121295247407817, 53.38951359989733], [-3.121281072977637, 53.38897438891571], [-3.120980413311411, 53.38897721302506], [-3.12097568986892, 53.388797476001336], [-3.12127634826921, 53.38879465191037], [-3.121271623611596, 53.38861491489929], [-3.121572280695148, 53.38861209006975], [-3.121577006618686, 53.388791827062434], [-3.1221783231651385, 53.38878617509563], [-3.122168866305237, 53.38842670117815], [-3.121868210589259, 53.38842952750322], [-3.1218634835014822, 53.38824979051747], [-3.1215628290005584, 53.38825261606718], [-3.121558103229503, 53.388072879057276], [-3.1212574499436343, 53.38807570383164], [-3.121252725489271, 53.38789596679761], [-3.1215533775092714, 53.38789314204164], [-3.1215486518398654, 53.387713405020286], [-3.1212480010857186, 53.38771622975784], [-3.121238552431043, 53.3873567556611], [-3.120637255833674, 53.38736240279181], [-3.1206325341141796, 53.38718266569806], [-3.1209331811724463, 53.387179842529555], [-3.12092845823793, 53.387000105448436], [-3.1215297496704664, 53.38699445687742], [-3.1215344751365834, 53.387174193921744], [-3.1221357688974365, 53.38716854228622], [-3.122140496945998, 53.38734827928799], [-3.1230424410033093, 53.38733979610245], [-3.123037709157316, 53.387160059155946], [-3.1242402954579727, 53.38714873771857], [-3.1242355585996906, 53.38696900084002], [-3.1245362037817372, 53.3869661686068], [-3.1245314657086203, 53.38678643174096], [-3.125132753388273, 53.386780765040655], [-3.1251280128345837, 53.386601028206], [-3.1248273702860065, 53.386603861916164], [-3.1248226310490494, 53.386424125057296], [-3.124521989715253, 53.3864269579921], [-3.1245172517950017, 53.386247221109016], [-3.1248178918630596, 53.38624438819269], [-3.124808413643985, 53.38588491444627], [-3.12450777610736, 53.38588774732573], [-3.124503038339966, 53.38570801042545], [-3.124202402018087, 53.38571084252956], [-3.1241929291675103, 53.38535136867493], [-3.123291027490366, 53.385359860335306], [-3.1232862949384574, 53.38518012334409], [-3.1229856622099263, 53.38518295236536], [-3.122980930974556, 53.38500321534997], [-3.1253859812518425, 53.38498056213477], [-3.125404946999843, 53.385699509571786], [-3.125705583117836, 53.385696674440126], [-3.1256913549333487, 53.385157463926376], [-3.125991987203335, 53.38515462809321], [-3.1259824994707657, 53.384795154425625], [-3.126283129158472, 53.384792317872545], [-3.1262783841031005, 53.38461258104863], [-3.1265790124741675, 53.38460974375716], [-3.1265695199853303, 53.38425027012901], [-3.126870145774175, 53.38424743211767], [-3.1268606509583776, 53.383887958503514], [-3.1271612741650454, 53.383885119772295], [-3.127151777022391, 53.383525646172174], [-3.126249914842449, 53.38353415998442], [-3.126245170144264, 53.3833544231203], [-3.1271470285276615, 53.38334590936349], [-3.1271422800839965, 53.38316617254906], [-3.12744289817752, 53.38316333313499], [-3.127438148519434, 53.38298359633333], [-3.1277387652963955, 53.38298075618091], [-3.127734014423913, 53.382801019392], [-3.1280346298843114, 53.38279817850125], [-3.1280251257617158, 53.38243870494321], [-3.1283257386401133, 53.382435863332695], [-3.128306725946498, 53.381716916221734], [-3.1286073337121496, 53.381714073928464], [-3.128602579401154, 53.38153433715487], [-3.1292037922483162, 53.38152865033503], [-3.1291895220300034, 53.380989440090914], [-3.1294901245808293, 53.38098659560141], [-3.1294853666783755, 53.38080685886042], [-3.1297859679127207, 53.38080401363268], [-3.1297669317533963, 53.380085066685375], [-3.1300675278754375, 53.38008222077503], [-3.1300342077103207, 53.3788240635259], [-3.130635382087943, 53.37881836969456], [-3.1306258574408368, 53.378458896217296], [-3.1309264420225524, 53.37845604820367], [-3.1309169150500438, 53.378096574740525], [-3.131217497050308, 53.37809372600731], [-3.131193674190026, 53.37719504234169], [-3.13149424981372, 53.37719219294457], [-3.1314894841303285, 53.37701245621279], [-3.131790058437752, 53.37700960607758], [-3.1317805246946855, 53.37665013263387], [-3.1320810964208436, 53.37664728177915], [-3.1320620244899042, 53.37592833489706], [-3.13236259110494, 53.37592548335999], [-3.132348283900278, 53.375386273193826], [-3.13264884666929, 53.375383420955856], [-3.1326345361314925, 53.37484421079371], [-3.1323339771571033, 53.37484706297597], [-3.1323196708753986, 53.37430785270639], [-3.132019115644238, 53.37431070407636], [-3.1320095809090653, 53.37395123049747], [-3.132310133610625, 53.373948379164645], [-3.1322958280979942, 53.37340916880893], [-3.1319952791907313, 53.373412020086036], [-3.1319905120537994, 53.37323228327077], [-3.132291059696322, 53.37322943201218], [-3.1322767547989074, 53.372690221587554], [-3.1319762109505205, 53.37269307279041], [-3.1319619103085103, 53.37215386225838], [-3.1316613702028864, 53.37215671264904], [-3.131637543147608, 53.3712580282213], [-3.131036475428853, 53.37126372654755], [-3.131031712700653, 53.371083989607655], [-3.130130114532255, 53.371092531367744], [-3.1301253556489574, 53.3709127943665], [-3.129524292476653, 53.37091848505374], [-3.129519536173629, 53.37073874800971], [-3.128016883671014, 53.370752961396896], [-3.128021633651254, 53.37093269853349], [-3.126819505671631, 53.37094405570063], [-3.1268242506446424, 53.37112379290542], [-3.125622116790496, 53.37113513804272], [-3.1256268567561603, 53.37131487531565], [-3.1247252520366438, 53.371323376280856], [-3.1247299882594497, 53.37150311360341], [-3.124429451986478, 53.37150594576392], [-3.1244341869955834, 53.37168568309918], [-3.1235325740774122, 53.37169417509704], [-3.1235373053435143, 53.371873912481846], [-3.1232367663377327, 53.37187674165319], [-3.123241496390052, 53.37205647905069], [-3.122940956068765, 53.37205930748398], [-3.1229551427368136, 53.37259851969724], [-3.1220535100858275, 53.37260700062365], [-3.122058235282739, 53.37278673807183], [-3.1217576896994097, 53.372789563552615], [-3.1217718618007555, 53.3733287759179], [-3.1211707628933123, 53.37333442472025], [-3.1211943714301498, 53.37423311206486], [-3.121494927233224, 53.374230287950006], [-3.121504373533014, 53.37458976281093], [-3.121804931814986, 53.37458693790272], [-3.1218143808476437, 53.37494641270386], [-3.1224155023186437, 53.37494076054407], [-3.1224296838380226, 53.37547997259235], [-3.1221291193332306, 53.375482799105754], [-3.1221385714037564, 53.375842273812744], [-3.1215374371820053, 53.3758479246433], [-3.1215516080791033, 53.376387136771115], [-3.12125103709713, 53.37638996110667], [-3.121246314678956, 53.37621022371807], [-3.120945744911188, 53.376213047278576], [-3.1209410238087623, 53.37603330986586], [-3.1206404552552014, 53.37603613265136], [-3.1206310157325365, 53.37567665777196], [-3.12033044965813, 53.375679479764074], [-3.120321012868303, 53.375320004824985], [-3.1206215764128604, 53.3753171828696], [-3.1206168568291415, 53.37513744540981], [-3.120917419058051, 53.37513462271624], [-3.1209126982601867, 53.37495488526908], [-3.120612137296167, 53.3749577079443], [-3.1206074178139387, 53.37477797047303], [-3.1200062982634327, 53.37478361351691], [-3.1199968645106315, 53.37442413848369], [-3.119696307189013, 53.374426958834015], [-3.11968687616873, 53.37406748374111], [-3.1193863213260737, 53.374070303298154], [-3.1194193219302906, 53.37532846615143], [-3.119118758182886, 53.37533128508037], [-3.119132898264536, 53.37587049770079], [-3.119433465806742, 53.375867678716794], [-3.1194476101394346, 53.37640689123049], [-3.119748181425869, 53.37640407143479], [-3.1197528975698257, 53.376583808909515], [-3.1203540425205523, 53.37657816701143], [-3.120358761245245, 53.3767579044437], [-3.120659334909523, 53.376755082341326], [-3.1206640549499802, 53.37693481974947], [-3.1197623300098685, 53.37694328384177], [-3.119757613764491, 53.37676354637851], [-3.119457039948041, 53.37676636621095], [-3.1194523250183894, 53.376586628723594], [-3.1191517524162573, 53.37658944778103], [-3.1191470388023035, 53.37640971026958], [-3.118846467414492, 53.37641252855202], [-3.118832330671649, 53.37587331592818], [-3.117930627589044, 53.37588176607059], [-3.1179259192376128, 53.37570202846282], [-3.1170242194942346, 53.37571047174065], [-3.1170336286579716, 53.37606994706042], [-3.116733059445738, 53.37607276000977], [-3.1167518733202426, 53.37679171065378], [-3.1170524475924783, 53.37678889763118], [-3.117057152452575, 53.37696863525952], [-3.1173577279392575, 53.37696582146195], [-3.117353021814126, 53.37678608385191], [-3.1176535959851726, 53.376783269316014], [-3.117648888645624, 53.37660353171858], [-3.1182500343058175, 53.376597900413486], [-3.118254744175403, 53.37677763797426], [-3.11855531819456, 53.37677482116839], [-3.118560029379821, 53.37695455870509], [-3.1188606046133525, 53.37695174112424], [-3.1188700296659464, 53.377311216143696], [-3.1185694519023133, 53.37731403376122], [-3.1185741632395456, 53.377493771280704], [-3.117973005030172, 53.37749940428249], [-3.1179588787607986, 53.376960191596815], [-3.1176583033753347, 53.3769630069077], [-3.1176865487792913, 53.37804143233742], [-3.1173859657527263, 53.37804424700162], [-3.1173812593239667, 53.377864509426004], [-3.1170806775119115, 53.3778673233152], [-3.1170759723988604, 53.37768758571555], [-3.1164748111531893, 53.377693211187285], [-3.116441894489062, 53.37643504757258], [-3.1161413226457224, 53.37643785904528], [-3.1161366217323736, 53.376258121344804], [-3.1158360511034813, 53.37626093204254], [-3.115845450450719, 53.3766204074744], [-3.1155448772412893, 53.37662321745212], [-3.1155542742605977, 53.37698269289762], [-3.115253698470584, 53.376985502155264], [-3.1152630931618615, 53.37734497761442], [-3.1155636714819916, 53.37734216832019], [-3.115568370168473, 53.377521906022864], [-3.1158689497031613, 53.37751909595367], [-3.115883049861065, 53.37805830897241], [-3.1161836331405297, 53.37805549809161], [-3.1161930360287724, 53.37841497337215], [-3.1164936217879617, 53.37841216169807], [-3.116498324573073, 53.37859189931142], [-3.1167989115468506, 53.37858908686231], [-3.1168083197991368, 53.3789485620352], [-3.117710088007987, 53.378940120037754], [-3.1177195040538335, 53.379299595077754], [-3.1174189121710816, 53.379302409870256], [-3.117428325888969, 53.379661884923955], [-3.116827136910719, 53.37966751231213], [-3.1168318413150793, 53.379847249867034], [-3.1162306496039744, 53.37985287426492], [-3.1162212459068277, 53.37949339907612], [-3.116521839257173, 53.379490587292175], [-3.1165077302950004, 53.37895137452093], [-3.115906551135033, 53.37895699722227], [-3.115901850779156, 53.37877725958376], [-3.115300673947391, 53.378782879221646], [-3.115295976172406, 53.37860314154082], [-3.1149953889459185, 53.37860595020641], [-3.1149859960777984, 53.37824647479098], [-3.1146854113311226, 53.37824928266332], [-3.114680716237947, 53.378069544928685], [-3.114380132705922, 53.37807235202604], [-3.114389520412474, 53.37843182752611], [-3.11408893429969, 53.37843463390334], [-3.1140936269635118, 53.378614371663026], [-3.114394214341459, 53.378611565267526], [-3.114412990562141, 53.379330516175855], [-3.1141123981234027, 53.37933332264446], [-3.114121784006123, 53.37969279810078], [-3.1144223789753376, 53.37968999159561], [-3.1144270732576533, 53.3798697292969], [-3.114727669441649, 53.37986692201674], [-3.1147323650397136, 53.380046659694], [-3.115032962438489, 53.38004385163881], [-3.1150376593523323, 53.380223589292065], [-3.1153382579658846, 53.38022078046185], [-3.115342956195533, 53.38040051809107], [-3.114741756387324, 53.38040613503133], [-3.114760539688482, 53.38112508563717], [-3.11506114467917, 53.38112227747228], [-3.1150705391634763, 53.38148175270422], [-3.114769931642042, 53.38148456090568], [-3.114774627694571, 53.38166429853134], [-3.114474018857245, 53.381667105994325], [-3.1144693240701105, 53.381487368350385], [-3.113868108774805, 53.38149298096944], [-3.1138728010311487, 53.38167271864994], [-3.1135721920424047, 53.38167552384257], [-3.1135675010514583, 53.38149578614382], [-3.1129662854534446, 53.3815013942222], [-3.1129756624241653, 53.381860869687024], [-3.1132762727791983, 53.3818580659897], [-3.1132809626056104, 53.38203780369524], [-3.113581574175634, 53.38203499922287], [-3.1135909565106497, 53.38239447458026], [-3.113891570561114, 53.38239166931456], [-3.1139009556288637, 53.38275114461245], [-3.1132997224155994, 53.38275675446012], [-3.11329503238745, 53.38257701677752], [-3.1129944169706367, 53.38257982054784], [-3.11298972825839, 53.38240008284125], [-3.112689114056621, 53.38240288583654], [-3.112679739314278, 53.3820434103696], [-3.112379127592998, 53.38204621257159], [-3.112369755583117, 53.381686737045236], [-3.112069146342285, 53.38168953845392], [-3.1120644616783313, 53.38150980066391], [-3.1114632455763522, 53.38151540117448], [-3.1114538814610966, 53.38115592550429], [-3.1123556979462257, 53.3811475237127], [-3.1123510121680398, 53.380967785923715], [-3.111749803759038, 53.38097338783842], [-3.1117451205619315, 53.38079365000723], [-3.11144451754723, 53.38079644981118], [-3.111439835665818, 53.38061671195603], [-3.1105380301156953, 53.38062510677267], [-3.110566099382739, 53.38170353414562], [-3.110866708875321, 53.381700736520855], [-3.110876068230982, 53.38206021222956], [-3.111176680204087, 53.38205741381153], [-3.111181361222848, 53.38223715163908], [-3.1114819744110593, 53.38223435244606], [-3.1114866567456136, 53.382414090249625], [-3.1117872711489296, 53.38241129028156], [-3.111791954799308, 53.38259102806116], [-3.112092570417724, 53.38258822731806], [-3.1120972553839508, 53.38276796507366], [-3.112397872217469, 53.382765163555504], [-3.1124072448320734, 53.38312463901306], [-3.11210662546755, 53.38312744056771], [-3.1121113105849236, 53.38330717830613], [-3.1115100691736965, 53.38331277918143], [-3.111505386587371, 53.38313304140655], [-3.1112047670717415, 53.38313584069073], [-3.11120008580128, 53.38295610289185], [-3.1108994675008206, 53.382958901400976], [-3.110908827561045, 53.38331837702939], [-3.1112094483925423, 53.38331557848383], [-3.1112141297636873, 53.38349531627124], [-3.1109135076666514, 53.383498114835035], [-3.1109228680288528, 53.38385759042906], [-3.110622243350366, 53.38386038827246], [-3.1106456388086445, 53.38475907724837], [-3.110946269815171, 53.384756279313876], [-3.1109509503234376, 53.384936017073635], [-3.1106503180512637, 53.38493881502635], [-3.1106596766874657, 53.385298290565125], [-3.1103590418336298, 53.385301087797394], [-3.110345007751799, 53.384761874426005], [-3.109743745487196, 53.38476746651065], [-3.1097390700918086, 53.384587728672315], [-3.109438440149716, 53.3845905235611], [-3.109429092041018, 53.38423104783081], [-3.1088278370685227, 53.384236635265054], [-3.1088231656207665, 53.38405689735491], [-3.1085225393247558, 53.38405968991857], [-3.1085318797392936, 53.38441916576947], [-3.1088325085665165, 53.384416373169444], [-3.1088371801147474, 53.38459611106811], [-3.109137810157359, 53.384593317693046], [-3.1091471559358324, 53.3849527934368], [-3.1094477884594816, 53.38494999926846], [-3.1094618113011396, 53.38548921278653], [-3.1091611749804526, 53.38549200700946], [-3.109156501915324, 53.38531226915765], [-3.1082545964488633, 53.38532064723051], [-3.108245258063417, 53.384961171400555], [-3.107944625338834, 53.38496396254135], [-3.1079492932407815, 53.38514370047737], [-3.1076486592003283, 53.385146490879485], [-3.107634659442051, 53.38460727699973], [-3.10733402914838, 53.384610066590454], [-3.1073386944186447, 53.38478980457428], [-3.1070380628091607, 53.38479259342629], [-3.1070427268639387, 53.38497233142254], [-3.106742093938638, 53.38497511953584], [-3.1067560826068763, 53.38551433354472], [-3.1079586291952794, 53.385503176332236], [-3.1079773017067027, 53.38622212797318], [-3.1076766600719483, 53.386224918484324], [-3.1076859940973445, 53.386584394306766], [-3.10618277251324, 53.386598335690366], [-3.1061967549406657, 53.387137549653424], [-3.105896106675987, 53.3871403357138], [-3.1059100857570034, 53.38767954967972], [-3.1056094336446574, 53.38768233503758], [-3.105604775166735, 53.387502597036516], [-3.1053041242701536, 53.38750538161929], [-3.1052994671081855, 53.38732564359438], [-3.104998817427369, 53.38732842740207], [-3.1049941615813275, 53.38714868935331], [-3.104693513116277, 53.38715147238592], [-3.104702822326742, 53.387510948513984], [-3.104402171279938, 53.38751373082588], [-3.104406824694393, 53.38769346889945], [-3.1041061723316745, 53.38769625047254], [-3.1041154767789476, 53.3880557266387], [-3.1044161316734438, 53.388052945029386], [-3.104420785238044, 53.388232683085775], [-3.104721441348399, 53.38822990070137], [-3.104726096228969, 53.38840963873389], [-3.1059287252333085, 53.38839850155406], [-3.1059333852276803, 53.38857823950831], [-3.1062340436194353, 53.388575453302785], [-3.1062387049298708, 53.38875519123317], [-3.1059380452721688, 53.388757977456855], [-3.1059427053667785, 53.38893771539966], [-3.1056420443929977, 53.38894050088451], [-3.105646703271753, 53.3891202388397], [-3.1053460409818907, 53.389123023585704], [-3.10534138336911, 53.388943285612356], [-3.1050407222951275, 53.38894606958321], [-3.105036065998402, 53.38876633158602], [-3.1044347462321387, 53.388771897220515], [-3.10443939999694, 53.388951635253974], [-3.1041387387727615, 53.38895441695385], [-3.1041340862739233, 53.38877467890227], [-3.10383342626567, 53.388777459827054], [-3.103819472867196, 53.38823824558363], [-3.103518816606732, 53.38824102569712], [-3.103523466423609, 53.3884207638021], [-3.1032228088472116, 53.388423543176714], [-3.103246052351923, 53.38932223370617], [-3.1029453883956957, 53.38932501241428], [-3.102950035980627, 53.38950475052108], [-3.102649370708405, 53.389507528490284], [-3.1026633099650116, 53.39004674283061], [-3.1020619716744453, 53.390052296606505], [-3.1020573277377026, 53.389872558462606], [-3.1017566597835415, 53.38987533419696], [-3.1017613024542343, 53.390055072358926], [-3.101159963864022, 53.390060621592674], [-3.1011646040525154, 53.39024035978507], [-3.102066615661136, 53.39023203474467], [-3.102071259697775, 53.39041177287709], [-3.1023719314001803, 53.39040899633149], [-3.102395158663223, 53.39130768681731], [-3.102695836646256, 53.39130490942424], [-3.1027004835149192, 53.39148464748613], [-3.1011970867694307, 53.391498526971326], [-3.1011924462315674, 53.391318788819035], [-3.1008917679988386, 53.39132156242682], [-3.100887128777035, 53.39114182425073], [-3.100586451760559, 53.39114459708341], [-3.1005818138547894, 53.39096485888355], [-3.100281138054564, 53.39096763094112], [-3.1002672284348836, 53.39042841625299], [-3.0999665563831167, 53.39043118749936], [-3.0999711916070463, 53.3906109257525], [-3.0996705182393307, 53.390613696259884], [-3.099679786304519, 53.39097317278509], [-3.099379110354725, 53.39097594257147], [-3.0993883760869934, 53.39133541910988], [-3.0996890545690774, 53.39133264928737], [-3.099693688776122, 53.391512387529936], [-3.099393009027871, 53.39151515737046], [-3.099402275059124, 53.39187463387449], [-3.0997029573397468, 53.39187186399788], [-3.099712226102755, 53.392231340442905], [-3.1000129108659578, 53.39222856977313], [-3.100026818183072, 53.39276778434359], [-3.0994254410093363, 53.392773325034305], [-3.099416174479747, 53.392413848587566], [-3.0991154883506296, 53.39241661776119], [-3.0991108564268215, 53.392236879511174], [-3.0988101715141165, 53.392239647909726], [-3.098796279840238, 53.39170043307126], [-3.0981949174626786, 53.391705967488896], [-3.0982180578392793, 53.392604659037914], [-3.0979173702447076, 53.39260742520121], [-3.0979219972031027, 53.39278716351185], [-3.097621308292497, 53.392789928936075], [-3.0976259340343817, 53.392969667258996], [-3.0973252438077417, 53.39297243194411], [-3.0973391175330094, 53.39351164693257], [-3.097038423457704, 53.393514410914584], [-3.0970476703239167, 53.39387388758094], [-3.0961455802016173, 53.39388217509218], [-3.096140960542696, 53.39370243670789], [-3.0955395694120558, 53.393707957893774], [-3.095548803714155, 53.39406743472854], [-3.0952481055416157, 53.39407019422175], [-3.095252721500782, 53.394249932648535], [-3.0940499232487237, 53.39426096312178], [-3.094040701511043, 53.39390148611879], [-3.093439307152889, 53.39390699674078], [-3.093443915464189, 53.39408673528101], [-3.0928425183750177, 53.394092242910325], [-3.0928471242031152, 53.39427198148069], [-3.0934485238250584, 53.39426647381552], [-3.093453132235498, 53.394446212344306], [-3.0937538332385195, 53.39444345735806], [-3.093758442964942, 53.394623195863176], [-3.094359847355042, 53.39461768358331], [-3.094364459663896, 53.39479742204683], [-3.0952665696761885, 53.39478914789451], [-3.095271185833964, 53.394968886298386], [-3.094970481279733, 53.39497164512428], [-3.094975096220714, 53.3951513835404], [-3.0946743903503924, 53.3951541416271], [-3.094669776675861, 53.394974403193004], [-3.093767662566539, 53.394982672856244], [-3.0937768823664817, 53.395342149826426], [-3.094077589652111, 53.395339393993275], [-3.094082200892942, 53.39551913245182], [-3.0934807837391385, 53.39552464339684], [-3.093476175031264, 53.39534490490239], [-3.0931754676464744, 53.39534765922117], [-3.0931846825788196, 53.39570713624023], [-3.092883972611493, 53.39570988983772], [-3.092888578885499, 53.395889628356585], [-3.092287156269196, 53.39589513331586], [-3.092291760059706, 53.39607487186488], [-3.0913896219642982, 53.396083123678615], [-3.091394222004714, 53.39626286227565], [-3.0910935079407236, 53.39626561138374], [-3.091098106764068, 53.396445349992945], [-3.0907973913840543, 53.39644809836173], [-3.090792793827265, 53.39626835973461], [-3.090492079664351, 53.39627110732831], [-3.0904966759545864, 53.39645084597332], [-3.0901959604756746, 53.39645359282769], [-3.0902005555487833, 53.39663333148487], [-3.089599121909548, 53.39663882295778], [-3.089594529369581, 53.39645908426484], [-3.0892938137424255, 53.39646182884759], [-3.0892892225184174, 53.396282090131045], [-3.088387079140357, 53.396290319282464], [-3.088396254038366, 53.39664979681704], [-3.0886969710802163, 53.39664705448804], [-3.088701559869829, 53.39682679322889], [-3.089002278128906, 53.39682405012482], [-3.089006868234481, 53.39700378884207], [-3.0902097458432882, 53.39699280878208], [-3.090218936335516, 53.3973522860564], [-3.089016048593757, 53.39736326625941], [-3.0890252291505456, 53.39772274365388], [-3.0887245045583325, 53.39772548684729], [-3.0887290936441265, 53.39790522555381], [-3.0884283677358786, 53.397907968007836], [-3.0884421314893715, 53.39844718414666], [-3.0869384822076458, 53.398460885325804], [-3.0869430638905575, 53.398640624116545], [-3.0866423326195713, 53.39864336209842], [-3.086637752203385, 53.39846362328983], [-3.0863370221498534, 53.39846636049659], [-3.086341601299309, 53.398646099322995], [-3.0860408699297888, 53.398648835790326], [-3.0860591819531664, 53.39936779111005], [-3.086359918389739, 53.39936505457143], [-3.086364497785503, 53.399544793369245], [-3.0866652354396096, 53.39954205605547], [-3.0866789777229537, 53.400081272361106], [-3.086077494764532, 53.40008674633826], [-3.086082073090502, 53.40026648513101], [-3.0845783584985065, 53.400280156910036], [-3.084582930539391, 53.400459895786135], [-3.0842821862065133, 53.40046262788777], [-3.0842913279020623, 53.40082210565839], [-3.083990580986231, 53.40082483703831], [-3.083986011380768, 53.40064509813807], [-3.0833845199354397, 53.40065055859034], [-3.083389087007105, 53.400830297526134], [-3.08368983402124, 53.40082756766089], [-3.0836944024089528, 53.4010073065732], [-3.083393654127902, 53.401010036456235], [-3.083398221297834, 53.4011897753806], [-3.0836989708458087, 53.401187045479794], [-3.083703539331814, 53.40136678438066], [-3.0846057914816143, 53.40135859008079], [-3.0846286536535628, 53.4022572842325], [-3.084027139599739, 53.40226274803437], [-3.0840225696009793, 53.40208300917988], [-3.08372181376732, 53.40208573992697], [-3.0837172450847197, 53.40190600104898], [-3.0831157358039505, 53.401911460235496], [-3.0831248681503, 53.40227093805689], [-3.0825233536050276, 53.402276394285046], [-3.0825187899413113, 53.40209665534167], [-3.081917277733674, 53.40210210850481], [-3.081912716653049, 53.40192236952019], [-3.081611961742617, 53.40192509494796], [-3.0816165215562443, 53.402104833950325], [-3.0810150090542314, 53.402110282569275], [-3.081028681187285, 53.40264949964856], [-3.081329441263895, 53.40264677566455], [-3.0813522354683456, 53.403545470593635], [-3.0816530018313153, 53.403542745763495], [-3.081662122390681, 53.40390222365961], [-3.0819628912388457, 53.403899498036566], [-3.08196745285927, 53.4040792369583], [-3.082268222925507, 53.40407651056007], [-3.08227278586217, 53.404256249458314], [-3.08137047171476, 53.40426442643402], [-3.0813659125795825, 53.40408468748251], [-3.0807643721036952, 53.404090134977004], [-3.0807734853544173, 53.404449612945285], [-3.0798711666699163, 53.404457778612766], [-3.0798666138215802, 53.40427803957827], [-3.079265070321338, 53.40428347953399], [-3.0792605200563203, 53.404103740458375], [-3.0780574375371605, 53.40411461120982], [-3.0780665279787427, 53.40447408949698], [-3.078367301216271, 53.40447137290987], [-3.07837184777761, 53.404651112027175], [-3.078672622233421, 53.404648394664925], [-3.0786771701108866, 53.40482813375882], [-3.078977945784979, 53.404825415621424], [-3.078987044221163, 53.40518489375666], [-3.0792878223807705, 53.4051821748264], [-3.0792923729395296, 53.405361913867736], [-3.078991593512672, 53.405364632815704], [-3.079014340704418, 53.406263328025204], [-3.078713554892156, 53.40626604630426], [-3.0787181032100173, 53.40644578534671], [-3.0784173160814854, 53.40644850288596], [-3.0784218631809366, 53.406628241940425], [-3.0775194976998184, 53.40663639006636], [-3.077524041046105, 53.40681612916815], [-3.077223251187253, 53.40681884371284], [-3.077232335491711, 53.407178321934666], [-3.0775331278853315, 53.40717560735463], [-3.0775285844412767, 53.40699586826426], [-3.0781301665470724, 53.406990436867055], [-3.078125620617149, 53.40681069780633], [-3.078426410329312, 53.40680798098916], [-3.0784309575266096, 53.406987720032184], [-3.078731748457223, 53.40698500243981], [-3.0787362969708334, 53.4071647414594], [-3.077833920230068, 53.40717289201708], [-3.077838464990413, 53.40735263108409], [-3.0772368777172465, 53.40735806103702], [-3.077245962314934, 53.407717539224556], [-3.0823594909869434, 53.407671287438994], [-3.0823503632970066, 53.40731180985401], [-3.083252741634005, 53.40730362515517], [-3.083243606536175, 53.40694414765395], [-3.0817396550694904, 53.406957784853454], [-3.0817350939311137, 53.406778046005414], [-3.082035883055289, 53.406775320098276], [-3.0820313206986327, 53.406595581262295], [-3.0823321085063675, 53.40659285461542], [-3.0823275449314615, 53.40641311579149], [-3.0835306906019104, 53.406402201700175], [-3.0835352592461645, 53.40658194045303], [-3.0838360468082606, 53.4065792100187], [-3.0838314768966706, 53.40639947128364], [-3.0841322631422634, 53.40639674010962], [-3.0841231209319635, 53.40603726265794], [-3.084423904593749, 53.406034530762014], [-3.0844193322950755, 53.40585479204538], [-3.085622461380978, 53.405843856958214], [-3.085617884062389, 53.405664118307115], [-3.085918664943505, 53.40566138265946], [-3.085914086406902, 53.405481644020455], [-3.0862148659714945, 53.405478907633174], [-3.0862194457753596, 53.40565864625437], [-3.08652022655794, 53.4056559090918], [-3.0865431326528943, 53.40655460202281], [-3.0862423455338064, 53.406557339274514], [-3.0862469256333274, 53.4067370778614], [-3.08594613719762, 53.406739814373445], [-3.0859507160790614, 53.40691955297244], [-3.085649926326733, 53.406922288744816], [-3.0856545039900682, 53.40710202735589], [-3.0850529218029243, 53.40710749666379], [-3.0850574969807423, 53.40728723530478], [-3.08626066622756, 53.40727629358771], [-3.086269826870117, 53.40763577070996], [-3.0871722108922497, 53.407627556361305], [-3.0871538745955873, 53.40690860230793], [-3.087755453557984, 53.40690312243068], [-3.087760040092903, 53.40708286091692], [-3.088060830767453, 53.4070801198242], [-3.088065418619098, 53.40725985828687], [-3.0892685858930586, 53.407248886269535], [-3.089277771883621, 53.407608363034754], [-3.090480948506075, 53.40759737875426]], [[-3.0871538745955873, 53.40690860230793], [-3.086853085040402, 53.40691134111028], [-3.086848502356893, 53.406731602564804], [-3.087149290644724, 53.40672886378028], [-3.0871538745955873, 53.40690860230793]], [[-3.088019542323837, 53.40546247340289], [-3.0877187630550886, 53.40546521433492], [-3.0877141769642704, 53.40528547579719], [-3.088014954965777, 53.40528273488303], [-3.088019542323837, 53.40546247340289]], [[-3.085904929481474, 53.40512216672527], [-3.085002598095642, 53.40513037123547], [-3.0849980235084806, 53.40495063252587], [-3.0846972475486414, 53.40495336582991], [-3.0846926742779055, 53.40477362709678], [-3.0852942236139524, 53.40476815976689], [-3.0852987994191055, 53.404947898464386], [-3.0859003510926484, 53.40494242806911], [-3.085904929481474, 53.40512216672527]], [[-3.0888989245289142, 53.404555553673575], [-3.08829737891039, 53.404561039146245], [-3.08829279053192, 53.404381300615626], [-3.0885935620986977, 53.404378558275894], [-3.088588972502432, 53.404198819757426], [-3.088889742752674, 53.404196076678126], [-3.0888989245289142, 53.404555553673575]], [[-3.089190512953522, 53.40419333284139], [-3.088889742752674, 53.404196076678126], [-3.08888515193864, 53.404016338171814], [-3.089185920872345, 53.40401359435296], [-3.089190512953522, 53.40419333284139]], [[-3.0870805372996912, 53.404032785179226], [-3.086779768020541, 53.40403552369617], [-3.0867751861258363, 53.403855785059164], [-3.0864744180645287, 53.40385852280086], [-3.0864652569572364, 53.40349904547404], [-3.085863725755261, 53.403504518613886], [-3.0858591478097295, 53.403324779906264], [-3.0861599121682515, 53.40332204373286], [-3.0861553330048874, 53.403142305037335], [-3.086756859039959, 53.403136830453995], [-3.08676144073749, 53.40331656911387], [-3.087062204948178, 53.40331383066829], [-3.0870805372996912, 53.404032785179226]], [[-3.0858774598873713, 53.40404373470248], [-3.0855766904111235, 53.404046470189755], [-3.0855721135849716, 53.403866731481465], [-3.085872881794082, 53.403863996012], [-3.0858774598873713, 53.40404373470248]], [[-3.0855721135849716, 53.403866731481465], [-3.0849705770190456, 53.403872200148136], [-3.0849660027763868, 53.403692461398485], [-3.084364468547868, 53.40369792699989], [-3.084359896888652, 53.40351818820893], [-3.083758364997625, 53.403523650745115], [-3.083753795921797, 53.40334391191288], [-3.083453031169644, 53.403346642027074], [-3.0834484634100607, 53.40316690317131], [-3.084651517055324, 53.40315597824127], [-3.084656089883261, 53.403335717025854], [-3.0849568544387074, 53.40333298388208], [-3.0849614285829423, 53.40351272264313], [-3.0855629600803884, 53.4035072540477], [-3.0855721135849716, 53.403866731481465]], [[-3.0897782695088893, 53.403648627520504], [-3.089477503208252, 53.403651372818395], [-3.0894683168575248, 53.40329189583727], [-3.0897690806239706, 53.40328915057511], [-3.0897782695088893, 53.403648627520504]], [[-3.089172144925232, 53.40347437885333], [-3.0888713797928804, 53.403477122618575], [-3.0888667891764046, 53.403297384089385], [-3.088265261297734, 53.40330286931194], [-3.0882606732648012, 53.403123130741314], [-3.087959910518498, 53.403125872198636], [-3.0879553238019892, 53.40294613360441], [-3.0882560852812286, 53.40294339216494], [-3.0882514973470148, 53.40276365358287], [-3.088853017623299, 53.40275816846751], [-3.0888621986093163, 53.403117645554495], [-3.0891629612075, 53.40311490182499], [-3.089172144925232, 53.40347437885333]], [[-3.0834484634100607, 53.40316690317131], [-3.083147699875857, 53.40316963251034], [-3.0831431334324924, 53.40298989363108], [-3.0834438956996193, 53.40298716430984], [-3.0834484634100607, 53.40316690317131]], [[-3.0879553238019892, 53.40294613360441], [-3.0876545622734066, 53.40294887428648], [-3.0876499768732963, 53.40276913566871], [-3.0879507371348276, 53.402766395004484], [-3.0879553238019892, 53.40294613360441]], [[-3.0831431334324924, 53.40298989363108], [-3.0828423711162385, 53.40299262219493], [-3.082837805989065, 53.40281288329219], [-3.0825370448907625, 53.40281561108089], [-3.0825324810797516, 53.40263587215464], [-3.0831340006931436, 53.40263041585542], [-3.0831431334324924, 53.40298989363108]], [[-3.0876499768732963, 53.40276913566871], [-3.087349216562434, 53.40277187557556], [-3.087344632478695, 53.402592136934196], [-3.0876453915225173, 53.4025893970452], [-3.0876499768732963, 53.40276913566871]], [[-3.086747695792772, 53.4027773531171], [-3.0861461748259504, 53.4027828276291], [-3.086141595810376, 53.40260308891642], [-3.0867431142431143, 53.40259761444006], [-3.086747695792772, 53.4027773531171]], [[-3.083430192863137, 53.402447947691094], [-3.0831294343971587, 53.402450676959006], [-3.0831248681503, 53.40227093805689], [-3.083425625349255, 53.40226820880676], [-3.083430192863137, 53.402447947691094]], [[-3.0900376759314905, 53.402028235191686], [-3.0897369210837096, 53.40203098108603], [-3.089732327061373, 53.4018512425647], [-3.090033080642174, 53.40184849668825], [-3.0900376759314905, 53.402028235191686]], [[-3.0894315734311504, 53.40185398768381], [-3.0888300660224894, 53.40185947564997], [-3.088825475850475, 53.40167973706928], [-3.088223970778226, 53.40168522197028], [-3.0882193831895046, 53.40150548334819], [-3.0879186318462977, 53.40150822464478], [-3.0879094593507843, 53.40114874734768], [-3.0891124542919566, 53.40113777776005], [-3.089117045582756, 53.401317516339994], [-3.0894177954615274, 53.40131477203186], [-3.0894315734311504, 53.40185398768381]], [[-3.086724788537367, 53.401878659674736], [-3.0861232802406935, 53.40188413400846], [-3.0861187014714226, 53.40170439526719], [-3.0867202072341486, 53.40169892096911], [-3.086724788537367, 53.401878659674736]], [[-3.0861187014714226, 53.40170439526719], [-3.085517195511662, 53.401709866535825], [-3.085512619325573, 53.40153012775318], [-3.08611412275141, 53.401524656520195], [-3.0861187014714226, 53.40170439526719]], [[-3.090907747585395, 53.40076182369608], [-3.090005509944408, 53.40077006554749], [-3.090000915001131, 53.400590327004004], [-3.0897001702888036, 53.400593072755264], [-3.089695576661827, 53.40041333418817], [-3.090898550147015, 53.40040234671076], [-3.090907747585395, 53.40076182369608]], [[-3.088196445986178, 53.400606790151784], [-3.0875949559195845, 53.40061227180914], [-3.0875903711607204, 53.400432533117005], [-3.0872896273203096, 53.40043527279184], [-3.0872850438776305, 53.40025553407614], [-3.0866835585826258, 53.40026101111821], [-3.0866789777229537, 53.400081272361106], [-3.087280460484259, 53.40007579535472], [-3.087275877140192, 53.39989605662757], [-3.0878773571706013, 53.399890576627634], [-3.087891114951809, 53.40042979268484], [-3.0881918586935635, 53.40042705149535], [-3.088196445986178, 53.400606790151784]], [[-3.089695576661827, 53.40041333418817], [-3.0893948331669545, 53.400416079164245], [-3.0893902408562517, 53.40023634057354], [-3.0896909830842665, 53.40023359561536], [-3.089695576661827, 53.40041333418817]], [[-3.092980714771853, 53.39948439753236], [-3.092679978155427, 53.399487150749216], [-3.0926753721570877, 53.39930741232687], [-3.0929761075067312, 53.39930465912792], [-3.092980714771853, 53.39948439753236]], [[-3.0926753721570877, 53.39930741232687], [-3.0923746367578944, 53.3993101647685], [-3.092370032075872, 53.3991304263225], [-3.0926707662082973, 53.39912767389881], [-3.0926753721570877, 53.39930741232687]], [[-3.092069297893913, 53.39913317798895], [-3.0917685636624337, 53.3991359288981], [-3.091763961563457, 53.39895619041053], [-3.092064694528181, 53.39895343951929], [-3.092069297893913, 53.39913317798895]], [[-3.0896588294249696, 53.398975425445535], [-3.089057362654781, 53.39898091435431], [-3.0890527720060295, 53.398801175699994], [-3.0887520398136026, 53.39880391900059], [-3.0887474504809718, 53.3986241803227], [-3.088446719505912, 53.39862692284815], [-3.0884421314893715, 53.39844718414666], [-3.089344320466262, 53.398438954352024], [-3.0893489122829694, 53.39861869299992], [-3.0896496431098806, 53.39861594820264], [-3.0896588294249696, 53.398975425445535]], [[-3.092060091211969, 53.398773701043915], [-3.0914586277665017, 53.39877920203328], [-3.0914540270332695, 53.39859946351638], [-3.092055487945279, 53.398593962562835], [-3.092060091211969, 53.398773701043915]], [[-3.104070702939377, 53.3979440940773], [-3.10346925360961, 53.3979496555029], [-3.1034506491029026, 53.39723070419058], [-3.1031499294294678, 53.3972334836951], [-3.1031452796944636, 53.397053745834604], [-3.102844561237606, 53.397056524563816], [-3.1028399128191975, 53.39687678667946], [-3.102539195578917, 53.39687956463337], [-3.102520607471493, 53.396160612966405], [-3.1022198952474116, 53.39616339009072], [-3.1022106040266335, 53.3958039141867], [-3.101909894285595, 53.39580669051768], [-3.1019006057976597, 53.39544721455458], [-3.102201313005736, 53.39544443825975], [-3.1022059584912003, 53.39562417622611], [-3.1025066669157813, 53.395621399156035], [-3.1025113137177005, 53.395801137098545], [-3.1031127329498656, 53.39579558065068], [-3.103117382334767, 53.39597531855128], [-3.1034180931423374, 53.39597253917348], [-3.1034227438437623, 53.39615227705023], [-3.1037234558678164, 53.39614949689715], [-3.1037281078857917, 53.39632923475008], [-3.1040288211263296, 53.39632645382167], [-3.104033474460883, 53.39650619165077], [-3.1043341889179024, 53.396503409947044], [-3.1043388435690606, 53.39668314775231], [-3.104639559242559, 53.39668036527327], [-3.1046442152103513, 53.39686010305466], [-3.1049449321003286, 53.396857319800304], [-3.104949589384781, 53.39703705755784], [-3.1046488712282283, 53.39703984083034], [-3.1046535272961893, 53.397219578600286], [-3.104352807822963, 53.397222361133686], [-3.104362117575923, 53.39758183669262], [-3.1040613955193996, 53.397584618505036], [-3.104070702939377, 53.3979440940773]], [[-3.0992591027035195, 53.39798850067122], [-3.098657651775712, 53.397994037865125], [-3.0986530208404295, 53.397814299756575], [-3.099254469234922, 53.397808762598736], [-3.0992591027035195, 53.39798850067122]], [[-3.09082957566639, 53.397706268591364], [-3.0905288513706544, 53.39770901632821], [-3.09052425473431, 53.39752927772324], [-3.0908249777633947, 53.397526530004285], [-3.09082957566639, 53.397706268591364]], [[-3.095914165244996, 53.39658101142886], [-3.0956134493915712, 53.39658377193089], [-3.095608831520324, 53.396404033596504], [-3.095909546107194, 53.39640127311244], [-3.095914165244996, 53.39658101142886]], [[-3.105231673587792, 53.39631532253614], [-3.1049309605475566, 53.396318106493325], [-3.1049263034634915, 53.396138368712855], [-3.10432487976579, 53.39614393431938], [-3.1043202252648356, 53.39596419649696], [-3.1040195146073852, 53.39596697814632], [-3.104005555204368, 53.395427764590295], [-3.1046069688703133, 53.39542220064309], [-3.10460231330317, 53.39524246281588], [-3.1043016077616823, 53.39524524514993], [-3.1042829910595557, 53.394526293711266], [-3.1048843919610953, 53.39452072843097], [-3.104879735377948, 53.39434099059323], [-3.1054811335463675, 53.39433542232066], [-3.105485792662282, 53.39451516012211], [-3.105786492937709, 53.394512374831976], [-3.105791153370137, 53.39469211260959], [-3.1060918548618304, 53.394689326544146], [-3.1060965166107968, 53.394869064297886], [-3.106397219318756, 53.394866277457155], [-3.106401882384289, 53.39504601518701], [-3.1067025863085105, 53.39504322757095], [-3.1067072506906377, 53.39522296527694], [-3.1073086609214187, 53.39521738773704], [-3.1073133278866143, 53.39539712540097], [-3.107914740449487, 53.39539154479609], [-3.107919409997803, 53.395571282417926], [-3.108220117470363, 53.39556849096156], [-3.108229459250642, 53.39592796615166], [-3.1073273290834114, 53.39593633835828], [-3.1073226619676095, 53.39575660071158], [-3.107021953077931, 53.3957593899146], [-3.107026618927243, 53.39593912757949], [-3.1067259087208856, 53.39594191604349], [-3.1067119151229394, 53.395402702977165], [-3.1064112086658335, 53.39540549062952], [-3.1064065454999814, 53.39522575291111], [-3.1061058402591653, 53.395228539788164], [-3.106115164108117, 53.395588015255505], [-3.105814456284241, 53.39559080141167], [-3.1058237778008118, 53.3959502768924], [-3.1055230673938325, 53.39595306232769], [-3.105527726960815, 53.396132800077595], [-3.1052270152372077, 53.39613558477382], [-3.105231673587792, 53.39631532253614]], [[-3.09530811688378, 53.39640679332336], [-3.095007402197577, 53.396409552293], [-3.0950027869090917, 53.39622981391695], [-3.095303500328751, 53.39622705496528], [-3.09530811688378, 53.39640679332336]], [[-3.1081967638988983, 53.394669802886014], [-3.106693257694772, 53.39468375214185], [-3.1066885934631596, 53.3945040144187], [-3.1063878933381623, 53.39450680198028], [-3.1063832304231, 53.39432706423323], [-3.106082531514326, 53.3943298510195], [-3.106077869915787, 53.39415011324859], [-3.106378567558193, 53.39414732648045], [-3.1063692419788453, 53.39378785095774], [-3.106970632047792, 53.393782275222705], [-3.106975297345069, 53.393962012950624], [-3.1075766897459673, 53.39395643415077], [-3.1075813576261284, 53.39413617183663], [-3.1078820550176225, 53.39413338128283], [-3.1078867242143553, 53.39431311894477], [-3.1081874228219903, 53.39431032761568], [-3.1081967638988983, 53.394669802886014]], [[-3.109080169869324, 53.39394247390145], [-3.108478777970716, 53.39394806027256], [-3.1084741063417556, 53.393768322635516], [-3.108173411583407, 53.393771114667196], [-3.108168741271018, 53.393591377006246], [-3.108469434763045, 53.39358858499274], [-3.1084647632345823, 53.39340884734426], [-3.1087654554100546, 53.39340605459183], [-3.108760782665545, 53.39322631695578], [-3.108159400796942, 53.39323190166715], [-3.1081547306352553, 53.39305216398901], [-3.1078540408918784, 53.39305495519085], [-3.1078400345069714, 53.392515742067495], [-3.108441406345965, 53.39251015901579], [-3.1084460776231975, 53.39268989669294], [-3.108746764733576, 53.39268710401328], [-3.108751437327307, 53.39286684166652], [-3.109052125653679, 53.39286404821157], [-3.109056799563935, 53.393043785840874], [-3.1093574891063, 53.393040991610626], [-3.109371514937585, 53.39358020440956], [-3.109070821596343, 53.39358299869442], [-3.109080169869324, 53.39394247390145]], [[-3.1039683323318554, 53.393989861522186], [-3.1036676355550603, 53.39399264221514], [-3.1036629841875554, 53.393812904287735], [-3.103963679698004, 53.393810123612894], [-3.1039683323318554, 53.393989861522186]], [[-3.104865765929029, 53.39380177704564], [-3.103963679698004, 53.393810123612894], [-3.1039590271141972, 53.39363038569788], [-3.1048611095462277, 53.39362203918499], [-3.104865765929029, 53.39380177704564]], [[-3.1120730660200224, 53.39337528434593], [-3.1117723743981713, 53.39337808542656], [-3.111767688990763, 53.393198347972685], [-3.1120683793463284, 53.393195546910306], [-3.1120730660200224, 53.39337528434593]], [[-3.1063599166001135, 53.39342837541209], [-3.1057585313958342, 53.39343394804603], [-3.105753871314296, 53.393254210228335], [-3.106355253985975, 53.393248637630684], [-3.1063599166001135, 53.39342837541209]], [[-3.111767688990763, 53.393198347972685], [-3.1111663081284546, 53.393203947826144], [-3.1111616253039895, 53.39302421033007], [-3.110560246772755, 53.393029807118644], [-3.1105555665311804, 53.39285006958038], [-3.111457630453705, 53.39284167331654], [-3.111462314494061, 53.39302141080012], [-3.111763003633751, 53.393018610513074], [-3.111767688990763, 53.393198347972685]], [[-3.1078587097872847, 53.393234692887184], [-3.107558018727408, 53.393237483350084], [-3.107553351098283, 53.39305774563558], [-3.1078540408918784, 53.39305495519085], [-3.1078587097872847, 53.393234692887184]], [[-3.1117395776046113, 53.39211992312904], [-3.1114388947960836, 53.3921227233249], [-3.1114342110076274, 53.39194298581265], [-3.111734892549963, 53.391940185635036], [-3.1117395776046113, 53.39211992312904]], [[-3.1114342110076274, 53.39194298581265], [-3.1105321660784044, 53.39195138180309], [-3.110527486138862, 53.39177164423042], [-3.1099261251333687, 53.39177723773561], [-3.109921447776497, 53.39159750012078], [-3.109620768464449, 53.391600295719556], [-3.109616092424041, 53.39142055808081], [-3.1108188043057172, 53.39140937121618], [-3.11082348541074, 53.39158910878207], [-3.1111241645214736, 53.39158631015505], [-3.1111288469430116, 53.39176604769699], [-3.1114295272695474, 53.39176324829467], [-3.1114342110076274, 53.39194298581265]], [[-3.1165175595459775, 53.39081685650249], [-3.115916213220086, 53.39082248010698], [-3.115911510792894, 53.39064274282869], [-3.116512854586615, 53.39063711926081], [-3.1165175595459775, 53.39081685650249]], [[-3.1156061377096176, 53.39046581617476], [-3.115004796144624, 53.390471435163875], [-3.1150000976167624, 53.390291697819194], [-3.115601436649637, 53.39028607886668], [-3.1156061377096176, 53.39046581617476]], [[-3.1174007439286657, 53.39008946663672], [-3.116799408034942, 53.390095094636834], [-3.1167947020119624, 53.389915357390514], [-3.116494035255198, 53.389918170236726], [-3.11648933054885, 53.38973843296637], [-3.1170906614797316, 53.389732806553596], [-3.117095368718111, 53.38991254378728], [-3.1173960353736305, 53.38990972942706], [-3.1174007439286657, 53.39008946663672]], [[-3.1149953991394352, 53.39011196046879], [-3.1140933940092927, 53.390120383165076], [-3.1140886993806016, 53.389940645754066], [-3.1149907007126414, 53.38993222311264], [-3.1149953991394352, 53.39011196046879]], [[-3.1140886993806016, 53.389940645754066], [-3.1134873649067587, 53.38994625706331], [-3.113482672860605, 53.38976651961001], [-3.1131820068140024, 53.38976932411084], [-3.113177316084324, 53.389589586633576], [-3.112876651253281, 53.389592390359105], [-3.112871961840051, 53.38941265285787], [-3.113473288919692, 53.38940704468625], [-3.113477980864917, 53.38958678215101], [-3.1137786455950454, 53.389583976911425], [-3.113783338856744, 53.38976371435217], [-3.1140840048024034, 53.38976090833733], [-3.1140886993806016, 53.389940645754066]], [[-3.118269761981908, 53.38882285875608], [-3.117668444115872, 53.3888284910415], [-3.117663734649383, 53.38864875381003], [-3.1167617612682776, 53.38865719650583], [-3.116757055650194, 53.38847745921364], [-3.116456399021176, 53.388480271913316], [-3.11645169471961, 53.388300534597086], [-3.1161510393059038, 53.38830334652147], [-3.116141633386327, 53.387943871835155], [-3.116442286268259, 53.387941059947416], [-3.1164469904686376, 53.38812079727511], [-3.1170482986124677, 53.38811517119209], [-3.1170530053952263, 53.38829490847743], [-3.1176543158683536, 53.38828927932992], [-3.117659025233543, 53.388469016572834], [-3.1188616506355173, 53.38845774912086], [-3.118866365115021, 53.38863748628468], [-3.1182650499835565, 53.3886431215613], [-3.118269761981908, 53.38882285875608]], [[-3.107732667235999, 53.38838177307508], [-3.107432010360971, 53.38838456304735], [-3.1074226778634793, 53.388025087303184], [-3.1071220234700836, 53.38802787648215], [-3.107117358562505, 53.38784813858331], [-3.106816705384827, 53.387850926987156], [-3.1068120417932934, 53.38767118906442], [-3.106511389831335, 53.38767397669316], [-3.1064927410301273, 53.3869550248723], [-3.1067933879287155, 53.386952237316194], [-3.106788724587957, 53.38677249936483], [-3.1073900157030483, 53.38676692201812], [-3.107404013470712, 53.38730613574612], [-3.1077046627504528, 53.387303345882856], [-3.107709330039218, 53.38748308376256], [-3.108009980534611, 53.387480293124185], [-3.108014649139432, 53.38766003097999], [-3.107713997378179, 53.38766282163652], [-3.107732667235999, 53.38838177307508]], [[-3.108925949077417, 53.38801113005392], [-3.10862529493508, 53.388013923017695], [-3.1086206236980667, 53.38783418520975], [-3.1089212765745176, 53.38783139226414], [-3.108925949077417, 53.38801113005392]], [[-3.105008129269674, 53.38768790348244], [-3.1047074770070644, 53.38769068656942], [-3.104702822326742, 53.387510948513984], [-3.1050034733234844, 53.387508165445105], [-3.105008129269674, 53.38768790348244]], [[-3.124226085035957, 53.38660952706574], [-3.1236247995821422, 53.386615189187644], [-3.1236200654081925, 53.38643545225501], [-3.1239207068948107, 53.38643262159096], [-3.1239159715060363, 53.38625288467103], [-3.12421661167599, 53.38625005326846], [-3.124226085035957, 53.38660952706574]], [[-3.1100958232354885, 53.38674178649003], [-3.1097951781551343, 53.38674458235419], [-3.1097905022066192, 53.3865648445789], [-3.1100911460211877, 53.38656204873294], [-3.1100958232354885, 53.38674178649003]], [[-3.1091892144266327, 53.386570434000035], [-3.108888570461242, 53.38657322757523], [-3.108883898360341, 53.3863934897396], [-3.108583255610479, 53.38639628253968], [-3.1085739140909228, 53.386036806814865], [-3.1091751944773796, 53.38603122053055], [-3.1091892144266327, 53.386570434000035]], [[-3.110377754647081, 53.38602003887904], [-3.1100771146800916, 53.38602283542726], [-3.110072437666993, 53.38584309764725], [-3.110373076368251, 53.38584030111722], [-3.110377754647081, 53.38602003887904]], [[-3.110072437666993, 53.38584309764725], [-3.109471160113594, 53.385848688436596], [-3.109466485682232, 53.38566895061444], [-3.110067760704192, 53.3856633598615], [-3.110072437666993, 53.38584309764725]], [[-3.1133231733129, 53.38365544278722], [-3.112721927242686, 53.38366104979017], [-3.1127125517946173, 53.383301574403504], [-3.113313792802666, 53.38329596747357], [-3.1133231733129, 53.38365544278722]], [[-3.114178103541643, 53.381849650357005], [-3.11387749333795, 53.3818524563247], [-3.1138728010311487, 53.38167271864994], [-3.114173409969432, 53.38166991270053], [-3.114178103541643, 53.381849650357005]], [[-3.115319465552495, 53.37950182988764], [-3.1150188719999967, 53.379504638644676], [-3.1150141752881755, 53.37932490096851], [-3.115314767575444, 53.379322092229735], [-3.115319465552495, 53.37950182988764]], [[-3.121288818270563, 53.3778278600088], [-3.120988237117451, 53.37783068373479], [-3.120983515558131, 53.37765094637372], [-3.120682935619343, 53.377653769324674], [-3.1206734951831545, 53.37729429454854], [-3.1215752272567645, 53.37728582353605], [-3.1215846752833865, 53.37764529820184], [-3.12128409544615, 53.37764812266612], [-3.121288818270563, 53.3778278600088]], [[-3.1227869941242354, 53.37763399277804], [-3.122486414490265, 53.377636820269], [-3.122476958873224, 53.37727734571362], [-3.1218758045130626, 53.377282998351895], [-3.1218663541595335, 53.37692352369994], [-3.122166928834939, 53.37692069779593], [-3.1221622024693607, 53.37674096047974], [-3.122462775828924, 53.3767381338375], [-3.1224722311409554, 53.37709760842732], [-3.1227728069797425, 53.37709478099161], [-3.1227869941242354, 53.37763399277804]], [[-3.120081775589514, 53.377659412956525], [-3.119480615356773, 53.3776650535617], [-3.1194759001736285, 53.377485316103034], [-3.1191753212462827, 53.37748813525226], [-3.1191706073789076, 53.37730839776948], [-3.1203729177237585, 53.37729711670607], [-3.1203776366514075, 53.377476854115365], [-3.120077057876205, 53.37747967553459], [-3.120081775589514, 53.377659412956525]]]}, "properties": {"kind": "max_footprint", "threshold_pct": 4.0}}, {"type": "Feature", "geometry": {"type": "Polygon", "coordinates": [[[-3.078148350755884, 53.40770939305275], [-3.078143804630312, 53.40752965401488], [-3.0778430097996545, 53.40753237014534], [-3.0778475546577972, 53.407712109200865], [-3.078148350755884, 53.40770939305275]]]}, "properties": {"kind": "max_footprint", "threshold_pct": 7.0}}, {"type": "Feature", "geometry": {"type": "Polygon", "coordinates": [[[-3.0799258046708213, 53.406614646580664], [-3.0799166978474544, 53.40625516864317], [-3.0796159121820814, 53.40625788919466], [-3.079620464301938, 53.40643762818397], [-3.0793196773202567, 53.40644034799571], [-3.0793242282217466, 53.40662008699705], [-3.0799258046708213, 53.406614646580664]]]}, "properties": {"kind": "max_footprint", "threshold_pct": 7.0}}, {"type": "Feature", "geometry": {"type": "Polygon", "coordinates": [[[-3.0832207696515814, 53.40604545380083], [-3.0832116352417263, 53.40568597621957], [-3.0826100725449077, 53.40569143312304], [-3.082614637190703, 53.40587117195208], [-3.0829154198309556, 53.4058684438613], [-3.0829199857931577, 53.406048182666844], [-3.0832207696515814, 53.40604545380083]]]}, "properties": {"kind": "max_footprint", "threshold_pct": 7.0}}, {"type": "Feature", "geometry": {"type": "Polygon", "coordinates": [[[-3.0901249958223675, 53.40544326566999], [-3.0901203995936233, 53.40526352727526], [-3.089518844232712, 53.40526901895045], [-3.089523437926979, 53.405448757380945], [-3.0901249958223675, 53.40544326566999]]]}, "properties": {"kind": "max_footprint", "threshold_pct": 7.0}}, {"type": "Feature", "geometry": {"type": "Polygon", "coordinates": [[[-3.093720504879239, 53.404871037221966], [-3.093715893592532, 53.4046912990251], [-3.0934151203326987, 53.40469405427695], [-3.0934197303522177, 53.40487379249177], [-3.093720504879239, 53.404871037221966]]]}, "properties": {"kind": "max_footprint", "threshold_pct": 7.0}}, {"type": "Feature", "geometry": {"type": "Polygon", "coordinates": [[[-3.0895050634464476, 53.404729803624576], [-3.0895004699498694, 53.40455006517119], [-3.0898012425862222, 53.40454731978386], [-3.0897966478718932, 53.40436758134262], [-3.0894958765027076, 53.40437032671207], [-3.0894912831049677, 53.404190588247246], [-3.089190512953522, 53.40419333284139], [-3.0891996972640934, 53.4045528098011], [-3.0888989245289142, 53.404555553673575], [-3.088903515491123, 53.40473529216271], [-3.0895050634464476, 53.404729803624576]]]}, "properties": {"kind": "max_footprint", "threshold_pct": 7.0}}, {"type": "Feature", "geometry": {"type": "Polygon", "coordinates": [[[-3.0864927408704843, 53.40457747738586], [-3.0864881600950715, 53.404397738748195], [-3.0861873881830277, 53.40440047578596], [-3.0861828087240633, 53.40422073712473], [-3.0858820380299163, 53.40422347338726], [-3.0858774598873713, 53.40404373470248], [-3.0852759208856324, 53.40404920491962], [-3.0852850721513363, 53.40440868235467], [-3.085585844211147, 53.40440594758921], [-3.0855904211850214, 53.40458568628034], [-3.0864927408704843, 53.40457747738586]]]}, "properties": {"kind": "max_footprint", "threshold_pct": 7.0}}, {"type": "Feature", "geometry": {"type": "Polygon", "coordinates": [[[-3.0966912571429983, 53.403405538567945], [-3.0966820100715506, 53.403046062436424], [-3.096381248712463, 53.40304882510059], [-3.0963904932497806, 53.40340830126812], [-3.0966912571429983, 53.403405538567945]]]}, "properties": {"kind": "max_footprint", "threshold_pct": 7.0}}, {"type": "Feature", "geometry": {"type": "Polygon", "coordinates": [[[-3.096381248712463, 53.40304882510059], [-3.096376626518396, 53.40286908700825], [-3.096075866376628, 53.40287184889703], [-3.096080487303649, 53.403051587007376], [-3.096381248712463, 53.40304882510059]]]}, "properties": {"kind": "max_footprint", "threshold_pct": 7.0}}, {"type": "Feature", "geometry": {"type": "Polygon", "coordinates": [[[-3.096075866376628, 53.40287184889703], [-3.096066624671723, 53.402512372659174], [-3.095765867014295, 53.40251513375461], [-3.0957751061851466, 53.40287461002846], [-3.096075866376628, 53.40287184889703]]]}, "properties": {"kind": "max_footprint", "threshold_pct": 7.0}}, {"type": "Feature", "geometry": {"type": "Polygon", "coordinates": [[[-3.0834347604261585, 53.40262768656974], [-3.083430192863137, 53.402447947691094], [-3.0831294343971587, 53.402450676959006], [-3.0831340006931436, 53.40263041585542], [-3.0834347604261585, 53.40262768656974]]]}, "properties": {"kind": "max_footprint", "threshold_pct": 7.0}}, {"type": "Feature", "geometry": {"type": "Polygon", "coordinates": [[[-3.0861370168440643, 53.402423350198006], [-3.0861324379270125, 53.40224361147387], [-3.0858316811707898, 53.402246347540334], [-3.0858362588208252, 53.40242608628229], [-3.0861370168440643, 53.402423350198006]]]}, "properties": {"kind": "max_footprint", "threshold_pct": 7.0}}, {"type": "Feature", "geometry": {"type": "Polygon", "coordinates": [[[-3.0858316811707898, 53.402246347540334], [-3.0858271035700016, 53.40206660879267], [-3.085526348031535, 53.40206934408396], [-3.08553092436532, 53.402249082849444], [-3.0858316811707898, 53.402246347540334]]]}, "properties": {"kind": "max_footprint", "threshold_pct": 7.0}}, {"type": "Feature", "geometry": {"type": "Polygon", "coordinates": [[[-3.0870301252312737, 53.402055660053925], [-3.0870255426117814, 53.401875921371854], [-3.086724788537367, 53.401878659674736], [-3.0867293698898726, 53.402058398374656], [-3.0870301252312737, 53.402055660053925]]]}, "properties": {"kind": "max_footprint", "threshold_pct": 7.0}}, {"type": "Feature", "geometry": {"type": "Polygon", "coordinates": [[[-3.085526348031535, 53.40206934408396], [-3.085521771746982, 53.40188960531276], [-3.0852210174262718, 53.40189233982885], [-3.0852255924438343, 53.402072078617856], [-3.085526348031535, 53.40206934408396]]]}, "properties": {"kind": "max_footprint", "threshold_pct": 7.0}}, {"type": "Feature", "geometry": {"type": "Polygon", "coordinates": [[[-3.0852210174262718, 53.40189233982885], [-3.085216442457928, 53.40171260103413], [-3.0849156893549767, 53.401715334775055], [-3.0849202630563433, 53.4018950735876], [-3.0852210174262718, 53.40189233982885]]]}, "properties": {"kind": "max_footprint", "threshold_pct": 7.0}}, {"type": "Feature", "geometry": {"type": "Polygon", "coordinates": [[[-3.089750703447268, 53.40257019661567], [-3.0897415151554717, 53.40221071960162], [-3.089140002777668, 53.402216209154005], [-3.089135411239894, 53.402036470602646], [-3.088533901198493, 53.402041957089835], [-3.08852931224408, 53.401862218496994], [-3.0882285584163016, 53.401864960586686], [-3.088223970778226, 53.40168522197028], [-3.0879232181680636, 53.40168796328474], [-3.0879186318462977, 53.40150822464478], [-3.0876178804537533, 53.40151096518405], [-3.08761329544827, 53.40133122652051], [-3.087011795049105, 53.401336705291314], [-3.087016377520697, 53.40151644399055], [-3.0873171290118826, 53.40151370496599], [-3.087321712799731, 53.40169344364163], [-3.087622465508561, 53.40169070384187], [-3.0876270506126957, 53.40187044249399], [-3.087927804539169, 53.401867701919016], [-3.0879323909596166, 53.40204744054755], [-3.0882331461037325, 53.40204469919736], [-3.088237733840518, 53.4022244378023], [-3.088839246514662, 53.40221895279413], [-3.0888438368348243, 53.40239869135766], [-3.089144594364837, 53.40239594769964], [-3.0891491860014035, 53.40257568623956], [-3.089750703447268, 53.40257019661567]]]}, "properties": {"kind": "max_footprint", "threshold_pct": 7.0}}, {"type": "Feature", "geometry": {"type": "Polygon", "coordinates": [[[-3.099652533268709, 53.4015804908252], [-3.099647897536175, 53.401400752885266], [-3.0999486469445157, 53.401397982052316], [-3.0999440099949385, 53.40121824412472], [-3.099643261853513, 53.4012210149396], [-3.09963862622072, 53.40104127698819], [-3.098736385297985, 53.401049584834766], [-3.0987410171300698, 53.40122932284027], [-3.0984402687892465, 53.40123209062584], [-3.098444899404243, 53.40141182864366], [-3.0987456490119847, 53.40140906084006], [-3.0987502809437295, 53.40158879883412], [-3.099652533268709, 53.4015804908252]]]}, "properties": {"kind": "max_footprint", "threshold_pct": 7.0}}, {"type": "Feature", "geometry": {"type": "Polygon", "coordinates": [[[-3.087011795049105, 53.401336705291314], [-3.087007212626808, 53.40115696658636], [-3.0867064636202044, 53.40115970481791], [-3.0867110447755675, 53.401339443540714], [-3.087011795049105, 53.401336705291314]]]}, "properties": {"kind": "max_footprint", "threshold_pct": 7.0}}, {"type": "Feature", "geometry": {"type": "Polygon", "coordinates": [[[-3.093665172712935, 53.40271417848194], [-3.0936559513796973, 53.40235470194515], [-3.0927536808680887, 53.40236296472869], [-3.09274907407687, 53.402183226397874], [-3.0924483184075267, 53.40218597912639], [-3.092443712932855, 53.40200624077194], [-3.092142958480952, 53.40200899272516], [-3.0921383543228, 53.401829254347064], [-3.09153684780436, 53.40183475594561], [-3.091532246229661, 53.401655017525925], [-3.0912314941631407, 53.40165776717129], [-3.091226893904895, 53.401478028727986], [-3.0906253921572953, 53.40148352571078], [-3.09062079448241, 53.40130378722597], [-3.0900192950708383, 53.40130928114361], [-3.0900146999792604, 53.40112954261727], [-3.089713951466242, 53.40113228842221], [-3.0897093576910106, 53.400952549872294], [-3.08910786305055, 53.40095803917437], [-3.089117045582756, 53.401317516339994], [-3.0894177954615274, 53.40131477203186], [-3.0894223880686598, 53.40149451058824], [-3.0900238902118473, 53.4014890196642], [-3.090033080642174, 53.40184849668825], [-3.0903338341735376, 53.40184575005442], [-3.0903384307298327, 53.40202548853997], [-3.0912406948281053, 53.40201724404069], [-3.091245295234823, 53.4021969824668], [-3.0918468069202136, 53.40219148231132], [-3.0918514099104297, 53.4023712206959], [-3.0921521669458545, 53.4023684694642], [-3.0921567712526064, 53.402548207825156], [-3.092758287708869, 53.40254270305377], [-3.0927628945992103, 53.402722441373115], [-3.093665172712935, 53.40271417848194]]]}, "properties": {"kind": "max_footprint", "threshold_pct": 7.0}}, {"type": "Feature", "geometry": {"type": "Polygon", "coordinates": [[[-3.102946839094679, 53.40101075657004], [-3.102942189576032, 53.40083101881171], [-3.1026414444678303, 53.400833797163706], [-3.1026460927195965, 53.40101353494012], [-3.102946839094679, 53.40101075657004]]]}, "properties": {"kind": "max_footprint", "threshold_pct": 7.0}}, {"type": "Feature", "geometry": {"type": "Polygon", "coordinates": [[[-3.098736385297985, 53.401049584834766], [-3.0987317535157293, 53.40086984682353], [-3.0984310077086996, 53.40087261457303], [-3.098435638224065, 53.4010523526023], [-3.098736385297985, 53.401049584834766]]]}, "properties": {"kind": "max_footprint", "threshold_pct": 7.0}}, {"type": "Feature", "geometry": {"type": "Polygon", "coordinates": [[[-3.0909169452216645, 53.40112130065851], [-3.0909123463787926, 53.40094156218015], [-3.0906115992810235, 53.40094431023917], [-3.090616196856986, 53.401124048735426], [-3.0909169452216645, 53.40112130065851]]]}, "properties": {"kind": "max_footprint", "threshold_pct": 7.0}}, {"type": "Feature", "geometry": {"type": "Polygon", "coordinates": [[[-3.1035436796423665, 53.40082545983577], [-3.103539027640007, 53.400645722107946], [-3.1032382838987207, 53.40064850195644], [-3.103242934634215, 53.400828239702406], [-3.1035436796423665, 53.40082545983577]]]}, "properties": {"kind": "max_footprint", "threshold_pct": 7.0}}, {"type": "Feature", "geometry": {"type": "Polygon", "coordinates": [[[-3.1026414444678303, 53.400833797163706], [-3.102636796266069, 53.40065405938156], [-3.102336052374731, 53.40065683695815], [-3.1023406993096234, 53.40083657475838], [-3.1026414444678303, 53.400833797163706]]]}, "properties": {"kind": "max_footprint", "threshold_pct": 7.0}}, {"type": "Feature", "geometry": {"type": "Polygon", "coordinates": [[[-3.0984310077086996, 53.40087261457303], [-3.0984217468274085, 53.40051313849733], [-3.0981210035043065, 53.40051590545348], [-3.0981302618518565, 53.400875381565236], [-3.0984310077086996, 53.40087261457303]]]}, "properties": {"kind": "max_footprint", "threshold_pct": 7.0}}, {"type": "Feature", "geometry": {"type": "Polygon", "coordinates": [[[-3.088205620719454, 53.40096626744749], [-3.0882010333281404, 53.400786528802506], [-3.087900287052623, 53.40078927002769], [-3.087895700977549, 53.40060953135914], [-3.0872942108122974, 53.40061501150184], [-3.0873033779442003, 53.40097448890465], [-3.088205620719454, 53.40096626744749]]]}, "properties": {"kind": "max_footprint", "threshold_pct": 7.0}}, {"type": "Feature", "geometry": {"type": "Polygon", "coordinates": [[[-3.1032382838987207, 53.40064850195644], [-3.103233633213258, 53.40046876420476], [-3.1029328906887934, 53.400471543277874], [-3.102937540107404, 53.400651281047665], [-3.1032382838987207, 53.40064850195644]]]}, "properties": {"kind": "max_footprint", "threshold_pct": 7.0}}, {"type": "Feature", "geometry": {"type": "Polygon", "coordinates": [[[-3.0888025257311096, 53.40078104408013], [-3.0887979358553714, 53.40060130546515], [-3.088497190945456, 53.40060404818712], [-3.0885017795543073, 53.400783786819986], [-3.0888025257311096, 53.40078104408013]]]}, "properties": {"kind": "max_footprint", "threshold_pct": 7.0}}, {"type": "Feature", "geometry": {"type": "Polygon", "coordinates": [[[-3.1029328906887934, 53.400471543277874], [-3.102923592001622, 53.40011206772113], [-3.1026228519608066, 53.40011484600075], [-3.1026321481143113, 53.40047432159368], [-3.1029328906887934, 53.400471543277874]]]}, "properties": {"kind": "max_footprint", "threshold_pct": 7.0}}, {"type": "Feature", "geometry": {"type": "Polygon", "coordinates": [[[-3.099314708214694, 53.400145357094644], [-3.0993054401310096, 53.39978588108133], [-3.099004702024697, 53.39978865023726], [-3.099013967574752, 53.40014812628664], [-3.099314708214694, 53.400145357094644]]]}, "properties": {"kind": "max_footprint", "threshold_pct": 7.0}}, {"type": "Feature", "geometry": {"type": "Polygon", "coordinates": [[[-3.099004702024697, 53.39978865023726], [-3.098995436673991, 53.39942917416499], [-3.098694701051416, 53.39943194252755], [-3.0987039638685476, 53.399791418635886], [-3.099004702024697, 53.39978865023726]]]}, "properties": {"kind": "max_footprint", "threshold_pct": 7.0}}, {"type": "Feature", "geometry": {"type": "Polygon", "coordinates": [[[-3.0881735100165897, 53.39970809681241], [-3.088168922970714, 53.39952835812736], [-3.0875674481062125, 53.39953383957049], [-3.087572032618476, 53.399713578291234], [-3.0881735100165897, 53.39970809681241]]]}, "properties": {"kind": "max_footprint", "threshold_pct": 7.0}}, {"type": "Feature", "geometry": {"type": "Polygon", "coordinates": [[[-3.0948359002295707, 53.401444983214354], [-3.0948266694553657, 53.40108550674109], [-3.0945259217349155, 53.40108826466336], [-3.094516693693102, 53.40072878813128], [-3.094215948456801, 53.400731545260285], [-3.094202110566932, 53.400192330365364], [-3.0939013690815895, 53.400195086683205], [-3.0938921466034315, 53.399835610022066], [-3.0935914076021374, 53.39983836554669], [-3.0935775780573205, 53.39929915045823], [-3.0932768428068136, 53.39930190517172], [-3.0932814513387163, 53.399481643558225], [-3.092679978155427, 53.399487150749216], [-3.0926753721570877, 53.39930741232687], [-3.0920739013091656, 53.399312916452864], [-3.092069297893913, 53.39913317798895], [-3.0917685636624337, 53.3991359288981], [-3.091763961563457, 53.39895619041053], [-3.0911624954855035, 53.39896168992119], [-3.0911670950509644, 53.39914142844458], [-3.090866360671003, 53.399144177081894], [-3.0908755574168065, 53.399503654147324], [-3.0911762943303254, 53.39950090547419], [-3.091180894044228, 53.399680643980425], [-3.09027867935488, 53.39968888778163], [-3.090274083441377, 53.3995091492217], [-3.089973346379495, 53.39951189562294], [-3.0899825357223243, 53.39987137277285], [-3.089681796077398, 53.39987411845258], [-3.0896909830842665, 53.40023359561536], [-3.090593209471764, 53.40022535619693], [-3.090588612143094, 53.40004561767206], [-3.09119009362048, 53.4000401209757], [-3.091185493807612, 53.39986038248093], [-3.0920877118520553, 53.39985213181033], [-3.0920923154653988, 53.40003187025136], [-3.0932952772318845, 53.40002085868333], [-3.093299885962097, 53.40020059704693], [-3.093600627546641, 53.40019784224372], [-3.0936098476895157, 53.40055731891785], [-3.0939105917581733, 53.40055456332143], [-3.093915203170879, 53.40073430163198], [-3.0936144578353457, 53.40073705724633], [-3.0936190680307716, 53.40091679556909], [-3.0942205611860025, 53.400911283547146], [-3.094229786793277, 53.401270760103685], [-3.0945305358302795, 53.4012680029208], [-3.0945351499752802, 53.40144774117254], [-3.0948359002295707, 53.401444983214354]], [[-3.0914724302631558, 53.39931841754974], [-3.0911716946659036, 53.39932116696225], [-3.0911670950509644, 53.39914142844458], [-3.091467829381444, 53.399138679049976], [-3.0914724302631558, 53.39931841754974]]]}, "properties": {"kind": "max_footprint", "threshold_pct": 7.0}}, {"type": "Feature", "geometry": {"type": "Polygon", "coordinates": [[[-3.102336052374731, 53.40065683695815], [-3.1023267586549124, 53.40029736134047], [-3.1020260172472787, 53.40030013812357], [-3.1020167262610583, 53.39994066244682], [-3.10171598733709, 53.39994343843645], [-3.101706699084356, 53.39958396270064], [-3.102007435474733, 53.399581186747156], [-3.1019934996700402, 53.39904197315473], [-3.1016927670799403, 53.39904474905395], [-3.1016881231783833, 53.39886501116028], [-3.1013873918050616, 53.39886778628416], [-3.1013920344398844, 53.399047524195915], [-3.101091301749886, 53.39905029858059], [-3.1011005846358537, 53.39940977442306], [-3.1007998493624136, 53.39941254808661], [-3.100809129914541, 53.39977202394231], [-3.1011098677215445, 53.39976925024263], [-3.1011191510069676, 53.40012872603929], [-3.101419891297657, 53.40012595154619], [-3.1014291773164855, 53.40048542728378], [-3.1020306628153507, 53.40047987595336], [-3.1020353084334014, 53.40065961377741], [-3.102336052374731, 53.40065683695815]]]}, "properties": {"kind": "max_footprint", "threshold_pct": 7.0}}, {"type": "Feature", "geometry": {"type": "Polygon", "coordinates": [[[-3.098685438433572, 53.3990724663963], [-3.098676176015011, 53.39871299024214], [-3.098375445409604, 53.39871575777533], [-3.0983847052946976, 53.399075233965526], [-3.098685438433572, 53.3990724663963]]]}, "properties": {"kind": "max_footprint", "threshold_pct": 7.0}}, {"type": "Feature", "geometry": {"type": "Polygon", "coordinates": [[[-3.098366185723733, 53.398356281562236], [-3.0983615559555036, 53.39817654344709], [-3.0980608291003913, 53.39817931016894], [-3.0980654576019346, 53.3983590483021], [-3.098366185723733, 53.398356281562236]]]}, "properties": {"kind": "max_footprint", "threshold_pct": 7.0}}, {"type": "Feature", "geometry": {"type": "Polygon", "coordinates": [[[-3.100161278721372, 53.39798018920108], [-3.100156641452806, 53.397800451182704], [-3.099555193357411, 53.39780599288396], [-3.0995598280926653, 53.397985730938416], [-3.100161278721372, 53.39798018920108]]]}, "properties": {"kind": "max_footprint", "threshold_pct": 7.0}}, {"type": "Feature", "geometry": {"type": "Polygon", "coordinates": [[[-3.0935453108550233, 53.39804098171818], [-3.0935407014530396, 53.39786124330386], [-3.092939251169957, 53.397866751686536], [-3.0929438580385966, 53.39804649013673], [-3.0935453108550233, 53.39804098171818]]]}, "properties": {"kind": "max_footprint", "threshold_pct": 7.0}}, {"type": "Feature", "geometry": {"type": "Polygon", "coordinates": [[[-3.0926431315560423, 53.39804924321013], [-3.092638525954073, 53.397869504742], [-3.0920370753736917, 53.39787500858121], [-3.0920416784423135, 53.3980547470852], [-3.0926431315560423, 53.39804924321013]]]}, "properties": {"kind": "max_footprint", "threshold_pct": 7.0}}, {"type": "Feature", "geometry": {"type": "Polygon", "coordinates": [[[-3.105000822820419, 53.39901417251268], [-3.1049915071993732, 53.3986546971179], [-3.105292236705614, 53.398651912925004], [-3.1052875777035513, 53.39847217523716], [-3.1055883058929763, 53.39846939030513], [-3.105583645674348, 53.398289652629686], [-3.1049821917787463, 53.39829522170023], [-3.104977534143588, 53.39811548398278], [-3.104676808387297, 53.39811826736404], [-3.104672152068899, 53.39793852962274], [-3.104371427529175, 53.39794131222863], [-3.104376082580915, 53.39812104998805], [-3.1040753567244566, 53.39812383185484], [-3.1040800105595996, 53.398303569626655], [-3.1034785561631657, 53.39830913112471], [-3.103473904861369, 53.39812939331665], [-3.103173178854768, 53.39813217291173], [-3.103163878934588, 53.39777269724225], [-3.102863155411275, 53.39777547604386], [-3.1028585067928502, 53.39759573818244], [-3.1025577844861654, 53.3975985162087], [-3.102562431837955, 53.39777825408822], [-3.1022617082146415, 53.39778103137536], [-3.102266354349775, 53.397960769267236], [-3.102567079239737, 53.39795799196202], [-3.1025717266915125, 53.39813772983008], [-3.102872452798144, 53.39813495174951], [-3.102877101566589, 53.398314689593754], [-3.1031778288898884, 53.39831191073787], [-3.103182478975031, 53.39849164855828], [-3.103483207514997, 53.39848886892701], [-3.1034878589168637, 53.39866860672358], [-3.1037885886734933, 53.39866582631697], [-3.1037839360049264, 53.398486088538505], [-3.1040846644448044, 53.39848330739274], [-3.104093972365407, 53.39884278290773], [-3.104695434161785, 53.398837218271936], [-3.1047000907306366, 53.3990169559846], [-3.105000822820419, 53.39901417251268]]]}, "properties": {"kind": "max_footprint", "threshold_pct": 7.0}}, {"type": "Feature", "geometry": {"type": "Polygon", "coordinates": [[[-3.0920370753736917, 53.39787500858121], [-3.0920324723545867, 53.39769527007149], [-3.091431024109464, 53.39770077084591], [-3.091435624595246, 53.397880509391435], [-3.0920370753736917, 53.39787500858121]]]}, "properties": {"kind": "max_footprint", "threshold_pct": 7.0}}, {"type": "Feature", "geometry": {"type": "Polygon", "coordinates": [[[-3.096890286270185, 53.39944853680004], [-3.0968810388534953, 53.39908906045262], [-3.0962795719287466, 53.39909458574653], [-3.096274950828501, 53.398914847528246], [-3.095673486238399, 53.39892036975707], [-3.095668867721331, 53.39874063149709], [-3.09476667426379, 53.39874890910691], [-3.0947620595965684, 53.39856917078731], [-3.094160599576755, 53.398574685371585], [-3.0941559874925937, 53.39839494701033], [-3.09265234290861, 53.398408720129254], [-3.0926477372075536, 53.39822898167255], [-3.0911440977184492, 53.39824273577041], [-3.0911394984003793, 53.39806299721841], [-3.090838771620765, 53.39806574574831], [-3.090834173618847, 53.39788600717269], [-3.0905334480564473, 53.39788875492744], [-3.0905288513706544, 53.39770901632821], [-3.0902281270254726, 53.39771176330782], [-3.090223531655779, 53.39753202468497], [-3.089922808527815, 53.39753477088945], [-3.089936590985203, 53.39807398679453], [-3.090237317913163, 53.39807124053635], [-3.0902465089985913, 53.39843071774204], [-3.090547238410514, 53.39842797069085], [-3.0905518352941024, 53.398607709267196], [-3.090251104615462, 53.398610456336264], [-3.090255700281769, 53.398790194924814], [-3.090556432227142, 53.398787447837826], [-3.0905610292096326, 53.39896718640276], [-3.0908617623723016, 53.39896443854061], [-3.090852565923294, 53.398604961440846], [-3.092656948659213, 53.39858845858022], [-3.092661554459361, 53.39876819702545], [-3.092962286008742, 53.39876544388032], [-3.0929668931251775, 53.39894518230192], [-3.093267625891739, 53.39894242838158], [-3.0932722343244903, 53.39912216677953], [-3.093572968308229, 53.39911941208396], [-3.0935775780573205, 53.39929915045823], [-3.0941790484095506, 53.39929363875938], [-3.094183660741789, 53.39947337709203], [-3.096890286270185, 53.39944853680004]]]}, "properties": {"kind": "max_footprint", "threshold_pct": 7.0}}, {"type": "Feature", "geometry": {"type": "Polygon", "coordinates": [[[-3.096242604518645, 53.39765667983996], [-3.0962379838160654, 53.39747694157588], [-3.095937261679344, 53.397479702925054], [-3.095941881115286, 53.397659441207104], [-3.096242604518645, 53.39765667983996]]]}, "properties": {"kind": "max_footprint", "threshold_pct": 7.0}}, {"type": "Feature", "geometry": {"type": "Polygon", "coordinates": [[[-3.091431024109464, 53.39770077084591], [-3.09142642367317, 53.397521032294655], [-3.0911257007430186, 53.39752378152808], [-3.091130299912664, 53.397703520097245], [-3.091431024109464, 53.39770077084591]]]}, "properties": {"kind": "max_footprint", "threshold_pct": 7.0}}, {"type": "Feature", "geometry": {"type": "Polygon", "coordinates": [[[-3.0911257007430186, 53.39752378152808], [-3.091121101622848, 53.39734404295319], [-3.0905196581474104, 53.397349539112554], [-3.09052425473431, 53.39752927772324], [-3.0911257007430186, 53.39752378152808]]]}, "properties": {"kind": "max_footprint", "threshold_pct": 7.0}}, {"type": "Feature", "geometry": {"type": "Polygon", "coordinates": [[[-3.095030479384712, 53.397308244087434], [-3.095025863847988, 53.39712850574001], [-3.094725144045822, 53.39713126402432], [-3.0947297583159328, 53.39731100238973], [-3.095030479384712, 53.397308244087434]]]}, "properties": {"kind": "max_footprint", "threshold_pct": 7.0}}, {"type": "Feature", "geometry": {"type": "Polygon", "coordinates": [[[-3.1007395306402707, 53.397075954466246], [-3.100734891087943, 53.39689621645534], [-3.1004341734980265, 53.39689898910878], [-3.1004388117837687, 53.39707872713771], [-3.1007395306402707, 53.397075954466246]]]}, "properties": {"kind": "max_footprint", "threshold_pct": 7.0}}, {"type": "Feature", "geometry": {"type": "Polygon", "coordinates": [[[-3.094725144045822, 53.39713126402432], [-3.0947205298253464, 53.39695152565318], [-3.0944198112401446, 53.39695428316231], [-3.094424424194019, 53.3971340215514], [-3.094725144045822, 53.39713126402432]]]}, "properties": {"kind": "max_footprint", "threshold_pct": 7.0}}, {"type": "Feature", "geometry": {"type": "Polygon", "coordinates": [[[-3.1022291866680822, 53.39652286597184], [-3.102224540932762, 53.396343128034154], [-3.1019238273921808, 53.39634590441938], [-3.101919182973361, 53.39616616645789], [-3.101317758275393, 53.396171716920605], [-3.1013131164395626, 53.39599197891722], [-3.1004109828177087, 53.39600029887817], [-3.10042025894016, 53.39635977498757], [-3.1013224001611563, 53.39635145491827], [-3.1013270420968526, 53.39653119291018], [-3.1022291866680822, 53.39652286597184]]]}, "properties": {"kind": "max_footprint", "threshold_pct": 7.0}}, {"type": "Feature", "geometry": {"type": "Polygon", "coordinates": [[[-3.093198505349053, 53.396246351725885], [-3.0931938977094124, 53.396066613236385], [-3.0928931852090553, 53.396069366869746], [-3.09289779158216, 53.39624910537717], [-3.093198505349053, 53.396246351725885]]]}, "properties": {"kind": "max_footprint", "threshold_pct": 7.0}}, {"type": "Feature", "geometry": {"type": "Polygon", "coordinates": [[[-3.1082668283815766, 53.39736586668286], [-3.108262157064342, 53.39718612913651], [-3.1085628758853945, 53.397183336759305], [-3.108558203351831, 53.397003599225414], [-3.1088589208560378, 53.397000806109176], [-3.108854247106169, 53.396821068587755], [-3.108553530868525, 53.39682386168578], [-3.108539513720183, 53.39628464903256], [-3.108238801231897, 53.39628744131883], [-3.1082434722978927, 53.396467178893836], [-3.1079427584928343, 53.39646997044111], [-3.107947428342536, 53.39664970802856], [-3.1076467132207046, 53.396652498836815], [-3.107651381854084, 53.39683223643669], [-3.1073506654154786, 53.39683502650594], [-3.107341330732036, 53.396475551264075], [-3.1070406167763216, 53.39647834053975], [-3.107031284826744, 53.39611886523863], [-3.1067305733538846, 53.3961216537208], [-3.1067212441380616, 53.39576217836045], [-3.106119826107812, 53.39576775298058], [-3.1061291502576496, 53.39612722841357], [-3.1058284386343002, 53.396130014624184], [-3.105833099517924, 53.396309752350206], [-3.105231673587792, 53.39631532253614], [-3.105240990439292, 53.3966747980436], [-3.1061431368585266, 53.396666441520054], [-3.10614779915912, 53.39684617921076], [-3.1067492323876595, 53.39684060437277], [-3.106753897271549, 53.39702034202142], [-3.1076560505376842, 53.39701197403087], [-3.1076653880555485, 53.397371449202], [-3.1082668283815766, 53.39736586668286]]]}, "properties": {"kind": "max_footprint", "threshold_pct": 7.0}}, {"type": "Feature", "geometry": {"type": "Polygon", "coordinates": [[[-3.1049356176817167, 53.39649784426805], [-3.1049309605475566, 53.396318106493325], [-3.1046302474572247, 53.39632088969329], [-3.1046255916396817, 53.39614115189471], [-3.10432487976579, 53.39614393431938], [-3.1043202252648356, 53.39596419649696], [-3.1040195146073852, 53.39596697814632], [-3.104014861422994, 53.39578724030004], [-3.103714151981985, 53.39579002117409], [-3.1037234558678164, 53.39614949689715], [-3.1040241678418288, 53.396146715986845], [-3.1040288211263296, 53.39632645382167], [-3.1043295343168116, 53.39632367213608], [-3.1043341889179024, 53.396503409947044], [-3.1049356176817167, 53.39649784426805]]]}, "properties": {"kind": "max_footprint", "threshold_pct": 7.0}}, {"type": "Feature", "geometry": {"type": "Polygon", "coordinates": [[[-3.1006977764659256, 53.39545831216213], [-3.100693137362737, 53.395278574099706], [-3.10039243117148, 53.3952813465906], [-3.100397069008204, 53.39546108467108], [-3.1006977764659256, 53.39545831216213]]]}, "properties": {"kind": "max_footprint", "threshold_pct": 7.0}}, {"type": "Feature", "geometry": {"type": "Polygon", "coordinates": [[[-3.1088308791109314, 53.39592238089467], [-3.108807512372476, 53.395023693058306], [-3.108206105176762, 53.39502927813342], [-3.108201434512711, 53.39484954051258], [-3.107900732105905, 53.394852331896224], [-3.1079054015035394, 53.39503206953524], [-3.107303994006423, 53.39503765006742], [-3.1072993271416274, 53.39485791239205], [-3.1066979219765556, 53.39486348985927], [-3.1067025863085105, 53.39504322757095], [-3.1070032901825595, 53.39504043919778], [-3.1070079558311217, 53.395220176885566], [-3.1079100709514, 53.395211807168536], [-3.107914740449487, 53.39539154479609], [-3.1082154466555876, 53.39538875335792], [-3.108220117470363, 53.39556849096156], [-3.1085208248926803, 53.39556569874803], [-3.1085301692059164, 53.39592517390175], [-3.1088308791109314, 53.39592238089467]]]}, "properties": {"kind": "max_footprint", "threshold_pct": 7.0}}, {"type": "Feature", "geometry": {"type": "Polygon", "coordinates": [[[-3.1024973734618935, 53.395261923253784], [-3.102488080207936, 53.394902447328676], [-3.1021873768491637, 53.3949052243264], [-3.1021966675702437, 53.39526470028771], [-3.1024973734618935, 53.395261923253784]]]}, "properties": {"kind": "max_footprint", "threshold_pct": 7.0}}, {"type": "Feature", "geometry": {"type": "Polygon", "coordinates": [[[-3.1066979219765556, 53.39486348985927], [-3.1066885934631596, 53.3945040144187], [-3.1063878933381623, 53.39450680198028], [-3.1063832304231, 53.39432706423323], [-3.1057818325554116, 53.394332637048656], [-3.105786492937709, 53.394512374831976], [-3.106087193163006, 53.39450958878468], [-3.1060918548618304, 53.394689326544146], [-3.1063925563033803, 53.39468653972158], [-3.106397219318756, 53.394866277457155], [-3.1066979219765556, 53.39486348985927]]]}, "properties": {"kind": "max_footprint", "threshold_pct": 7.0}}, {"type": "Feature", "geometry": {"type": "Polygon", "coordinates": [[[-3.102478787153902, 53.394542971380645], [-3.1024741407018546, 53.394363233398025], [-3.102173441142295, 53.39436601034149], [-3.102178086327952, 53.39454574834217], [-3.102478787153902, 53.394542971380645]]]}, "properties": {"kind": "max_footprint", "threshold_pct": 7.0}}, {"type": "Feature", "geometry": {"type": "Polygon", "coordinates": [[[-3.0946605494756807, 53.39461492630767], [-3.094651322474, 53.394255449399424], [-3.094350622886167, 53.394258206639165], [-3.094359847355042, 53.39461768358331], [-3.0946605494756807, 53.39461492630767]]]}, "properties": {"kind": "max_footprint", "threshold_pct": 7.0}}, {"type": "Feature", "geometry": {"type": "Polygon", "coordinates": [[[-3.1109124359733293, 53.39500412144506], [-3.1109030719001307, 53.39464464652536], [-3.111203772537532, 53.39464184758845], [-3.111199089310092, 53.39446211013821], [-3.1114997886307343, 53.394459310462395], [-3.1114951041873, 53.39427957302468], [-3.1102923116680197, 53.3942907671122], [-3.1102876323403974, 53.39411102959582], [-3.1099869353510705, 53.39411382620667], [-3.109982257340126, 53.39393408866635], [-3.109080169869324, 53.39394247390145], [-3.109089518343414, 53.39430194908557], [-3.1093902167500165, 53.39429915472792], [-3.1094089193671195, 53.39501810495459], [-3.1100103261605834, 53.39501251382224], [-3.110005647898039, 53.394832776310594], [-3.1106070519573903, 53.39482718218608], [-3.110611732752758, 53.39500691966127], [-3.1109124359733293, 53.39500412144506]]]}, "properties": {"kind": "max_footprint", "threshold_pct": 7.0}}, {"type": "Feature", "geometry": {"type": "Polygon", "coordinates": [[[-3.1057818325554116, 53.394332637048656], [-3.105767851709285, 53.39379342366426], [-3.105166461239218, 53.3937989933423], [-3.105171118938447, 53.3939787311791], [-3.1048704223619157, 53.39398151490056], [-3.1048750788448887, 53.39416125274976], [-3.1054764744805667, 53.39415568451344], [-3.1054811335463675, 53.39433542232066], [-3.1057818325554116, 53.394332637048656]]]}, "properties": {"kind": "max_footprint", "threshold_pct": 7.0}}, {"type": "Feature", "geometry": {"type": "Polygon", "coordinates": [[[-3.103714151981985, 53.39579002117409], [-3.1037048482963114, 53.395430545428134], [-3.104005555204368, 53.395427764590295], [-3.104000902170132, 53.39524802672682], [-3.103700196528531, 53.39525080754656], [-3.103686241525408, 53.39471159386746], [-3.103986943367726, 53.39470881310208], [-3.1039822905336876, 53.394529075215694], [-3.104583691535363, 53.3945235114497], [-3.1045697257352973, 53.3939842978649], [-3.1048704223619157, 53.39398151490056], [-3.104865765929029, 53.39380177704564], [-3.104264375158408, 53.39380734218092], [-3.104269029058606, 53.39398708007212], [-3.1039683323318554, 53.393989861522186], [-3.103972985015753, 53.39416959942574], [-3.1033715888794093, 53.394175160090725], [-3.10338088933182, 53.39453463595311], [-3.1030801886558503, 53.394537415186086], [-3.103084837690683, 53.394717153126784], [-3.102784135698303, 53.39471993162073], [-3.1027934313851464, 53.39507940752112], [-3.1030941359103728, 53.39507662899099], [-3.1031080836149765, 53.39561584274435], [-3.1034087918895654, 53.39561306340275], [-3.1034134424909388, 53.39579280129097], [-3.103714151981985, 53.39579002117409]]]}, "properties": {"kind": "max_footprint", "threshold_pct": 7.0}}, {"type": "Feature", "geometry": {"type": "Polygon", "coordinates": [[[-3.106970632047792, 53.393782275222705], [-3.106965966800698, 53.39360253748907], [-3.106364579264402, 53.393608113187774], [-3.1063599166001135, 53.39342837541209], [-3.106059224023043, 53.393431162107625], [-3.1060685468691362, 53.393790637689555], [-3.106970632047792, 53.393782275222705]]]}, "properties": {"kind": "max_footprint", "threshold_pct": 7.0}}, {"type": "Feature", "geometry": {"type": "Polygon", "coordinates": [[[-3.1120824395186446, 53.393734759200015], [-3.112077752744128, 53.393555021775846], [-3.111777059855976, 53.39355782287471], [-3.1117723743981713, 53.39337808542656], [-3.1111709910032896, 53.39338368531648], [-3.1111663081284546, 53.393203947826144], [-3.1108656176217413, 53.393206746617196], [-3.1108749808891885, 53.39356622162864], [-3.1111756739284946, 53.39356342280111], [-3.1111803569040695, 53.39374316027999], [-3.1120824395186446, 53.393734759200015]]]}, "properties": {"kind": "max_footprint", "threshold_pct": 7.0}}, {"type": "Feature", "geometry": {"type": "Polygon", "coordinates": [[[-3.1060545626752045, 53.393251424308055], [-3.1060499013775047, 53.39307168650275], [-3.1054485211381375, 53.39307725754991], [-3.105453179903263, 53.393256995391496], [-3.1060545626752045, 53.393251424308055]]]}, "properties": {"kind": "max_footprint", "threshold_pct": 7.0}}, {"type": "Feature", "geometry": {"type": "Polygon", "coordinates": [[[-3.1102689155332266, 53.39339207947306], [-3.1102548784563075, 53.39285286682081], [-3.1099541903311065, 53.39285566330414], [-3.10994951267237, 53.39267592572371], [-3.109348138803544, 53.39268151638267], [-3.1093574891063, 53.393040991610626], [-3.1096581785983775, 53.39303819662329], [-3.1096675316348494, 53.393397671791895], [-3.1102689155332266, 53.39339207947306]]]}, "properties": {"kind": "max_footprint", "threshold_pct": 7.0}}, {"type": "Feature", "geometry": {"type": "Polygon", "coordinates": [[[-3.0988194328790684, 53.39259912444006], [-3.0988101715141165, 53.392239647909726], [-3.098509486551605, 53.39224241555114], [-3.0985187453840712, 53.39260189211753], [-3.0988194328790684, 53.39259912444006]]]}, "properties": {"kind": "max_footprint", "threshold_pct": 7.0}}, {"type": "Feature", "geometry": {"type": "Polygon", "coordinates": [[[-3.1091705212614804, 53.38585148269591], [-3.1091658480958375, 53.38567174485557], [-3.108865210459188, 53.38567453833978], [-3.1088605386095094, 53.38549480047549], [-3.1085599021883246, 53.38549759318465], [-3.1085552316545844, 53.38531785529644], [-3.1082545964488633, 53.38532064723051], [-3.1082639350351693, 53.38568012303753], [-3.108564572772294, 53.3856773310671], [-3.108569243406493, 53.38585706894384], [-3.1091705212614804, 53.38585148269591]]]}, "properties": {"kind": "max_footprint", "threshold_pct": 7.0}}, {"type": "Feature", "geometry": {"type": "Polygon", "coordinates": [[[-3.1186401272803947, 53.38001009595097], [-3.118635415233862, 53.37983035851181], [-3.118334819707323, 53.37983317562952], [-3.1183395304885955, 53.38001291308702], [-3.1186401272803947, 53.38001009595097]]]}, "properties": {"kind": "max_footprint", "threshold_pct": 7.0}}, {"type": "Feature", "geometry": {"type": "Polygon", "coordinates": [[[-3.1156341570845068, 53.38003823325823], [-3.115629457690629, 53.379858495635844], [-3.1153288616581505, 53.37986130518622], [-3.115333559786759, 53.380041042826896], [-3.1156341570845068, 53.38003823325823]]]}, "properties": {"kind": "max_footprint", "threshold_pct": 7.0}}, {"type": "Feature", "geometry": {"type": "Polygon", "coordinates": [[[-3.1153288616581505, 53.37986130518622], [-3.1153241635800626, 53.37968156753978], [-3.115023568762321, 53.37968437631512], [-3.1150282655751527, 53.37986411397985], [-3.1153288616581505, 53.37986130518622]]]}, "properties": {"kind": "max_footprint", "threshold_pct": 7.0}}, {"type": "Feature", "geometry": {"type": "Polygon", "coordinates": [[[-3.115023568762321, 53.37968437631512], [-3.1150188719999967, 53.379504638644676], [-3.1147182783969942, 53.379507446645015], [-3.1147229738940756, 53.37968718433374], [-3.115023568762321, 53.37968437631512]]]}, "properties": {"kind": "max_footprint", "threshold_pct": 7.0}}, {"type": "Feature", "geometry": {"type": "Polygon", "coordinates": [[[-3.1215610555977906, 53.3767466114943], [-3.121556331813051, 53.37656687413558], [-3.12095518726833, 53.37657252208678], [-3.120950466064378, 53.376392784685564], [-3.120649894980862, 53.37639560750781], [-3.120659334909523, 53.376755082341326], [-3.1215610555977906, 53.3767466114943]]]}, "properties": {"kind": "max_footprint", "threshold_pct": 7.0}}, {"type": "Feature", "geometry": {"type": "Polygon", "coordinates": [[[-3.1203493238465962, 53.37639842957344], [-3.1203446052233765, 53.376218692129704], [-3.12004403530336, 53.37622151342031], [-3.1200393179958485, 53.37604177595248], [-3.119738749290084, 53.37604459646808], [-3.119748181425869, 53.37640407143479], [-3.1203493238465962, 53.37639842957344]]]}, "properties": {"kind": "max_footprint", "threshold_pct": 7.0}}, {"type": "Feature", "geometry": {"type": "Polygon", "coordinates": [[[-3.120316294549487, 53.3751402673468], [-3.120306858064051, 53.37478079237327], [-3.1200062982634327, 53.37478361351691], [-3.1200015813616746, 53.374603876003185], [-3.119701022775205, 53.37460669637187], [-3.1197151698379986, 53.37514590895098], [-3.120316294549487, 53.3751402673468]]]}, "properties": {"kind": "max_footprint", "threshold_pct": 7.0}}, {"type": "Feature", "geometry": {"type": "Polygon", "coordinates": [[[-3.122096038687012, 53.37422463745061], [-3.122091313083652, 53.37404490004835], [-3.1214902041595023, 53.374050550510965], [-3.121494927233224, 53.374230287950006], [-3.122096038687012, 53.37422463745061]]]}, "properties": {"kind": "max_footprint", "threshold_pct": 7.0}}, {"type": "Feature", "geometry": {"type": "Polygon", "coordinates": [[[-3.097769356714978, 53.39854155243019], [-3.0977601021954912, 53.39818207613354], [-3.0980608291003913, 53.39817931016894], [-3.098051572246675, 53.39781983388544], [-3.0977508478751083, 53.39782259981402], [-3.0977415937538244, 53.39746312347159], [-3.0974408718657656, 53.397465888606895], [-3.0974362461464033, 53.397286150409094], [-3.098939848755741, 53.3972723172503], [-3.098944480808196, 53.397452055358016], [-3.09954592403647, 53.39744651675787], [-3.0995320204289687, 53.396907302525776], [-3.099832738168525, 53.396904532143985], [-3.099828102465824, 53.39672479407323], [-3.100128818888941, 53.39672202295226], [-3.1001241819695458, 53.39654228489382], [-3.099823466812988, 53.396545055996725], [-3.0998188312100172, 53.39636531791449], [-3.099518117270142, 53.39636808824213], [-3.0995134829835695, 53.39618835013616], [-3.0998141956569105, 53.396185579826536], [-3.099809560153668, 53.396005841732865], [-3.1001102715106263, 53.39600307068411], [-3.10010563479074, 53.39582333260275], [-3.0998049247002872, 53.39582610363346], [-3.0998002892967684, 53.395646365528336], [-3.099499580422946, 53.39564913578382], [-3.0994949463357693, 53.39546939765493], [-3.0988935309715533, 53.395474935858275], [-3.0988796366078155, 53.39493572132902], [-3.0991803405154803, 53.394932952660014], [-3.099175707894111, 53.39475321449017], [-3.099777113027084, 53.3947476749168], [-3.099781748181302, 53.39492741305056], [-3.1006838593060615, 53.394919097957676], [-3.1006792203525744, 53.39473935987807], [-3.101581327228979, 53.39473103802498], [-3.1015720418732946, 53.394371561956994], [-3.1018727415327705, 53.394368786527814], [-3.101868097663457, 53.39418904850331], [-3.10156739927036, 53.39419182391441], [-3.101562756717362, 53.394012085866095], [-3.1021641509208773, 53.394006534322905], [-3.1021595058851155, 53.393826796305035], [-3.1030615930165766, 53.39381846336604], [-3.1030569442317693, 53.393638725396706], [-3.1036583328700806, 53.393633166354604], [-3.103653681602637, 53.39345342841575], [-3.1042550675081877, 53.3934478663814], [-3.104250413758164, 53.393268128473046], [-3.104551105369557, 53.393265346338325], [-3.1045604154522852, 53.39362482211308], [-3.105161803590088, 53.39361925549977], [-3.10515248844212, 53.393259779797546], [-3.1048517969308804, 53.39326256344649], [-3.1048424845158658, 53.39290308768506], [-3.1045417954871084, 53.39290587054065], [-3.104537140620986, 53.39272613263322], [-3.1051385160958955, 53.392720566201206], [-3.105143173494541, 53.39290030407237], [-3.105443862423122, 53.39289751970261], [-3.1054392037582144, 53.392717781849576], [-3.1057398913704257, 53.39271499674083], [-3.1057445513015924, 53.39289473457571], [-3.106045240129941, 53.39289194869174], [-3.1060499013775047, 53.39307168650275], [-3.1063505914219887, 53.39306889984354], [-3.106355253985975, 53.393248637630684], [-3.1072573276173245, 53.393240273055895], [-3.107252661254484, 53.39306053532324], [-3.107553351098283, 53.39305774563558], [-3.107544015990652, 53.39269827018941], [-3.107243328679378, 53.39270105984072], [-3.107238662467109, 53.39252132209085], [-3.1069379763718867, 53.39252411096689], [-3.10693331147604, 53.39234437319315], [-3.106632626596872, 53.39234716129394], [-3.1066279630174147, 53.3921674234963], [-3.1069286466303647, 53.392164635413664], [-3.1069239818348655, 53.39198489762847], [-3.1081267107199837, 53.39197373779981], [-3.108131380580287, 53.39215347551233], [-3.1084320639422307, 53.3921506836443], [-3.1084273928157273, 53.39197094594997], [-3.108728074861229, 53.39196815334305], [-3.108737419696889, 53.39232762868961], [-3.109038104224545, 53.392324835289244], [-3.1090334305153764, 53.392145097637034], [-3.1093341137265504, 53.392142303497764], [-3.10933878870193, 53.3923220411318], [-3.1096394731290324, 53.392319246217276], [-3.109644149420921, 53.39249898382737], [-3.110846891691103, 53.39248779652558], [-3.110851573098232, 53.39266753405709], [-3.111753633070913, 53.392659135576665], [-3.111763003633751, 53.393018610513074], [-3.112063692723044, 53.39301580946895], [-3.1120683793463284, 53.393195546910306], [-3.1123690696514843, 53.39319274509082], [-3.112373757591463, 53.393372482508205], [-3.113275832003186, 53.393364072452385], [-3.113261756938086, 53.39282486034734], [-3.1129610693167677, 53.39282766440161], [-3.1129563789955705, 53.39264792700354], [-3.112655692590044, 53.39265073028244], [-3.1126463146314407, 53.392291255432575], [-3.114149733492235, 53.39227723164982], [-3.1141450382575804, 53.392097494307635], [-3.113844355852569, 53.39210030056005], [-3.113839661934602, 53.39192056319386], [-3.1132382995055057, 53.391926173390964], [-3.1132336081703715, 53.39174643598248], [-3.113834968067122, 53.39174082582193], [-3.1138255804836175, 53.39138135106083], [-3.1135249030927814, 53.39138415648312], [-3.1135202106428888, 53.39120441907569], [-3.1129188582420864, 53.391210027612566], [-3.112914168374902, 53.39103029016288], [-3.11261349336495, 53.391033093277485], [-3.1126088048143137, 53.39085335580383], [-3.1120074571753538, 53.3908589597254], [-3.1120027712073353, 53.39067922220952], [-3.111702098578342, 53.39068202301651], [-3.111697413926805, 53.390502285476636], [-3.1125994278643256, 53.390493880839315], [-3.112604116314105, 53.39067361832444], [-3.1129047887918584, 53.39067081524633], [-3.1129094785581595, 53.39085055270748], [-3.113811499486992, 53.39084213887621], [-3.1138161931020503, 53.391021876276824], [-3.1144175426677565, 53.39101626323424], [-3.114422238865532, 53.39119600059256], [-3.114722914838743, 53.39119319291743], [-3.1147276123531604, 53.39137293025172], [-3.1171330284478307, 53.391350441450534], [-3.1171236132116094, 53.39099096706913], [-3.1162215901521964, 53.39099940593753], [-3.116216886408328, 53.390819668683264], [-3.115916213220086, 53.39082248010698], [-3.115911510792894, 53.39064274282869], [-3.1147088225986392, 53.39065398088013], [-3.1147041252863166, 53.3904742435229], [-3.1144034543774874, 53.39047705112489], [-3.1143987583817485, 53.390297313743645], [-3.113797418944707, 53.39030292664], [-3.1137927255315736, 53.39012318921646], [-3.1134920570033757, 53.390125994510825], [-3.1134873649067587, 53.38994625706331], [-3.1131866975941325, 53.3899490615824], [-3.1131820068140024, 53.38976932411084], [-3.1128813407169496, 53.38977212785467], [-3.112876651253281, 53.389592390359105], [-3.1122753214399013, 53.38959799553923], [-3.1122659477278405, 53.38923852045796], [-3.1119652852775155, 53.389241321876014], [-3.1119559142990147, 53.38888184673531], [-3.112557234085399, 53.38887624321519], [-3.112561922081369, 53.38905598075191], [-3.113163244197986, 53.38905037416732], [-3.1131679347763166, 53.38923011166182], [-3.1140699213707568, 53.389221696052736], [-3.1140746157974815, 53.38940143348666], [-3.1149766057354573, 53.389393011009815], [-3.114981304010654, 53.38957274838316], [-3.1155826329153227, 53.389567129577], [-3.115601436649637, 53.39028607886668], [-3.1159021060902385, 53.39028326825488], [-3.1159068084162787, 53.39046300554467], [-3.1165081496778573, 53.39045738201338], [-3.116512854586615, 53.39063711926081], [-3.1174148698976323, 53.39062867823123], [-3.1174054525343444, 53.39026920384064], [-3.1171047833467562, 53.39027201823752], [-3.1171000760071177, 53.39009228101527], [-3.116498740012151, 53.39009790750136], [-3.116494035255198, 53.389918170236726], [-3.1161933684478362, 53.38992098232594], [-3.1161792582785965, 53.38938177044271], [-3.116479921287952, 53.38937895840846], [-3.116475216733402, 53.389199221120904], [-3.1167758784261843, 53.38919640834797], [-3.1167852901178463, 53.38955588288071], [-3.117386618415483, 53.389550254990546], [-3.1173960353736305, 53.38990972942706], [-3.1176967019785087, 53.389906914309826], [-3.1177014117995716, 53.390086651501136], [-3.118302747389398, 53.39008101895896], [-3.118307459793197, 53.39026075610784], [-3.1189087977123666, 53.390255120500896], [-3.1189135126989527, 53.39043485760737], [-3.1195148529473773, 53.39042921893562], [-3.119510135428692, 53.39024948186589], [-3.1192094665958923, 53.3902523015619], [-3.1192047503939806, 53.39007256446806], [-3.118904082776492, 53.390075383388705], [-3.1188993678913284, 53.38989564627078], [-3.117997368532732, 53.38990409843557], [-3.1179926574963113, 53.38972436125685], [-3.117691992208101, 53.38972717711277], [-3.117682572819251, 53.38936770270147], [-3.118283898281034, 53.389362070306014], [-3.118279186130645, 53.389182333128446], [-3.1188805088577674, 53.38917669774172], [-3.1188757942261445, 53.388996960595094], [-3.119477114218528, 53.38899132221715], [-3.11947239710573, 53.38881158510153], [-3.1200737143633, 53.38880594373238], [-3.120068994769383, 53.388626206647764], [-3.119768337431897, 53.388629027692446], [-3.1197636191546505, 53.38844929058372], [-3.1206655872170814, 53.38844082523388], [-3.120660865192886, 53.38826108817454], [-3.1209615198462477, 53.38825826489571], [-3.120942627193861, 53.38753931667456], [-3.1206419776039507, 53.38754213987985], [-3.120637255833674, 53.38736240279181], [-3.1203366074588113, 53.38736522522177], [-3.1203413279632595, 53.38754496232817], [-3.120040678271798, 53.38754778401958], [-3.1200453975611713, 53.38772752113862], [-3.1197447465531107, 53.38773034209144], [-3.1197494646273816, 53.38791007922311], [-3.119448812302721, 53.387912899437374], [-3.1194440954943095, 53.387733162287326], [-3.1191434443847785, 53.38773598172625], [-3.1191387288929415, 53.38755624455211], [-3.1188380789985426, 53.387559063215754], [-3.1188333648232525, 53.387379326017516], [-3.1185327161439864, 53.387382143905846], [-3.1185138650130124, 53.38666319498215], [-3.120017082586243, 53.38664909833831], [-3.1200218016218484, 53.386828835486035], [-3.120322446250071, 53.386826013868145], [-3.120327166602218, 53.38700575099177], [-3.1212291039796014, 53.38699728154139], [-3.121224379830092, 53.38681754447294], [-3.12182566862943, 53.38681189442485], [-3.121830395310512, 53.38699163145652], [-3.1221310408997223, 53.38698880527869], [-3.1221357688974365, 53.38716854228622], [-3.1224364157015954, 53.38716571533304], [-3.1224269572254344, 53.3868062413491], [-3.1230282456179954, 53.38680058524566], [-3.1230235139246676, 53.38662084828191], [-3.1233241567788546, 53.38661801911323], [-3.123314691013365, 53.38625854520537], [-3.1227134103170955, 53.38626420271212], [-3.1227086800421557, 53.38608446571275], [-3.1236105972130352, 53.38607597837255], [-3.123605863191825, 53.385896241422685], [-3.123906500881266, 53.38589341081393], [-3.1239017656452694, 53.38571367387679], [-3.123601129221526, 53.385716504467126], [-3.1235963953021395, 53.38553676750579], [-3.123295760093172, 53.3855395973208], [-3.123291027490366, 53.385359860335306], [-3.1226897594511036, 53.38536551765784], [-3.122675569541935, 53.38482630655641], [-3.123577460133682, 53.384817819603114], [-3.1235679928549005, 53.38445834561734], [-3.1229667375737327, 53.38446400426938], [-3.122962006541881, 53.384284267231024], [-3.123262632942319, 53.38428143830187], [-3.1232579006957693, 53.384101701276194], [-3.12355852577974, 53.384098871608614], [-3.123563259291867, 53.38427860861585], [-3.12386388559051, 53.38427577817299], [-3.123868620419133, 53.38445551515605], [-3.124169247932445, 53.38445268393791], [-3.1241787202736675, 53.384812157849915], [-3.1250806101016044, 53.384803659543664], [-3.1250758701086805, 53.38462392264586], [-3.125376498683782, 53.38462108838184], [-3.125371757476235, 53.38444135149676], [-3.125672384734748, 53.38443851649432], [-3.1256676423126013, 53.38425877962197], [-3.126268894145444, 53.38425310738352], [-3.126264149243155, 53.38407337054235], [-3.125963524617812, 53.38407620702153], [-3.125958781032108, 53.38389647015616], [-3.1262594043918943, 53.38389363369545], [-3.126249914842449, 53.38353415998442], [-3.1259492940137363, 53.383536996408196], [-3.1259445505810657, 53.383357259525596], [-3.126545789656438, 53.38335158595821], [-3.1265410437437757, 53.38317184910681], [-3.1268416619394115, 53.38316901120635], [-3.126836914812298, 53.3829892743677], [-3.127438148519434, 53.38298359633333], [-3.1274333989124243, 53.3828038595259], [-3.127734014423913, 53.382801019392], [-3.127729263602521, 53.38262128259734], [-3.128029877797463, 53.382618441725114], [-3.1280108699610825, 53.381899494563086], [-3.1277102608278318, 53.381902335361296], [-3.1277055102618756, 53.38172259853794], [-3.128306725946498, 53.381716916221734], [-3.1283019729008767, 53.38153717942962], [-3.128602579401154, 53.38153433715487], [-3.128593070932537, 53.38117486359046], [-3.128893674850983, 53.381172020595955], [-3.1288841640562093, 53.38081254704563], [-3.1291847653928673, 53.3808097033314], [-3.1291800088068786, 53.380629966566126], [-3.1288794087355267, 53.380632810261844], [-3.1288746534659793, 53.38045307347231], [-3.1291752522720406, 53.38045022979513], [-3.1291704957883497, 53.38027049301837], [-3.1297716907164648, 53.38026480343081], [-3.1297621728415, 53.379905329934196], [-3.130062767698294, 53.37990248404238], [-3.130053247497564, 53.37954301055984], [-3.129752655171228, 53.37954585641461], [-3.129743137705638, 53.37918638287205], [-3.1300437275015764, 53.37918353705436], [-3.1300342077103207, 53.3788240635259], [-3.13033479492473, 53.37882121698858], [-3.130330033840724, 53.37864148023427], [-3.130630619738785, 53.3786386329588], [-3.130621095194095, 53.37827915947003], [-3.1309216785106884, 53.37827631147498], [-3.1309026249754264, 53.377557364502714], [-3.1306020467191895, 53.3775602124236], [-3.1305972847284766, 53.37738047564764], [-3.130897861719656, 53.37737762774529], [-3.1308930985151036, 53.37719789098213], [-3.131193674190026, 53.37719504234169], [-3.131188909771663, 53.37701530559133], [-3.1314894841303285, 53.37701245621279], [-3.13148471849818, 53.376832719475225], [-3.131785291540591, 53.376829869358595], [-3.1317805246946855, 53.37665013263387], [-3.1320810964208436, 53.37664728177915], [-3.1320572566353335, 53.375748598162176], [-3.132357821985442, 53.375745746643695], [-3.13234351493461, 53.37520653646029], [-3.1326440764387344, 53.37520368424089], [-3.132639306259469, 53.37502394752017], [-3.1323387460202197, 53.37502679972099], [-3.1323292083452614, 53.37466732622518], [-3.132028650584445, 53.37467017763228], [-3.132004813618365, 53.373771493699394], [-3.132305365055146, 53.373768642385144], [-3.132300596550935, 53.37358890559991], [-3.132000046378921, 53.3735917568956], [-3.1319666771379295, 53.37233359910813], [-3.131666135767646, 53.37233644951734], [-3.131642308456196, 53.37143776511833], [-3.131341773357835, 53.37144061467824], [-3.13133700931384, 53.37126087776266], [-3.1307359414926603, 53.37126657457593], [-3.1307311800290396, 53.371086837617504], [-3.130130114532255, 53.371092531367744], [-3.1301253556489574, 53.3709127943665], [-3.129524292476653, 53.37091848505374], [-3.129519536173629, 53.37073874800971], [-3.128016883671014, 53.370752961396896], [-3.128021633651254, 53.37093269853349], [-3.126819505671631, 53.37094405570063], [-3.1268242506446424, 53.37112379290542], [-3.125622116790496, 53.37113513804272], [-3.1256268567561603, 53.37131487531565], [-3.125025786994087, 53.371320543382275], [-3.1250305244815006, 53.37150028068638], [-3.1247299882594497, 53.37150311360341], [-3.1247347245331762, 53.3716828509202], [-3.1241336494070824, 53.37168851452164], [-3.1241383832024585, 53.37186825186958], [-3.123837844298427, 53.37187108255396], [-3.1238425768800484, 53.372050819914605], [-3.123241496390052, 53.37205647905069], [-3.1232556868521404, 53.37259569120874], [-3.1238567749302075, 53.372590031962076], [-3.123852042195937, 53.37241029461864], [-3.1244531275410874, 53.372404632382775], [-3.1244625981193015, 53.372764106990125], [-3.124162052942781, 53.37276693852321], [-3.124166787043538, 53.372946675836715], [-3.1238662405514015, 53.3729495066317], [-3.1238804393648367, 53.37348871859307], [-3.1241809896512103, 53.3734858877428], [-3.124185723955569, 53.37366562503335], [-3.123885172404423, 53.37366845590206], [-3.123894638636264, 53.3740279305028], [-3.1235940845046417, 53.37403076065182], [-3.1235893526280765, 53.37385102333589], [-3.1232887997103793, 53.373853852709914], [-3.1232698777719428, 53.37313490331508], [-3.1226687819021213, 53.37314055964611], [-3.1226782377105997, 53.373500034428666], [-3.1229787882004425, 53.373497206604604], [-3.122983517445707, 53.37367694396884], [-3.1226829656910873, 53.37367977181133], [-3.1226971499375633, 53.3742189839249], [-3.1229977054865907, 53.374216156027174], [-3.123002434935251, 53.374395893368465], [-3.1233029916982584, 53.37439306469576], [-3.123321915060869, 53.37511201392986], [-3.1227207913650967, 53.37511767066605], [-3.1227302482919876, 53.37547714532234], [-3.12303081269511, 53.375474317295726], [-3.1230450022615748, 53.376013529181876], [-3.122744434063637, 53.376016357263744], [-3.122749162755874, 53.37619609456606], [-3.122148023677545, 53.37620174849676], [-3.122157476154604, 53.376561223157815], [-3.1224580482491584, 53.37655839653397], [-3.122462775828924, 53.3767381338375], [-3.1227633491376547, 53.37673530643861], [-3.1227728069797425, 53.37709478099161], [-3.1230733827676787, 53.37709195279924], [-3.1230875737073553, 53.37763116453042], [-3.123388153239613, 53.37762833552615], [-3.123392884919653, 53.37780807273996], [-3.1230923041223084, 53.37781090176267], [-3.1230970345881275, 53.3779906389892], [-3.122796452474818, 53.37799346727367], [-3.122801181726385, 53.378173204512855], [-3.1222000148169893, 53.37817885884855], [-3.1222047415891496, 53.37835859611883], [-3.1216035719461908, 53.37836424746459], [-3.1215988477042926, 53.37818451015752], [-3.120997680388402, 53.37819015843973], [-3.1209929587275416, 53.37801042109014], [-3.120692376258553, 53.37801324407784], [-3.1206876559135694, 53.37783350670412], [-3.1203870746589324, 53.377836328916764], [-3.1204012320507895, 53.37837554107582], [-3.12070181710079, 53.37837271880805], [-3.1207112581460614, 53.37873219351534], [-3.1204106705657497, 53.37873501581987], [-3.1204059512828963, 53.37855527845073], [-3.120105364917002, 53.37855809998018], [-3.120100646950043, 53.37837836258693], [-3.1198000617985664, 53.37838118334133], [-3.119795345147476, 53.37820144592397], [-3.11949476121042, 53.378204265903314], [-3.1195041920330313, 53.37856374076903], [-3.119203605514981, 53.37856656002841], [-3.1192083197371776, 53.37874629747101], [-3.1195089075203937, 53.37874347819329], [-3.1195183386472345, 53.379102953024585], [-3.119818928910113, 53.379100132953425], [-3.1198236458147983, 53.379279870342096], [-3.1201242372921616, 53.379277049495855], [-3.120133673784145, 53.379636524219265], [-3.1195324857177997, 53.379642165228496], [-3.119556065182932, 53.38054085212029], [-3.118954864261009, 53.38054649028619], [-3.1189501507971635, 53.38036675288261], [-3.1186495515254693, 53.38036957081209], [-3.1186448393775956, 53.38018983338439], [-3.11834424132052, 53.38019265053878], [-3.1183395304885955, 53.38001291308702], [-3.118038933646138, 53.38001572946633], [-3.1180342241301315, 53.37983599199048], [-3.1177336285022963, 53.37983880759471], [-3.1177430450544117, 53.38019828257733], [-3.1180436432127885, 53.38019546693644], [-3.1180483528300815, 53.380375204400806], [-3.118348952203103, 53.38037238798482], [-3.118353663136345, 53.38055212542513], [-3.118654263724014, 53.38054930823404], [-3.1186589759732293, 53.38072904565025], [-3.1189595777755414, 53.38072622768407], [-3.118964291340759, 53.38090596507619], [-3.1183630851548023, 53.380911600288506], [-3.11836779624002, 53.38109133771159], [-3.1180671918056997, 53.38109415420094], [-3.1180624819858274, 53.3809144167595], [-3.117461275495952, 53.38092004743125], [-3.1174565682573894, 53.38074030994743], [-3.1171559662018504, 53.38074312412982], [-3.1171512602792246, 53.38056338662193], [-3.1162494576049977, 53.38057182457362], [-3.1162400535033634, 53.38021234943072], [-3.115939455041414, 53.38021516053117], [-3.115934754331721, 53.380035422932835], [-3.1156341570845068, 53.38003823325823], [-3.11564825556934, 53.380577446091], [-3.115948856612445, 53.38057463571069], [-3.1159582583856724, 53.38093411086725], [-3.116258861908883, 53.38093129969358], [-3.1162635641366743, 53.38111103724496], [-3.1165641688746715, 53.38110822529621], [-3.1165735760126867, 53.381467700345105], [-3.1168741832308413, 53.381464887602945], [-3.1168788881411085, 53.381644625100506], [-3.1171794965740585, 53.38164181158324], [-3.117188909077195, 53.38200128652446], [-3.116587687099064, 53.382006912875475], [-3.116592390895688, 53.38218665037414], [-3.11689300317548, 53.382183837558706], [-3.11691182392967, 53.38290278742267], [-3.1166112065880216, 53.382905600311375], [-3.1166065025890597, 53.38272586283566], [-3.1160052702849876, 53.382731486305985], [-3.1160005688675563, 53.38255174878791], [-3.115699953905148, 53.382554559369545], [-3.115695253803734, 53.38237482182744], [-3.115394640056242, 53.382377631633965], [-3.1153852425359205, 53.38201815649596], [-3.115084631268781, 53.38202096550911], [-3.1150893287382426, 53.38220070309925], [-3.114788716155154, 53.382203511373895], [-3.1147981087147167, 53.38256298657361], [-3.114497493550216, 53.382565794128], [-3.114516274213399, 53.38328474453173], [-3.113915033608964, 53.3832903575163], [-3.113929112043251, 53.38382957036855], [-3.1142297361673443, 53.38382676419984], [-3.1142438188525965, 53.38436597694566], [-3.1139431909317445, 53.38436878316919], [-3.1139384979184452, 53.3841890455747], [-3.1133372444565475, 53.384194655714644], [-3.113346625471187, 53.38455413097095], [-3.112745366745086, 53.38455973815648], [-3.1127406787437777, 53.38438000049469], [-3.1121394223472487, 53.38438560461629], [-3.112130051558263, 53.38402612920251], [-3.1118294258156056, 53.38402893009153], [-3.11182474176227, 53.383849192357786], [-3.1115241172348185, 53.383851992471726], [-3.111538165749167, 53.384391205710436], [-3.11123753737458, 53.384394005122225], [-3.1112281741791854, 53.38403452959902], [-3.1109275482854506, 53.38403732821751], [-3.1109415893572403, 53.38457654154837], [-3.1112422190477966, 53.38457374287522], [-3.1112515825452762, 53.38493321836404], [-3.111552214716763, 53.38493041889754], [-3.111566264137627, 53.38546963203307], [-3.111265628169116, 53.38547243155424], [-3.111270310144431, 53.38565216927284], [-3.1109696728598664, 53.38565496805535], [-3.1109883962017144, 53.38637391894536], [-3.1106877538038624, 53.38637671704386], [-3.1106830741586466, 53.386196979311734], [-3.1103824329762246, 53.386199776635095], [-3.1104105040076973, 53.38727820305118], [-3.1101098551802067, 53.38728099972692], [-3.110114532595721, 53.38746073746108], [-3.109813882452083, 53.38746353339807], [-3.1098092063024096, 53.38728379564571], [-3.1095085573743226, 53.38728659080756], [-3.109503882540769, 53.38710685303124], [-3.1092032348282324, 53.38710964741795], [-3.109193887843572, 53.38675017181175], [-3.1088932426123916, 53.38675296540513], [-3.108888570461242, 53.38657322757523], [-3.108587926445604, 53.3865760203935], [-3.1085785848255845, 53.38621654468013], [-3.1082779432912533, 53.38621933670512], [-3.108282612810384, 53.38639907458285], [-3.10798196996007, 53.38640186586908], [-3.1079959750214057, 53.38694107952242], [-3.1082966216690924, 53.38693828818165], [-3.1083059611593367, 53.387297763885535], [-3.1086066102884513, 53.38729497175145], [-3.108611281374752, 53.3874747095766], [-3.1089119317194753, 53.3874719166674], [-3.10891660412187, 53.38765165446863], [-3.1092172556821986, 53.38764886078429], [-3.10923127698855, 53.38818807409903], [-3.109531932296264, 53.388185279603135], [-3.109536607431492, 53.38836501734506], [-3.108634637559828, 53.38837339861645], [-3.10862529493508, 53.388013923017695], [-3.108324640742506, 53.388016715224516], [-3.1083293107638594, 53.38819645304493], [-3.1080286552551595, 53.38819924451297], [-3.1080426618228034, 53.388738457994386], [-3.1077420024661047, 53.38874124875997], [-3.107732667235999, 53.38838177307508], [-3.107432010360971, 53.38838456304735], [-3.107427344087132, 53.38820482517812], [-3.107126688427835, 53.38820761437527], [-3.1071220234700836, 53.38802787648215], [-3.1068213690265165, 53.38803066490416], [-3.106816705384827, 53.387850926987156], [-3.106516052156991, 53.38785371463404], [-3.1065020653304485, 53.38731450079419], [-3.10620141585006, 53.38731728762966], [-3.1062107378192327, 53.3876767635649], [-3.1059100857570034, 53.38767954967972], [-3.105924065289057, 53.38821876359408], [-3.106224721148962, 53.38821597742483], [-3.1062293823591323, 53.38839571536667], [-3.1068306964603694, 53.38839014072097], [-3.1068353602525334, 53.38856987862076], [-3.107136018493852, 53.388567090144285], [-3.10714068360212, 53.38874682802021], [-3.107441343059206, 53.38874403876858], [-3.1074600090579376, 53.389462990142306], [-3.107159344536943, 53.389465779466576], [-3.10716400989609, 53.389645517313845], [-3.1059613462464277, 53.38965666711357], [-3.1059566859513317, 53.3894769291937], [-3.104754026563758, 53.389488066808724], [-3.1047633370758927, 53.389847542787834], [-3.105364671933963, 53.38984197542181], [-3.1053693297972207, 53.39002171336651], [-3.1044673236368725, 53.39003006333441], [-3.104481286132596, 53.3905692772973], [-3.103879940845619, 53.390574840266154], [-3.1038706375293987, 53.390215364224154], [-3.1035699673430166, 53.39021814453679], [-3.103560666759026, 53.38985866843568], [-3.1032599990547376, 53.38986144795511], [-3.1032507012028603, 53.38950197179488], [-3.102950035980627, 53.38950475052108], [-3.102968626820219, 53.39022370289102], [-3.1026679564838293, 53.3902264809326], [-3.1026818963401417, 53.39076569520419], [-3.1029825704748015, 53.39076291710833], [-3.102987218459644, 53.39094265516933], [-3.1035885691112064, 53.3909370966703], [-3.1035932196783023, 53.391116834689356], [-3.1038938961951894, 53.39111405428615], [-3.103912504028427, 53.391833006232645], [-3.103611822446889, 53.39183578670828], [-3.10360717167971, 53.39165604871214], [-3.103306491314332, 53.39165882841259], [-3.103311140815328, 53.39183856642682], [-3.103010459133757, 53.39184134538832], [-3.103005810898946, 53.39166160735598], [-3.1024044499182017, 53.39166716297155], [-3.1024137413730517, 53.392026639102866], [-3.1027144244208, 53.39202386163744], [-3.1027190714893917, 53.39220359967642], [-3.1030197557533685, 53.39220082143581], [-3.1030290525729702, 53.392560297460406], [-3.102427678930099, 53.39256585325688], [-3.102423033027779, 53.39238611521127], [-3.102122347397619, 53.3923888919558], [-3.1021177028114995, 53.392209153886384], [-3.10181701839761, 53.39221192985573], [-3.1018123751276594, 53.39203219176251], [-3.1015116919300447, 53.39203496695671], [-3.1015070499762385, 53.39185522883967], [-3.1012063679948967, 53.391858003258726], [-3.1011970867694307, 53.391498526971326], [-3.1008964072705396, 53.39150130059718], [-3.100887128777035, 53.39114182425073], [-3.100285774694197, 53.39114736915903], [-3.100281138054564, 53.39096763094112], [-3.0999804622044684, 53.39097040224161], [-3.0999943684745257, 53.39150961693233], [-3.1002950481230758, 53.39150684557769], [-3.1003089586404333, 53.39204606016271], [-3.100609642037681, 53.39204328799684], [-3.1006281951573538, 53.392762240624485], [-3.1003275066951517, 53.392765012862576], [-3.1003321438335223, 53.39294475102322], [-3.099129384420981, 53.392955832476844], [-3.099124752347707, 53.39277609424403], [-3.0985233748749956, 53.392781630392136], [-3.0985280044157157, 53.392961368661034], [-3.0988286944432533, 53.39295860094751], [-3.0988333253000593, 53.39313833919262], [-3.0991340165440766, 53.393135570703954], [-3.0991386487169965, 53.39331530892532], [-3.1003414182598976, 53.393304227327356], [-3.100350692885789, 53.393663703608574], [-3.1009520824232992, 53.3936581581947], [-3.1009567223437458, 53.39383789629058], [-3.1000546341636324, 53.39384621332991], [-3.100059270334926, 53.39402595147427], [-3.0997585729087787, 53.39402872232449], [-3.0997539380038415, 53.39384898416209], [-3.098851849225396, 53.39385729211588], [-3.098847218169344, 53.39367755389367], [-3.0985465230765628, 53.3936803216793], [-3.0985418933366544, 53.39350058343332], [-3.0982411994604058, 53.39350335044381], [-3.098255085030492, 53.394042565218626], [-3.0985557827057777, 53.39403979815408], [-3.0985604125950843, 53.3942195363829], [-3.098861111486942, 53.39421676854315], [-3.0988657426924364, 53.39439650674822], [-3.098565042534193, 53.39439927460595], [-3.0985696725231047, 53.3945790128233], [-3.097667567950416, 53.39458731190773], [-3.0976721941898857, 53.39476705017341], [-3.096469382330702, 53.39477810509121], [-3.0964647611568994, 53.39459836675353], [-3.0961640593342183, 53.39460112857211], [-3.096159439476529, 53.39442139021072], [-3.095858738870561, 53.394424151254164], [-3.0958541203289562, 53.39424441286906], [-3.095553420939701, 53.39424717313736], [-3.0955718903385416, 53.394966126715325], [-3.0958725947934504, 53.394963366375116], [-3.095877213533775, 53.3951431047373], [-3.09617791920545, 53.395140343621925], [-3.0961917795239438, 53.39567955862025], [-3.095891070052847, 53.395682319789564], [-3.0958864511634743, 53.39550258144454], [-3.0949843262516, 53.39551086035549], [-3.094979711211335, 53.39533112195082], [-3.0943782968881375, 53.39533663740296], [-3.0943875219523735, 53.39569611427845], [-3.0940868121833747, 53.39569887090467], [-3.0940914235234103, 53.39587860935176], [-3.0946928455448015, 53.395873095306236], [-3.0946974594674774, 53.39605283371169], [-3.094998171670251, 53.39605007553517], [-3.0950027869090917, 53.39622981391695], [-3.095604213698751, 53.396224295256395], [-3.095608831520324, 53.396404033596504], [-3.0962102606443773, 53.39639851187118], [-3.096214881048735, 53.39657825016962], [-3.0968163125070944, 53.39657272537953], [-3.096820935494291, 53.39675246363623], [-3.0977230861085308, 53.39674417071804], [-3.0977277129451966, 53.39692390891499], [-3.097426994856957, 53.39692667399631], [-3.0974316204768, 53.397106412205545], [-3.097130901072209, 53.39710917654764], [-3.097144774430433, 53.3976483911951], [-3.0968440511762316, 53.39765115483395], [-3.0968486744618158, 53.39783089305633], [-3.0956457758812177, 53.39784194011135], [-3.095659630836241, 53.398381154959964], [-3.0959603593559817, 53.39837839427815], [-3.095964979040391, 53.39855813253159], [-3.0968671681015, 53.398549845888546], [-3.0968625446169757, 53.39837010768909], [-3.0974640012089814, 53.3983645795101], [-3.097468627226911, 53.39854431767356], [-3.097769356714978, 53.39854155243019]], [[-3.0992174032804174, 53.39637085781259], [-3.0983152610122735, 53.39637916198077], [-3.0983106317918416, 53.39619942380266], [-3.0974084928751457, 53.396207721102], [-3.097403867504082, 53.39602798286411], [-3.096802443843875, 53.396033510575016], [-3.0967885756281954, 53.395494295719004], [-3.0970892836836703, 53.39549153229615], [-3.0970939076389916, 53.39567127056921], [-3.0979960353063887, 53.39566297570352], [-3.0980006631109416, 53.39584271391685], [-3.09860208383999, 53.39583718018445], [-3.0986067142273406, 53.396016918356], [-3.0989074257836693, 53.39601415033601], [-3.0989120574873503, 53.39619388848379], [-3.0992127702603773, 53.39619111968856], [-3.0992174032804174, 53.39637085781259]], [[-3.1009706424045427, 53.39437711054394], [-3.1003692427361473, 53.3943826561023], [-3.1003646051987346, 53.394202917987464], [-3.1009660023343657, 53.3941973724652], [-3.1009706424045427, 53.39437711054394]], [[-3.111744262709652, 53.39229966061731], [-3.1111428945098067, 53.39230526028841], [-3.111138211937176, 53.39212552276368], [-3.110837529027905, 53.39212832144537], [-3.1108328477718334, 53.391948583896685], [-3.1102314843346384, 53.391954178952425], [-3.110226805661277, 53.39177444136154], [-3.1096254445551517, 53.391780033352596], [-3.109620768464449, 53.391600295719556], [-3.1093200891021056, 53.39160309056128], [-3.109315414327854, 53.39142335290433], [-3.1090147361813862, 53.39142614697079], [-3.109010062723557, 53.3912464092899], [-3.111415476357568, 53.391224035706365], [-3.111420159944519, 53.39140377324154], [-3.111720837688364, 53.391400973118635], [-3.11172552259184, 53.39158071062983], [-3.1120262015514446, 53.39157790973164], [-3.112030887771475, 53.39175764721886], [-3.1123315679468386, 53.39175484554536], [-3.1123362554834504, 53.39193458300863], [-3.111734892549963, 53.391940185635036], [-3.111744262709652, 53.39229966061731]], [[-3.109010062723557, 53.3912464092899], [-3.1087093857929657, 53.39124920258112], [-3.108704713651534, 53.39106946487632], [-3.1090053893159943, 53.39106667160329], [-3.109010062723557, 53.3912464092899]], [[-3.1062853207916774, 53.390552570221914], [-3.105984648473769, 53.390555356627054], [-3.105979987928049, 53.39037561873582], [-3.106280658979876, 53.39037283234881], [-3.1062853207916774, 53.390552570221914]], [[-3.1128954094105774, 53.390311340306866], [-3.112594739464972, 53.39031414334846], [-3.1125900511160434, 53.39013440585186], [-3.1128907197955975, 53.390131602828546], [-3.1128954094105774, 53.390311340306866]], [[-3.105979987928049, 53.39037561873582], [-3.105679316826097, 53.39037840436579], [-3.105674657596573, 53.39019866645068], [-3.1053739877105775, 53.39020145130551], [-3.1053693297972207, 53.39002171336651], [-3.1059706669869898, 53.39001614293616], [-3.105979987928049, 53.39037561873582]], [[-3.1125900511160434, 53.39013440585186], [-3.1119887136056743, 53.39014000962746], [-3.1119840278392497, 53.38996027208863], [-3.112585362817539, 53.38995466834954], [-3.1125900511160434, 53.39013440585186]], [[-3.1188710796452304, 53.38881722344275], [-3.1170671260472314, 53.388834120298995], [-3.1170624191126057, 53.38865438303087], [-3.116461103373338, 53.3886600092238], [-3.116456399021176, 53.388480271913316], [-3.116155742341561, 53.38848308385601], [-3.1161510393059038, 53.38830334652147], [-3.1158503838416154, 53.38830615768887], [-3.1158456821224316, 53.38812642033029], [-3.1155450278734738, 53.38812923072243], [-3.115535627118555, 53.38776975595144], [-3.1161369305024085, 53.38776413448341], [-3.116141633386327, 53.387943871835155], [-3.1167429390995984, 53.38793824730269], [-3.1167476445658564, 53.388117984612094], [-3.1176496065538144, 53.38810954208124], [-3.1176543158683536, 53.38828927932992], [-3.1191575911645835, 53.38827519321426], [-3.1191670226047017, 53.388634667510914], [-3.118866365115021, 53.38863748628468], [-3.1188710796452304, 53.38881722344275]], [[-3.115864489302573, 53.38884536973025], [-3.1152631706267724, 53.388850989903965], [-3.115258471287758, 53.38867125252598], [-3.115859787431685, 53.388665632388836], [-3.115864489302573, 53.38884536973025]], [[-3.115258471287758, 53.38867125252598], [-3.1149578131399744, 53.38867406145907], [-3.114953115117427, 53.38849432405708], [-3.115253771999283, 53.38849151514225], [-3.115258471287758, 53.38867125252598]], [[-3.114953115117427, 53.38849432405708], [-3.11465245818504, 53.38849713221491], [-3.114647761478929, 53.38831739478888], [-3.1149484171454036, 53.38831458664933], [-3.114953115117427, 53.38849432405708]], [[-3.1221263129528554, 53.38680906826543], [-3.12182566862943, 53.38681189442485], [-3.121820941999183, 53.38663215738747], [-3.1221215850568367, 53.38662933124645], [-3.1221263129528554, 53.38680906826543]], [[-3.1125056694572835, 53.38689912993287], [-3.1122050235139325, 53.386901931870696], [-3.112200337388748, 53.386722194246936], [-3.112500982066304, 53.38671939232735], [-3.1125056694572835, 53.38689912993287]], [[-3.1131022712701695, 53.38671378621745], [-3.1128016266934493, 53.38671658965086], [-3.1127969380871, 53.386536852057866], [-3.1124962947257355, 53.3865396547161], [-3.112486920195829, 53.38618017947641], [-3.112186279315574, 53.386182981341236], [-3.1121815933919756, 53.38600324369453], [-3.1118809537270664, 53.38600604478423], [-3.111866900055774, 53.385466831755004], [-3.1124681717409173, 53.38546122892822], [-3.1124775458675575, 53.38582070421377], [-3.112778184165939, 53.38581790162854], [-3.1127922495311755, 53.38635711445913], [-3.1130928915763514, 53.38635431106222], [-3.1131022712701695, 53.38671378621745]], [[-3.1112984030537487, 53.3867305954641], [-3.110997758174685, 53.38673339435598], [-3.110993077163028, 53.38655365665353], [-3.1112937207763087, 53.3865508577799], [-3.1112984030537487, 53.3867305954641]], [[-3.1139807368551127, 53.3858066837186], [-3.113680098758499, 53.385809489331436], [-3.11367540660713, 53.38562975176454], [-3.113374769725763, 53.38563255660222], [-3.1133513160541706, 53.38473386859049], [-3.113651946607192, 53.38473106384414], [-3.113670714506224, 53.38545001419194], [-3.1139713500714334, 53.385447208615645], [-3.1139807368551127, 53.3858066837186]], [[-3.1145726210504168, 53.385441595192404], [-3.1142719855861682, 53.38544440228249], [-3.1142485131819795, 53.384545714516136], [-3.1145491423179603, 53.384542907517464], [-3.1145726210504168, 53.385441595192404]], [[-3.1160334798513274, 53.38380991129392], [-3.115732856030325, 53.383812722003704], [-3.1157281555750864, 53.38363298450173], [-3.116028778130536, 53.38363017381029], [-3.1160334798513274, 53.38380991129392]], [[-3.1250142548390905, 53.38228734245214], [-3.1247136426647617, 53.38229017571943], [-3.124704166687865, 53.38193070172048], [-3.1250047763313584, 53.38192786849008], [-3.1250142548390905, 53.38228734245214]], [[-3.121350219609478, 53.38016444494158], [-3.120749024357592, 53.38017009211494], [-3.1207348616475463, 53.379630880183115], [-3.121336049307894, 53.37962523312009], [-3.121350219609478, 53.38016444494158]], [[-3.1213218794634274, 53.37908602124695], [-3.1210212894542866, 53.37908884510166], [-3.1210165675395625, 53.37890910778075], [-3.121317156283516, 53.37890628394443], [-3.1213218794634274, 53.37908602124695]], [[-3.1210165675395625, 53.37890910778075], [-3.1207159787448364, 53.37891193086038], [-3.1207112581460614, 53.37873219351534], [-3.121011845675613, 53.378729370454096], [-3.1210165675395625, 53.37890910778075]]]}, "properties": {"kind": "max_footprint", "threshold_pct": 7.0}}, {"type": "Feature", "geometry": {"type": "Polygon", "coordinates": [[[-3.0993517825435695, 53.40158326091884], [-3.099347148077965, 53.40140352296086], [-3.099046398569896, 53.40140629227915], [-3.099051031768571, 53.401586030255174], [-3.0993517825435695, 53.40158326091884]]]}, "properties": {"kind": "max_footprint", "threshold_pct": 10.0}}, {"type": "Feature", "geometry": {"type": "Polygon", "coordinates": [[[-3.099647897536175, 53.401400752885266], [-3.099643261853513, 53.4012210149396], [-3.0993425136622177, 53.40122378499716], [-3.099347148077965, 53.40140352296086], [-3.099647897536175, 53.401400752885266]]]}, "properties": {"kind": "max_footprint", "threshold_pct": 10.0}}, {"type": "Feature", "geometry": {"type": "Polygon", "coordinates": [[[-3.0935867977042744, 53.399658627189595], [-3.093582187856003, 53.39947888882678], [-3.0932814513387163, 53.399481643558225], [-3.093286059920194, 53.39966138193896], [-3.0935867977042744, 53.399658627189595]]]}, "properties": {"kind": "max_footprint", "threshold_pct": 10.0}}, {"type": "Feature", "geometry": {"type": "Polygon", "coordinates": [[[-3.0941790484095506, 53.39929363875938], [-3.094174436126927, 53.39911390042103], [-3.09387370224238, 53.399116656631136], [-3.0938783132582364, 53.39929639498745], [-3.0941790484095506, 53.39929363875938]]]}, "properties": {"kind": "max_footprint", "threshold_pct": 10.0}}, {"type": "Feature", "geometry": {"type": "Polygon", "coordinates": [[[-3.095372753868818, 53.3989231297356], [-3.0953681366184815, 53.398743391457636], [-3.0944659430119748, 53.39875166679565], [-3.0944705564621016, 53.39893140512749], [-3.095372753868818, 53.3989231297356]]]}, "properties": {"kind": "max_footprint", "threshold_pct": 10.0}}, {"type": "Feature", "geometry": {"type": "Polygon", "coordinates": [[[-3.0944659430119748, 53.39875166679565], [-3.094461329611475, 53.398571928458075], [-3.0938598694924204, 53.398577441527834], [-3.0938644803594717, 53.39875717990133], [-3.0944659430119748, 53.39875166679565]]]}, "properties": {"kind": "max_footprint", "threshold_pct": 10.0}}, {"type": "Feature", "geometry": {"type": "Polygon", "coordinates": [[[-3.1049868494640074, 53.39847495941193], [-3.1049821917787463, 53.39829522170023], [-3.1046814647557817, 53.39829800509961], [-3.104676808387297, 53.39811826736404], [-3.104376082580915, 53.39812104998805], [-3.10438539283462, 53.39848052548972], [-3.1049868494640074, 53.39847495941193]]]}, "properties": {"kind": "max_footprint", "threshold_pct": 10.0}}, {"type": "Feature", "geometry": {"type": "Polygon", "coordinates": [[[-3.092050884728106, 53.39841422407601], [-3.0920462815604504, 53.39823448558346], [-3.091444825715277, 53.39823998646535], [-3.091449426349528, 53.398419724993715], [-3.092050884728106, 53.39841422407601]]]}, "properties": {"kind": "max_footprint", "threshold_pct": 10.0}}, {"type": "Feature", "geometry": {"type": "Polygon", "coordinates": [[[-3.0992035043698087, 53.39583164342333], [-3.0991988714992753, 53.39565190528212], [-3.0988981625257708, 53.39565467402324], [-3.0989027941298093, 53.39583441218248], [-3.0992035043698087, 53.39583164342333]]]}, "properties": {"kind": "max_footprint", "threshold_pct": 10.0}}, {"type": "Feature", "geometry": {"type": "Polygon", "coordinates": [[[-3.0988981625257708, 53.39565467402324], [-3.0988935309715533, 53.395474935858275], [-3.098292115408059, 53.39548047103293], [-3.098296744429314, 53.39566020923395], [-3.0988981625257708, 53.39565467402324]]]}, "properties": {"kind": "max_footprint", "threshold_pct": 10.0}}, {"type": "Feature", "geometry": {"type": "Polygon", "coordinates": [[[-3.108516152811447, 53.39538596116255], [-3.108506808799746, 53.395026485974434], [-3.107604697780087, 53.395034860179905], [-3.107609365961517, 53.39521459783137], [-3.108210775891054, 53.39520901574854], [-3.1082154466555876, 53.39538875335792], [-3.108516152811447, 53.39538596116255]]]}, "properties": {"kind": "max_footprint", "threshold_pct": 10.0}}, {"type": "Feature", "geometry": {"type": "Polygon", "coordinates": [[[-3.0976814468181133, 53.3951265266876], [-3.0976768204791174, 53.39494678843337], [-3.0967747078600345, 53.39495508081147], [-3.0967793303996984, 53.395134819119704], [-3.0976814468181133, 53.3951265266876]]]}, "properties": {"kind": "max_footprint", "threshold_pct": 10.0}}, {"type": "Feature", "geometry": {"type": "Polygon", "coordinates": [[[-3.0979775245859704, 53.394944022793005], [-3.0979728970303095, 53.39476428455108], [-3.0976721941898857, 53.39476705017341], [-3.0976768204791174, 53.39494678843337], [-3.0979775245859704, 53.394944022793005]]]}, "properties": {"kind": "max_footprint", "threshold_pct": 10.0}}, {"type": "Feature", "geometry": {"type": "Polygon", "coordinates": [[[-3.0967747078600345, 53.39495508081147], [-3.096770085370093, 53.394775342497496], [-3.096469382330702, 53.39477810509121], [-3.0964647611568994, 53.39459836675353], [-3.095863357461844, 53.39460388963352], [-3.095867976102806, 53.39478362800717], [-3.0961686792416008, 53.39478086692778], [-3.0961732991986786, 53.39496060527773], [-3.0967747078600345, 53.39495508081147]]]}, "properties": {"kind": "max_footprint", "threshold_pct": 10.0}}, {"type": "Feature", "geometry": {"type": "Polygon", "coordinates": [[[-3.1000778155187896, 53.39474490399437], [-3.1000731791480187, 53.39456516587293], [-3.099772477922722, 53.3945679367773], [-3.099777113027084, 53.3947476749168], [-3.1000778155187896, 53.39474490399437]]]}, "properties": {"kind": "max_footprint", "threshold_pct": 10.0}}, {"type": "Feature", "geometry": {"type": "Polygon", "coordinates": [[[-3.1042829910595557, 53.394526293711266], [-3.104278337009179, 53.39434655583727], [-3.1036769384401675, 53.39435211805275], [-3.103681589957771, 53.39453185596297], [-3.1042829910595557, 53.394526293711266]]]}, "properties": {"kind": "max_footprint", "threshold_pct": 10.0}}, {"type": "Feature", "geometry": {"type": "Polygon", "coordinates": [[[-3.098578932650333, 53.394938489240836], [-3.098574302561818, 53.394758751034935], [-3.099175707894111, 53.39475321449017], [-3.099171075322572, 53.3945734763146], [-3.099772477922722, 53.3945679367773], [-3.0997678428682187, 53.39438819863209], [-3.0988657426924364, 53.39439650674822], [-3.0988703739477463, 53.394576244947544], [-3.0982689710486593, 53.394581779941944], [-3.098278228643047, 53.394941256395505], [-3.098578932650333, 53.394938489240836]]]}, "properties": {"kind": "max_footprint", "threshold_pct": 10.0}}, {"type": "Feature", "geometry": {"type": "Polygon", "coordinates": [[[-3.1096909151063272, 53.39429635961314], [-3.1096862383114234, 53.39411662206035], [-3.109385541221473, 53.39411941715695], [-3.1093902167500165, 53.39429915472792], [-3.1096909151063272, 53.39429635961314]]]}, "properties": {"kind": "max_footprint", "threshold_pct": 10.0}}, {"type": "Feature", "geometry": {"type": "Polygon", "coordinates": [[[-3.1048517969308804, 53.39326256344649], [-3.104847140698331, 53.393082825568634], [-3.1045464504032982, 53.393085608442355], [-3.104551105369557, 53.393265346338325], [-3.1048517969308804, 53.39326256344649]]]}, "properties": {"kind": "max_footprint", "threshold_pct": 10.0}}, {"type": "Feature", "geometry": {"type": "Polygon", "coordinates": [[[-3.107553351098283, 53.39305774563558], [-3.107548683519365, 53.392878007915364], [-3.1072479949418357, 53.39288079758482], [-3.107252661254484, 53.39306053532324], [-3.107553351098283, 53.39305774563558]]]}, "properties": {"kind": "max_footprint", "threshold_pct": 10.0}}, {"type": "Feature", "geometry": {"type": "Polygon", "coordinates": [[[-3.1045464504032982, 53.393085608442355], [-3.1045417954871084, 53.39290587054065], [-3.1042411064082813, 53.392908652639136], [-3.1042457600581947, 53.393088390558965], [-3.1045464504032982, 53.393085608442355]]]}, "properties": {"kind": "max_footprint", "threshold_pct": 10.0}}, {"type": "Feature", "geometry": {"type": "Polygon", "coordinates": [[[-3.1042411064082813, 53.392908652639136], [-3.1042317992586193, 53.39254917678232], [-3.103931112662252, 53.39255195808748], [-3.103926460428739, 53.39237222013236], [-3.1036257750485694, 53.39237500066231], [-3.1036397281004797, 53.3929142145648], [-3.1042411064082813, 53.392908652639136]]]}, "properties": {"kind": "max_footprint", "threshold_pct": 10.0}}, {"type": "Feature", "geometry": {"type": "Polygon", "coordinates": [[[-3.1111475771328028, 53.39248499780743], [-3.1111428945098067, 53.39230526028841], [-3.110842210334329, 53.39230805898835], [-3.110846891691103, 53.39248779652558], [-3.1111475771328028, 53.39248499780743]]]}, "properties": {"kind": "max_footprint", "threshold_pct": 10.0}}, {"type": "Feature", "geometry": {"type": "Polygon", "coordinates": [[[-3.1015534717611772, 53.3936526097523], [-3.1015441870047313, 53.3932931336156], [-3.1018448790661397, 53.393290358294855], [-3.1018495226857055, 53.39347009634801], [-3.102751602369121, 53.39346176578889], [-3.1027469549506272, 53.39328202779002], [-3.103047646812165, 53.393279249440845], [-3.103042998177365, 53.39309951145432], [-3.102441616936891, 53.39310506735937], [-3.102423033027779, 53.39238611521127], [-3.102122347397619, 53.3923888919558], [-3.1021177028114995, 53.392209153886384], [-3.10181701839761, 53.39221192985573], [-3.1018123751276594, 53.39203219176251], [-3.1015116919300447, 53.39203496695671], [-3.1015070499762385, 53.39185522883967], [-3.1012063679948967, 53.391858003258726], [-3.101201727357206, 53.391678265117896], [-3.10090104659214, 53.3916810387618], [-3.1008964072705396, 53.39150130059718], [-3.100595727721749, 53.391504073465974], [-3.1006050038824835, 53.3918635498256], [-3.1009056859636397, 53.391860776920716], [-3.100919604377548, 53.39239999136302], [-3.1012202902074537, 53.39239721764685], [-3.1012249310448046, 53.39257695576477], [-3.1018263050873407, 53.39257140602502], [-3.1018355919768488, 53.392930882171385], [-3.1009335232405806, 53.392939205753805], [-3.100942802732127, 53.393298681985705], [-3.1012434948933896, 53.3932959081792], [-3.1012527771171983, 53.39365538435205], [-3.1015534717611772, 53.3936526097523]]]}, "properties": {"kind": "max_footprint", "threshold_pct": 10.0}}, {"type": "Feature", "geometry": {"type": "Polygon", "coordinates": [[[-3.106341266444468, 53.392709424252054], [-3.106327279354304, 53.39217021082187], [-3.105725911877654, 53.39217578320176], [-3.1056979542453274, 53.39109735596893], [-3.104495249078848, 53.39110849120862], [-3.1045045579599893, 53.39146796712087], [-3.1042038790108872, 53.39147074907439], [-3.104213185559928, 53.39183022499995], [-3.1045138670413777, 53.391827443010186], [-3.10451852165717, 53.39200718094625], [-3.104819204354751, 53.3920043981813], [-3.1048238602868143, 53.39218413609349], [-3.1054252280641426, 53.392178568256085], [-3.105429886578726, 53.3923583061263], [-3.1057305716584573, 53.39235552105383], [-3.1057352314893807, 53.39253525890018], [-3.1060359177852237, 53.392532473052505], [-3.1060405789325145, 53.39271221087499], [-3.106341266444468, 53.392709424252054]]]}, "properties": {"kind": "max_footprint", "threshold_pct": 10.0}}, {"type": "Feature", "geometry": {"type": "Polygon", "coordinates": [[[-3.1120168292625956, 53.39121843474], [-3.1120121431937746, 53.391038697235565], [-3.1117114680325773, 53.39104149807903], [-3.111716152835277, 53.39122123560171], [-3.1120168292625956, 53.39121843474]]]}, "properties": {"kind": "max_footprint", "threshold_pct": 10.0}}, {"type": "Feature", "geometry": {"type": "Polygon", "coordinates": [[[-3.114713519961484, 53.390833718231626], [-3.1147088225986392, 53.39065398088013], [-3.1144081504237353, 53.390656788500415], [-3.1144034543774874, 53.39047705112489], [-3.1135014413480087, 53.390485469388715], [-3.113506133596026, 53.390665206819065], [-3.114107478198323, 53.39065959536366], [-3.1141121730289893, 53.390839332751725], [-3.114713519961484, 53.390833718231626]]]}, "properties": {"kind": "max_footprint", "threshold_pct": 10.0}}, {"type": "Feature", "geometry": {"type": "Polygon", "coordinates": [[[-3.1128907197955975, 53.390131602828546], [-3.112886030231054, 53.38995186534447], [-3.112585362817539, 53.38995466834954], [-3.1125900511160434, 53.39013440585186], [-3.1128907197955975, 53.390131602828546]]]}, "properties": {"kind": "max_footprint", "threshold_pct": 10.0}}, {"type": "Feature", "geometry": {"type": "Polygon", "coordinates": [[[-3.112585362817539, 53.38995466834954], [-3.1125806745694593, 53.389774930841476], [-3.111979342123223, 53.38978053454408], [-3.1119840278392497, 53.38996027208863], [-3.112585362817539, 53.38995466834954]]]}, "properties": {"kind": "max_footprint", "threshold_pct": 10.0}}, {"type": "Feature", "geometry": {"type": "Polygon", "coordinates": [[[-3.116160445427803, 53.3886628211848], [-3.116155742341561, 53.38848308385601], [-3.1158550856113663, 53.388485895041725], [-3.115859787431685, 53.388665632388836], [-3.116160445427803, 53.3886628211848]]]}, "properties": {"kind": "max_footprint", "threshold_pct": 10.0}}, {"type": "Feature", "geometry": {"type": "Polygon", "coordinates": [[[-3.110842210334329, 53.39230805898835], [-3.110837529027905, 53.39212832144537], [-3.1102361630583224, 53.39213391653756], [-3.1102314843346384, 53.391954178952425], [-3.1096301206961487, 53.39195977097988], [-3.1096254445551517, 53.391780033352596], [-3.1093247639266384, 53.3917828282125], [-3.1093200891021056, 53.39160309056128], [-3.109019409689482, 53.391605884645955], [-3.1090147361813862, 53.39142614697079], [-3.108714057984651, 53.39142894028021], [-3.1087093857929657, 53.39124920258112], [-3.108408708812123, 53.39125199511528], [-3.1084040379368205, 53.391072257392295], [-3.1090053893159943, 53.39106667160329], [-3.108977349926162, 53.38998824536322], [-3.109578685911301, 53.38998265676444], [-3.109583361549379, 53.390162394449035], [-3.109884030732569, 53.3901595989959], [-3.1098887076869945, 53.390339336656574], [-3.1104900484345706, 53.39033374344284], [-3.1104947279714446, 53.39051348106135], [-3.110795399535814, 53.390510683300704], [-3.1108000803891027, 53.39069042089526], [-3.111100753169213, 53.3906876223594], [-3.1111054353389433, 53.39086735992998], [-3.1114061093347916, 53.39086456061882], [-3.1114107928209935, 53.39104429816546], [-3.1117114680325773, 53.39104149807903], [-3.111702098578342, 53.39068202301651], [-3.1114014258989635, 53.39068482306647], [-3.111392059178426, 53.390325347944525], [-3.1110913889808267, 53.39032814720099], [-3.1110773430759298, 53.38978893442041], [-3.111979342123223, 53.38978053454408], [-3.1119746564575914, 53.38960079699378], [-3.111673991424885, 53.389603597691334], [-3.1116693070756503, 53.38942386011708], [-3.1119699708423574, 53.389421059437765], [-3.1119652852775155, 53.389241321876014], [-3.1113639602256957, 53.389246922441146], [-3.1113545943110625, 53.38888744722752], [-3.11105393424153, 53.38889024633812], [-3.1110445710602384, 53.38853077106508], [-3.1107439134722377, 53.388533569382275], [-3.110725192777453, 53.38781461869452], [-3.11042454020272, 53.387817416181846], [-3.110419861420726, 53.38763767847735], [-3.1101192100615407, 53.38764047518952], [-3.110114532595721, 53.38746073746108], [-3.109813882452083, 53.38746353339807], [-3.1098092063024096, 53.38728379564571], [-3.1095085573743226, 53.38728659080756], [-3.109503882540769, 53.38710685303124], [-3.1092032348282324, 53.38710964741795], [-3.1091985613107713, 53.38692990961772], [-3.108897914813789, 53.3869327032293], [-3.108888570461242, 53.38657322757523], [-3.108587926445604, 53.3865760203935], [-3.1086019392523863, 53.387115233920554], [-3.1089025870654354, 53.387112441047734], [-3.1089119317194753, 53.3874719166674], [-3.1092125820139462, 53.387469123001246], [-3.1092172556821986, 53.38764886078429], [-3.1095179071922625, 53.387646066342974], [-3.10952258217665, 53.3878258041021], [-3.1098232349023047, 53.38782300888564], [-3.109827911202854, 53.38800274662081], [-3.109527257211317, 53.38800554185548], [-3.109531932296264, 53.388185279603135], [-3.109832587553697, 53.38818248435027], [-3.1098419404062683, 53.38854195979196], [-3.109541282617002, 53.38854475508124], [-3.1095553084752265, 53.38908396825542], [-3.1092546468378246, 53.389086762842325], [-3.10924997276743, 53.38890702510513], [-3.108949312345722, 53.38890981891685], [-3.1089399668876347, 53.38855034338886], [-3.108639308947563, 53.38855313640722], [-3.1086299662223347, 53.38819366081994], [-3.1083293107638594, 53.38819645304493], [-3.108347991351549, 53.38891540426931], [-3.1077466701564607, 53.38892098659383], [-3.1077513378970183, 53.389100724421944], [-3.107450675958193, 53.389103514466896], [-3.1074553424829707, 53.38928325230746], [-3.1077560056877775, 53.389280462244336], [-3.1077606735287406, 53.38946020006101], [-3.1074600090579376, 53.389462990142306], [-3.1074646756830955, 53.38964272797139], [-3.10776534141991, 53.38963993787194], [-3.1077700093612823, 53.38981967567713], [-3.1080706763139148, 53.38981688480251], [-3.108080014879365, 53.39017636035936], [-3.1083806843138637, 53.390173568691345], [-3.1083853549379836, 53.39035330644298], [-3.1071826718344613, 53.39036446864562], [-3.1071780062745993, 53.39018473082128], [-3.106877336639299, 53.39018751946119], [-3.1068726723956708, 53.39000778161297], [-3.1062713355066935, 53.39001335658545], [-3.106275997218215, 53.39019309447], [-3.105975327432458, 53.39019588083885], [-3.105979987928049, 53.39037561873582], [-3.106280658979876, 53.39037283234881], [-3.1062899826536188, 53.39073230808926], [-3.1065906561874814, 53.39072952090892], [-3.106595319365674, 53.3909092587524], [-3.1071966688151353, 53.39090368208429], [-3.107201334575725, 53.39108341988571], [-3.1078026863566945, 53.391077840153095], [-3.107812023092985, 53.391437315666074], [-3.108112701440436, 53.39143452462785], [-3.1081173711500583, 53.39161426235755], [-3.1084180507134436, 53.39161147054408], [-3.108422721739465, 53.391791208249906], [-3.1087234025187818, 53.39178841566117], [-3.108728074861229, 53.39196815334305], [-3.109028756856476, 53.391965359979075], [-3.1090334305153764, 53.392145097637034], [-3.1096347968874425, 53.392139508601446], [-3.1096394731290324, 53.392319246217276], [-3.110842210334329, 53.39230805898835]], [[-3.1086766818581935, 53.38999103852709], [-3.108376013739979, 53.38999383093395], [-3.1083713432163265, 53.38981409317084], [-3.108672010068507, 53.38981130078215], [-3.1086766818581935, 53.38999103852709]], [[-3.1083666727429082, 53.38963435540199], [-3.1080660071065185, 53.38963714701546], [-3.1080613379493407, 53.38945740922272], [-3.1083620023197227, 53.38945461762742], [-3.1083666727429082, 53.38963435540199]], [[-3.1101472759129036, 53.388718901439745], [-3.1098466169079964, 53.38872169750422], [-3.1098419404062683, 53.38854195979196], [-3.1101425981452393, 53.3885391637457], [-3.1101472759129036, 53.388718901439745]]]}, "properties": {"kind": "max_footprint", "threshold_pct": 10.0}}, {"type": "Feature", "geometry": {"type": "Polygon", "coordinates": [[[-3.122403311925082, 53.38590755628882], [-3.1223985830175858, 53.38572781925954], [-3.1220979463394256, 53.385730646065426], [-3.1221026739812188, 53.38591038311311], [-3.122403311925082, 53.38590755628882]]]}, "properties": {"kind": "max_footprint", "threshold_pct": 10.0}}, {"type": "Feature", "geometry": {"type": "Polygon", "coordinates": [[[-3.123601129221526, 53.385716504467126], [-3.1235963953021395, 53.38553676750579], [-3.122995124833308, 53.38554242637892], [-3.1229998562213237, 53.38572216337711], [-3.123601129221526, 53.385716504467126]]]}, "properties": {"kind": "max_footprint", "threshold_pct": 10.0}}, {"type": "Feature", "geometry": {"type": "Polygon", "coordinates": [[[-3.1217925832851607, 53.3855537350426], [-3.1217878570107276, 53.38537399796503], [-3.1214872227622634, 53.38537682322034], [-3.1214919477710192, 53.38555656031629], [-3.1217925832851607, 53.3855537350426]]]}, "properties": {"kind": "max_footprint", "threshold_pct": 10.0}}, {"type": "Feature", "geometry": {"type": "Polygon", "coordinates": [[[-3.1124681717409173, 53.38546122892822], [-3.1124634847532056, 53.385281491276835], [-3.112162850201516, 53.38528429305042], [-3.112158164529882, 53.38510455537506], [-3.111857531193473, 53.38510735637353], [-3.111866900055774, 53.385466831755004], [-3.1124681717409173, 53.38546122892822]]]}, "properties": {"kind": "max_footprint", "threshold_pct": 10.0}}, {"type": "Feature", "geometry": {"type": "Polygon", "coordinates": [[[-3.1161792582785965, 53.38938177044271], [-3.1161745549900224, 53.38920203313684], [-3.1167758784261843, 53.38919640834797], [-3.116766466936969, 53.38883693379228], [-3.1164658077760956, 53.38883974652857], [-3.116461103373338, 53.3886600092238], [-3.116160445427803, 53.3886628211848], [-3.1161651485646265, 53.388842558507896], [-3.1152631706267724, 53.388850989903965], [-3.115258471287758, 53.38867125252598], [-3.1149578131399744, 53.38867406145907], [-3.114953115117427, 53.38849432405708], [-3.11465245818504, 53.38849713221491], [-3.114647761478929, 53.38831739478888], [-3.1152490727613524, 53.38831177775281], [-3.115253771999283, 53.38849151514225], [-3.1158550856113663, 53.388485895041725], [-3.1158503838416154, 53.38830615768887], [-3.1155497283267604, 53.38830896809934], [-3.1155450278734738, 53.38812923072243], [-3.11524437357396, 53.38813204035761], [-3.1152396744371074, 53.387952302956684], [-3.114939021352939, 53.38795511181661], [-3.1149343235324944, 53.387775374391666], [-3.1146336716636713, 53.387778182476346], [-3.114619582303011, 53.387238970112215], [-3.1143189341812083, 53.38724177738511], [-3.11431423909449, 53.38706203990065], [-3.11401359218801, 53.38706484639831], [-3.1139901238406953, 53.386166158798616], [-3.113689483212621, 53.38616896444799], [-3.11367540660713, 53.38562975176454], [-3.113374769725763, 53.38563255660222], [-3.113356006687599, 53.3849136062043], [-3.113055374818492, 53.38491641021203], [-3.1130506854507067, 53.38473667257996], [-3.112449424092501, 53.384742278288286], [-3.1124634847532056, 53.385281491276835], [-3.1127641192544906, 53.38527868874634], [-3.112782872570595, 53.38599763924446], [-3.1130835120842804, 53.385994835884084], [-3.1131116511657413, 53.387073261349734], [-3.113412298223622, 53.38707045712286], [-3.113421680852606, 53.38742993219568], [-3.1125197319326965, 53.387438342715036], [-3.1125150443904794, 53.38725860512672], [-3.1122143959154984, 53.38726140710102], [-3.1122050235139325, 53.386901931870696], [-3.111904377520184, 53.38690473305159], [-3.111899692660795, 53.38672499540959], [-3.112200337388748, 53.386722194246936], [-3.112186279315574, 53.386182981341236], [-3.1118856383849263, 53.38618578244916], [-3.1118715845624916, 53.38564656943714], [-3.111270310144431, 53.38565216927284], [-3.1112937207763087, 53.3865508577799], [-3.1115943643392328, 53.386548058149316], [-3.1116084151200143, 53.38708727113006], [-3.1113077677597007, 53.38709007081531], [-3.1113311804058608, 53.38798875909307], [-3.11163183409543, 53.38798595931664], [-3.111636518041636, 53.38816569693676], [-3.111937172946722, 53.38816289638513], [-3.111941858209209, 53.388342633981274], [-3.11224251432981, 53.38833983265444], [-3.112251887537804, 53.38869930779304], [-3.112552546139849, 53.38869650567274], [-3.112557234085399, 53.38887624321519], [-3.1128578939029676, 53.38887344031965], [-3.1128625831648944, 53.38905317783813], [-3.114365887825739, 53.38903915191434], [-3.114370583467943, 53.38921888933572], [-3.1149719075107924, 53.38921327363072], [-3.1149766057354573, 53.389393011009815], [-3.1161792582785965, 53.38938177044271]], [[-3.114647761478929, 53.38831739478888], [-3.114347105761942, 53.38832020217146], [-3.1143424103722426, 53.3881404647214], [-3.114643064823331, 53.38813765735711], [-3.114647761478929, 53.38831739478888]], [[-3.1143424103722426, 53.3881404647214], [-3.114041755870654, 53.38814327132874], [-3.114037061797338, 53.38796353385465], [-3.1143377150330407, 53.38796072726561], [-3.1143424103722426, 53.3881404647214]]]}, "properties": {"kind": "max_footprint", "threshold_pct": 10.0}}, {"type": "Feature", "geometry": {"type": "Polygon", "coordinates": [[[-3.125071130166734, 53.38444418574232], [-3.1250616504357582, 53.384084711918014], [-3.1247610256064444, 53.384087545369816], [-3.124765764180873, 53.38426728230329], [-3.124465138035026, 53.384270115016704], [-3.1244698753948263, 53.38444985196289], [-3.125071130166734, 53.38444418574232]]]}, "properties": {"kind": "max_footprint", "threshold_pct": 10.0}}, {"type": "Feature", "geometry": {"type": "Polygon", "coordinates": [[[-3.113947883995514, 53.384548520757924], [-3.1139384979184452, 53.3841890455747], [-3.1136378712127235, 53.38419185102312], [-3.1136472547585803, 53.38455132624288], [-3.113947883995514, 53.384548520757924]]]}, "properties": {"kind": "max_footprint", "threshold_pct": 10.0}}, {"type": "Feature", "geometry": {"type": "Polygon", "coordinates": [[[-3.1182509142925676, 53.38810390994255], [-3.1182462024969224, 53.387924172724816], [-3.1185468550244186, 53.38792135553839], [-3.118537429053443, 53.38756188112244], [-3.117936129011199, 53.38756751466498], [-3.1179314186334106, 53.38738777741168], [-3.1182320674140342, 53.387384961037235], [-3.1182226442788057, 53.38702548655016], [-3.1179219980298116, 53.38702830288794], [-3.1179125776288417, 53.38666882834125], [-3.1176119338607666, 53.386671643885414], [-3.117607225002034, 53.38649190658513], [-3.1170059398455074, 53.38649753536604], [-3.117001233568927, 53.386317798023356], [-3.1167005921804902, 53.386320611260125], [-3.1166911823106425, 53.385961136520905], [-3.1163905434030803, 53.38596394896414], [-3.1163717293333453, 53.38524499934364], [-3.116071095437983, 53.385247810956706], [-3.116052287240132, 53.3845288611712], [-3.1157516583567744, 53.38453167195418], [-3.115756359064765, 53.384711409427474], [-3.1154557288652316, 53.38471421947189], [-3.1154416306897446, 53.38417500697992], [-3.115141004236504, 53.384177816212585], [-3.1151222124389513, 53.38345886606985], [-3.1145209695054255, 53.38346448211833], [-3.1145585336594452, 53.38490238260465], [-3.114859165276193, 53.38489957481254], [-3.11488265084205, 53.385798262338724], [-3.1145820128969026, 53.385801070222236], [-3.114619582303011, 53.387238970112215], [-3.114920230374304, 53.387236162082395], [-3.1149296257625743, 53.38759563696097], [-3.115831577268278, 53.387587208220104], [-3.115836278835764, 53.38776694559591], [-3.116738233683947, 53.38775850998757], [-3.1167429390995984, 53.38793824730269], [-3.117043591880332, 53.387935433901035], [-3.117034178567917, 53.38757595930169], [-3.1173348287663147, 53.38757314517973], [-3.1173395366630623, 53.387752882463936], [-3.117940839439645, 53.3877472519125], [-3.1179502604485223, 53.38810672639038], [-3.1182509142925676, 53.38810390994255]], [[-3.117034178567917, 53.38757595930169], [-3.1167335283189015, 53.387578772666714], [-3.116728823004462, 53.387399035340124], [-3.1170294719876392, 53.38739622199342], [-3.117034178567917, 53.38757595930169]], [[-3.1151973844795844, 53.386334666090306], [-3.1148967427877525, 53.386337474785606], [-3.11488265084205, 53.385798262338724], [-3.115183288736681, 53.385795453698286], [-3.1151973844795844, 53.386334666090306]]]}, "properties": {"kind": "max_footprint", "threshold_pct": 10.0}}, {"type": "Feature", "geometry": {"type": "Polygon", "coordinates": [[[-3.1210212894542866, 53.37908884510166], [-3.1210165675395625, 53.37890910778075], [-3.1207159787448364, 53.37891193086038], [-3.120720699394371, 53.37909166819966], [-3.1210212894542866, 53.37908884510166]]]}, "properties": {"kind": "max_footprint", "threshold_pct": 10.0}}, {"type": "Feature", "geometry": {"type": "Polygon", "coordinates": [[[-3.1222283762123633, 53.37925728238415], [-3.1222141952859523, 53.378718070642165], [-3.1219136079595753, 53.378720896730194], [-3.121908882350918, 53.378541159452986], [-3.121608296238887, 53.37854398476594], [-3.1216035719461908, 53.37836424746459], [-3.121302987048504, 53.37836707200243], [-3.121298264071739, 53.37818733467697], [-3.120997680388402, 53.37819015843973], [-3.121002402100034, 53.37836989578361], [-3.12070181710079, 53.37837271880805], [-3.120706537598046, 53.37855245616457], [-3.1210071238624377, 53.37854963312172], [-3.121011845675613, 53.378729370454096], [-3.1213124331543916, 53.37872654663616], [-3.121317156283516, 53.37890628394443], [-3.1216177449766804, 53.3789034593514], [-3.1216224694217787, 53.37908319663553], [-3.1219230593293292, 53.37908037126739], [-3.1219277850904295, 53.37926010852738], [-3.1222283762123633, 53.37925728238415]]]}, "properties": {"kind": "max_footprint", "threshold_pct": 10.0}}, {"type": "Feature", "geometry": {"type": "Polygon", "coordinates": [[[-3.1215250242551713, 53.38681471982736], [-3.1215202988906956, 53.38663498277157], [-3.1212196557313896, 53.38663780739874], [-3.121214931683492, 53.38645807031883], [-3.1218162154197686, 53.38645242034433], [-3.121811488891185, 53.38627268329547], [-3.122112129417339, 53.38626985719125], [-3.1221026739812188, 53.38591038311311], [-3.121501397940978, 53.385916034491004], [-3.121496672830591, 53.38573629740652], [-3.120895399118494, 53.385741945720056], [-3.1208906765903053, 53.38556220859303], [-3.12059004092376, 53.38556503159608], [-3.120585319712038, 53.38538529444495], [-3.1214872227622634, 53.38537682322034], [-3.12148249780432, 53.38519708611864], [-3.1223843966002325, 53.3851886081373], [-3.1223749392429356, 53.384829134027115], [-3.122976199790069, 53.38482347832883], [-3.1229667375737327, 53.38446400426938], [-3.122365482089049, 53.384469659893966], [-3.122370210640567, 53.38464939696341], [-3.1220695815563353, 53.384652223658854], [-3.122074308893083, 53.38483196074096], [-3.121473048040875, 53.384837611898035], [-3.121468323235371, 53.38465787477914], [-3.1211676939986646, 53.38466069920397], [-3.1211582470712944, 53.38430122491213], [-3.122962006541881, 53.384284267231024], [-3.1229525446308117, 53.383924793137126], [-3.1235537923185164, 53.383919134595644], [-3.12355852577974, 53.384098871608614], [-3.1241597757949546, 53.38409321000292], [-3.1241550398026066, 53.3839134730268], [-3.125658157621308, 53.383899305860034], [-3.1256439309668584, 53.38336009517406], [-3.123840212211161, 53.38337709317159], [-3.12383074321583, 53.383017619130875], [-3.1241313606048116, 53.38301478806022], [-3.1241266249180355, 53.38283505104966], [-3.124427240990611, 53.38283221924065], [-3.124431977942866, 53.38301195623275], [-3.1253338296513307, 53.38300345620946], [-3.125329088902641, 53.38282371927272], [-3.126531552071557, 53.382812375386806], [-3.126522060603479, 53.382452901643866], [-3.1271232868199696, 53.382447225233996], [-3.127109042408089, 53.38190801468739], [-3.127409651643496, 53.38190517540274], [-3.1274049023429304, 53.381725438560906], [-3.1280061181297367, 53.38171975775823], [-3.1279966146203417, 53.381360284131276], [-3.128297219906367, 53.3813574426318], [-3.1282734557004646, 53.38045875855648], [-3.128574054608782, 53.38045591639279], [-3.1285693006556468, 53.38027617957899], [-3.1288698982475647, 53.38027333667705], [-3.1288651430802847, 53.380093599876055], [-3.129466335580181, 53.38008791183899], [-3.1294615779335335, 53.379908175069296], [-3.1297621728415, 53.379905329934196], [-3.1297383790496, 53.37900664609216], [-3.1300389675803566, 53.379003800293006], [-3.1300342077103207, 53.3788240635259], [-3.13033479492473, 53.37882121698858], [-3.130330033840724, 53.37864148023427], [-3.130630619738785, 53.3786386329588], [-3.1306163329985606, 53.37809942271704], [-3.1309169150500438, 53.378096574740525], [-3.1309073882824134, 53.3777371012544], [-3.1306068087611076, 53.37773994919382], [-3.1305925227889655, 53.37720073886594], [-3.1308930985151036, 53.37719789098213], [-3.1308883353617665, 53.377018154213225], [-3.1314894841303285, 53.37701245621279], [-3.13148471849818, 53.376832719475225], [-3.131785291540591, 53.376829869358595], [-3.131761457823602, 53.37593118567751], [-3.1320620244899042, 53.37592833489706], [-3.132052488832029, 53.37556886142155], [-3.1323530529172205, 53.375566009921634], [-3.1323387460202197, 53.37502679972099], [-3.1320381857296935, 53.375029651165214], [-3.132033418131439, 53.37484991440162], [-3.1323339771571033, 53.37484706297597], [-3.1323292083452614, 53.37466732622518], [-3.132028650584445, 53.37467017763228], [-3.1319666771379295, 53.37233359910813], [-3.131666135767646, 53.37233644951734], [-3.131642308456196, 53.37143776511833], [-3.131341773357835, 53.37144061467824], [-3.13133700931384, 53.37126087776266], [-3.1307359414926603, 53.37126657457593], [-3.1307311800290396, 53.371086837617504], [-3.12982958170711, 53.37109537710815], [-3.1298248240883804, 53.370915640088356], [-3.1292237608137903, 53.37092132926266], [-3.129219005775321, 53.37074159220009], [-3.128317414273725, 53.370750120232415], [-3.128322165518523, 53.370929857350504], [-3.126819505671631, 53.37094405570063], [-3.1268242506446424, 53.37112379290542], [-3.1259226503305064, 53.37113230289314], [-3.1259273915607624, 53.3713120401476], [-3.1253263219005976, 53.37131770972723], [-3.125331060652617, 53.371497447012864], [-3.1250305244815006, 53.37150028068638], [-3.1250352620198485, 53.37168001798474], [-3.1244341869955834, 53.37168568309918], [-3.124438922055596, 53.371865420428676], [-3.1241383832024585, 53.37186825186958], [-3.1241478509458975, 53.372227726548246], [-3.1244483923283473, 53.372224895070474], [-3.1244436571665166, 53.37204515775245], [-3.124744197233394, 53.37204232553661], [-3.1247536701373035, 53.37240180013003], [-3.125054212682595, 53.37239896712078], [-3.1250589504756245, 53.37257870439044], [-3.1253594942346656, 53.37257587060619], [-3.125368972502959, 53.372935345091406], [-3.124166787043538, 53.372946675836715], [-3.124185723955569, 53.37366562503335], [-3.124486275455813, 53.373662793408066], [-3.124495746746824, 53.37402226793506], [-3.124195192716995, 53.37402509959724], [-3.1242046616820374, 53.37438457413814], [-3.1239041050716647, 53.37438740508057], [-3.1238993718285184, 53.37420766779456], [-3.1232982609847686, 53.37421332737287], [-3.123307722462612, 53.374572802012885], [-3.1236082804395964, 53.374569972565155], [-3.123627209065177, 53.37528892170263], [-3.123326646028689, 53.37529175122405], [-3.1233313770473767, 53.37547148851249], [-3.12303081269511, 53.375474317295726], [-3.1230355424997422, 53.37565405459685], [-3.1233361081169324, 53.37565122579518], [-3.1233408392373594, 53.37583096307216], [-3.123641406068619, 53.37582813349545], [-3.123655603530015, 53.37636734523665], [-3.122753891498954, 53.37637583186267], [-3.1227633491376547, 53.37673530643861], [-3.123063922395538, 53.37673247828307], [-3.1230828433432674, 53.37745142729243], [-3.123383421610449, 53.37744859830658], [-3.123407080265048, 53.37834728434705], [-3.1228059110288062, 53.378352941746314], [-3.1228106403820806, 53.378532678974025], [-3.122510054422529, 53.378535506557036], [-3.1225336956258087, 53.37943419270163], [-3.122834287911281, 53.37943136502655], [-3.1228390175696896, 53.379611102219826], [-3.122538424018994, 53.37961392991333], [-3.122543152463024, 53.379793667119294], [-3.1219419626786316, 53.37979932027292], [-3.121946688643002, 53.37997905750996], [-3.1216460924093163, 53.3799818829701], [-3.1216697166669936, 53.38088056916119], [-3.121369114056024, 53.38088339395655], [-3.1213832854242867, 53.38142260565755], [-3.1216838918313083, 53.38141978080701], [-3.121688616987701, 53.38159951801081], [-3.121087401592106, 53.38160516699193], [-3.1210779563916153, 53.38124569250503], [-3.120777351148378, 53.38124851582365], [-3.1207679086817097, 53.38088904127703], [-3.1204673059183934, 53.38089186380212], [-3.1204484266554955, 53.3801729145665], [-3.120147828902646, 53.38017573626134], [-3.1201525473769554, 53.38035547359723], [-3.1198519483080824, 53.380358294553695], [-3.119866100239509, 53.38089750658203], [-3.1192648943577135, 53.380903146334894], [-3.119274324170911, 53.38126262106524], [-3.118973718623257, 53.38126543984324], [-3.118978432340538, 53.38144517721813], [-3.11777600458169, 53.38145644483585], [-3.1177712959258947, 53.381276707387556], [-3.117470690124935, 53.3812795223817], [-3.1174848124480654, 53.38181873476437], [-3.118086031591669, 53.3818131039093], [-3.1181048721880353, 53.38253205352587], [-3.117203028211475, 53.382540498893306], [-3.1172124412207194, 53.38289997377718], [-3.117513058461156, 53.382897159374856], [-3.117527182151156, 53.38343637160265], [-3.1169259400266074, 53.38344199976044], [-3.1169212346103605, 53.38326226232025], [-3.1166206147377014, 53.383265075245575], [-3.116615910637569, 53.38308533778134], [-3.1160146732715277, 53.38309096132492], [-3.116009971752978, 53.38291122381831], [-3.1157093542596104, 53.38291403443654], [-3.115704654057107, 53.382734296905916], [-3.115103421449726, 53.38273991583536], [-3.1151081191212544, 53.382919653402574], [-3.1154087367156986, 53.38291684429797], [-3.115418134741327, 53.38327631937863], [-3.115718754816255, 53.38327350948061], [-3.1157234551703983, 53.38345324699405], [-3.1160240764603038, 53.38345043632087], [-3.116028778130536, 53.38363017381029], [-3.116329400635422, 53.38362736236198], [-3.116357619312158, 53.38470578706803], [-3.1166582493599924, 53.38470297475302], [-3.1166770678853584, 53.38542192436909], [-3.1169777029452153, 53.38541911122392], [-3.1169824089687346, 53.38559884859527], [-3.11728304524367, 53.3855960346749], [-3.1172971674150394, 53.386135246699595], [-3.1175978074364936, 53.38613243196734], [-3.117607225002034, 53.38649190658513], [-3.1200123636013903, 53.38646936118486], [-3.120017082586243, 53.38664909833831], [-3.12031772594869, 53.386646276738794], [-3.120322446250071, 53.386826013868145], [-3.1215250242551713, 53.38681471982736]], [[-3.118485589837032, 53.3855847714245], [-3.118184953764675, 53.38558758837244], [-3.1181708206578724, 53.385048376461135], [-3.1178701883318656, 53.38505119259716], [-3.117860769045256, 53.3846917179243], [-3.1175601391998784, 53.38469453326677], [-3.1175554308981637, 53.38451479590338], [-3.118156688007037, 53.38450916449823], [-3.118166109723599, 53.38486863914592], [-3.118466740733298, 53.38486582227136], [-3.118471452933215, 53.38504555956825], [-3.1187720851578815, 53.38504274191847], [-3.118776798674134, 53.38522247919127], [-3.11847616518381, 53.385225296859396], [-3.118485589837032, 53.3855847714245]], [[-3.120585319712038, 53.38538529444495], [-3.1199840507579983, 53.38539093814362], [-3.1199793321283824, 53.38521120094998], [-3.1196786988409038, 53.38521402164562], [-3.119673981527686, 53.38503428442791], [-3.119373349455132, 53.38503710434831], [-3.1193639175121577, 53.38467762985891], [-3.119664547053445, 53.384674809975245], [-3.1196692642652, 53.384854547204434], [-3.120270525726824, 53.38484890512978], [-3.120279965365115, 53.38520837949747], [-3.1205805985510886, 53.38520555728809], [-3.120585319712038, 53.38538529444495]], [[-3.1193592016167453, 53.384497892605616], [-3.1190585732903573, 53.38450071171406], [-3.1190538587112604, 53.384320974436655], [-3.119354485772047, 53.38431815534657], [-3.1193592016167453, 53.384497892605616]], [[-3.1190538587112604, 53.384320974436655], [-3.1187532315997712, 53.38432379276988], [-3.1187485183369654, 53.38414405546841], [-3.1190491441828656, 53.38414123715353], [-3.1190538587112604, 53.384320974436655]], [[-3.1175507226470827, 53.384335058534276], [-3.117250095282294, 53.38433787308321], [-3.1172453883474374, 53.38415813569006], [-3.1175460144466345, 53.38415532115942], [-3.1175507226470827, 53.384335058534276]], [[-3.1184478924403773, 53.384146873026424], [-3.118147266493118, 53.384149689827616], [-3.1181425558121476, 53.38396995248368], [-3.1184431804938324, 53.38396713570087], [-3.1184478924403773, 53.384146873026424]], [[-3.1229525446308117, 53.383924793137126], [-3.1226519207106387, 53.38392762127259], [-3.12264719109697, 53.38374788419862], [-3.1229478137515927, 53.383745056081565], [-3.1229525446308117, 53.383924793137126]], [[-3.1181425558121476, 53.38396995248368], [-3.117841931079806, 53.38397276850968], [-3.1178230939246734, 53.3832538190033], [-3.1181237135948456, 53.38325100305067], [-3.1181425558121476, 53.38396995248368]], [[-3.1232389722184646, 53.38338275311617], [-3.1229383521457796, 53.38338558195321], [-3.1229336214191834, 53.383205844880436], [-3.123234240226359, 53.38320301606181], [-3.1232389722184646, 53.38338275311617]], [[-3.122332383652224, 53.38321150024724], [-3.1220317646924696, 53.383214326795404], [-3.1220270378132398, 53.38303458966165], [-3.1223276555074975, 53.383031763131896], [-3.122332383652224, 53.38321150024724]], [[-3.11991799456093, 53.382874616910875], [-3.1196173777258904, 53.38287743736774], [-3.119612661072119, 53.38269770007542], [-3.1193120454518364, 53.38270051975709], [-3.1192978995911993, 53.38216130779065], [-3.118997287716562, 53.38216412666047], [-3.1189831461085085, 53.38162491458733], [-3.119584362214617, 53.38161927620112], [-3.1195890785640716, 53.38179901352785], [-3.1198896878064537, 53.38179619318121], [-3.11991799456093, 53.382874616910875]], [[-3.118414909878647, 53.38288871162696], [-3.118114292790133, 53.38289152829974], [-3.1181095824637572, 53.382711790915685], [-3.118410198286792, 53.38270897426124], [-3.118414909878647, 53.38288871162696]], [[-3.126221447418677, 53.38245573871361], [-3.124718380729639, 53.382469912710306], [-3.124704166687865, 53.38193070172048], [-3.124403556993419, 53.381933534194076], [-3.124398820346793, 53.381753797167555], [-3.1240982118668095, 53.38175662886595], [-3.124093476536503, 53.38157689181522], [-3.124694690914765, 53.38157122769857], [-3.1246994287758407, 53.381750964712374], [-3.125300645481074, 53.38174529753173], [-3.1253053859238915, 53.381925034502906], [-3.125605995465445, 53.381922199758954], [-3.1256107372246476, 53.38210193670593], [-3.1259113479806198, 53.382099101186725], [-3.1259160910562342, 53.38227883810951], [-3.126216703026622, 53.382276001815036], [-3.126221447418677, 53.38245573871361]], [[-3.120176140509605, 53.3812541601906], [-3.119875535114098, 53.381256981238906], [-3.1198708176514387, 53.38107724391334], [-3.120171421781593, 53.38107442288341], [-3.120176140509605, 53.3812541601906]], [[-3.124801037712429, 53.374199172752796], [-3.1245004824687044, 53.37420200518995], [-3.124495746746824, 53.37402226793506], [-3.1247963007257344, 53.37401943551635], [-3.124801037712429, 53.374199172752796]]]}, "properties": {"kind": "max_footprint", "threshold_pct": 10.0}}]}