{"type": "FeatureCollection", "features": [{"type": "Feature", "geometry": {"type": "Polygon", "coordinates": [[[-3.0751267873687405, 53.4071973027846], [-3.07512225406383, 53.40701756355291], [-3.07482146254702, 53.40702027205521], [-3.074825994584533, 53.40720001130456], [-3.0751267873687405, 53.4071973027846]]]}, "properties": {"kind": "max_footprint", "threshold_pct": 4.0}}, {"type": "Feature", "geometry": {"type": "Polygon", "coordinates": [[[-3.085668237275596, 53.40764124315482], [-3.0856636594645006, 53.40746150456089], [-3.0859644530189825, 53.407458768735054], [-3.0859598739897423, 53.407279030153234], [-3.08626066622756, 53.40727629358771], [-3.0862423455338064, 53.406557339274514], [-3.0856407711478147, 53.40656281150549], [-3.085649926326733, 53.406922288744816], [-3.084145976826579, 53.40693595624427], [-3.0841642624275756, 53.40765491101041], [-3.085668237275596, 53.40764124315482]]]}, "properties": {"kind": "max_footprint", "threshold_pct": 4.0}}, {"type": "Feature", "geometry": {"type": "Polygon", "coordinates": [[[-3.091665711997338, 53.406867429373], [-3.091656506124674, 53.40650795284836], [-3.0913557198453945, 53.40651070297732], [-3.0913603214896335, 53.4066904412604], [-3.091059533893513, 53.406693190649776], [-3.0910641343199186, 53.40687292894506], [-3.091665711997338, 53.406867429373]]]}, "properties": {"kind": "max_footprint", "threshold_pct": 4.0}}, {"type": "Feature", "geometry": {"type": "Polygon", "coordinates": [[[-3.0748123986182763, 53.40666079353938], [-3.074807866727044, 53.406481054272895], [-3.074507078963581, 53.406483761964765], [-3.074502548388451, 53.40630402267493], [-3.0742017618435864, 53.40630672959169], [-3.0742108205078904, 53.4066662082009], [-3.0748123986182763, 53.40666079353938]]]}, "properties": {"kind": "max_footprint", "threshold_pct": 4.0}}, {"type": "Feature", "geometry": {"type": "Polygon", "coordinates": [[[-3.0928550428151262, 53.40631720655854], [-3.0928504349333985, 53.40613746835364], [-3.092549651386905, 53.40614022147666], [-3.0925542580013334, 53.40631995969949], [-3.0928550428151262, 53.40631720655854]]]}, "properties": {"kind": "max_footprint", "threshold_pct": 4.0}}, {"type": "Feature", "geometry": {"type": "Polygon", "coordinates": [[[-3.0772050831647637, 53.40609988720056], [-3.077200541281311, 53.40592014805822], [-3.076598974090382, 53.40592557469831], [-3.076603513439215, 53.40610531387601], [-3.0772050831647637, 53.40609988720056]]]}, "properties": {"kind": "max_footprint", "threshold_pct": 4.0}}, {"type": "Feature", "geometry": {"type": "Polygon", "coordinates": [[[-3.0955390079666825, 53.405393703929995], [-3.0955343889277733, 53.405213965858074], [-3.095233612164218, 53.40521672570843], [-3.095238229935901, 53.40539646379832], [-3.0955390079666825, 53.405393703929995]]]}, "properties": {"kind": "max_footprint", "threshold_pct": 4.0}}, {"type": "Feature", "geometry": {"type": "Polygon", "coordinates": [[[-3.095233612164218, 53.40521672570843], [-3.0952289944422167, 53.40503698761284], [-3.094928218896193, 53.40503974668778], [-3.094932835350981, 53.405219484801336], [-3.095233612164218, 53.40521672570843]]]}, "properties": {"kind": "max_footprint", "threshold_pct": 4.0}}, {"type": "Feature", "geometry": {"type": "Polygon", "coordinates": [[[-3.096131320782152, 53.4050287058434], [-3.096126699308239, 53.40484896779602], [-3.0955251509990425, 53.4048544896971], [-3.095529769938561, 53.40503422778046], [-3.096131320782152, 53.4050287058434]]]}, "properties": {"kind": "max_footprint", "threshold_pct": 4.0}}, {"type": "Feature", "geometry": {"type": "Polygon", "coordinates": [[[-3.092818181149393, 53.40487930075903], [-3.092813573664253, 53.40469956250834], [-3.0925128002556694, 53.4047023154879], [-3.092517406473618, 53.40488205375653], [-3.092818181149393, 53.40487930075903]]]}, "properties": {"kind": "max_footprint", "threshold_pct": 4.0}}, {"type": "Feature", "geometry": {"type": "Polygon", "coordinates": [[[-3.095215141574295, 53.40449777329169], [-3.0952105240510117, 53.404318035173176], [-3.0943082124701, 53.40432630991008], [-3.0943128261919064, 53.404506048082474], [-3.095215141574295, 53.40449777329169]]]}, "properties": {"kind": "max_footprint", "threshold_pct": 4.0}}, {"type": "Feature", "geometry": {"type": "Polygon", "coordinates": [[[-3.0952059065774087, 53.40413829704896], [-3.09520128915348, 53.40395855891904], [-3.0949005212104446, 53.403961317886115], [-3.0949051373672405, 53.404141056034035], [-3.0952059065774087, 53.40413829704896]]]}, "properties": {"kind": "max_footprint", "threshold_pct": 4.0}}, {"type": "Feature", "geometry": {"type": "Polygon", "coordinates": [[[-3.0861553330048874, 53.403142305037335], [-3.086150753890787, 53.40296256633608], [-3.0858499920664184, 53.402965302473824], [-3.0858545699134483, 53.403145041192914], [-3.0861553330048874, 53.403142305037335]]]}, "properties": {"kind": "max_footprint", "threshold_pct": 4.0}}, {"type": "Feature", "geometry": {"type": "Polygon", "coordinates": [[[-3.1023918188930386, 53.40281369018306], [-3.1023871714082008, 53.40263395244581], [-3.1020864135305732, 53.402636729464064], [-3.1020910597483917, 53.40281646721938], [-3.1023918188930386, 53.40281369018306]]]}, "properties": {"kind": "max_footprint", "threshold_pct": 4.0}}, {"type": "Feature", "geometry": {"type": "Polygon", "coordinates": [[[-3.1005408666946312, 53.40103296232568], [-3.1005362273110464, 53.40085322442273], [-3.0996339906377957, 53.400861539031084], [-3.099629355104741, 53.40068180106823], [-3.0984263772431473, 53.40069287653805], [-3.0984310077086996, 53.40087261457303], [-3.099333244980291, 53.400864309052565], [-3.0993378792963258, 53.401044047027725], [-3.1005408666946312, 53.40103296232568]]]}, "properties": {"kind": "max_footprint", "threshold_pct": 4.0}}, {"type": "Feature", "geometry": {"type": "Polygon", "coordinates": [[[-3.097524143323864, 53.400701175188594], [-3.097514890143345, 53.40034169899334], [-3.096913405682377, 53.40034722756842], [-3.096918029714043, 53.4005269657049], [-3.0972187732362597, 53.40052420177802], [-3.0972233985845397, 53.4007039398908], [-3.097524143323864, 53.400701175188594]]]}, "properties": {"kind": "max_footprint", "threshold_pct": 4.0}}, {"type": "Feature", "geometry": {"type": "Polygon", "coordinates": [[[-3.0824549038040874, 53.399580309534], [-3.0824503408767443, 53.39940057050488], [-3.082149603800993, 53.39940329719871], [-3.0821541654615308, 53.399583036245616], [-3.0824549038040874, 53.399580309534]]]}, "properties": {"kind": "max_footprint", "threshold_pct": 4.0}}, {"type": "Feature", "geometry": {"type": "Polygon", "coordinates": [[[-3.082149603800993, 53.39940329719871], [-3.082145042189528, 53.39922355814609], [-3.0818443063314986, 53.39922628406489], [-3.0818488666761708, 53.39940602313526], [-3.082149603800993, 53.39940329719871]]]}, "properties": {"kind": "max_footprint", "threshold_pct": 4.0}}, {"type": "Feature", "geometry": {"type": "Polygon", "coordinates": [[[-3.084851662701943, 53.39919899079907], [-3.0848425168243736, 53.398839512996695], [-3.0845417839420106, 53.398842245695455], [-3.0845372123437618, 53.39866250676792], [-3.0842364806789675, 53.398665238691635], [-3.084245621391136, 53.39902471657659], [-3.0845463555894383, 53.39902198461731], [-3.084550927286046, 53.39920172353343], [-3.084851662701943, 53.39919899079907]]]}, "properties": {"kind": "max_footprint", "threshold_pct": 4.0}}, {"type": "Feature", "geometry": {"type": "Polygon", "coordinates": [[[-3.108567548469222, 53.39736307428745], [-3.1085628758853945, 53.397183336759305], [-3.108262157064342, 53.39718612913651], [-3.1082668283815766, 53.39736586668286], [-3.108567548469222, 53.39736307428745]]]}, "properties": {"kind": "max_footprint", "threshold_pct": 4.0}}, {"type": "Feature", "geometry": {"type": "Polygon", "coordinates": [[[-3.094924334600042, 53.393174260648244], [-3.0949151058597284, 53.39281478368434], [-3.094313726995035, 53.39282029863359], [-3.094309115231873, 53.39264056010715], [-3.093707738701308, 53.39264607199208], [-3.0937123479319215, 53.392825810554434], [-3.0940130374882733, 53.39282305497256], [-3.0940176480347525, 53.39300279351125], [-3.0943183388078017, 53.393000037154316], [-3.094322950670175, 53.39317977566933], [-3.094924334600042, 53.393174260648244]]]}, "properties": {"kind": "max_footprint", "threshold_pct": 4.0}}, {"type": "Feature", "geometry": {"type": "Polygon", "coordinates": [[[-3.1198627136343786, 53.39222376866233], [-3.119853275100542, 53.39186429466862], [-3.119552594923549, 53.39186711528697], [-3.1195573128989165, 53.39204685230508], [-3.119256631405005, 53.39204967218474], [-3.1192613481649327, 53.39222940921546], [-3.1198627136343786, 53.39222376866233]]]}, "properties": {"kind": "max_footprint", "threshold_pct": 4.0}}, {"type": "Feature", "geometry": {"type": "Polygon", "coordinates": [[[-3.0943045035183134, 53.39246082157496], [-3.0942952802400074, 53.39210134449345], [-3.0939945957982604, 53.392104100760626], [-3.094003816544088, 53.39246357787804], [-3.0943045035183134, 53.39246082157496]]]}, "properties": {"kind": "max_footprint", "threshold_pct": 4.0}}, {"type": "Feature", "geometry": {"type": "Polygon", "coordinates": [[[-3.121046546840792, 53.39149353075496], [-3.121037098584042, 53.39113405686239], [-3.1204357487145713, 53.39113970325144], [-3.120445191906834, 53.39149917721754], [-3.121046546840792, 53.39149353075496]]]}, "properties": {"kind": "max_footprint", "threshold_pct": 4.0}}, {"type": "Feature", "geometry": {"type": "Polygon", "coordinates": [[[-3.1204357487145713, 53.39113970325144], [-3.1204310271946145, 53.390959966259764], [-3.1201303534498, 53.39096278830035], [-3.120135073703654, 53.3911425253104], [-3.1204357487145713, 53.39113970325144]]]}, "properties": {"kind": "max_footprint", "threshold_pct": 4.0}}, {"type": "Feature", "geometry": {"type": "Polygon", "coordinates": [[[-3.1219107566671425, 53.39004716011684], [-3.1219013016272594, 53.38968768624286], [-3.122201966204874, 53.389684859788915], [-3.122187780228462, 53.38914564899017], [-3.1209851368047037, 53.38915695004307], [-3.1209898603487995, 53.38933668705533], [-3.1206891980998566, 53.3893395104445], [-3.120693920428776, 53.38951924746941], [-3.1209945839436983, 53.389516424061846], [-3.1210087550332193, 53.390055635047005], [-3.1219107566671425, 53.39004716011684]]]}, "properties": {"kind": "max_footprint", "threshold_pct": 4.0}}, {"type": "Feature", "geometry": {"type": "Polygon", "coordinates": [[[-3.1221735947097597, 53.38860643813976], [-3.122168866305237, 53.38842670117815], [-3.1215675548224406, 53.38843235307132], [-3.121572280695148, 53.38861209006975], [-3.1221735947097597, 53.38860643813976]]]}, "properties": {"kind": "max_footprint", "threshold_pct": 4.0}}, {"type": "Feature", "geometry": {"type": "Polygon", "coordinates": [[[-3.107986638263642, 53.386581603759254], [-3.10798196996007, 53.38640186586908], [-3.1076813270595505, 53.38640465639841], [-3.1076766600719483, 53.386224918484324], [-3.107075376651879, 53.38623049723587], [-3.107070712245974, 53.38605075927975], [-3.106469431156756, 53.38605633496732], [-3.106474093031155, 53.386236072959775], [-3.1067747348665917, 53.38623328547629], [-3.106779398056896, 53.38641302344485], [-3.1070800411079493, 53.38641023518628], [-3.107084705614185, 53.38658997313098], [-3.107986638263642, 53.386581603759254]]]}, "properties": {"kind": "max_footprint", "threshold_pct": 4.0}}, {"type": "Feature", "geometry": {"type": "Polygon", "coordinates": [[[-3.107944625338834, 53.38496396254135], [-3.107939957487086, 53.384784224599606], [-3.1070380628091607, 53.38479259342629], [-3.107033398804541, 53.38461285542432], [-3.106732768410542, 53.384615643501284], [-3.106728105721709, 53.38443590547543], [-3.1064274765431987, 53.384438692777394], [-3.106422815170128, 53.38425895472763], [-3.1061221872071063, 53.384261741254576], [-3.106131507472128, 53.38462121738466], [-3.106432137966399, 53.384618430821405], [-3.10643679943973, 53.38479816885972], [-3.106737431149518, 53.38479538152144], [-3.106742093938638, 53.38497511953584], [-3.107944625338834, 53.38496396254135]]]}, "properties": {"kind": "max_footprint", "threshold_pct": 4.0}}, {"type": "Feature", "geometry": {"type": "Polygon", "coordinates": [[[-3.1061221872071063, 53.384261741254576], [-3.1061175271497685, 53.384082003180936], [-3.105816900402238, 53.38408478893288], [-3.105821559193969, 53.384264527024676], [-3.1061221872071063, 53.384261741254576]]]}, "properties": {"kind": "max_footprint", "threshold_pct": 4.0}}, {"type": "Feature", "geometry": {"type": "Polygon", "coordinates": [[[-3.107287379205033, 53.38281268643703], [-3.1072827144866113, 53.38263294839017], [-3.1069820980639524, 53.38263573702425], [-3.1069867615168802, 53.382815475089274], [-3.107287379205033, 53.38281268643703]]]}, "properties": {"kind": "max_footprint", "threshold_pct": 4.0}}, {"type": "Feature", "geometry": {"type": "Polygon", "coordinates": [[[-3.1075739990418065, 53.38227068292469], [-3.1075693332084184, 53.3820909448788], [-3.107268720632321, 53.38209373421521], [-3.107273385200256, 53.38227347227925], [-3.1075739990418065, 53.38227068292469]]]}, "properties": {"kind": "max_footprint", "threshold_pct": 4.0}}, {"type": "Feature", "geometry": {"type": "Polygon", "coordinates": [[[-3.1114726098930037, 53.381874876821726], [-3.111467927709502, 53.381695139000975], [-3.1111673183175794, 53.3816979381393], [-3.111171999235665, 53.381877675978295], [-3.1114726098930037, 53.381874876821726]]]}, "properties": {"kind": "max_footprint", "threshold_pct": 4.0}}, {"type": "Feature", "geometry": {"type": "Polygon", "coordinates": [[[-3.1135581192208965, 53.381136310729104], [-3.1135534283812816, 53.38095657301315], [-3.1132528244036, 53.38095937737593], [-3.113257513977859, 53.38113911511017], [-3.1135581192208965, 53.381136310729104]]]}, "properties": {"kind": "max_footprint", "threshold_pct": 4.0}}, {"type": "Feature", "geometry": {"type": "Polygon", "coordinates": [[[-3.1132528244036, 53.38095937737593], [-3.113243445406366, 53.3805999018903], [-3.112942843908931, 53.380602705459815], [-3.112938155751271, 53.38042296769012], [-3.1126375554687375, 53.38042577048463], [-3.1126469293038235, 53.38078524605476], [-3.1129475321170035, 53.38078244322376], [-3.1129522203754907, 53.38096218098197], [-3.1132528244036, 53.38095937737593]]]}, "properties": {"kind": "max_footprint", "threshold_pct": 4.0}}, {"type": "Feature", "geometry": {"type": "Polygon", "coordinates": [[[-3.1099835839740195, 53.38242807873781], [-3.1099695561030765, 53.381888865036636], [-3.1096689451941892, 53.381891660409224], [-3.1096642706031945, 53.381711922479184], [-3.109363660909458, 53.38171471707679], [-3.1093496412342576, 53.38117550319763], [-3.1096502471318157, 53.38117270865462], [-3.109645572741889, 53.38099297070164], [-3.1099461773238155, 53.380990175420045], [-3.1099368261640685, 53.38063069953329], [-3.1093356220113297, 53.380636289266896], [-3.109330949037524, 53.380456551278506], [-3.1090303481510984, 53.38045934499197], [-3.1090583791555537, 53.381537772945414], [-3.10875777062673, 53.38154056601127], [-3.108762441371235, 53.38172030400162], [-3.109063051165467, 53.38171751091761], [-3.109072395336017, 53.38207698684477], [-3.1093730076108628, 53.382074192967565], [-3.109382354513294, 53.38243366883542], [-3.1099835839740195, 53.38242807873781]]]}, "properties": {"kind": "max_footprint", "threshold_pct": 4.0}}, {"type": "Feature", "geometry": {"type": "Polygon", "coordinates": [[[-3.117127731425145, 53.37966469899641], [-3.1171230258061327, 53.379484961454104], [-3.1168224325569454, 53.379487774751496], [-3.116827136910719, 53.37966751231213], [-3.117127731425145, 53.37966469899641]]]}, "properties": {"kind": "max_footprint", "threshold_pct": 4.0}}, {"type": "Feature", "geometry": {"type": "Polygon", "coordinates": [[[-3.1111673183175794, 53.3816979381393], [-3.1111579566324163, 53.381338462444134], [-3.110857349720951, 53.381341260789235], [-3.110819915116261, 53.37990335763347], [-3.111120511905103, 53.37990055943413], [-3.111115831540677, 53.37972082153208], [-3.1114164270139213, 53.379718022594254], [-3.1114117454345713, 53.37953828470469], [-3.1108105569682576, 53.37954388178719], [-3.1108152360171024, 53.379723619713175], [-3.110514640443214, 53.37972641713754], [-3.1105614210457966, 53.38152379626447], [-3.110862029272974, 53.38152099865791], [-3.110866708875321, 53.381700736520855], [-3.1111673183175794, 53.3816979381393]]]}, "properties": {"kind": "max_footprint", "threshold_pct": 4.0}}, {"type": "Feature", "geometry": {"type": "Polygon", "coordinates": [[[-3.115615359812195, 53.37931928273426], [-3.1156059614792273, 53.37895980743786], [-3.1153053717728927, 53.37896261689674], [-3.1152865807739762, 53.378243666161964], [-3.1149859960777984, 53.37824647479098], [-3.1149812997194872, 53.37806673707464], [-3.115281883150529, 53.3780639284639], [-3.1152771855775963, 53.377884190760135], [-3.115577767693006, 53.377881381411015], [-3.1155730689054772, 53.3777016437198], [-3.115873649705258, 53.37769883363231], [-3.1158642497516005, 53.377339358269275], [-3.1161648279706733, 53.377336547461695], [-3.11616952918731, 53.37751628512779], [-3.1167706880039447, 53.377510661206024], [-3.1167659842571536, 53.377330923576565], [-3.1170665623245366, 53.377328110499], [-3.117061857363261, 53.37714837288215], [-3.11676128056094, 53.37715118594138], [-3.116756576915304, 53.37697144830045], [-3.1164560013274567, 53.37697426058473], [-3.1164465967179664, 53.37661478524903], [-3.1152443039813393, 53.37662602667317], [-3.115253698470584, 53.376985502155264], [-3.1155542742605977, 53.37698269289762], [-3.115558972846035, 53.37716243061177], [-3.1152583957909687, 53.377165239887724], [-3.1152630931618615, 53.37734497761442], [-3.114661936370084, 53.37735059393291], [-3.1146994969135675, 53.37878849583274], [-3.1150000854557316, 53.378785687905555], [-3.115009478626857, 53.37914516328657], [-3.115310069648911, 53.379142354566106], [-3.115314767575444, 53.379322092229735], [-3.115615359812195, 53.37931928273426]]]}, "properties": {"kind": "max_footprint", "threshold_pct": 4.0}}, {"type": "Feature", "geometry": {"type": "Polygon", "coordinates": [[[-3.1218616290589782, 53.37674378636534], [-3.1218569040092303, 53.37656404902502], [-3.121556331813051, 53.37656687413558], [-3.1215610555977906, 53.3767466114943], [-3.1218616290589782, 53.37674378636534]]]}, "properties": {"kind": "max_footprint", "threshold_pct": 4.0}}, {"type": "Feature", "geometry": {"type": "Polygon", "coordinates": [[[-3.0889769776044287, 53.40761110721109], [-3.0889723858518416, 53.40743136881346], [-3.088671592790649, 53.407434112214425], [-3.088662411968456, 53.407074635366286], [-3.0883616213926413, 53.40707737797399], [-3.0883570323229934, 53.40689763952347], [-3.08805624296517, 53.40690038135584], [-3.0880470675086844, 53.40654090440192], [-3.087746280636191, 53.40654364544106], [-3.087741694249313, 53.40636390693767], [-3.0874409085948, 53.406366647201494], [-3.087436323524579, 53.40618690867452], [-3.087135539088047, 53.406189648163014], [-3.0871309553344557, 53.40600990961248], [-3.0874317385036893, 53.406007170141834], [-3.087417983736999, 53.405467954509476], [-3.088019542323837, 53.40546247340289], [-3.0880287171880245, 53.40582195042545], [-3.0883294989419436, 53.40581920870026], [-3.0883340877153547, 53.40599894718509], [-3.088935653609634, 53.40599346142656], [-3.0889402449670076, 53.406173199869954], [-3.089241029107351, 53.40617045583662], [-3.0892364364826825, 53.405990717411115], [-3.0895372193063197, 53.40598797263819], [-3.08953262546378, 53.40580823422482], [-3.0901341884282063, 53.40580274244232], [-3.0901249958223675, 53.40544326566999], [-3.090425774695893, 53.40544051867835], [-3.0904119823563407, 53.40490130353064], [-3.0913143072750757, 53.404893058172064], [-3.091318908473756, 53.40507279650665], [-3.0919204607065023, 53.405067295777926], [-3.0919250644891267, 53.405247034070946], [-3.092225841798429, 53.405244282552495], [-3.09223044689782, 53.405424020821876], [-3.0928320039022394, 53.405418515476775], [-3.0928366115856685, 53.40559825370457], [-3.0931373912807696, 53.405595499877904], [-3.09314200028103, 53.405775238082036], [-3.0934427811938012, 53.40577248347998], [-3.093447391510921, 53.40595222166045], [-3.093748173641362, 53.405949466282976], [-3.093752785275368, 53.406129204439786], [-3.094053568623476, 53.40612644828689], [-3.094058181574396, 53.40630618642], [-3.0943589661401685, 53.40630342949167], [-3.0943635804080305, 53.406483167601124], [-3.094664366191469, 53.40648040989738], [-3.0946689817762985, 53.406660147983125], [-3.093766620475092, 53.40666841887584], [-3.093780456121388, 53.4072076332604], [-3.0949836196319014, 53.40719660367295], [-3.094974385679225, 53.406837127566], [-3.0952751738979867, 53.406834368311344], [-3.095270555728826, 53.40665463026723], [-3.095872129482604, 53.4066491095214], [-3.0958675088284884, 53.40646937150754], [-3.0964690798487715, 53.40646384776775], [-3.09646445670976, 53.40628410978416], [-3.096163672491788, 53.40628687201481], [-3.096159050669808, 53.406107134007485], [-3.0955574846192815, 53.40611265616037], [-3.095552865381585, 53.405932918111354], [-3.0949513016668235, 53.405938437198415], [-3.0949466850133582, 53.405758699107736], [-3.094345123634451, 53.40576421512901], [-3.094340509565164, 53.40558447699669], [-3.094039730068495, 53.40558723385317], [-3.094035117316093, 53.40540749569715], [-3.0934335607083674, 53.405413007101856], [-3.0934289505400514, 53.40523326890421], [-3.093128173429011, 53.40523602345245], [-3.093118955775597, 53.404876547004136], [-3.092818181149393, 53.40487930075903], [-3.0928227886841038, 53.405059039003994], [-3.0925220127411235, 53.405061792019424], [-3.092517406473618, 53.40488205375653], [-3.0922166317482844, 53.40488480599656], [-3.0922120267975273, 53.40470506771002], [-3.0919112532898434, 53.404707819174696], [-3.091902046071301, 53.40434834254859], [-3.091601275048432, 53.404351093220015], [-3.091596672780606, 53.404171354880454], [-3.0912959029753764, 53.404174104776544], [-3.0912913020242025, 53.40399436641335], [-3.090689764799537, 53.40399986389746], [-3.0906851664321153, 53.40382012549273], [-3.090384399012695, 53.40382287308078], [-3.0903798019618605, 53.40364313465243], [-3.090079035760098, 53.403645881465174], [-3.0900744400258207, 53.40346614301321], [-3.089773675041715, 53.40346888905064], [-3.0897690806239706, 53.40328915057511], [-3.090370608008562, 53.403283657778594], [-3.0903752049604836, 53.40346339621837], [-3.0912774994676786, 53.403455151289464], [-3.0912728987144984, 53.403275412903405], [-3.0918744256043302, 53.40326991253296], [-3.091879028891678, 53.403449650883196], [-3.0927813226562098, 53.403441394593315], [-3.092785929794371, 53.40362113288404], [-3.093387461257111, 53.40361562486794], [-3.093392070979055, 53.403795363117084], [-3.0948959051033103, 53.40378157973248], [-3.0948912890458393, 53.40360184157312], [-3.0951920544546554, 53.40359908264196], [-3.09520128915348, 53.40395855891904], [-3.095802824890511, 53.40395303871258], [-3.0958074448486963, 53.40413277680655], [-3.0961082139097917, 53.404130015549235], [-3.0961174565095764, 53.40448949168408], [-3.096418228055249, 53.40448672963336], [-3.0964413417607943, 53.405385419780316], [-3.0967421195927103, 53.40538265688218], [-3.0967467437502627, 53.405562394876405], [-3.0970475227996626, 53.40555963120284], [-3.097052148274216, 53.40573936917332], [-3.0976537087582052, 53.40573383951781], [-3.0976490807491563, 53.405554101583334], [-3.097949859649222, 53.4055513356374], [-3.0979452304227326, 53.405371597715224], [-3.09824600800576, 53.405368831029875], [-3.0982367471677694, 53.40500935520436], [-3.097935972119167, 53.40501212185368], [-3.0979267140148155, 53.404652645969236], [-3.0970243961733557, 53.4046609412645], [-3.0970197709973815, 53.40448120325965], [-3.097621313740472, 53.40447567385627], [-3.097612058469219, 53.404116197901445], [-3.0973112896568518, 53.40411896294582], [-3.09730666336303, 53.403939224941816], [-3.096705128123243, 53.40394475272236], [-3.0966958807533373, 53.40358527662515], [-3.096395115593032, 53.40358803934329], [-3.0963904932497806, 53.40340830126812], [-3.096992020986475, 53.40340277511041], [-3.096996645863898, 53.40358251314958], [-3.0972974109247025, 53.40357974891663], [-3.0973020371189803, 53.40375948693209], [-3.0976028033971135, 53.40375672192373], [-3.097607430908274, 53.40393645991545], [-3.097908198403732, 53.40393369413165], [-3.097912827231801, 53.40411343209964], [-3.0982135959445825, 53.404110665540415], [-3.09821822608959, 53.40429040348467], [-3.0994213055109876, 53.404279329601586], [-3.09941667029744, 53.404099591729484], [-3.1003189755385154, 53.404091278418456], [-3.1003143365734775, 53.40391154059478], [-3.099111267887433, 53.40392262342247], [-3.099106634040726, 53.40374288552087], [-3.0988058680116546, 53.40374565431625], [-3.098801235481895, 53.40356591639089], [-3.0991020002438723, 53.403563147613546], [-3.0990973664968715, 53.40338340970049], [-3.0987966030019756, 53.403386178459805], [-3.098791970571891, 53.40320644052301], [-3.0984912082942233, 53.403209208506894], [-3.098481946117662, 53.40284973258004], [-3.0981811863242674, 53.40285249977049], [-3.0981672972341303, 53.40231328578321], [-3.097565785100018, 53.402318817783865], [-3.097561158036893, 53.40213907974062], [-3.096658893263384, 53.40214737200738], [-3.0966542700509647, 53.4019676339044], [-3.096052762487204, 53.40197315825945], [-3.0960481418584505, 53.40179342011476], [-3.0954466366297813, 53.40179894140443], [-3.0954420185846403, 53.401619203218054], [-3.0951412671627287, 53.4016219627089], [-3.095136650434208, 53.40144222449883], [-3.0948359002295707, 53.401444983214354], [-3.0948220541427403, 53.40090576849588], [-3.095122800546641, 53.400903009834266], [-3.0951181840167807, 53.40072327160131], [-3.095719674141806, 53.400717752042056], [-3.095724293205433, 53.40089749023905], [-3.096325785665461, 53.40089196761454], [-3.0963304073125744, 53.401071705769866], [-3.096631154734911, 53.40106894330363], [-3.096635777698653, 53.401248681435234], [-3.0969365263381667, 53.401245918193666], [-3.0969411506185627, 53.401425656301555], [-3.0966404007121286, 53.401428419561114], [-3.0966450237753387, 53.40160815768125], [-3.0972465260723308, 53.4016026303688], [-3.097251151719174, 53.401782368447215], [-3.0978526563510105, 53.40177683806936], [-3.097857284581539, 53.401956576106045], [-3.098158038089739, 53.40195380976307], [-3.0981626676370317, 53.402133547775996], [-3.0987641770379466, 53.402128012781944], [-3.098768809169018, 53.4023077507531], [-3.0990695650617193, 53.402304982102], [-3.099074198509622, 53.402484720049394], [-3.099374955619474, 53.40248195062291], [-3.099379590384237, 53.40266168854653], [-3.0996803487112374, 53.402658918344635], [-3.0996896209244134, 53.40301839413864], [-3.0999903817355996, 53.40301562314326], [-3.099995019184054, 53.403195361013616], [-3.1002957812124015, 53.40319258924281], [-3.1002911424968955, 53.4030128513905], [-3.1011934244813006, 53.40300453158795], [-3.1011841395978337, 53.40264505597454], [-3.1008833815203483, 53.4026478299633], [-3.100878740420538, 53.402468092129915], [-3.1005779835601297, 53.40247086534326], [-3.1005594247280754, 53.40175191388028], [-3.10025867288565, 53.40175468626401], [-3.100254034569361, 53.40157494836589], [-3.099953283943978, 53.40157771997422], [-3.0999486469445157, 53.401397982052316], [-3.098444899404243, 53.40141182864366], [-3.0984402687892465, 53.40123209062584], [-3.0981395203986066, 53.40123485765408], [-3.0981348911003312, 53.40105511961251], [-3.098435638224065, 53.4010523526023], [-3.0984310077086996, 53.40087261457303], [-3.0981302618518565, 53.400875381565236], [-3.0981256326531814, 53.40069564351222], [-3.097524143323864, 53.400701175188594], [-3.0975287699887804, 53.400880913277625], [-3.0972280239825767, 53.400883677997854], [-3.0972233985845397, 53.4007039398908], [-3.096922653795456, 53.40070670383568], [-3.096918029714043, 53.4005269657049], [-3.096617286142083, 53.40052972887448], [-3.09661266337727, 53.400349990719974], [-3.096311921022431, 53.400352753114234], [-3.096307299574189, 53.40017301493602], [-3.096006558436477, 53.40017577655498], [-3.09600193830478, 53.399996038353066], [-3.0957011983841936, 53.39999879919675], [-3.0956965795690117, 53.39981906097112], [-3.095395840865554, 53.39982182103951], [-3.0953819885184957, 53.39928260627432], [-3.095983458274995, 53.39927708548811], [-3.0959880782078915, 53.39945682371294], [-3.0971910221914865, 53.39944577298116], [-3.097195647241226, 53.399625511128285], [-3.0974963843795598, 53.39962274653412], [-3.0974917580630352, 53.39944300840501], [-3.097792493884816, 53.399440243071574], [-3.0977971214681226, 53.39961998118267], [-3.0993008061639458, 53.39960614306609], [-3.0993054401310096, 53.39978588108133], [-3.0996061781874724, 53.39978311116811], [-3.099610813471194, 53.399962849159586], [-3.099911552744598, 53.39996007847103], [-3.0999208259952904, 53.400319554400724], [-3.1002215677524667, 53.40031678291876], [-3.1002262057194794, 53.40049652085694], [-3.1005269486936062, 53.40049374859961], [-3.1005315879773714, 53.400673486514044], [-3.1008323321684497, 53.40067071348134], [-3.1008508948701756, 53.40138966500951], [-3.1011516440788975, 53.40138689114722], [-3.101160928263173, 53.40174636684079], [-3.1017624315985106, 53.40174081677193], [-3.101771721050383, 53.402100292370314], [-3.1029747372569867, 53.40208918299971], [-3.102965437669464, 53.40172970754607], [-3.102664686226725, 53.40173248598855], [-3.102655389373147, 53.4013730104758], [-3.1023546404142572, 53.401375788124746], [-3.102349993329386, 53.40119605034168], [-3.102049245587412, 53.40119882721521], [-3.1020445998194304, 53.40101908940835], [-3.1017438532943715, 53.40102186550646], [-3.1017392088432505, 53.400842127675794], [-3.102942189576032, 53.40083101881171], [-3.102937540107404, 53.400651281047665], [-3.103839771331248, 53.40064294150209], [-3.103844424600472, 53.40082267921183], [-3.104746659174378, 53.400814332796074], [-3.104732688115238, 53.400275119812775], [-3.1050334290724795, 53.40027233621395], [-3.1050287708861415, 53.40009259855952], [-3.105329510526452, 53.40008981422155], [-3.105320191770511, 53.39973033893178], [-3.1056209288270993, 53.399727553872765], [-3.105606947268812, 53.399188340949586], [-3.106208413630984, 53.399182768668595], [-3.1062037506783513, 53.39900303105239], [-3.1065044825174657, 53.39900024379413], [-3.1065091467368338, 53.399179981392194], [-3.1068098797925074, 53.399177193358526], [-3.106786552863874, 53.39827850540168], [-3.1070872795358255, 53.398275716701555], [-3.107091946087858, 53.398455454286236], [-3.107693401814508, 53.39844987457791], [-3.1076887327291183, 53.39827013702959], [-3.1079894592504322, 53.39826734605773], [-3.107984788948605, 53.398087608521855], [-3.108285514153016, 53.39808481681093], [-3.10828084263478, 53.39790507928751], [-3.108882290359533, 53.39789949363034], [-3.1088776163582783, 53.39771975613756], [-3.1085768937876685, 53.39772254932658], [-3.1085722211033135, 53.39754281180988], [-3.107970778344555, 53.397548395879845], [-3.107966108243681, 53.39736865832106], [-3.1076653880555485, 53.397371449202], [-3.107651381854084, 53.39683223643669], [-3.1073506654154786, 53.39683502650594], [-3.1073459980486544, 53.39665528888786], [-3.107947428342536, 53.39664970802856], [-3.10795209824247, 53.39682944561027], [-3.1091549632935367, 53.396818274732496], [-3.1091596383099716, 53.39699801223573], [-3.1094603557136162, 53.39699521760507], [-3.109455679430616, 53.39681548012004], [-3.1097563955173952, 53.396812684750394], [-3.1097517180181455, 53.39663294727784], [-3.110052432788059, 53.3966301511692], [-3.1100571115538567, 53.39680988862354], [-3.1106585434757776, 53.3968042940982], [-3.1106491809283447, 53.39644481925667], [-3.1103484675256383, 53.3964476168615], [-3.1103391077126537, 53.39608814196058], [-3.110940529401657, 53.39608254606666], [-3.1109358470376876, 53.395902808644045], [-3.111236556540153, 53.395900009579535], [-3.1112318729600723, 53.39572027216944], [-3.110931164724085, 53.395723071215706], [-3.1109264824608496, 53.39554333378167], [-3.1115278963495134, 53.39553773496837], [-3.1115232116037412, 53.39535799756504], [-3.1118239172060416, 53.39535519704089], [-3.1118145453328103, 53.39499572225352], [-3.111213139143536, 53.3950013224717], [-3.1112084558153463, 53.39482158503294], [-3.111509157668768, 53.39481878532066], [-3.1115044731245574, 53.3946390478944], [-3.112406574583246, 53.394630644269405], [-3.112392509855634, 53.394091432120426], [-3.1120918132189153, 53.394094234031165], [-3.1120871263435737, 53.39391449661846], [-3.112688517033903, 53.393908892076375], [-3.112693206441924, 53.39408862945258], [-3.1129939029777742, 53.3940858260276], [-3.1130032844778555, 53.39444530072628], [-3.113303983495967, 53.39444249650766], [-3.1133086755880695, 53.39462223383014], [-3.1139100760056238, 53.39461662308493], [-3.1139053813807664, 53.39443688579899], [-3.114506779063577, 53.39443127206178], [-3.114502081956492, 53.39425153480666], [-3.1142013844067034, 53.39425434203556], [-3.1141966886164907, 53.394074604756426], [-3.1135952958980964, 53.39408021690627], [-3.1135906026910627, 53.39390047958486], [-3.1132899075224723, 53.393903284505804], [-3.1132852156322435, 53.393723547160405], [-3.114487990938375, 53.393712323006916], [-3.114478597178905, 53.393352848445105], [-3.114177905960721, 53.39335565558258], [-3.1141685149358755, 53.392996180961276], [-3.1144692036215127, 53.392993373860364], [-3.1144645069185954, 53.39281363655939], [-3.1150658816057986, 53.39280802012285], [-3.115056483286588, 53.392448545576855], [-3.115958537340897, 53.39244011535371], [-3.115953834458481, 53.39226037812701], [-3.117156567424492, 53.392249127303636], [-3.117147151681919, 53.391889652979614], [-3.1165457903648757, 53.391895279832134], [-3.1165410851018747, 53.391715542624866], [-3.1162404056335977, 53.39171835489723], [-3.1162357016873576, 53.391538617665894], [-3.1174384141921507, 53.391527364107425], [-3.1174337052319534, 53.391347626943656], [-3.118335735280381, 53.39133917888075], [-3.118331022572467, 53.391159441766284], [-3.117428996322403, 53.39116788977415], [-3.1174242874635003, 53.390988152598915], [-3.117724961664746, 53.39098533737168], [-3.117720251590393, 53.390805600209056], [-3.1174195786552445, 53.39080841541795], [-3.117410161190666, 53.3904489410388], [-3.1180115019460084, 53.39044330993728], [-3.11801621318511, 53.390623047093065], [-3.1183168847528475, 53.390620230388414], [-3.1183121722476805, 53.390440493251], [-3.1189135126989527, 53.39043485760737], [-3.1189087977123666, 53.390255120500896], [-3.119510135428692, 53.39024948186589], [-3.119500700543534, 53.38989000770922], [-3.1185987014891534, 53.38989846441605], [-3.1185939879207103, 53.38971872727403], [-3.1191953181423284, 53.38971309026321], [-3.119190602092589, 53.389533353152146], [-3.1194912658613245, 53.389530533529594], [-3.119486548596325, 53.38935079643118], [-3.1197872110483447, 53.389347976070006], [-3.119782492568111, 53.389168238984205], [-3.120684475821726, 53.38915977341384], [-3.120679753594384, 53.38898003637746], [-3.120980413311411, 53.38897721302506], [-3.12097568986892, 53.388797476001336], [-3.12127634826921, 53.38879465191037], [-3.121266899004796, 53.388435177882485], [-3.120966243136338, 53.388438001936656], [-3.120952073418461, 53.38789879079661], [-3.1215533775092714, 53.38789314204164], [-3.121558103229503, 53.388072879057276], [-3.121858756464546, 53.38807005352598], [-3.1218540294784463, 53.38789031652873], [-3.122455333264273, 53.38788466323209], [-3.122460062782102, 53.3880644001925], [-3.122760715864587, 53.38806157239031], [-3.122770177584617, 53.38842104625711], [-3.123371488660474, 53.3884153883082], [-3.123366755243237, 53.388235651414526], [-3.1236674094389207, 53.388232821323065], [-3.12365794022543, 53.38787334755536], [-3.1239585918384543, 53.3878705167438], [-3.1239538560422404, 53.38769077986979], [-3.124254506338484, 53.38768794831974], [-3.1242497693273688, 53.38750821145841], [-3.124550418306833, 53.38750537916985], [-3.124545680080843, 53.38732564232124], [-3.124846327743529, 53.38732280929419], [-3.1248273702860065, 53.386603861916164], [-3.1251280128345837, 53.386601028206], [-3.125123272331877, 53.38642129136559], [-3.124221348330502, 53.38642979016996], [-3.1242118750724166, 53.38607031636124], [-3.124512513925704, 53.38606748422024], [-3.12450777610736, 53.38588774732573], [-3.124808413643985, 53.38588491444627], [-3.124803674610896, 53.385705177564446], [-3.1251043108308587, 53.38570234394657], [-3.1250995705830538, 53.38552260707746], [-3.1254002054863563, 53.385519772721146], [-3.1254096885643246, 53.38587924641671], [-3.126010963280689, 53.38587357535955], [-3.1260062191848212, 53.38569383855158], [-3.1263068552007893, 53.38569100190616], [-3.1262973646307666, 53.38533152830993], [-3.126597998064358, 53.385328690944576], [-3.12658375879515, 53.384789480562624], [-3.1268843883807835, 53.384786642495826], [-3.1268748932586568, 53.38442716891614], [-3.1271755202620293, 53.38442433012946], [-3.1271660228129723, 53.384064856563754], [-3.127466647234128, 53.384062017057204], [-3.127457147458247, 53.383702543505535], [-3.1277577692972294, 53.38369970327914], [-3.1277482671946286, 53.383340229741506], [-3.128048886451481, 53.38333738879529], [-3.1280393820222643, 53.38297791527168], [-3.1283399986970313, 53.38297507360565], [-3.128320985390038, 53.382256126563554], [-3.1286215969518927, 53.382253284214755], [-3.1286120880742705, 53.38189381069629], [-3.1289126970541807, 53.38189096762773], [-3.128903185850304, 53.38153149412333], [-3.1292037922483162, 53.38152865033503], [-3.1291990354577273, 53.381348913592724], [-3.129499640539229, 53.38134606906616], [-3.1294853666783755, 53.38080685886042], [-3.1297859679127207, 53.38080401363268], [-3.1297812087961274, 53.38062427690446], [-3.1300818087139937, 53.38062143093851], [-3.130062767698294, 53.37990248404238], [-3.1303633625039002, 53.37989963739383], [-3.1303538397727184, 53.379540163948384], [-3.130654431996674, 53.37953731658021], [-3.1306496694426746, 53.3793575798674], [-3.130950260350213, 53.379354731761055], [-3.1309359691999488, 53.37881552164386], [-3.13123655626073, 53.37881267283644], [-3.131222261776061, 53.37827346272321], [-3.131522844990201, 53.37827061321478], [-3.131508547171354, 53.37773140310552], [-3.1312079677525, 53.377734252558284], [-3.131198438659621, 53.377374779086296], [-3.131799592385842, 53.37736907949831], [-3.131756691233963, 53.37575144892407], [-3.1320572566353335, 53.375748598162176], [-3.132019115644238, 53.37431070407636], [-3.1323196708753986, 53.37430785270639], [-3.132310133610625, 53.373948379164645], [-3.1320095809090653, 53.37395123049747], [-3.13195714353034, 53.37197412540286], [-3.1316566046893617, 53.37197697577496], [-3.1316518392270716, 53.371797238895155], [-3.13135130159949, 53.3718000884922], [-3.131341773357835, 53.37144061467824], [-3.131041238208259, 53.37144346348169], [-3.131036475428853, 53.37126372654755], [-3.130435407505277, 53.37126942184783], [-3.1304306473062353, 53.37108968487087], [-3.12982958170711, 53.37109537710815], [-3.1298248240883804, 53.370915640088356], [-3.129524292476653, 53.37091848505374], [-3.129519536173629, 53.37073874800971], [-3.1277163530172354, 53.370755801804904], [-3.1277211017329156, 53.37093553895999], [-3.1262184413756837, 53.370949729745305], [-3.126223183819543, 53.37112946698705], [-3.1259226503305064, 53.37113230289314], [-3.1259273915607624, 53.3713120401476], [-3.125025786994087, 53.371320543382275], [-3.1250305244815006, 53.37150028068638], [-3.124429451986478, 53.37150594576392], [-3.1244341869955834, 53.37168568309918], [-3.1241336494070824, 53.37168851452164], [-3.1241383832024585, 53.37186825186958], [-3.123837844298427, 53.37187108255396], [-3.1238425768800484, 53.372050819914605], [-3.1235420366604845, 53.372053649860895], [-3.1235467680283233, 53.37223338723422], [-3.123246226493225, 53.37223621644245], [-3.123250956647255, 53.372415953828444], [-3.1226498708951453, 53.37242161001213], [-3.122659326296972, 53.37278108484061], [-3.1223587808152637, 53.37278391183449], [-3.122363507327701, 53.37296364925851], [-3.122062960530452, 53.37296647551426], [-3.1220724111782947, 53.37332595038191], [-3.121471312372423, 53.37333160069736], [-3.1214760352430235, 53.37351133815936], [-3.1211754844991475, 53.37351416220066], [-3.1211849278631143, 53.373873637144236], [-3.121485481136562, 53.373870813066155], [-3.121523266742004, 53.375308712463855], [-3.1218238300834984, 53.37530588748207], [-3.1218285547776246, 53.37548562486257], [-3.1221291193332306, 53.375482799105754], [-3.1221338453430856, 53.37566253646212], [-3.1218332795225514, 53.37566536223732], [-3.121842729164813, 53.37602483696961], [-3.1212415923115597, 53.37603048632375], [-3.12125103709713, 53.37638996110667], [-3.1218521790102867, 53.37638431167896], [-3.1218569040092303, 53.37656404902502], [-3.1224580482491584, 53.37655839653397], [-3.1224675034595224, 53.37691787113526], [-3.1218663541595335, 53.37692352369994], [-3.1218758045130626, 53.377282998351895], [-3.1206734951831545, 53.37729429454854], [-3.1206876559135694, 53.37783350670412], [-3.120988237117451, 53.37783068373479], [-3.1209929587275416, 53.37801042109014], [-3.1212935411457603, 53.37800759734576], [-3.121298264071739, 53.37818733467697], [-3.1206970966542937, 53.37819298144582], [-3.120692376258553, 53.37801324407784], [-3.1203917937388077, 53.378016066308874], [-3.1203870746589324, 53.377836328916764], [-3.119184749133095, 53.37784761020058], [-3.1191706073789076, 53.37730839776948], [-3.1188700296659464, 53.377311216143696], [-3.1188653171143135, 53.37713147863684], [-3.1182641640665025, 53.37713711307855], [-3.118254744175403, 53.37677763797426], [-3.11855531819456, 53.37677482116839], [-3.118560029379821, 53.37695455870509], [-3.119161179796213, 53.376948922786724], [-3.1191564660808933, 53.37676918528674], [-3.118855892163062, 53.37677200360589], [-3.118837042868595, 53.37605305347519], [-3.1185364739600794, 53.37605587096431], [-3.118527052146763, 53.37569639582783], [-3.118827618525368, 53.375693578375426], [-3.118818194384803, 53.37533410325271], [-3.118517630536056, 53.375336920668424], [-3.1185223413160843, 53.375516658250994], [-3.118221776151763, 53.375519474928446], [-3.118226485717508, 53.37569921252362], [-3.1179259192376128, 53.37570202846282], [-3.1179212109368066, 53.37552229084929], [-3.1176206456712245, 53.375525106013534], [-3.1176347669306654, 53.37606431889187], [-3.117334197819618, 53.37606713335446], [-3.117348315739598, 53.37660634623616], [-3.1170477427829715, 53.3766091599971], [-3.117057152452575, 53.37696863525952], [-3.1173577279392575, 53.37696582146195], [-3.11736243411499, 53.37714555906623], [-3.1176630108161167, 53.37714274449367], [-3.117672425849529, 53.377502219648385], [-3.117973005030172, 53.37749940428249], [-3.1179777138878926, 53.37767914183291], [-3.118278294282989, 53.377676325692], [-3.118292424955295, 53.37821553825383], [-3.118593009095083, 53.378212721301225], [-3.118597720685621, 53.37839245879202], [-3.118898306039886, 53.37838964106437], [-3.1189077319032714, 53.37874911599205], [-3.1186071440186875, 53.378751933756384], [-3.1186024323268224, 53.378572196277055], [-3.1180012589360095, 53.37857782949894], [-3.1179918407648572, 53.378218354449736], [-3.1176912565237864, 53.37822116988896], [-3.117677133442163, 53.37768195721712], [-3.117376552945814, 53.37768477184467], [-3.1173812593239667, 53.377864509426004], [-3.1170806775119115, 53.3778673233152], [-3.1171042038360697, 53.378766011227505], [-3.117404791973842, 53.378763197246684], [-3.1174142053880565, 53.3791226723348], [-3.1177147960055973, 53.379119857560624], [-3.117724212152693, 53.37947933258913], [-3.117423619004719, 53.37948214739998], [-3.117428325888969, 53.379661884923955], [-3.117127731425145, 53.37966469899641], [-3.117137142814971, 53.380024174063834], [-3.1174377398093123, 53.380021359954725], [-3.117442446845408, 53.3802010974615], [-3.1168412502755625, 53.3802067249596], [-3.1168365457700267, 53.38002698741619], [-3.1162353515283883, 53.38003261185068], [-3.1162259477301215, 53.37967313667338], [-3.115925353063976, 53.3796759477189], [-3.115920652505924, 53.37949621010335], [-3.115319465552495, 53.37950182988764], [-3.115314767575444, 53.379322092229735], [-3.1150141752881755, 53.37932490096851], [-3.115009478626857, 53.37914516328657], [-3.1147088875543023, 53.37914797125034], [-3.1147041922086904, 53.37896823354439], [-3.11440360235085, 53.37897104073316], [-3.1143989083209176, 53.37879130300319], [-3.1140983196777925, 53.378794109416994], [-3.1140936269635118, 53.378614371663026], [-3.1137930395351034, 53.37861717730183], [-3.113788348136448, 53.37843743952388], [-3.1134877619227592, 53.37844024438768], [-3.1134924520562515, 53.378619982183906], [-3.1122901016366464, 53.378631194145285], [-3.1122994719334285, 53.378990669866575], [-3.1126000621443075, 53.3789878679748], [-3.11260943517304, 53.37934734363665], [-3.112910027863957, 53.37934454095166], [-3.112905340059172, 53.37916480314183], [-3.1138071140337553, 53.379156390601324], [-3.1138164972850966, 53.37951586610564], [-3.1141170910395313, 53.37951306037549], [-3.114121784006123, 53.37969279810078], [-3.1147229738940756, 53.37968718433374], [-3.1147323650397136, 53.380046659694], [-3.115032962438489, 53.38004385163881], [-3.1150376593523323, 53.380223589292065], [-3.1156388565289155, 53.38021797087488], [-3.1156435560238607, 53.3803977084858], [-3.115944155801653, 53.38039489812378], [-3.115948856612445, 53.38057463571069], [-3.1162494576049977, 53.38057182457362], [-3.116254159731658, 53.380751562136474], [-3.1159535574737824, 53.38075437329183], [-3.1159582583856724, 53.38093411086725], [-3.115657654811909, 53.38093692128417], [-3.1156529551653556, 53.38075718369044], [-3.1153523528063927, 53.3807599933323], [-3.1153476544757015, 53.380580255714555], [-3.11504705333154, 53.38058306458135], [-3.1150423563166814, 53.38040332693957], [-3.114741756387324, 53.38040613503133], [-3.1147558437874494, 53.38094534799431], [-3.115056447512783, 53.380942539847695], [-3.11506114467917, 53.38112227747228], [-3.1141593295556294, 53.38113069969668], [-3.1141640229764267, 53.38131043737035], [-3.1138634165689196, 53.38131324328324], [-3.113858724413492, 53.38113350559128], [-3.1135581192208965, 53.381136310729104], [-3.1135675010514583, 53.38149578614382], [-3.113868108774805, 53.38149298096944], [-3.1138728010311487, 53.38167271864994], [-3.114173409969432, 53.38166991270053], [-3.114178103541643, 53.381849650357005], [-3.1144787136948637, 53.38184684363253], [-3.11448340858297, 53.382026581264995], [-3.114784019951126, 53.382023773765454], [-3.1147981087147167, 53.38256298657361], [-3.1150987238287158, 53.3825601782624], [-3.115103421449726, 53.38273991583536], [-3.1154040377786822, 53.38273710674903], [-3.1154087367156986, 53.38291684429797], [-3.1151081191212544, 53.382919653402574], [-3.1151128168433004, 53.383099390964055], [-3.1148121979328365, 53.38310219933014], [-3.114816894439886, 53.38328193690418], [-3.113915033608964, 53.3832903575163], [-3.113905648238433, 53.38293088225281], [-3.1136050303915344, 53.38293368757332], [-3.113600339047457, 53.382753949914694], [-3.1139009556288637, 53.38275114461245], [-3.1138962630697575, 53.38257140696637], [-3.1135956477538294, 53.38257421225033], [-3.1135909565106497, 53.38239447458026], [-3.11298972825839, 53.38240008284125], [-3.1129850395965617, 53.3822203451289], [-3.1132856524824564, 53.382217541395065], [-3.1132762727791983, 53.3818580659897], [-3.1129756624241653, 53.381860869687024], [-3.1129709739135976, 53.38168113195748], [-3.112369755583117, 53.381686737045236], [-3.1123838136735262, 53.38222595032617], [-3.1114819744110593, 53.38223435244606], [-3.1114866567456136, 53.382414090249625], [-3.112087885501877, 53.38240848955668], [-3.112092570417724, 53.38258822731806], [-3.112393185985762, 53.38258542581813], [-3.1124025584995736, 53.382944901287146], [-3.1127031765481914, 53.38294209899393], [-3.1127172394934455, 53.38348131209972], [-3.1130178612882173, 53.383478508994905], [-3.1130319284838617, 53.384017721994326], [-3.112731302892405, 53.38402052515391], [-3.112726615042339, 53.3838407874749], [-3.1124259906660443, 53.38384358985938], [-3.1124166176482624, 53.38348411444769], [-3.1121159957526805, 53.383486916038834], [-3.1121113105849236, 53.38330717830613], [-3.1118106899044955, 53.3833099791222], [-3.111820057759308, 53.383669454618335], [-3.111218811185176, 53.3836750540529], [-3.1112141297636873, 53.38349531627124], [-3.1109135076666514, 53.383498114835035], [-3.110908827561045, 53.38331837702939], [-3.110608206679218, 53.38332117481813], [-3.1105988491500316, 53.38296169915326], [-3.1102982307489295, 53.38296449614874], [-3.1102935533253078, 53.38278475828949], [-3.109692318903215, 53.382790349973554], [-3.1097110187753407, 53.38350930152183], [-3.110011641073615, 53.383506505985395], [-3.1100209938424523, 53.38386598168872], [-3.110321618621561, 53.38386318535902], [-3.1103309741227383, 53.38422266100301], [-3.1106316013827193, 53.38421986388002], [-3.1106362804743752, 53.384399601675206], [-3.110936908949644, 53.384396803777165], [-3.1109415893572403, 53.38457654154837], [-3.11064095961635, 53.38457933946465], [-3.1106456388086445, 53.38475907724837], [-3.1100443766446446, 53.38476467084677], [-3.1100396999836195, 53.38458493302661], [-3.1097390700918086, 53.384587728672315], [-3.109734394746702, 53.38440799082821], [-3.109433766070234, 53.384410785698826], [-3.109429092041018, 53.38423104783081], [-3.109128464579895, 53.38423384192636], [-3.109114446590583, 53.38369462823333], [-3.108813822875965, 53.383697421517454], [-3.108809151578917, 53.383517683590135], [-3.1079072839303814, 53.38352605884687], [-3.107911951430751, 53.38370579682875], [-3.108212575296034, 53.38370300581516], [-3.108226581895078, 53.38424221967187], [-3.1085272095069123, 53.384239427846886], [-3.108536550021898, 53.384598903686324], [-3.1088371801147474, 53.38459611106811], [-3.108846523361931, 53.384955586848264], [-3.1091471559358324, 53.3849527934368], [-3.109151828900452, 53.38513253130009], [-3.108550561171071, 53.3851381174025], [-3.108564572772294, 53.3856773310671], [-3.1082639350351693, 53.38568012303753], [-3.1082779432912533, 53.38621933670512], [-3.1079773017067027, 53.38622212797318], [-3.10798196996007, 53.38640186586908], [-3.108282612810384, 53.38639907458285], [-3.1083059611593367, 53.387297763885535], [-3.107103364140788, 53.387308924852405], [-3.1070986994338865, 53.38712918693065], [-3.106798051319628, 53.38713197526184], [-3.1067933879287155, 53.386952237316194], [-3.1064927410301273, 53.3869550248723], [-3.1064834169303643, 53.38659554892751], [-3.10618277251324, 53.386598335690366], [-3.106173451145579, 53.38623885968636], [-3.105872809209883, 53.38624164565602], [-3.105863490574214, 53.3858821695928], [-3.1061641299784144, 53.38587938365942], [-3.1061594694700125, 53.38569964563735], [-3.10585883133154, 53.38570243155258], [-3.105854172138976, 53.38552269350666], [-3.105553535216111, 53.38552547864684], [-3.1055488773393543, 53.38534574057703], [-3.1052482416320997, 53.3853485249422], [-3.105243585071124, 53.38516878684852], [-3.1046423160377703, 53.385174353271914], [-3.1046516241470137, 53.38553382952604], [-3.1049522612201166, 53.38553104665651], [-3.1049801943436304, 53.3866094751726], [-3.1052808389611717, 53.386606691437436], [-3.1052948099963036, 53.38714590556375], [-3.1040922160360145, 53.38715703618033], [-3.104096868084536, 53.38733677428347], [-3.10469816769648, 53.387331210452814], [-3.104721441348399, 53.38822990070137], [-3.105022097408693, 53.38822711756], [-3.105036065998402, 53.38876633158602], [-3.1041340862739233, 53.38877467890227], [-3.1041433913216365, 53.38913415499968], [-3.1044440538117937, 53.389131373281685], [-3.104458015556675, 53.389670587330514], [-3.1035560165420524, 53.38967893037652], [-3.1035467162581503, 53.38931945424105], [-3.103246052351923, 53.38932223370617], [-3.103227457448159, 53.38860328129404], [-3.102926798555827, 53.388606059929785], [-3.102922151220818, 53.38842632179432], [-3.1026214935444423, 53.388429099654985], [-3.102616847525343, 53.38824936149573], [-3.101714877994243, 53.38825769048156], [-3.1017288048079736, 53.38879690510491], [-3.1011274839419225, 53.388802454085685], [-3.1011414036091094, 53.38934166876589], [-3.101442067865047, 53.389338894599796], [-3.101446709119928, 53.389518632797014], [-3.102348705386212, 53.38951030570248], [-3.102353350489084, 53.38969004383973], [-3.1026540170773, 53.38968726660944], [-3.102658663496168, 53.38986700472289], [-3.1020573277377026, 53.389872558462606], [-3.1020619716744453, 53.390052296606505], [-3.1017613024542343, 53.390055072358926], [-3.1017659451748596, 53.39023481051517], [-3.102066615661136, 53.39023203474467], [-3.102071259697775, 53.39041177287709], [-3.1023719314001803, 53.39040899633149], [-3.1023858676081115, 53.390948210640175], [-3.1020851921073915, 53.39095098724001], [-3.1020805479209015, 53.390771249124775], [-3.1011785249174464, 53.39077957432781], [-3.101169244290916, 53.390420097971685], [-3.100868572388795, 53.39042287148916], [-3.100863933416474, 53.39024313328446], [-3.099661250373508, 53.39025421971178], [-3.0996658842814986, 53.39043395798869], [-3.099064539928753, 53.390439496696224], [-3.0990599085529316, 53.39025975838324], [-3.0987592375679167, 53.39026252658344], [-3.09874997749784, 53.38990304990422], [-3.0984493089951592, 53.38990581731132], [-3.0984631953767554, 53.390445032375645], [-3.0978618506256135, 53.390450565026896], [-3.097871103397842, 53.390810041779886], [-3.098171778330514, 53.39080727579674], [-3.098176406057397, 53.39098701414663], [-3.0984770822064243, 53.39098424738842], [-3.0984724532134145, 53.390804509056544], [-3.0996751522470043, 53.390793434525335], [-3.099679786304519, 53.39097317278509], [-3.0999804622044684, 53.39097040224161], [-3.0999897330013164, 53.39132987870783], [-3.0996890545690774, 53.39133264928737], [-3.0996983230330115, 53.391692125766774], [-3.0990969609543195, 53.391697664726834], [-3.0990923292297894, 53.39151792645393], [-3.098490969484187, 53.39152346234966], [-3.0984817112492222, 53.391163985714556], [-3.0978803563691093, 53.391169518509955], [-3.097903489668121, 53.39206821023494], [-3.098204173463982, 53.3920654441257], [-3.0982134296644, 53.392424920739565], [-3.0985141159429412, 53.392422153837195], [-3.0985233748749956, 53.392781630392136], [-3.0982226860639392, 53.39278439733055], [-3.0982273143383825, 53.392964135617454], [-3.0976259340343817, 53.392969667258996], [-3.097630559826021, 53.39314940557621], [-3.097029176790413, 53.39315493422532], [-3.0970245535313605, 53.392975195872104], [-3.0964231728294274, 53.392980721456794], [-3.09640469042058, 53.39226176784275], [-3.0967053757313576, 53.39225900550093], [-3.0966961322926836, 53.39189952869554], [-3.0957940838085998, 53.39190781334185], [-3.0957987017044375, 53.39208755180136], [-3.0954980175108373, 53.392090311853956], [-3.095530335308609, 53.39334848103609], [-3.0952296422014522, 53.393351240457406], [-3.095243489632101, 53.39389045578925], [-3.094942792676277, 53.39389321450734], [-3.0949474073194247, 53.39407295295779], [-3.0946467090475984, 53.39407571093673], [-3.0946420956708174, 53.39389597246829], [-3.094040701511043, 53.39390148611879], [-3.0940314799717448, 53.393542009092954], [-3.0937307853501586, 53.3935447647466], [-3.0937446139344282, 53.39408398033064], [-3.0940453123550853, 53.39408122462314], [-3.0940499232487237, 53.39426096312178], [-3.093749223561682, 53.394263718847206], [-3.0937538332385195, 53.39444345735806], [-3.0931524311829057, 53.39444896657341], [-3.0931432169443798, 53.39408948947421], [-3.0928425183750177, 53.394092242910325], [-3.0928379125964582, 53.393912504334196], [-3.0925372152439268, 53.393915256995214], [-3.092555633589836, 53.39463421133701], [-3.092254931122198, 53.394636963312585], [-3.0922503277278426, 53.39445722471779], [-3.091949626477104, 53.39445997591829], [-3.091945024398665, 53.39428023729986], [-3.091644324364829, 53.394282987725305], [-3.0916535260383893, 53.39464246499226], [-3.0913528234222434, 53.39464521469637], [-3.0913620227608876, 53.39500469197625], [-3.0910613175623913, 53.395007440959006], [-3.091065916039471, 53.39518717960828], [-3.090765209525052, 53.395189927851774], [-3.090774404094645, 53.39554940516894], [-3.0910751131420233, 53.39554665688965], [-3.091079711767497, 53.395726395521756], [-3.09138042203191, 53.39572364646739], [-3.0913850219733625, 53.395903385075854], [-3.0907835988620467, 53.39590888246322], [-3.090788196319928, 53.396088621101796], [-3.0904874834235576, 53.39609136867759], [-3.090492079664351, 53.39627110732831], [-3.0901913654519952, 53.39627385416479], [-3.090186770477743, 53.39609411549619], [-3.0898860574825027, 53.39609686155758], [-3.0898814638242076, 53.395917122865356], [-3.0895807520460834, 53.395919868151665], [-3.0895761597037166, 53.395740129435836], [-3.08897473853232, 53.39574561770115], [-3.088983918200356, 53.39610509519859], [-3.0886832050075435, 53.39610783823121], [-3.0886969710802163, 53.39664705448804], [-3.0877948198066343, 53.39665527920338], [-3.0877994047964843, 53.396835017997795], [-3.0874986863400413, 53.396837758073], [-3.087507853934482, 53.39719723568035], [-3.0872071328955113, 53.397199975034006], [-3.0872117155000645, 53.39737971384697], [-3.0875124378056658, 53.397376974475456], [-3.0875216056959616, 53.39773645204848], [-3.0869201559688566, 53.39774193010564], [-3.08691557453237, 53.39756219128628], [-3.08631412714145, 53.397567666278796], [-3.0863095482875402, 53.397387927418066], [-3.0857081032328915, 53.39739339934596], [-3.0857126795535077, 53.39757313824232], [-3.0854119556856867, 53.39757587308824], [-3.085416530788868, 53.39775561199669], [-3.085115805605169, 53.39775834610316], [-3.085120379490889, 53.39793808502372], [-3.0848196529913103, 53.39794081839075], [-3.084828798376964, 53.398300296250284], [-3.085129527409938, 53.398297562847645], [-3.085134101443268, 53.39847730175103], [-3.085735561895025, 53.39847183263835], [-3.0857309853282593, 53.39829209377058], [-3.0860317142135814, 53.39828935809615], [-3.0860179810086055, 53.397750141512], [-3.086318706044617, 53.39774740513379], [-3.0863232849970395, 53.39792714398307], [-3.0872254636095002, 53.39791893025147], [-3.0872300464112405, 53.398098669041524], [-3.08692931898968, 53.398101407727154], [-3.086933900574021, 53.39828114652933], [-3.0866331718364735, 53.39828388447553], [-3.086637752203385, 53.39846362328983], [-3.0863370221498534, 53.39846636049659], [-3.086341601299309, 53.398646099322995], [-3.085740138511021, 53.398651571500395], [-3.0857492918907137, 53.39901104920734], [-3.085448557889213, 53.399013784195745], [-3.0854668601722466, 53.39973273961224], [-3.0857675992409157, 53.399730004552566], [-3.0857767532114355, 53.40008948219088], [-3.085175269957542, 53.40009495162416], [-3.085170695481344, 53.39991521277226], [-3.0848699550474135, 53.399917946335144], [-3.0848653818872527, 53.3997382074597], [-3.084263903405475, 53.39974367227795], [-3.0842730447076527, 53.400103150094296], [-3.0845737865068044, 53.40010041802823], [-3.0845783584985065, 53.400280156910036], [-3.084879101515329, 53.400277424068875], [-3.084883674823083, 53.400457162927154], [-3.085184419057576, 53.40045442931086], [-3.0851935683544602, 53.40081390697467], [-3.084892821586191, 53.40081664062658], [-3.0848882481800364, 53.40063690177973], [-3.084286757029701, 53.40064236677594], [-3.0842776154324985, 53.40028288899391], [-3.0833753859395023, 53.40029108070157], [-3.0833525518094267, 53.3993923858796], [-3.08275107790341, 53.39939784305375], [-3.082755642097559, 53.39957758206511], [-3.0824549038040874, 53.399580309534], [-3.0824594667805183, 53.39976004855745], [-3.082760206340809, 53.3997573210708], [-3.0827693349746115, 53.400116799064946], [-3.082468592880642, 53.40011952658712], [-3.0824777191771204, 53.40047900459397], [-3.0827784638048232, 53.40047627703623], [-3.0827921574184205, 53.40101549395029], [-3.082491408990014, 53.40101822156132], [-3.0825142263266914, 53.401916916392565], [-3.0822134715144114, 53.40191964333504], [-3.08220890921587, 53.40173990436248], [-3.081908155621493, 53.40174263052985], [-3.081917277733674, 53.40210210850481], [-3.0816165215562443, 53.402104833950325], [-3.081611961742617, 53.40192509494796], [-3.0813112067831305, 53.40192781961836], [-3.081306648285547, 53.401748080592526], [-3.0810058945440058, 53.40175080448783], [-3.0810013373624336, 53.401571065438546], [-3.0807005848388394, 53.40157378855876], [-3.080696028973253, 53.40139404948601], [-3.0803952776676065, 53.40139677183111], [-3.0803998322662327, 53.40157651092159], [-3.0800990796446266, 53.40157923252709], [-3.0801081864549134, 53.401938710726355], [-3.0804089416104827, 53.401935989085416], [-3.080413496356107, 53.40211572815874], [-3.0807142527296767, 53.40211300574269], [-3.080718808791318, 53.402292744792575], [-3.080117293461147, 53.402298188902755], [-3.080121847037745, 53.40247792798239], [-3.080422605994361, 53.40247520628826], [-3.0804362708192627, 53.40301442343965], [-3.0801355080614767, 53.40301714518697], [-3.080153723445663, 53.40373610137975], [-3.079852955570466, 53.403738822440545], [-3.079857508271857, 53.40391856149217], [-3.080158277414193, 53.40391584041362], [-3.080162831431717, 53.40409557944182], [-3.079862061022228, 53.40409830053808], [-3.0798666138215802, 53.40427803957827], [-3.0795658420959446, 53.40428075993486], [-3.079570393677099, 53.40446049898704], [-3.0789688475445685, 53.40446593746333], [-3.078977945784979, 53.404825415621424], [-3.0786771701108866, 53.40482813375882], [-3.078690814036868, 53.40536735100623], [-3.0792923729395296, 53.405361913867736], [-3.079301474203926, 53.405721391933255], [-3.079000692242529, 53.40572411091665], [-3.0789961428531267, 53.40554437186904], [-3.078093800477139, 53.4055525242213], [-3.0780847094487265, 53.40519304600273], [-3.077483152689225, 53.405198477046156], [-3.0774876956444714, 53.405378216193654], [-3.077186915924145, 53.40538093059689], [-3.0771959994467233, 53.40574040891016], [-3.0774967817016003, 53.4057376944716], [-3.077501324803484, 53.40591743360198], [-3.0778021082767766, 53.405914718388225], [-3.0777975639075987, 53.405734979275536], [-3.0780983460647042, 53.40573226332202], [-3.0781210747361363, 53.40663095873988], [-3.078722651576817, 53.40662552438346], [-3.0787271999925503, 53.406805263414476], [-3.079027989606851, 53.40680254508232], [-3.0790325393388978, 53.406982284089935], [-3.0781301665470724, 53.406990436867055], [-3.078125620617149, 53.40681069780633], [-3.077824830856077, 53.40681341386599], [-3.077811197161811, 53.40627419659649], [-3.077510411153888, 53.40627691184558], [-3.0775194976998184, 53.40663639006636], [-3.0769179204679697, 53.40664181836282], [-3.07692246127953, 53.406821557499995], [-3.077223251187253, 53.40681884371284], [-3.077241419991654, 53.40753780013365], [-3.076940625014339, 53.407540513991535], [-3.0769451660701863, 53.407720253100116], [-3.082961081663719, 53.40766583165953], [-3.082951948904133, 53.407306354145646], [-3.0826511561251277, 53.40730908237858], [-3.082646591086424, 53.40712934359527], [-3.081744216256941, 53.40713752369574], [-3.0817259718015833, 53.406418568292224], [-3.0823275449314615, 53.40641311579149], [-3.0823321085063675, 53.40659285461542], [-3.082632896265002, 53.40659012721107], [-3.08263746115636, 53.40676986601151], [-3.0829382501332314, 53.40676713783189], [-3.0829428163410686, 53.406946876608856], [-3.084145976826579, 53.40693595624427], [-3.0841414055492917, 53.40675621753842], [-3.0838406167690158, 53.406758948748035], [-3.083826907034251, 53.406219732542866], [-3.084127692012524, 53.40621700138664], [-3.0841231209319635, 53.40603726265794], [-3.085025471769723, 53.406029064697776], [-3.0850208969364683, 53.40584932601675], [-3.0859232435293675, 53.40584112129276], [-3.085918664943505, 53.40566138265946], [-3.08652022655794, 53.4056559090918], [-3.086524807678352, 53.40583564768943], [-3.0862240256284967, 53.405838384869824], [-3.0862423455338064, 53.406557339274514], [-3.0865431326528943, 53.40655460202281], [-3.08655229543591, 53.40691407915518], [-3.086853085040402, 53.40691134111028], [-3.0868622505553405, 53.407270818184124], [-3.08746383468589, 53.40726533975051], [-3.0874684200521103, 53.40744507824314], [-3.087769213310782, 53.40744233787224], [-3.0877737999937462, 53.4076220763413], [-3.0889769776044287, 53.40761110721109]], [[-3.079337881220004, 53.40715930396671], [-3.0790370891198955, 53.40716202309181], [-3.0790325393388978, 53.406982284089935], [-3.0793333301716195, 53.40697956498256], [-3.079337881220004, 53.40715930396671]], [[-3.089528031670668, 53.40562849580576], [-3.088625690655182, 53.4056367277449], [-3.0886211007132545, 53.405456989266476], [-3.0883203215432307, 53.40545973171342], [-3.088311144341992, 53.405100254703704], [-3.089213474100499, 53.40509202519775], [-3.0892226589051424, 53.40545150210025], [-3.089523437926979, 53.405448757380945], [-3.089528031670668, 53.40562849580576]], [[-3.085303375273489, 53.40512763715621], [-3.0837994888922178, 53.405141299978155], [-3.083790349904852, 53.40478182241084], [-3.0849934489705375, 53.404770893810536], [-3.0849980235084806, 53.40495063252587], [-3.0852987994191055, 53.404947898464386], [-3.085303375273489, 53.40512763715621]], [[-3.0901112072844876, 53.404904050468616], [-3.0895096569924476, 53.404909542072254], [-3.0895050634464476, 53.404729803624576], [-3.0901066112040922, 53.404724312056715], [-3.0901112072844876, 53.404904050468616]], [[-3.089195105084106, 53.404373071324095], [-3.0885935620986977, 53.404378558275894], [-3.0885843829555446, 53.404019081233244], [-3.088283613923073, 53.40402182353728], [-3.08827443751168, 53.40366234643605], [-3.0885752040099006, 53.403659604167764], [-3.0885797934580337, 53.40383934270336], [-3.088880561173998, 53.40383659965979], [-3.088889742752674, 53.404196076678126], [-3.089190512953522, 53.40419333284139], [-3.089195105084106, 53.404373071324095]], [[-3.0861736499539374, 53.40386125978514], [-3.0855721135849716, 53.403866731481465], [-3.0855492301928007, 53.402968037854194], [-3.085248468269945, 53.40297077247717], [-3.085234742626616, 53.40243155617873], [-3.0867385327427455, 53.40241787575731], [-3.0867431142431143, 53.40259761444006], [-3.087344632478695, 53.402592136934196], [-3.087340048444272, 53.40241239828713], [-3.0879415639485353, 53.40240691778745], [-3.087946150517009, 53.402586656398825], [-3.0882469094621587, 53.402583914995084], [-3.0882606732648012, 53.403123130741314], [-3.0885614359617453, 53.4031203885266], [-3.0885660252617564, 53.403300127079376], [-3.0879644972843505, 53.40330561078712], [-3.0879736709640975, 53.403665087946926], [-3.0876729043671687, 53.403667828700435], [-3.0876637332216212, 53.40330835150491], [-3.08736296910956, 53.403311091465305], [-3.0873538006954906, 53.402951614211176], [-3.087053039068258, 53.40295435337849], [-3.0870484562022558, 53.40277461472502], [-3.086747695792772, 53.4027773531171], [-3.0867522773917204, 53.4029570917884], [-3.086451515665893, 53.40295982944094], [-3.0864652569572364, 53.40349904547404], [-3.0867660224843125, 53.40349630776802], [-3.086770604280428, 53.403676046416464], [-3.086169070642776, 53.40368152110675], [-3.0861736499539374, 53.40386125978514]], [[-3.0963904932497806, 53.40340830126812], [-3.0942851446056086, 53.40342761896224], [-3.094280531181614, 53.403247880755515], [-3.0939797681580243, 53.403250637378555], [-3.0939751560507283, 53.40307089914815], [-3.0933736323888374, 53.403076410086186], [-3.0933690228652617, 53.40289667181413], [-3.0930682622269776, 53.40289942612915], [-3.093063654020033, 53.40271968783343], [-3.0927628945992103, 53.402722441373115], [-3.0927536808680887, 53.40236296472869], [-3.092452923931745, 53.40236571747513], [-3.092443712932855, 53.40200624077194], [-3.093045221688008, 53.402000734593436], [-3.0930498296966533, 53.402180472912015], [-3.093651340787483, 53.40217496366818], [-3.0936559513796973, 53.40235470194515], [-3.0942574648061183, 53.402349189636], [-3.094243625576375, 53.40180997489559], [-3.0948451312023875, 53.40180445966472], [-3.0948497467632756, 53.40198419788132], [-3.0954512547246043, 53.40197867958509], [-3.0954558728691093, 53.40215841776003], [-3.0957566280422353, 53.40215565745789], [-3.0957612475034164, 53.402335395609114], [-3.096362760234552, 53.402329872696825], [-3.09636738227944, 53.402509610806355], [-3.095765867014295, 53.40251513375461], [-3.0957704865748705, 53.402694871894404], [-3.09607124549932, 53.402692110780976], [-3.096075866376628, 53.40287184889703], [-3.0957751061851466, 53.40287461002846], [-3.0957797258451207, 53.40305434815679], [-3.096080487303649, 53.403051587007376], [-3.096085108280385, 53.40323132511201], [-3.096385870956258, 53.40322856318722], [-3.0963904932497806, 53.40340830126812]], [[-3.0978896835894325, 53.403214742202486], [-3.0975889211623353, 53.40321750791422], [-3.0975842938503098, 53.4030377698996], [-3.0972835326404864, 53.40304053483591], [-3.0972742806998528, 53.402681058753494], [-3.0975750393756027, 53.40267829385319], [-3.0975796665880657, 53.40285803187924], [-3.097880426481065, 53.40285526620356], [-3.0978896835894325, 53.403214742202486]], [[-3.0912728987144984, 53.403275412903405], [-3.090972135195332, 53.40327816195253], [-3.0909675357587196, 53.40309842354282], [-3.0906667734571416, 53.40310117181666], [-3.0906621753370724, 53.402921433383334], [-3.090361414253086, 53.402924180881875], [-3.0903522206954275, 53.40256470396227], [-3.0906529792453354, 53.40256195649952], [-3.090657577266471, 53.4027416949443], [-3.0909583370339435, 53.40273894670626], [-3.090962936371592, 53.40291868512742], [-3.091263697356629, 53.40291593611408], [-3.0912728987144984, 53.403275412903405]], [[-3.0813385587985374, 53.40300625365332], [-3.081037796187807, 53.40300897767283], [-3.0810332386630304, 53.40282923866356], [-3.0813340000066938, 53.402826514661804], [-3.0813385587985374, 53.40300625365332]], [[-3.0831294343971587, 53.402450676959006], [-3.082527917317841, 53.40245613322271], [-3.0825233536050276, 53.402276394285046], [-3.0819218388633667, 53.40228184748371], [-3.081917277733674, 53.40210210850481], [-3.082819545971492, 53.40209392762404], [-3.082824110902219, 53.402273666549654], [-3.0831248681503, 53.40227093805689], [-3.0831294343971587, 53.402450676959006]], [[-3.0810241237605713, 53.402469760627845], [-3.080723364901974, 53.40247248383672], [-3.080718808791318, 53.402292744792575], [-3.081019566382888, 53.402290021601424], [-3.0810241237605713, 53.402469760627845]], [[-3.094243625576375, 53.40180997489559], [-3.093942872688922, 53.401812731374996], [-3.0939382609785517, 53.40163299309879], [-3.09423901259905, 53.40163023663735], [-3.094243625576375, 53.40180997489559]], [[-3.0939382609785517, 53.40163299309879], [-3.0936375093084414, 53.4016357488029], [-3.093632898914627, 53.40145601050305], [-3.0933321484618626, 53.401458765431855], [-3.093322930356873, 53.40109928877906], [-3.093022182388371, 53.40110204291465], [-3.093017574677155, 53.400922304561746], [-3.0933183213787547, 53.40091955044408], [-3.0933137124502186, 53.40073981210337], [-3.0936144578353457, 53.40073705724633], [-3.093628288570411, 53.401276272197435], [-3.09392903770665, 53.401273516529244], [-3.0939382609785517, 53.40163299309879]], [[-3.0921337502141784, 53.40164951596324], [-3.0918329982466783, 53.40165226712328], [-3.0918283954545362, 53.40147252871581], [-3.092129146155089, 53.4014697775737], [-3.0921337502141784, 53.40164951596324]], [[-3.0918283954545362, 53.40147252871581], [-3.0915276447044664, 53.401475279100566], [-3.091523043228774, 53.401295540669466], [-3.0918237927119088, 53.40129279030261], [-3.0918283954545362, 53.40147252871581]], [[-3.091523043228774, 53.401295540669466], [-3.091222293696137, 53.40129829027898], [-3.0912176935368683, 53.40111855182423], [-3.0909169452216645, 53.40112130065851], [-3.0909123463787926, 53.40094156218015], [-3.0915138404258973, 53.40093606379011], [-3.091523043228774, 53.401295540669466]], [[-3.084300469794303, 53.401181583406135], [-3.0836989708458087, 53.401187045479794], [-3.0836944024089528, 53.4010073065732], [-3.083393654127902, 53.401010036456235], [-3.0833845199354397, 53.40065055859034], [-3.083986011380768, 53.40064509813807], [-3.083990580986231, 53.40082483703831], [-3.0842913279020623, 53.40082210565839], [-3.084300469794303, 53.401181583406135]], [[-3.0906115992810235, 53.40094431023917], [-3.0903108521337934, 53.400947057540876], [-3.0903016596640254, 53.4005875804954], [-3.090000915001131, 53.400590327004004], [-3.089996320107284, 53.40041058845478], [-3.0905978068498903, 53.40040509471607], [-3.0906115992810235, 53.40094431023917]], [[-3.0933137124502186, 53.40073981210337], [-3.093012967015509, 53.40074256620309], [-3.09300835940343, 53.40056282783873], [-3.093309103571263, 53.40056007375694], [-3.0933137124502186, 53.40073981210337]], [[-3.089103271858533, 53.400778300582964], [-3.0885017795543073, 53.400783786819986], [-3.088497190945456, 53.40060404818712], [-3.088196445986178, 53.400606790151784], [-3.088187271450299, 53.40024731283319], [-3.0872850438776305, 53.40025553407614], [-3.087275877140192, 53.39989605662757], [-3.0884788370036773, 53.3998850935985], [-3.0884834254150797, 53.40006483225423], [-3.088784166524417, 53.40006208958584], [-3.088793346029011, 53.40042156684443], [-3.089094089622678, 53.400418823383], [-3.089103271858533, 53.400778300582964]], [[-3.101410605478617, 53.39976647578566], [-3.1011098677215445, 53.39976925024263], [-3.101105226153733, 53.39958951233571], [-3.1008044896135183, 53.39959228601733], [-3.1007998493624136, 53.39941254808661], [-3.1004991140390574, 53.39941532099288], [-3.100485197385492, 53.39887610711219], [-3.100184465812481, 53.39887887920701], [-3.100161278721372, 53.39798018920108], [-3.099860553431954, 53.39798296044838], [-3.0998559174300437, 53.397803222411945], [-3.099555193357411, 53.39780599288396], [-3.099550558672013, 53.39762625482378], [-3.100152004234124, 53.39762071315862], [-3.100156641452806, 53.397800451182704], [-3.1004573654256853, 53.39779767919623], [-3.100462003960905, 53.39797741719654], [-3.1007627291505413, 53.39797464443476], [-3.100767369002327, 53.39815438241127], [-3.101068095408719, 53.39815160887418], [-3.101077377795402, 53.39851108477394], [-3.10137810668524, 53.398508310443454], [-3.101410605478617, 53.39976647578566]], [[-3.1001983786657963, 53.39941809314186], [-3.0998976432426457, 53.39942086453355], [-3.0998930068417496, 53.39924112654294], [-3.0992915383793633, 53.399246667018424], [-3.099282270794175, 53.39888719094785], [-3.0989815390216955, 53.398889960013605], [-3.0989861715226263, 53.39906969806979], [-3.098685438433572, 53.3990724663963], [-3.098690069717584, 53.39925220446479], [-3.0983893353119547, 53.39925497205204], [-3.0983847052946976, 53.399075233965526], [-3.0980839721060174, 53.39907800077751], [-3.0980700861532675, 53.39853878642955], [-3.098370815541766, 53.39853601967164], [-3.098366185723733, 53.398356281562236], [-3.099268369790247, 53.39834797679906], [-3.099273003408377, 53.398527714854396], [-3.099573732597575, 53.39852494506746], [-3.0995783675322612, 53.398704683099005], [-3.0998790979383117, 53.39870191253677], [-3.0998837341895826, 53.39888165054457], [-3.100184465812481, 53.39887887920701], [-3.1001983786657963, 53.39941809314186]], [[-3.094174436126927, 53.39911390042103], [-3.0932722343244903, 53.39912216677953], [-3.093267625891739, 53.39894242838158], [-3.0929668931251775, 53.39894518230192], [-3.092962286008742, 53.39876544388032], [-3.092661554459361, 53.39876819702545], [-3.092656948659213, 53.39858845858022], [-3.092055487945279, 53.398593962562835], [-3.092050884728106, 53.39841422407601], [-3.0917501555635685, 53.39841697491348], [-3.091745553662616, 53.39823723640305], [-3.091444825715277, 53.39823998646535], [-3.091440225130516, 53.39806024793125], [-3.0917409518111665, 53.39805749788684], [-3.0917363500092203, 53.39787775936496], [-3.0920370753736917, 53.39787500858121], [-3.0920416784423135, 53.3980547470852], [-3.0923424050239428, 53.39805199552629], [-3.092347009408768, 53.398231734006636], [-3.0926477372075536, 53.39822898167255], [-3.09265234290861, 53.398408720129254], [-3.0929530719245504, 53.39840596701996], [-3.092957678941868, 53.398585705453016], [-3.0932584091749624, 53.39858295156855], [-3.093263017508564, 53.39876268997793], [-3.0935637489588124, 53.39875993531826], [-3.0935591393584847, 53.39858019692682], [-3.0938598694924204, 53.398577441527834], [-3.0938644803594717, 53.39875717990133], [-3.0941652117105307, 53.39875442372712], [-3.094174436126927, 53.39911390042103]], [[-3.0896634226566295, 53.39915516405837], [-3.089362688029472, 53.399157908909295], [-3.089358096064574, 53.39897817027855], [-3.089057362654781, 53.39898091435431], [-3.089048181406661, 53.398621437039935], [-3.0887474504809718, 53.3986241803227], [-3.088738271963814, 53.39826470294969], [-3.0896404569924325, 53.39825647093687], [-3.0896634226566295, 53.39915516405837]], [[-3.101979564315079, 53.398502759510755], [-3.101678835525138, 53.398505535355746], [-3.101674191773446, 53.398325797444876], [-3.101373464200242, 53.39832857251452], [-3.1013688217651834, 53.398148834579864], [-3.101068095408719, 53.39815160887418], [-3.1010448903156997, 53.39725291902463], [-3.10134561033897, 53.39725014482065], [-3.1013502525243375, 53.39742988278393], [-3.1016509737642837, 53.397427107804646], [-3.1016556172662137, 53.39760684574416], [-3.1019563397228334, 53.39760406998957], [-3.1019609845413507, 53.39778380790528], [-3.1022617082146415, 53.39778103137536], [-3.1022710005348877, 53.3981405071534], [-3.1025717266915125, 53.39813772983008], [-3.102576374193282, 53.398317467692415], [-3.1019749192966963, 53.39832302161797], [-3.101979564315079, 53.398502759510755]], [[-3.103779283386407, 53.398306350754304], [-3.1031778288898884, 53.39831191073787], [-3.103173178854768, 53.39813217291173], [-3.103774630817937, 53.39812661296437], [-3.103779283386407, 53.398306350754304]], [[-3.103173178854768, 53.39813217291173], [-3.102872452798144, 53.39813495174951], [-3.1028678040797057, 53.39795521389955], [-3.1031685288696673, 53.397952435079844], [-3.103173178854768, 53.39813217291173]], [[-3.088738271963814, 53.39826470294969], [-3.0884375435221876, 53.398267445439444], [-3.0884329556043566, 53.3980877067265], [-3.0887336827792864, 53.39808496425459], [-3.088738271963814, 53.39826470294969]], [[-3.1049728765585343, 53.397935746259606], [-3.104672152068899, 53.39793852962274], [-3.104667495800591, 53.397758791875724], [-3.104968219023582, 53.39775600853072], [-3.1049728765585343, 53.397935746259606]], [[-3.1028678040797057, 53.39795521389955], [-3.102567079239737, 53.39795799196202], [-3.102562431837955, 53.39777825408822], [-3.102863155411275, 53.39777547604386], [-3.1028678040797057, 53.39795521389955]], [[-3.0905334480564473, 53.39788875492744], [-3.089931996783319, 53.39789424816522], [-3.089922808527815, 53.39753477088945], [-3.0893213621236426, 53.39754026102673], [-3.089316770603298, 53.39736052234451], [-3.0887153265348397, 53.39736600941709], [-3.0887061487088032, 53.397006531964], [-3.089006868234481, 53.39700378884207], [-3.089002278128906, 53.39682405012482], [-3.0893029963386063, 53.39682130626352], [-3.08930758771078, 53.397001044962906], [-3.0899090265151985, 53.396995554932914], [-3.089913620469985, 53.39717529359082], [-3.0902143410646867, 53.397172547422095], [-3.090223531655779, 53.39753202468497], [-3.09052425473431, 53.39752927772324], [-3.0905334480564473, 53.39788875492744]], [[-3.1055650053011377, 53.39757070187065], [-3.1049635615387317, 53.3975762707961], [-3.104954246719331, 53.39721679530965], [-3.1046535272961893, 53.397219578600286], [-3.1046488712282283, 53.39703984083034], [-3.1043481530215895, 53.3970426233456], [-3.104352807822963, 53.397222361133686], [-3.1040520882996625, 53.397225142909875], [-3.1040567418845026, 53.39740488071031], [-3.1031545792144897, 53.39741322154987], [-3.1031499294294678, 53.3972334836951], [-3.1028492097060165, 53.39723626244242], [-3.102844561237606, 53.397056524563816], [-3.102543842730744, 53.3970593025358], [-3.102539195578917, 53.39687956463337], [-3.101937760948404, 53.396885118269545], [-3.101933116379702, 53.39670538032522], [-3.1010309678589616, 53.39671370504615], [-3.101021686470738, 53.396354229031886], [-3.102224540932762, 53.396343128034154], [-3.1022291866680822, 53.39652286597184], [-3.102830616132389, 53.39651731089363], [-3.102821319645586, 53.39615783508486], [-3.1031220317696806, 53.39615505644615], [-3.103117382334767, 53.39597531855128], [-3.102816671477185, 53.3959780971719], [-3.1028120233587813, 53.39579835925319], [-3.1031127329498656, 53.39579558065068], [-3.1031080836149765, 53.39561584274435], [-3.104010208288655, 53.39560750244802], [-3.104005555204368, 53.395427764590295], [-3.1046069688703133, 53.39542220064309], [-3.1045976577861034, 53.39506272498293], [-3.104898362011073, 53.39505994190984], [-3.104903018794578, 53.39523967972466], [-3.105203724235897, 53.39523689587628], [-3.105208382335946, 53.395416633667246], [-3.10550908899361, 53.395413849043564], [-3.1055137484102304, 53.395593586810676], [-3.105814456284241, 53.39559080141167], [-3.1058191170174587, 53.395770539154896], [-3.1052176986863618, 53.395776109231996], [-3.105213040486101, 53.3955963714525], [-3.104611624487536, 53.395601938464615], [-3.1046255916396817, 53.39614115189471], [-3.1049263034634915, 53.396138368712855], [-3.1049309605475566, 53.396318106493325], [-3.105231673587792, 53.39631532253614], [-3.1052456489402083, 53.39685453578873], [-3.105546365729975, 53.396851751019945], [-3.1055650053011377, 53.39757070187065]], [[-3.104362117575923, 53.39758183669262], [-3.1040613955193996, 53.397584618505036], [-3.1040567418845026, 53.39740488071031], [-3.1043574626744053, 53.397402098916004], [-3.104362117575923, 53.39758183669262]], [[-3.099550558672013, 53.39762625482378], [-3.099249835816166, 53.3976290245205], [-3.099245202447253, 53.39744928643656], [-3.09954592403647, 53.39744651675787], [-3.099550558672013, 53.39762625482378]], [[-3.0944290371975174, 53.397313759934775], [-3.09412831602948, 53.397316516722576], [-3.0941237042925964, 53.39713677832126], [-3.0938229843415646, 53.39713953433391], [-3.093818373920891, 53.396959795908906], [-3.0944198112401446, 53.39695428316231], [-3.0944290371975174, 53.397313759934775]], [[-3.093818373920891, 53.396959795908906], [-3.093216936403262, 53.39696530562664], [-3.093212328565361, 53.39678556716004], [-3.0938137635498126, 53.39678005747818], [-3.093818373920891, 53.396959795908906]], [[-3.1088448997572535, 53.39646159352771], [-3.1085441860527037, 53.39646438658936], [-3.108539513720183, 53.39628464903256], [-3.108840226158208, 53.39628185598909], [-3.1088448997572535, 53.39646159352771]], [[-3.097417743766539, 53.396567197560586], [-3.096515596802773, 53.39657548815317], [-3.0965109751318596, 53.39639574987274], [-3.097413118295965, 53.39638745933415], [-3.097417743766539, 53.396567197560586]], [[-3.10852549702417, 53.39574543632775], [-3.1076233708070875, 53.39575381075139], [-3.107618702475015, 53.39557407311711], [-3.107017287278806, 53.39557965224399], [-3.107021953077931, 53.3957593899146], [-3.1067212441380616, 53.39576217836045], [-3.106716579605412, 53.39558244067166], [-3.1064158718818446, 53.39558522834218], [-3.1064112086658335, 53.39540549062952], [-3.1061105021585673, 53.3954082775247], [-3.1061058402591653, 53.395228539788164], [-3.1058051349682034, 53.39523132590803], [-3.105795813852695, 53.39487185038147], [-3.105495111044461, 53.39487463570787], [-3.105490451828313, 53.39469489791786], [-3.1051897502363737, 53.39469768246901], [-3.105175776687778, 53.39415846901017], [-3.1054764744805667, 53.39415568451344], [-3.10547181546488, 53.39397594670051], [-3.1057725119411987, 53.39397316146477], [-3.105767851709285, 53.39379342366426], [-3.1063692419788453, 53.39378785095774], [-3.1063739047434415, 53.39396758872196], [-3.106975297345069, 53.393962012950624], [-3.1069799626925243, 53.3941417506728], [-3.107280660184425, 53.39413896163328], [-3.1072853268484297, 53.39431869933157], [-3.1075860255564978, 53.39431590951675], [-3.10759536156787, 53.394675384859774], [-3.1078960627584973, 53.39467259425147], [-3.1079100709514, 53.395211807168536], [-3.108210775891054, 53.39520901574854], [-3.1082154466555876, 53.39538875335792], [-3.108516152811447, 53.39538596116255], [-3.10852549702417, 53.39574543632775]], [[-3.0943829093954474, 53.39551637584356], [-3.094082200892942, 53.39551913245182], [-3.094077589652111, 53.395339393993275], [-3.0943782968881375, 53.39533663740296], [-3.0943829093954474, 53.39551637584356]], [[-3.095271185833964, 53.394968886298386], [-3.094970481279733, 53.39497164512428], [-3.0949658663883937, 53.39479190670244], [-3.094063756227221, 53.39480017858326], [-3.094059145184789, 53.394620440101825], [-3.094359847355042, 53.39461768358331], [-3.0943552350957986, 53.39443794511411], [-3.0946559359500267, 53.394435187856416], [-3.094651322474, 53.394255449399424], [-3.095252721500782, 53.394249932648535], [-3.095271185833964, 53.394968886298386]], [[-3.1115044731245574, 53.3946390478944], [-3.111203772537532, 53.39464184758845], [-3.111199089310092, 53.39446211013821], [-3.1114997886307343, 53.394459310462395], [-3.1115044731245574, 53.3946390478944]], [[-3.1102876323403974, 53.39411102959582], [-3.1096862383114234, 53.39411662206035], [-3.1096815615668256, 53.39393688450185], [-3.1087794739451526, 53.393945267465575], [-3.1087748010498584, 53.393765529846725], [-3.1090754957076965, 53.393762736300786], [-3.1090661475352657, 53.3934032610823], [-3.1087654554100546, 53.39340605459183], [-3.108760782665545, 53.39322631695578], [-3.1084600917563674, 53.393229109690026], [-3.1084554203283994, 53.39304937203007], [-3.1081547306352553, 53.39305216398901], [-3.1081500605237995, 53.392872426305125], [-3.107849372046692, 53.39287521748879], [-3.1078400345069714, 53.392515742067495], [-3.1081407204515825, 53.39251295092019], [-3.1081453904625755, 53.39269268861552], [-3.108746764733576, 53.39268710401328], [-3.108751437327307, 53.39286684166652], [-3.1093528139297786, 53.39286125399953], [-3.1093574891063, 53.393040991610626], [-3.1096581785983775, 53.39303819662329], [-3.109662855091463, 53.39321793421044], [-3.110264236457259, 53.39321234192804], [-3.1102689155332266, 53.39339207947306], [-3.110569607406929, 53.39338928217798], [-3.1105789682424714, 53.39374875721438], [-3.1102782738361507, 53.39375155454591], [-3.1102876323403974, 53.39411102959582]], [[-3.1072573276173245, 53.393240273055895], [-3.1066559452465947, 53.39324585019619], [-3.1066512814163225, 53.39306611242719], [-3.107252661254484, 53.39306053532324], [-3.1072573276173245, 53.393240273055895]], [[-3.1144598102661942, 53.392633899252665], [-3.1141591241130477, 53.392636706317], [-3.11415442877739, 53.392456968986295], [-3.1135530588520566, 53.39246258080718], [-3.1135483660993266, 53.39228284343416], [-3.1132476823271555, 53.39228564819072], [-3.1132382995055057, 53.391926173390964], [-3.1141403430734282, 53.3919177569597], [-3.1141450382575804, 53.392097494307635], [-3.114445720612091, 53.39209468729813], [-3.1144598102661942, 53.392633899252665]], [[-3.1105462061990528, 53.39249059448665], [-3.1099448350639483, 53.39249618813755], [-3.1099401575058367, 53.39231645054566], [-3.110541526108498, 53.39231085693118], [-3.1105462061990528, 53.39249059448665]], [[-3.1093341137265504, 53.392142303497764], [-3.108732747253931, 53.39214789101921], [-3.108728074861229, 53.39196815334305], [-3.1093294388014527, 53.391962565858016], [-3.1093341137265504, 53.392142303497764]], [[-3.1114295272695474, 53.39176324829467], [-3.1108281665661113, 53.39176884634224], [-3.11082348541074, 53.39158910878207], [-3.1114248435818443, 53.39158351077098], [-3.1114295272695474, 53.39176324829467]], [[-3.11082348541074, 53.39158910878207], [-3.110522806249656, 53.39159190665203], [-3.110518126410786, 53.39141216906792], [-3.1108188043057172, 53.39140937121618], [-3.11082348541074, 53.39158910878207]], [[-3.102695836646256, 53.39130490942424], [-3.102395158663223, 53.39130768681731], [-3.1023905131106844, 53.3911279487316], [-3.102691189827573, 53.391125171356606], [-3.102695836646256, 53.39130490942424]], [[-3.1168088202327477, 53.39045456911222], [-3.1159068084162787, 53.39046300554467], [-3.115897403814774, 53.390103530959365], [-3.116498740012151, 53.39009790750136], [-3.1165034448197018, 53.39027764476023], [-3.116804114108537, 53.39027483187738], [-3.1168088202327477, 53.39045456911222]], [[-3.120374372915951, 53.38880312191234], [-3.1200737143633, 53.38880594373238], [-3.120068994769383, 53.388626206647764], [-3.120369652056109, 53.38862338484611], [-3.120374372915951, 53.38880312191234]], [[-3.1074460094836054, 53.388923776620615], [-3.1071453487605627, 53.38892656589039], [-3.10714068360212, 53.38874682802021], [-3.107441343059206, 53.38874403876858], [-3.1074460094836054, 53.388923776620615]], [[-3.1065440271639666, 53.38893214215901], [-3.106243366290439, 53.38893492915783], [-3.1062387049298708, 53.38875519123317], [-3.1059380452721688, 53.388757977456855], [-3.105924065289057, 53.38821876359408], [-3.106224721148962, 53.38821597742483], [-3.1062293823591323, 53.38839571536667], [-3.1065300394348245, 53.38839292842231], [-3.1065347019610567, 53.38857266634026], [-3.1068353602525334, 53.38856987862076], [-3.106840024094859, 53.38874961651485], [-3.1065393645374386, 53.38875240425251], [-3.1065440271639666, 53.38893214215901]], [[-3.120068994769383, 53.388626206647764], [-3.119768337431897, 53.388629027692446], [-3.1197636191546505, 53.38844929058372], [-3.1200642752262246, 53.38844646955741], [-3.120068994769383, 53.388626206647764]], [[-3.1083293107638594, 53.38819645304493], [-3.1080286552551595, 53.38819924451297], [-3.1080193177944624, 53.387839768830055], [-3.108319970771377, 53.38783697739837], [-3.1083293107638594, 53.38819645304493]], [[-3.105919405394922, 53.38803902562836], [-3.1056187507508066, 53.3880418110225], [-3.1056140921726803, 53.3878620730329], [-3.1059147455509044, 53.38785928765692], [-3.105919405394922, 53.38803902562836]], [[-3.1230519048479697, 53.38769926997831], [-3.121849302543188, 53.38771057952577], [-3.121839848825178, 53.387351105502624], [-3.122140496945998, 53.38734827928799], [-3.1221357688974365, 53.38716854228622], [-3.122737062454893, 53.38716288762295], [-3.1227276014471514, 53.386803413675835], [-3.1224269572254344, 53.3868062413491], [-3.1224222280636456, 53.38662650434852], [-3.1233241567788546, 53.38661801911323], [-3.1233288897379503, 53.38679775605855], [-3.1230282456179954, 53.38680058524566], [-3.1230519048479697, 53.38769926997831]], [[-3.123634268082783, 53.38697466303569], [-3.123333622747948, 53.38697749299814], [-3.1233288897379503, 53.38679775605855], [-3.1236295338070046, 53.38679492611455], [-3.123634268082783, 53.38697466303569]], [[-3.110100500500091, 53.38692152424137], [-3.1094992077574912, 53.38692711524921], [-3.1094851837093107, 53.3863879018687], [-3.1091845410599563, 53.38639069618261], [-3.1091798677435376, 53.38621095835945], [-3.109480509127133, 53.38620816406373], [-3.109475834595227, 53.38602842625303], [-3.109776474662803, 53.386025631218615], [-3.109781150460455, 53.38620536901109], [-3.110081791743491, 53.386202573201544], [-3.1100911460211877, 53.38656204873294], [-3.110391789785454, 53.386559252130056], [-3.1103964682655407, 53.38673898986893], [-3.1100958232354885, 53.38674178649003], [-3.110100500500091, 53.38692152424137]], [[-3.109475834595227, 53.38602842625303], [-3.1091751944773796, 53.38603122053055], [-3.1091658480958375, 53.38567174485557], [-3.109466485682232, 53.38566895061444], [-3.109475834595227, 53.38602842625303]], [[-3.118254744175403, 53.37677763797426], [-3.117954170105602, 53.37678045402346], [-3.1179447529470967, 53.37642097885952], [-3.118245324486874, 53.37641816284699], [-3.118254744175403, 53.37677763797426]], [[-3.123617744650626, 53.37492944714537], [-3.123317184143917, 53.37493227662994], [-3.1233124532778325, 53.374752539324284], [-3.1230118939851255, 53.37475536803383], [-3.1230071644347634, 53.374575630704015], [-3.122706606356063, 53.374578458638574], [-3.122687693722411, 53.37385950918826], [-3.122387140652166, 53.37386233629259], [-3.1223776871699207, 53.37350286149617], [-3.1220771365784237, 53.37350568780713], [-3.1220724111782947, 53.37332595038191], [-3.1226735097809435, 53.373320297040244], [-3.1226829656910873, 53.37367977181133], [-3.122983517445707, 53.37367694396884], [-3.1229882467418197, 53.37385668132736], [-3.1232887997103793, 53.373853852709914], [-3.1232982609847686, 53.37421332737287], [-3.1235988164320827, 53.37421049796199], [-3.123617744650626, 53.37492944714537]]]}, "properties": {"kind": "max_footprint", "threshold_pct": 4.0}}, {"type": "Feature", "geometry": {"type": "Polygon", "coordinates": [[[-3.0793515346589597, 53.40769852088497], [-3.0793424323173553, 53.40733904294519], [-3.079041638949846, 53.407341762087995], [-3.0790370891198955, 53.40716202309181], [-3.078435504772833, 53.40716745906946], [-3.0784309575266096, 53.406987720032184], [-3.0781301665470724, 53.406990436867055], [-3.0781392585536533, 53.40734991497131], [-3.077838464990413, 53.40735263108409], [-3.0778475546577972, 53.407712109200865], [-3.0793515346589597, 53.40769852088497]]]}, "properties": {"kind": "max_footprint", "threshold_pct": 7.0}}, {"type": "Feature", "geometry": {"type": "Polygon", "coordinates": [[[-3.077838464990413, 53.40735263108409], [-3.0778293755186237, 53.4069931529444], [-3.0775285844412767, 53.40699586826426], [-3.0775376713782716, 53.40735534643929], [-3.077838464990413, 53.40735263108409]]]}, "properties": {"kind": "max_footprint", "threshold_pct": 7.0}}, {"type": "Feature", "geometry": {"type": "Polygon", "coordinates": [[[-3.0811563090442444, 53.40768218990764], [-3.0811517502444086, 53.40750245104699], [-3.080850955903498, 53.40750517475261], [-3.080846398420121, 53.40732543586849], [-3.080545605297584, 53.407328158798855], [-3.080541049130639, 53.407148419891286], [-3.0802402572264787, 53.40715114204641], [-3.0802311475744046, 53.406791664178655], [-3.079930358155992, 53.40679438554083], [-3.079934911690153, 53.406974124495285], [-3.079634120955377, 53.40697684511767], [-3.0796432256358974, 53.407336323044866], [-3.0799440189054574, 53.40733360238704], [-3.079953126316741, 53.407693080255946], [-3.0811563090442444, 53.40768218990764]]]}, "properties": {"kind": "max_footprint", "threshold_pct": 7.0}}, {"type": "Feature", "geometry": {"type": "Polygon", "coordinates": [[[-3.095571342630566, 53.40665187027305], [-3.0955667232437705, 53.40647213224122], [-3.095265937609352, 53.40647489221741], [-3.0952613195395644, 53.40629515416188], [-3.094659750656298, 53.40630067180589], [-3.094664366191469, 53.40648040989738], [-3.0949651519252463, 53.40647765143615], [-3.0949697687774003, 53.40665738950393], [-3.095571342630566, 53.40665187027305]]]}, "properties": {"kind": "max_footprint", "threshold_pct": 7.0}}, {"type": "Feature", "geometry": {"type": "Polygon", "coordinates": [[[-3.079930358155992, 53.40679438554083], [-3.0799258046708213, 53.406614646580664], [-3.079625016470772, 53.406617367167584], [-3.079620464301938, 53.40643762818397], [-3.0793196773202567, 53.40644034799571], [-3.079315126467731, 53.40626060898868], [-3.079014340704418, 53.406263328025204], [-3.0790234399237573, 53.40662280606899], [-3.0793242282217466, 53.40662008699705], [-3.0793287791722013, 53.40679982599265], [-3.079930358155992, 53.40679438554083]]]}, "properties": {"kind": "max_footprint", "threshold_pct": 7.0}}, {"type": "Feature", "geometry": {"type": "Polygon", "coordinates": [[[-3.082026758391066, 53.4064158424206], [-3.0820221961325833, 53.406236103573185], [-3.081721410810427, 53.40623882942705], [-3.0817259718015833, 53.406418568292224], [-3.082026758391066, 53.4064158424206]]]}, "properties": {"kind": "max_footprint", "threshold_pct": 7.0}}, {"type": "Feature", "geometry": {"type": "Polygon", "coordinates": [[[-3.079014340704418, 53.406263328025204], [-3.0790097911681733, 53.40608358899473], [-3.07870900662323, 53.40608630725606], [-3.078713554892156, 53.40626604630426], [-3.079014340704418, 53.406263328025204]]]}, "properties": {"kind": "max_footprint", "threshold_pct": 7.0}}, {"type": "Feature", "geometry": {"type": "Polygon", "coordinates": [[[-3.0877141769642704, 53.40528547579719], [-3.087709590922794, 53.40510573725377], [-3.087108037306235, 53.40511121677406], [-3.0871126208132513, 53.405290955353195], [-3.0877141769642704, 53.40528547579719]]]}, "properties": {"kind": "max_footprint", "threshold_pct": 7.0}}, {"type": "Feature", "geometry": {"type": "Polygon", "coordinates": [[[-3.0835306906019104, 53.406402201700175], [-3.083521553460866, 53.40604272417735], [-3.0841231209319635, 53.40603726265794], [-3.0841048371015183, 53.405318307685945], [-3.083804058459645, 53.405321038753236], [-3.0837994888922178, 53.405141299978155], [-3.0834987114684207, 53.40514403027021], [-3.083494143217383, 53.40496429147161], [-3.082892590756806, 53.40496974974778], [-3.0829062880539255, 53.405508966233036], [-3.082003947589504, 53.405517148126364], [-3.08200850965165, 53.40569688699664], [-3.0814069465620557, 53.40570233784038], [-3.081397827555909, 53.40534286002308], [-3.0807962693391553, 53.40534830776599], [-3.0808008262831823, 53.40552804671299], [-3.0805000458339973, 53.405530769465976], [-3.080509157334575, 53.405890247378274], [-3.0802083743018134, 53.40589296940928], [-3.0802129288583244, 53.406072708374595], [-3.0805137131583886, 53.40606998632587], [-3.0805182690312174, 53.40624972526773], [-3.081119840018911, 53.40624427886236], [-3.081115281611453, 53.40606453995596], [-3.0829199857931577, 53.406048182666844], [-3.0829245518044868, 53.406227921466694], [-3.0832253369302185, 53.4062251925829], [-3.083229904257996, 53.406404931359226], [-3.0835306906019104, 53.406402201700175]], [[-3.082614637190703, 53.40587117195208], [-3.082313854501338, 53.40587389928537], [-3.082309291122827, 53.40569416043857], [-3.0826100725449077, 53.40569143312304], [-3.082614637190703, 53.40587117195208]]]}, "properties": {"kind": "max_footprint", "threshold_pct": 7.0}}, {"type": "Feature", "geometry": {"type": "Polygon", "coordinates": [[[-3.0976398248804355, 53.40519462569721], [-3.09763519702076, 53.405014887745565], [-3.0973344218725636, 53.405017652880005], [-3.0973297953298706, 53.40483791490461], [-3.0967282474185516, 53.40484344286518], [-3.096732871426855, 53.405023180876576], [-3.097033646674591, 53.40502041725701], [-3.0970382719998515, 53.40520015524467], [-3.0976398248804355, 53.40519462569721]]]}, "properties": {"kind": "max_footprint", "threshold_pct": 7.0}}, {"type": "Feature", "geometry": {"type": "Polygon", "coordinates": [[[-3.079875719567236, 53.404637517641525], [-3.0798711666699163, 53.404457778612766], [-3.079570393677099, 53.40446049898704], [-3.0795749453072228, 53.40464023803353], [-3.079875719567236, 53.404637517641525]]]}, "properties": {"kind": "max_footprint", "threshold_pct": 7.0}}, {"type": "Feature", "geometry": {"type": "Polygon", "coordinates": [[[-3.0837675032967526, 53.403883128392486], [-3.083758364997625, 53.403523650745115], [-3.0834575989783697, 53.40352638087711], [-3.083453031169644, 53.403346642027074], [-3.0828515015179274, 53.40335209998328], [-3.0828560667924436, 53.40353183886884], [-3.083156832909972, 53.40352911025168], [-3.083165966140603, 53.40388858797017], [-3.0837675032967526, 53.403883128392486]]]}, "properties": {"kind": "max_footprint", "threshold_pct": 7.0}}, {"type": "Feature", "geometry": {"type": "Polygon", "coordinates": [[[-3.08287889390178, 53.404430533211084], [-3.0828743283816764, 53.40425079435405], [-3.0831750995677587, 53.40424806566578], [-3.0831705328296164, 53.40406832682085], [-3.082869762910693, 53.40407105549134], [-3.082865197488826, 53.40389131662289], [-3.082564428787933, 53.403894044518196], [-3.0825507366183906, 53.403354827825275], [-3.0828515015179274, 53.40335209998328], [-3.082846936292526, 53.403172361091954], [-3.0819446452479, 53.40318054229247], [-3.0819492066720247, 53.40336028123708], [-3.0816484416252243, 53.403363006806856], [-3.0816530018313153, 53.403542745763495], [-3.0813522354683456, 53.403545470593635], [-3.081361353493454, 53.403904948525266], [-3.0819628912388457, 53.403899498036566], [-3.08196745285927, 53.4040792369583], [-3.082268222925507, 53.40407651056007], [-3.0822773488479247, 53.40443598835087], [-3.08287889390178, 53.404430533211084]]]}, "properties": {"kind": "max_footprint", "threshold_pct": 7.0}}, {"type": "Feature", "geometry": {"type": "Polygon", "coordinates": [[[-3.0816484416252243, 53.403363006806856], [-3.0816438814681937, 53.40318326784451], [-3.081343117639427, 53.40318599263916], [-3.081347676529363, 53.40336573161926], [-3.0816484416252243, 53.403363006806856]]]}, "properties": {"kind": "max_footprint", "threshold_pct": 7.0}}, {"type": "Feature", "geometry": {"type": "Polygon", "coordinates": [[[-3.087108037306235, 53.40511121677406], [-3.0871034538485347, 53.40493147818922], [-3.087705004930658, 53.40492599870462], [-3.0876912472502838, 53.40438678302286], [-3.087390475535452, 53.40438952309034], [-3.087385891007831, 53.404209784500466], [-3.0867843499645384, 53.40421526232743], [-3.086779768020541, 53.40403552369617], [-3.0864789986920944, 53.404038261455696], [-3.0864744180645287, 53.40385852280086], [-3.0855721135849716, 53.403866731481465], [-3.085553806772759, 53.403147776591084], [-3.0849522803436824, 53.40315324511527], [-3.0849477062978674, 53.402973506342754], [-3.0843461822061005, 53.40297897180176], [-3.0843507537177683, 53.40315871060987], [-3.084049990331031, 53.40316144222109], [-3.084059130967723, 53.40352091985572], [-3.084359896888652, 53.40351818820893], [-3.0843690402562705, 53.403877665785146], [-3.0846698086622575, 53.403874933345335], [-3.0846743816869857, 53.40405467210706], [-3.0849751513109154, 53.404051938892046], [-3.0849797256519995, 53.40423167763026], [-3.0852804964938696, 53.40422894364], [-3.0852850721513363, 53.40440868235467], [-3.0864881600950715, 53.404397738748195], [-3.0864927408704843, 53.40457747738586], [-3.086793514000424, 53.404574739572844], [-3.0868072604239813, 53.40511395539805], [-3.087108037306235, 53.40511121677406]]]}, "properties": {"kind": "max_footprint", "threshold_pct": 7.0}}, {"type": "Feature", "geometry": {"type": "Polygon", "coordinates": [[[-3.093072870483499, 53.40307916441912], [-3.0930682622269776, 53.40289942612915], [-3.092767501539115, 53.402902179686755], [-3.0927628945992103, 53.402722441373115], [-3.0924621351288266, 53.40272519415542], [-3.092452923931745, 53.40236571747513], [-3.0918514099104297, 53.4023712206959], [-3.0918606160394253, 53.4027306974479], [-3.0921613756088933, 53.40272794618034], [-3.092165980014714, 53.402907684529836], [-3.0924667408016897, 53.40290493248698], [-3.092471346524102, 53.40308467081283], [-3.093072870483499, 53.40307916441912]]]}, "properties": {"kind": "max_footprint", "threshold_pct": 7.0}}, {"type": "Feature", "geometry": {"type": "Polygon", "coordinates": [[[-3.1005779835601297, 53.40247086534326], [-3.1005733437772447, 53.402291127486116], [-3.1002725881339153, 53.40229389992399], [-3.1002633112518385, 53.4019344241564], [-3.099962558092558, 53.40193719580083], [-3.099967195241678, 53.40211693370555], [-3.099365686239533, 53.402122474758464], [-3.0993610516243515, 53.401942736817645], [-3.099060298315453, 53.40194550619003], [-3.0990695650617193, 53.402304982102], [-3.0996710766975664, 53.40229944252773], [-3.0996757126794643, 53.40247918043904], [-3.1005779835601297, 53.40247086534326]]]}, "properties": {"kind": "max_footprint", "threshold_pct": 7.0}}, {"type": "Feature", "geometry": {"type": "Polygon", "coordinates": [[[-3.084633226235526, 53.40243702304571], [-3.0846240811207903, 53.40207754541361], [-3.085526348031535, 53.40206934408396], [-3.085521771746982, 53.40188960531276], [-3.0846195086372106, 53.40189780658897], [-3.0846149362028217, 53.40171806775864], [-3.084314183001476, 53.401720799984865], [-3.084318754168886, 53.401900538833004], [-3.0837172450847197, 53.40190600104898], [-3.08372181376732, 53.40208573992697], [-3.0834210578845105, 53.4020884699167], [-3.083430192863137, 53.402447947691094], [-3.084633226235526, 53.40243702304571]]]}, "properties": {"kind": "max_footprint", "threshold_pct": 7.0}}, {"type": "Feature", "geometry": {"type": "Polygon", "coordinates": [[[-3.089477503208252, 53.403651372818395], [-3.0894591307044568, 53.40293241883323], [-3.089759891936765, 53.402929673606835], [-3.0897415151554717, 53.40221071960162], [-3.089140002777668, 53.402216209154005], [-3.089135411239894, 53.402036470602646], [-3.0888346562438844, 53.40203921422491], [-3.0888300660224894, 53.40185947564997], [-3.08852931224408, 53.401862218496994], [-3.0885247233390354, 53.401682479898476], [-3.088223970778226, 53.40168522197028], [-3.0882193831895046, 53.40150548334819], [-3.0879186318462977, 53.40150822464478], [-3.0879232181680636, 53.40168796328474], [-3.08702096004159, 53.401696182684056], [-3.0870255426117814, 53.401875921371854], [-3.086724788537367, 53.401878659674736], [-3.0867293698898726, 53.402058398374656], [-3.0870301252312737, 53.402055660053925], [-3.0870347079000657, 53.40223539873028], [-3.087636220968949, 53.40222991978102], [-3.0876408062210685, 53.40240965841598], [-3.08824232162666, 53.40240417640156], [-3.0882469094621587, 53.402583914995084], [-3.0885476683579487, 53.40258117283394], [-3.0885614359617453, 53.4031203885266], [-3.0888621986093163, 53.403117645554495], [-3.0888713797928804, 53.403477122618575], [-3.089172144925232, 53.40347437885333], [-3.0891767368582, 53.403654117358926], [-3.089477503208252, 53.403651372818395]]]}, "properties": {"kind": "max_footprint", "threshold_pct": 7.0}}, {"type": "Feature", "geometry": {"type": "Polygon", "coordinates": [[[-3.084314183001476, 53.401720799984865], [-3.084309611883243, 53.401541061131006], [-3.0837081078669666, 53.40154652327581], [-3.0837126764512686, 53.40172626216525], [-3.084314183001476, 53.401720799984865]]]}, "properties": {"kind": "max_footprint", "threshold_pct": 7.0}}, {"type": "Feature", "geometry": {"type": "Polygon", "coordinates": [[[-3.0912406948281053, 53.40201724404069], [-3.091222293696137, 53.40129829027898], [-3.09062079448241, 53.40130378722597], [-3.090616196856986, 53.401124048735426], [-3.090315448442846, 53.40112679605502], [-3.0903108521337934, 53.400947057540876], [-3.0897093576910106, 53.400952549872294], [-3.089718545290893, 53.401312026966416], [-3.0900192950708383, 53.40130928114361], [-3.0900238902118473, 53.4014890196642], [-3.0903246412092957, 53.40148627306617], [-3.0903338341735376, 53.40184575005442], [-3.0906345876554533, 53.40184300266325], [-3.0906391854787265, 53.40202274113091], [-3.0912406948281053, 53.40201724404069]]]}, "properties": {"kind": "max_footprint", "threshold_pct": 7.0}}, {"type": "Feature", "geometry": {"type": "Polygon", "coordinates": [[[-3.087016377520697, 53.40151644399055], [-3.087007212626808, 53.40115696658636], [-3.0867064636202044, 53.40115970481791], [-3.086697301457327, 53.400800227355205], [-3.0869980479301082, 53.4007974891593], [-3.08700263025381, 53.40097722787569], [-3.0873033779442003, 53.40097448890465], [-3.087307961584116, 53.40115422759748], [-3.088811705630718, 53.40114052129296], [-3.0888071156562247, 53.400960782689396], [-3.0885063682125224, 53.400963525447125], [-3.0885017795543073, 53.400783786819986], [-3.0882010333281404, 53.400786528802506], [-3.088196445986178, 53.400606790151784], [-3.0875949559195845, 53.40061227180914], [-3.0875903711607204, 53.400432533117005], [-3.0872896273203096, 53.40043527279184], [-3.0872850438776305, 53.40025553407614], [-3.0866835585826258, 53.40026101111821], [-3.0866789777229537, 53.400081272361106], [-3.086378236268376, 53.400084009728346], [-3.086401134725156, 53.400982703545814], [-3.0861003868869163, 53.40098544024485], [-3.0861049654591577, 53.401165179009006], [-3.086405714564316, 53.40116244229213], [-3.0864102944527465, 53.40134218103275], [-3.0867110447755675, 53.401339443540714], [-3.0867156259802155, 53.401519182257765], [-3.087016377520697, 53.40151644399055]]]}, "properties": {"kind": "max_footprint", "threshold_pct": 7.0}}, {"type": "Feature", "geometry": {"type": "Polygon", "coordinates": [[[-3.0936421197518564, 53.40181548709707], [-3.0936375093084414, 53.4016357488029], [-3.093336757588733, 53.40163850374967], [-3.0933321484618626, 53.401458765431855], [-3.0930313979595123, 53.40146151960335], [-3.093022182388371, 53.40110204291465], [-3.092721434370298, 53.40110479629291], [-3.0927122215312304, 53.40074531954549], [-3.0924114759973977, 53.400748072130554], [-3.0924068709190746, 53.400568333730334], [-3.092707615186029, 53.40056558116318], [-3.0927030088903815, 53.400385842775165], [-3.09210152284066, 53.40039134711629], [-3.0920923154653988, 53.40003187025136], [-3.0917915748999327, 53.400034621250114], [-3.0917869725534137, 53.39985488279116], [-3.09088475436048, 53.39986313118985], [-3.0908801558639096, 53.39968339267146], [-3.0899779410261963, 53.39969163420077], [-3.089973346379495, 53.39951189562294], [-3.089371872107465, 53.39951738615358], [-3.0893672800437684, 53.3993376475343], [-3.0887658081077185, 53.399343135000024], [-3.088770397637834, 53.399522873655066], [-3.0884696603289536, 53.39952561626987], [-3.0884788370036773, 53.3998850935985], [-3.089080316639312, 53.39987960754013], [-3.089084907584379, 53.400059346160134], [-3.0902878713302093, 53.4000483648843], [-3.0902924673920382, 53.400228103427054], [-3.090893951502033, 53.4002226082095], [-3.090898550147015, 53.40040234671076], [-3.0911992933946673, 53.400399597948095], [-3.091203893355988, 53.40057933642572], [-3.091504637821023, 53.400576586887844], [-3.0915138404258973, 53.40093606379011], [-3.0918145873752048, 53.400933313459085], [-3.0918237927119088, 53.40129279030261], [-3.092124542145529, 53.40129003917845], [-3.092129146155089, 53.4014697775737], [-3.092730647407591, 53.401464273017474], [-3.092735254000572, 53.401644011371154], [-3.0930360058194384, 53.40164125793909], [-3.0930406137289363, 53.40182099626911], [-3.0936421197518564, 53.40181548709707]]]}, "properties": {"kind": "max_footprint", "threshold_pct": 7.0}}, {"type": "Feature", "geometry": {"type": "Polygon", "coordinates": [[[-3.102937540107404, 53.400651281047665], [-3.1029328906887934, 53.400471543277874], [-3.103233633213258, 53.40046876420476], [-3.1032289825778263, 53.40028902644737], [-3.1035297237854227, 53.40028624663504], [-3.1035250719331966, 53.400106508890026], [-3.102923592001622, 53.40011206772113], [-3.1029282413201997, 53.40029180550236], [-3.101725275789669, 53.400302914149364], [-3.1017206315383987, 53.40012317629576], [-3.1011191510069676, 53.40012872603929], [-3.1011098677215445, 53.39976925024263], [-3.100809129914541, 53.39977202394231], [-3.1008044896135183, 53.39959228601733], [-3.100503753023385, 53.39959505894166], [-3.1004991140390574, 53.39941532099288], [-3.0995969077696186, 53.39942363516798], [-3.099592272635487, 53.39924389715933], [-3.0992915383793633, 53.399246667018424], [-3.099286904561846, 53.39906692898601], [-3.098685438433572, 53.3990724663963], [-3.098694701051416, 53.39943194252755], [-3.099296172246729, 53.39942640504511], [-3.0993008061639458, 53.39960614306609], [-3.099601542953614, 53.39960337317091], [-3.0996061781874724, 53.39978311116811], [-3.1002076541507892, 53.3997775690698], [-3.1002215677524667, 53.40031678291876], [-3.1011237927245787, 53.40030846392904], [-3.1011284344921237, 53.40048820181305], [-3.1014291773164855, 53.40048542728378], [-3.1014338204008243, 53.400665165144005], [-3.102937540107404, 53.400651281047665]]]}, "properties": {"kind": "max_footprint", "threshold_pct": 7.0}}, {"type": "Feature", "geometry": {"type": "Polygon", "coordinates": [[[-3.0884650720656306, 53.399345877596964], [-3.0884558956870576, 53.398986400234], [-3.0872529611594373, 53.39899736290606], [-3.0872575442569814, 53.399177101661806], [-3.0869568092350184, 53.399179840454444], [-3.0869613911150835, 53.399359579222306], [-3.0884650720656306, 53.399345877596964]]]}, "properties": {"kind": "max_footprint", "threshold_pct": 7.0}}, {"type": "Feature", "geometry": {"type": "Polygon", "coordinates": [[[-3.1059030187890757, 53.39900581755336], [-3.105898357153328, 53.39882607991324], [-3.1055976264806286, 53.39882886563881], [-3.105602286849654, 53.39900860329707], [-3.1059030187890757, 53.39900581755336]]]}, "properties": {"kind": "max_footprint", "threshold_pct": 7.0}}, {"type": "Feature", "geometry": {"type": "Polygon", "coordinates": [[[-3.105893695567726, 53.398646342267405], [-3.1058843725469605, 53.39828686695856], [-3.1049821917787463, 53.39829522170023], [-3.104977534143588, 53.39811548398278], [-3.1040753567244566, 53.39812383185484], [-3.1040893183800735, 53.39866304515311], [-3.1049915071993732, 53.3986546971179], [-3.1049868494640074, 53.39847495941193], [-3.1055883058929763, 53.39846939030513], [-3.1055929661617365, 53.39864912797483], [-3.105893695567726, 53.398646342267405]]]}, "properties": {"kind": "max_footprint", "threshold_pct": 7.0}}, {"type": "Feature", "geometry": {"type": "Polygon", "coordinates": [[[-3.1040753567244566, 53.39812383185484], [-3.104070702939377, 53.3979440940773], [-3.10346925360961, 53.3979496555029], [-3.103473904861369, 53.39812939331665], [-3.1040753567244566, 53.39812383185484]]]}, "properties": {"kind": "max_footprint", "threshold_pct": 7.0}}, {"type": "Feature", "geometry": {"type": "Polygon", "coordinates": [[[-3.094160599576755, 53.398574685371585], [-3.094151375458045, 53.39821520864334], [-3.0935499203065913, 53.398220720126794], [-3.0935453108550233, 53.39804098171818], [-3.093244584471596, 53.398043736306086], [-3.0932399763362826, 53.39786399787381], [-3.092939251169957, 53.397866751686536], [-3.0929300375813447, 53.39750727476895], [-3.09142642367317, 53.397521032294655], [-3.091431024109464, 53.39770077084591], [-3.0920324723545867, 53.39769527007149], [-3.0920370753736917, 53.39787500858121], [-3.092337800688648, 53.39787225704022], [-3.092347009408768, 53.398231734006636], [-3.092948464956797, 53.398226228581215], [-3.0929530719245504, 53.39840596701996], [-3.0932538008909347, 53.39840321315345], [-3.0932584091749624, 53.39858295156855], [-3.094160599576755, 53.398574685371585]]]}, "properties": {"kind": "max_footprint", "threshold_pct": 7.0}}, {"type": "Feature", "geometry": {"type": "Polygon", "coordinates": [[[-3.1016463303123056, 53.397247369859436], [-3.101641686910277, 53.3970676319085], [-3.101340968203539, 53.397070406851626], [-3.10134561033897, 53.39725014482065], [-3.1016463303123056, 53.397247369859436]]]}, "properties": {"kind": "max_footprint", "threshold_pct": 7.0}}, {"type": "Feature", "geometry": {"type": "Polygon", "coordinates": [[[-3.101340968203539, 53.397070406851626], [-3.1013363261180436, 53.39689066887687], [-3.100734891087943, 53.39689621645534], [-3.1007395306402707, 53.397075954466246], [-3.101340968203539, 53.397070406851626]]]}, "properties": {"kind": "max_footprint", "threshold_pct": 7.0}}, {"type": "Feature", "geometry": {"type": "Polygon", "coordinates": [[[-3.0902097458432882, 53.39699280878208], [-3.0902051506713204, 53.39681307013635], [-3.0896037144989186, 53.39681856164501], [-3.08960830713769, 53.39699830032652], [-3.0902097458432882, 53.39699280878208]]]}, "properties": {"kind": "max_footprint", "threshold_pct": 7.0}}, {"type": "Feature", "geometry": {"type": "Polygon", "coordinates": [[[-3.1076887327291183, 53.39827013702959], [-3.107684063693954, 53.39809039947552], [-3.107984788948605, 53.398087608521855], [-3.107980118697016, 53.397907870980234], [-3.10828084263478, 53.39790507928751], [-3.108276171166794, 53.39772534175836], [-3.107073280180917, 53.39773650391318], [-3.1070592812777815, 53.397197291073226], [-3.106758562205621, 53.39720007966436], [-3.106744567553948, 53.396660866718356], [-3.1070452828263972, 53.39665807818173], [-3.1070406167763216, 53.39647834053975], [-3.1067399027704155, 53.39648112905823], [-3.1067305733538846, 53.3961216537208], [-3.106429861830849, 53.39612444144578], [-3.106425198464352, 53.39594470375032], [-3.105222356936731, 53.39595584700578], [-3.105231673587792, 53.39631532253614], [-3.105532386577919, 53.39631253782178], [-3.105546365729975, 53.396851751019945], [-3.1058470824696176, 53.39684896549395], [-3.105861065872561, 53.397388178586155], [-3.106161786361823, 53.3973853922485], [-3.1061664488630325, 53.3975651299163], [-3.1064671705687537, 53.397562342803276], [-3.1064764982549047, 53.39792181808538], [-3.106777222443721, 53.39791903017882], [-3.106786552863874, 53.39827850540168], [-3.1076887327291183, 53.39827013702959]]]}, "properties": {"kind": "max_footprint", "threshold_pct": 7.0}}, {"type": "Feature", "geometry": {"type": "Polygon", "coordinates": [[[-3.10853484143792, 53.39610491147002], [-3.1085301692059164, 53.39592517390175], [-3.1079287492451244, 53.395930757644386], [-3.1079240795963496, 53.39575102003401], [-3.1073226619676095, 53.39575660071158], [-3.1073273290834114, 53.39593633835828], [-3.1076280391893754, 53.395933548379936], [-3.1076327076218813, 53.396113286002745], [-3.10853484143792, 53.39610491147002]]]}, "properties": {"kind": "max_footprint", "threshold_pct": 7.0}}, {"type": "Feature", "geometry": {"type": "Polygon", "coordinates": [[[-3.105222356936731, 53.39595584700578], [-3.1052176986863618, 53.395776109231996], [-3.104916989445646, 53.395778893134775], [-3.1049216464295224, 53.39595863092668], [-3.105222356936731, 53.39595584700578]]]}, "properties": {"kind": "max_footprint", "threshold_pct": 7.0}}, {"type": "Feature", "geometry": {"type": "Polygon", "coordinates": [[[-3.0942205611860025, 53.400911283547146], [-3.094215948456801, 53.400731545260285], [-3.094516693693102, 53.40072878813128], [-3.094512079746651, 53.40054904985665], [-3.0948128236664423, 53.40054629198828], [-3.094817438879766, 53.40072603024495], [-3.0954189291041323, 53.40072051220033], [-3.095414311357065, 53.40054077397963], [-3.095113567536584, 53.4005435333626], [-3.095108951106051, 53.4003637951182], [-3.094808208502767, 53.40036655372591], [-3.0948035933887414, 53.4001868154578], [-3.094502852002653, 53.40018957329024], [-3.094498238205107, 53.40000983499844], [-3.094798978324361, 53.40000707718396], [-3.09479436330963, 53.39982733890442], [-3.0950951021124222, 53.39982458035061], [-3.0950812535657333, 53.39928536553151], [-3.097186397191501, 53.399266034828315], [-3.097181772241267, 53.39908629666975], [-3.0974825055792876, 53.39908353212961], [-3.097487131796277, 53.399263270270154], [-3.0980886008565194, 53.399257738882035], [-3.0980839721060174, 53.39907800077751], [-3.0977832388675424, 53.39908076683219], [-3.0977647294303448, 53.398361814284726], [-3.098666913795726, 53.39835351406509], [-3.098662282760811, 53.39817377596798], [-3.0983615559555036, 53.39817654344709], [-3.0983569262370763, 53.3979968053262], [-3.098056200648639, 53.39799957203005], [-3.098051572246675, 53.39781983388544], [-3.098352296568453, 53.39781706719963], [-3.09834303738061, 53.397457590929264], [-3.098042315592111, 53.397460357579035], [-3.098037687339511, 53.39728061941726], [-3.097736966767844, 53.39728338529179], [-3.0977323398316337, 53.39710364710625], [-3.0968301816178747, 53.397111940132504], [-3.096825558531217, 53.39693220188722], [-3.0962241220065576, 53.396937726749286], [-3.096219501502795, 53.39675798846232], [-3.0956180673124907, 53.396763510259554], [-3.0956226852830864, 53.396943248582495], [-3.0959234036696675, 53.39694048804451], [-3.095937261679344, 53.397479702925054], [-3.0941329278159704, 53.39749625511818], [-3.09412831602948, 53.397316516722576], [-3.0935268735445907, 53.397322028026544], [-3.0935222643409377, 53.397142289589326], [-3.09322154429073, 53.39714504408751], [-3.093216936403262, 53.39696530562664], [-3.0929162175700906, 53.396968059349675], [-3.092911610998781, 53.396788320865134], [-3.0926108933826457, 53.39679107381301], [-3.0926062881274654, 53.396611335304804], [-3.0923055717283705, 53.39661408747756], [-3.0923009677892925, 53.39643434894573], [-3.092000252607238, 53.39643710034333], [-3.0919772399873082, 53.39553840750869], [-3.091676531088369, 53.395541158059544], [-3.0916857334548062, 53.39590063524638], [-3.0913850219733625, 53.395903385075854], [-3.091394222004714, 53.39626286227565], [-3.0910935079407236, 53.39626561138374], [-3.091098106764068, 53.396445349992945], [-3.0907973913840543, 53.39644809836173], [-3.090801988990301, 53.396627836983114], [-3.091102705636882, 53.396625088596444], [-3.091107304559167, 53.39680482719421], [-3.0917087402370664, 53.39679932811338], [-3.0917133417420093, 53.39697906666961], [-3.0920140607733115, 53.39697631597547], [-3.09201866359436, 53.39715605450805], [-3.092319383842757, 53.39715330303876], [-3.0923239879799373, 53.397333041547704], [-3.092925430861373, 53.39732753630158], [-3.0929300375813447, 53.39750727476895], [-3.0932307602143694, 53.39750452099211], [-3.093235368250541, 53.39768425943583], [-3.09353609210064, 53.397681504883806], [-3.0935407014530396, 53.39786124330386], [-3.0941421515377856, 53.397855731892214], [-3.0941467634731095, 53.39803547027065], [-3.0947482158927477, 53.398029955794094], [-3.094752830411048, 53.398209694130884], [-3.0950535578130953, 53.398206935738784], [-3.09506278953202, 53.39856641235926], [-3.095363519417816, 53.39856365317396], [-3.0953681366184815, 53.398743391457636], [-3.09476667426379, 53.39874890910691], [-3.0947805185633115, 53.399288124031415], [-3.0938783132582364, 53.39929639498745], [-3.09387370224238, 53.399116656631136], [-3.0929715002911746, 53.39912492071781], [-3.0929668931251775, 53.39894518230192], [-3.0926661603090553, 53.398947935464975], [-3.092661554459361, 53.39876819702545], [-3.0923608228604316, 53.398770949413326], [-3.0923562183270117, 53.39859121095015], [-3.0917547575140265, 53.398596713418236], [-3.0917501555635685, 53.39841697491348], [-3.091449426349528, 53.398419724993715], [-3.091444825715277, 53.39823998646535], [-3.0911440977184492, 53.39824273577041], [-3.0911394984003793, 53.39806299721841], [-3.090237317913163, 53.39807124053635], [-3.090232722444601, 53.39789150192495], [-3.089931996783319, 53.39789424816522], [-3.0899274026308574, 53.39771450953021], [-3.089626678186821, 53.39771725499535], [-3.089622085350431, 53.39753751633672], [-3.0890206388474626, 53.397543004959495], [-3.0890344099048495, 53.398082221025454], [-3.089635864007821, 53.398076732295415], [-3.0896404569924325, 53.39825647093687], [-3.0899411852365066, 53.398253725418115], [-3.0899457795372336, 53.39843346403596], [-3.0902465089985913, 53.39843071774204], [-3.090251104615462, 53.398610456336264], [-3.0905518352941024, 53.398607709267196], [-3.090556432227142, 53.398787447837826], [-3.0914586277665017, 53.39877920203328], [-3.0914632285492276, 53.39895894054452], [-3.091763961563457, 53.39895619041053], [-3.0917685636624337, 53.3991359288981], [-3.092069297893913, 53.39913317798895], [-3.0920739013091656, 53.399312916452864], [-3.0923746367578944, 53.3993101647685], [-3.0923792414894518, 53.399489903208796], [-3.092679978155427, 53.399487150749216], [-3.0926891903007556, 53.39984662757676], [-3.092989929450786, 53.399843874324034], [-3.092999144327975, 53.40020335109282], [-3.093299885962097, 53.40020059704693], [-3.09330449474189, 53.40038033540479], [-3.0936052375932817, 53.40037758058365], [-3.0936144578353457, 53.40073705724633], [-3.093915203170879, 53.40073430163198], [-3.0939198146331917, 53.40091403993679], [-3.0942205611860025, 53.400911283547146]], [[-3.094512079746651, 53.40054904985665], [-3.094211335777224, 53.400551806967705], [-3.0942067231472667, 53.40037206866939], [-3.094507465849834, 53.40036931157631], [-3.094512079746651, 53.40054904985665]], [[-3.0942067231472667, 53.40037206866939], [-3.093905980395079, 53.40037482500518], [-3.0939013690815895, 53.400195086683205], [-3.094202110566932, 53.400192330365364], [-3.0942067231472667, 53.40037206866939]]]}, "properties": {"kind": "max_footprint", "threshold_pct": 7.0}}, {"type": "Feature", "geometry": {"type": "Polygon", "coordinates": [[[-3.091676531088369, 53.395541158059544], [-3.0916719299793907, 53.39536141945752], [-3.0913712222974414, 53.395364169233254], [-3.0913758221399363, 53.395543907853195], [-3.091676531088369, 53.395541158059544]]]}, "properties": {"kind": "max_footprint", "threshold_pct": 7.0}}, {"type": "Feature", "geometry": {"type": "Polygon", "coordinates": [[[-3.1034087918895654, 53.39561306340275], [-3.103404141338218, 53.395433325508805], [-3.1037048482963114, 53.395430545428134], [-3.103700196528531, 53.39525080754656], [-3.103399490836893, 53.3952535876091], [-3.103394840385591, 53.3950738497037], [-3.1030941359103728, 53.39507662899099], [-3.103089486775524, 53.39489689106175], [-3.102788783516727, 53.394899669573796], [-3.102784135698303, 53.39471993162073], [-3.102483433655929, 53.39472270935753], [-3.1024927268099236, 53.39508218529409], [-3.1021920221847186, 53.39508496230992], [-3.1021966675702437, 53.39526470028771], [-3.1024973734618935, 53.395261923253784], [-3.102502020163846, 53.39544166120778], [-3.102802727271971, 53.39543888339863], [-3.1028073752903773, 53.39561862132876], [-3.1034087918895654, 53.39561306340275]]]}, "properties": {"kind": "max_footprint", "threshold_pct": 7.0}}, {"type": "Feature", "geometry": {"type": "Polygon", "coordinates": [[[-3.102483433655929, 53.39472270935753], [-3.102478787153902, 53.394542971380645], [-3.102178086327952, 53.39454574834217], [-3.1021827315635737, 53.394725486337144], [-3.102483433655929, 53.39472270935753]]]}, "properties": {"kind": "max_footprint", "threshold_pct": 7.0}}, {"type": "Feature", "geometry": {"type": "Polygon", "coordinates": [[[-3.1045883469022013, 53.39470324929984], [-3.104583691535363, 53.3945235114497], [-3.1042829910595557, 53.394526293711266], [-3.104273683008862, 53.39416681795756], [-3.1030708907362023, 53.394177939287516], [-3.1030755396710235, 53.39435767723966], [-3.103977637749697, 53.3943493373236], [-3.103986943367726, 53.39470881310208], [-3.1045883469022013, 53.39470324929984]]]}, "properties": {"kind": "max_footprint", "threshold_pct": 7.0}}, {"type": "Feature", "geometry": {"type": "Polygon", "coordinates": [[[-3.110635137484856, 53.39590560695139], [-3.110630456437734, 53.39572586950482], [-3.1103297481010297, 53.395728667036764], [-3.110315709061131, 53.39518945460804], [-3.1106164135984757, 53.39518665713076], [-3.1106210944945447, 53.39536639459451], [-3.1115232116037412, 53.39535799756504], [-3.111513842263368, 53.394998522741176], [-3.111213139143536, 53.3950013224717], [-3.111203772537532, 53.39464184758845], [-3.1109030719001307, 53.39464464652536], [-3.1108983899390754, 53.3944649090569], [-3.110597690517697, 53.39446770721841], [-3.110588329279394, 53.394108232227886], [-3.1096862383114234, 53.39411662206035], [-3.1096909151063272, 53.39429635961314], [-3.1093902167500165, 53.39429915472792], [-3.109385541221473, 53.39411941715695], [-3.10878414689071, 53.394125005078685], [-3.1087794739451526, 53.393945267465575], [-3.108478777970716, 53.39394806027256], [-3.1084881213793873, 53.39430753552945], [-3.108788819886534, 53.394304742686074], [-3.1087981660289716, 53.394664217883644], [-3.1090988670186155, 53.394661424246756], [-3.109112890408521, 53.39520063694555], [-3.1088121856196294, 53.395203430637046], [-3.1088308791109314, 53.39592238089467], [-3.1094322987701375, 53.395916792608965], [-3.1094276227889384, 53.39573705508953], [-3.1097283312766186, 53.395734259829126], [-3.109733008524299, 53.39591399733034], [-3.110635137484856, 53.39590560695139]]]}, "properties": {"kind": "max_footprint", "threshold_pct": 7.0}}, {"type": "Feature", "geometry": {"type": "Polygon", "coordinates": [[[-3.105175776687778, 53.39415846901017], [-3.105171118938447, 53.3939787311791], [-3.10547181546488, 53.39397594670051], [-3.105467156499308, 53.39379620888185], [-3.104865765929029, 53.39380177704564], [-3.1048704223619157, 53.39398151490056], [-3.1045697257352973, 53.3939842978649], [-3.104574380951912, 53.39416403573224], [-3.105175776687778, 53.39415846901017]]]}, "properties": {"kind": "max_footprint", "threshold_pct": 7.0}}, {"type": "Feature", "geometry": {"type": "Polygon", "coordinates": [[[-3.105767851709285, 53.39379342366426], [-3.105763191527497, 53.39361368585802], [-3.105462497583848, 53.39361647105747], [-3.105467156499308, 53.39379620888185], [-3.105767851709285, 53.39379342366426]]]}, "properties": {"kind": "max_footprint", "threshold_pct": 7.0}}, {"type": "Feature", "geometry": {"type": "Polygon", "coordinates": [[[-3.108478777970716, 53.39394806027256], [-3.108469434763045, 53.39358858499274], [-3.108168741271018, 53.393591377006246], [-3.108164071008863, 53.39341163933957], [-3.107863378732911, 53.39341443057778], [-3.107868047728757, 53.393594168262645], [-3.107567354136273, 53.39359695876189], [-3.107572021916017, 53.39377669645919], [-3.1078727167748235, 53.393773905941764], [-3.107877385871112, 53.393953643615184], [-3.108478777970716, 53.39394806027256]]]}, "properties": {"kind": "max_footprint", "threshold_pct": 7.0}}, {"type": "Feature", "geometry": {"type": "Polygon", "coordinates": [[[-3.097940505534373, 53.39350611669718], [-3.0979358783769015, 53.39332637840944], [-3.097635185667418, 53.393329143887684], [-3.09763981155857, 53.39350888219343], [-3.097940505534373, 53.39350611669718]]]}, "properties": {"kind": "max_footprint", "threshold_pct": 7.0}}, {"type": "Feature", "geometry": {"type": "Polygon", "coordinates": [[[-3.1183121722476805, 53.390440493251], [-3.118307459793197, 53.39026075610784], [-3.1180067907575784, 53.39026357277578], [-3.11800207961982, 53.39008383560856], [-3.1177014117995716, 53.390086651501136], [-3.1176967019785087, 53.389906914309826], [-3.1173960353736305, 53.38990972942706], [-3.1174054525343444, 53.39026920384064], [-3.1177061216712905, 53.39026638868671], [-3.117710831593667, 53.39044612586656], [-3.1183121722476805, 53.390440493251]]]}, "properties": {"kind": "max_footprint", "threshold_pct": 7.0}}, {"type": "Feature", "geometry": {"type": "Polygon", "coordinates": [[[-3.1173960353736305, 53.38990972942706], [-3.117386618415483, 53.389550254990546], [-3.1170859542919795, 53.38955306931414], [-3.117095368718111, 53.38991254378728], [-3.1173960353736305, 53.38990972942706]]]}, "properties": {"kind": "max_footprint", "threshold_pct": 7.0}}, {"type": "Feature", "geometry": {"type": "Polygon", "coordinates": [[[-3.1032646480556774, 53.39004118602663], [-3.103255350103798, 53.38968170987784], [-3.1029546836155437, 53.389684488622166], [-3.102963979035339, 53.39004396480714], [-3.1032646480556774, 53.39004118602663]]]}, "properties": {"kind": "max_footprint", "threshold_pct": 7.0}}, {"type": "Feature", "geometry": {"type": "Polygon", "coordinates": [[[-3.107737334825952, 53.3885615109204], [-3.107732667235999, 53.38838177307508], [-3.107131353435757, 53.38838735226263], [-3.107136018493852, 53.388567090144285], [-3.107737334825952, 53.3885615109204]]]}, "properties": {"kind": "max_footprint", "threshold_pct": 7.0}}, {"type": "Feature", "geometry": {"type": "Polygon", "coordinates": [[[-3.120059555733825, 53.38826673246131], [-3.120054836292183, 53.388086995359494], [-3.119453529161861, 53.388092636581675], [-3.1194582460717317, 53.388272373720234], [-3.120059555733825, 53.38826673246131]]]}, "properties": {"kind": "max_footprint", "threshold_pct": 7.0}}, {"type": "Feature", "geometry": {"type": "Polygon", "coordinates": [[[-3.1068306964603694, 53.38839014072097], [-3.1068260327183634, 53.38821040281541], [-3.106525376958735, 53.38821319049861], [-3.1065300394348245, 53.38839292842231], [-3.1068306964603694, 53.38839014072097]]]}, "properties": {"kind": "max_footprint", "threshold_pct": 7.0}}, {"type": "Feature", "geometry": {"type": "Polygon", "coordinates": [[[-3.120355489781215, 53.38808417361294], [-3.1203507691244603, 53.38790443652377], [-3.1200501169012993, 53.38790725825192], [-3.120054836292183, 53.388086995359494], [-3.120355489781215, 53.38808417361294]]]}, "properties": {"kind": "max_footprint", "threshold_pct": 7.0}}, {"type": "Feature", "geometry": {"type": "Polygon", "coordinates": [[[-3.110049053355963, 53.38494440866117], [-3.1100443766446446, 53.38476467084677], [-3.109743745487196, 53.38476746651065], [-3.109748420932863, 53.384947204343256], [-3.110049053355963, 53.38494440866117]]]}, "properties": {"kind": "max_footprint", "threshold_pct": 7.0}}, {"type": "Feature", "geometry": {"type": "Polygon", "coordinates": [[[-3.109743745487196, 53.38476746651065], [-3.1097390700918086, 53.384587728672315], [-3.109438440149716, 53.3845905235611], [-3.109443114279465, 53.38477026141765], [-3.109743745487196, 53.38476746651065]]]}, "properties": {"kind": "max_footprint", "threshold_pct": 7.0}}, {"type": "Feature", "geometry": {"type": "Polygon", "coordinates": [[[-3.1109275482854506, 53.38403732821751], [-3.1109135076666514, 53.383498114835035], [-3.1106128855192847, 53.38350091264199], [-3.110608206679218, 53.38332117481813], [-3.110307585747075, 53.383323971850054], [-3.110321618621561, 53.38386318535902], [-3.110622243350366, 53.38386038827246], [-3.110626922341384, 53.384040126079114], [-3.1109275482854506, 53.38403732821751]]]}, "properties": {"kind": "max_footprint", "threshold_pct": 7.0}}, {"type": "Feature", "geometry": {"type": "Polygon", "coordinates": [[[-3.099842009723529, 53.39726400826836], [-3.0998373739210936, 53.397084270209035], [-3.100138092877372, 53.39708149905199], [-3.1001241819695458, 53.39654228489382], [-3.099823466812988, 53.396545055996725], [-3.0998188312100172, 53.39636531791449], [-3.1001195451000285, 53.396362546829636], [-3.1001149082803887, 53.39618280875975], [-3.100415620853989, 53.39618003693573], [-3.1004109828177087, 53.39600029887817], [-3.1010124052821895, 53.395994752994724], [-3.101021686470738, 53.396354229031886], [-3.1019238273921808, 53.39634590441938], [-3.101919182973361, 53.39616616645789], [-3.1022198952474116, 53.39616339009072], [-3.102215249612037, 53.39598365214159], [-3.101613827547003, 53.39598920408252], [-3.1016091844946, 53.3958094660915], [-3.100707054822007, 53.395817788269795], [-3.1007024156190153, 53.39563805021883], [-3.100401706894817, 53.39564082274584], [-3.100397069008204, 53.39546108467108], [-3.1019006057976597, 53.39544721455458], [-3.101891317509547, 53.39508773856856], [-3.1009892031843584, 53.395096062801535], [-3.1009845629145354, 53.39491632474574], [-3.1006838593060615, 53.394919097957676], [-3.1006699425952933, 53.39437988370169], [-3.1009706424045427, 53.39437711054394], [-3.100975282524628, 53.39455684861692], [-3.101877385452035, 53.394548524546586], [-3.1018727415327705, 53.394368786527814], [-3.1024741407018546, 53.394363233398025], [-3.102469494299786, 53.394183495409685], [-3.1027701925429905, 53.39418071772717], [-3.102765544924536, 53.39400097975118], [-3.1030662418513866, 53.39399820132963], [-3.1030615930165766, 53.39381846336604], [-3.103362288627074, 53.39381568420544], [-3.1033576385759334, 53.393635946254214], [-3.1048611095462277, 53.39362203918499], [-3.104856453213513, 53.3934423013186], [-3.1054578387185, 53.393436733227325], [-3.105453179903263, 53.393256995391496], [-3.1060545626752045, 53.393251424308055], [-3.1060499013775047, 53.39307168650275], [-3.1051478309432827, 53.39308004193782], [-3.105143173494541, 53.39290030407237], [-3.1045417954871084, 53.39290587054065], [-3.1045278310389453, 53.39236665680119], [-3.105429886578726, 53.3923583061263], [-3.1054345451434164, 53.3925380439908], [-3.1057352314893807, 53.39253525890018], [-3.1057398913704257, 53.39271499674083], [-3.1060405789325145, 53.39271221087499], [-3.106045240129941, 53.39289194869174], [-3.1063459289081536, 53.392889162050665], [-3.1063505914219887, 53.39306889984354], [-3.107252661254484, 53.39306053532324], [-3.1072479949418357, 53.39288079758482], [-3.1069473063141135, 53.392883586497206], [-3.106942641317913, 53.39270384873492], [-3.106641953906272, 53.39270663687203], [-3.106632626596872, 53.39234716129394], [-3.106031256688067, 53.3923527352243], [-3.1060265956410453, 53.392172997390354], [-3.1069286466303647, 53.392164635413664], [-3.10693331147604, 53.39234437319315], [-3.1072339963050313, 53.39234158433527], [-3.107238662467109, 53.39252132209085], [-3.108742092190104, 53.39250736635433], [-3.108746764733576, 53.39268710401328], [-3.109047451793696, 53.39268431057653], [-3.109052125653679, 53.39286404821157], [-3.109653502155593, 53.39285845903037], [-3.1096581785983775, 53.39303819662329], [-3.110259557431619, 53.3930326043773], [-3.110264236457259, 53.39321234192804], [-3.110564927064671, 53.393209544651185], [-3.110569607406929, 53.39338928217798], [-3.110870299230287, 53.3933864841258], [-3.1108749808891885, 53.39356622162864], [-3.1105742877995297, 53.39356901969905], [-3.110583648735761, 53.393928494723994], [-3.1114857354515926, 53.39392009813203], [-3.111490419794253, 53.39409983558123], [-3.111791116531785, 53.39409703518476], [-3.1117817453641807, 53.39373756031712], [-3.1120824395186446, 53.393734759200015], [-3.1120730660200224, 53.39337528434593], [-3.1126744491124803, 53.39336967991337], [-3.1126791383691828, 53.39354941730677], [-3.1129798311060566, 53.39354661393658], [-3.112975140583058, 53.39336687656143], [-3.11387721469203, 53.39335846196295], [-3.1138631320293206, 53.39281924996754], [-3.1135624445089407, 53.39282205553599], [-3.1135577516552613, 53.39264231817443], [-3.113257065350647, 53.39264512296752], [-3.1132476823271555, 53.39228564819072], [-3.112946998504521, 53.392288452190186], [-3.112942308334668, 53.392108714774906], [-3.1126416257277896, 53.392111517999055], [-3.112632248071786, 53.39175204311479], [-3.1141356479397744, 53.39173801960604], [-3.1141403430734282, 53.3919177569597], [-3.1144410241617533, 53.391914949968495], [-3.1144363277619282, 53.3917352126331], [-3.1150376872546826, 53.39172959641606], [-3.115032988373059, 53.39154985911152], [-3.1147323099181006, 53.391552667580264], [-3.1147276123531604, 53.39137293025172], [-3.1144269351138183, 53.391375737945154], [-3.114422238865532, 53.39119600059256], [-3.114121562841811, 53.39119880751066], [-3.114116867910151, 53.39101907013405], [-3.1138161931020503, 53.391021876276824], [-3.113811499486992, 53.39084213887621], [-3.113510825894511, 53.390844944243675], [-3.113506133596026, 53.390665206819065], [-3.1147088225986392, 53.39065398088013], [-3.114718217374851, 53.391013455577394], [-3.1150188920314226, 53.3910106471635], [-3.1150235907614294, 53.39119038448524], [-3.115324266633578, 53.39118757529602], [-3.115328966680251, 53.39136731259372], [-3.115629643767976, 53.39136450262915], [-3.1156343451313417, 53.39154423990281], [-3.1165363798894807, 53.39153580541186], [-3.1165175595459775, 53.39081685650249], [-3.116216886408328, 53.390819668683264], [-3.1162121827150506, 53.39063993142327], [-3.115911510792894, 53.39064274282869], [-3.1159021060902385, 53.39028326825488], [-3.115601436649637, 53.39028607886668], [-3.1155967356402186, 53.39010634155286], [-3.1152960674151005, 53.39010915138934], [-3.115286668079994, 53.38974967670789], [-3.115887999415568, 53.389744056351134], [-3.1158927015898854, 53.389923793658134], [-3.116494035255198, 53.389918170236726], [-3.11648933054885, 53.38973843296637], [-3.116188665007503, 53.38974124503726], [-3.116183961617757, 53.38956150774287], [-3.1170859542919795, 53.38955306931414], [-3.117081247154853, 53.389373332068956], [-3.117682572819251, 53.38936770270147], [-3.117691992208101, 53.38972717711277], [-3.118293322733851, 53.38972154464394], [-3.1182886104821033, 53.389541807477855], [-3.1188899382731305, 53.38953617201772], [-3.118885223540094, 53.38935643488258], [-3.11918588609357, 53.38935361603537], [-3.1191811701452727, 53.38917387891288], [-3.1194818313820605, 53.389171059327026], [-3.119477114218528, 53.38899132221715], [-3.119777774138626, 53.388988501892705], [-3.119768337431897, 53.388629027692446], [-3.1194676800436656, 53.388631847980164], [-3.119462963032334, 53.38845211085308], [-3.119162306859284, 53.38845493036545], [-3.1191575911645835, 53.38827519321426], [-3.118556281198147, 53.38828082993141], [-3.118551568085939, 53.38810109273777], [-3.1182509142925676, 53.38810390994255], [-3.1182462024969224, 53.387924172724816], [-3.117945549918753, 53.387926989154316], [-3.117940839439645, 53.3877472519125], [-3.117640188076678, 53.38775006756669], [-3.11763547891408, 53.38757033030082], [-3.118537429053443, 53.38756188112244], [-3.1185421420135873, 53.38774161833328], [-3.118842793224533, 53.38773880040824], [-3.118847507501225, 53.38791853759499], [-3.1197494646273816, 53.38791007922311], [-3.1197447465531107, 53.38773034209144], [-3.1200453975611713, 53.38772752113862], [-3.120040678271798, 53.38754778401958], [-3.1203413279632595, 53.38754496232817], [-3.1203366074588113, 53.38736522522177], [-3.120637255833674, 53.38736240279181], [-3.1206419776039507, 53.38754213987985], [-3.1215439262212823, 53.387533667993175], [-3.1215392006535216, 53.38735393096032], [-3.121839848825178, 53.387351105502624], [-3.1218351220424276, 53.38717136848245], [-3.1221357688974365, 53.38716854228622], [-3.1221310408997223, 53.38698880527869], [-3.122431686438084, 53.386985978343944], [-3.1224269572254344, 53.3868062413491], [-3.12182566862943, 53.38681189442485], [-3.121820941999183, 53.38663215738747], [-3.1224222280636456, 53.38662650434852], [-3.122417498952717, 53.38644676734221], [-3.1236200654081925, 53.38643545225501], [-3.123605863191825, 53.385896241422685], [-3.123305225451473, 53.38589907127457], [-3.123295760093172, 53.3855395973208], [-3.122995124833308, 53.38554242637892], [-3.1229903934961754, 53.385362689375015], [-3.1235916614336614, 53.38535703053873], [-3.1235869276160937, 53.385177293565924], [-3.1238875602428218, 53.3851744630309], [-3.1238922953260477, 53.38535419998527], [-3.1244935629580377, 53.3853485366077], [-3.1244793502672654, 53.38480932583804], [-3.1250806101016044, 53.384803659543664], [-3.1250758701086805, 53.38462392264586], [-3.1244746128055727, 53.38462958890334], [-3.1244698753948263, 53.38444985196289], [-3.125071130166734, 53.38444418574232], [-3.1250663902757596, 53.38426444883304], [-3.1253670163196734, 53.384261614605926], [-3.125362275214099, 53.38408187770938], [-3.125662899941455, 53.38407904274388], [-3.1256676423126013, 53.38425877962197], [-3.125968268254529, 53.384255943881165], [-3.12597301194226, 53.38443568073507], [-3.1262736390987573, 53.38443284421893], [-3.126283129158472, 53.384792317872545], [-3.12658375879515, 53.384789480562624], [-3.126574266204228, 53.38443000694596], [-3.1268748932586568, 53.38442716891614], [-3.1268606509583776, 53.383887958503514], [-3.1271612741650454, 53.383885119772295], [-3.127151777022391, 53.383525646172174], [-3.1274523976469264, 53.3835228067211], [-3.12744289817752, 53.38316333313499], [-3.1277435162199656, 53.38316049296407], [-3.1277387652963955, 53.38298075618091], [-3.1280393820222643, 53.38297791527168], [-3.1280346298843114, 53.38279817850125], [-3.128335245293609, 53.38279533685375], [-3.128311479043232, 53.38189665300809], [-3.1286120880742705, 53.38189381069629], [-3.1286073337121496, 53.381714073928464], [-3.128907941426673, 53.381711230878416], [-3.128898430325074, 53.3813517573625], [-3.1291990354577273, 53.381348913592724], [-3.12919427871829, 53.381169176844686], [-3.129494882534447, 53.38116633233666], [-3.129480608827084, 53.38062712211366], [-3.1297812087961274, 53.38062427690446], [-3.129776449730709, 53.380444540170515], [-3.1300770483832863, 53.38044169422309], [-3.130058007572336, 53.37972274730399], [-3.1303586011127105, 53.37971990067399], [-3.1303538397727184, 53.379540163948384], [-3.130654431996674, 53.37953731658021], [-3.130635382087943, 53.37881836969456], [-3.1309359691999488, 53.37881552164386], [-3.1309216785106884, 53.37827631147498], [-3.131522844990201, 53.37827061321478], [-3.131508547171354, 53.37773140310552], [-3.1312079677525, 53.377734252558284], [-3.131198438659621, 53.377374779086296], [-3.131499015548353, 53.37737192967064], [-3.13149424981372, 53.37719219294457], [-3.131794825386169, 53.37718934279082], [-3.131756691233963, 53.37575144892407], [-3.1320572566353335, 53.375748598162176], [-3.1320143482510225, 53.37413096728979], [-3.132314902217376, 53.37412811593838], [-3.132310133610625, 53.373948379164645], [-3.1320095809090653, 53.37395123049747], [-3.1319619103085103, 53.37215386225838], [-3.1316613702028864, 53.37215671264904], [-3.1316518392270716, 53.371797238895155], [-3.13135130159949, 53.3718000884922], [-3.131341773357835, 53.37144061467824], [-3.1307407030074734, 53.371446311528615], [-3.1307359414926603, 53.37126657457593], [-3.130435407505277, 53.37126942184783], [-3.1304306473062353, 53.37108968487087], [-3.12982958170711, 53.37109537710815], [-3.1298248240883804, 53.370915640088356], [-3.128923229099806, 53.370924172715085], [-3.128918475325893, 53.370744435634], [-3.1277163530172354, 53.370755801804904], [-3.1277211017329156, 53.37093553895999], [-3.1262184413756837, 53.370949729745305], [-3.1262279263143897, 53.37130920422305], [-3.1259273915607624, 53.3713120401476], [-3.1259321328419927, 53.37149177739632], [-3.1247299882594497, 53.37150311360341], [-3.1247347245331762, 53.3716828509202], [-3.1241336494070824, 53.37168851452164], [-3.12414311704873, 53.37204798921179], [-3.1238425768800484, 53.372050819914605], [-3.1238473095125525, 53.3722305572695], [-3.1241478509458975, 53.372227726548246], [-3.1241525848939613, 53.37240746387898], [-3.1244531275410874, 53.372404632382775], [-3.1244578628047392, 53.372584369689314], [-3.1247584066656438, 53.372581537418135], [-3.1247773532882657, 53.373300486513166], [-3.124476804368466, 53.373303318858106], [-3.1244720689011647, 53.37312358157451], [-3.124171521195196, 53.37312641314449], [-3.124166787043538, 53.372946675836715], [-3.1238662405514015, 53.3729495066317], [-3.123861507715362, 53.372769769299744], [-3.1232604171078835, 53.37277542858325], [-3.1232698777719428, 53.37313490331508], [-3.12357042563057, 53.37313207401475], [-3.1235893526280765, 53.37385102333589], [-3.1238899054948983, 53.37384819320529], [-3.1239041050716647, 53.37438740508057], [-3.1242046616820374, 53.37438457413814], [-3.12421886551139, 53.37492378590646], [-3.1239183051064554, 53.374926616904226], [-3.1239325055992904, 53.3754658286762], [-3.1233313770473767, 53.37547148851249], [-3.123317184143917, 53.37493227662994], [-3.1230166235863415, 53.37493510535792], [-3.1230118939851255, 53.37475536803383], [-3.122711334641567, 53.37475819598679], [-3.122701878121395, 53.3743987212846], [-3.1224013212566994, 53.37440154844416], [-3.122382413885633, 53.37368259889724], [-3.1220818620293587, 53.3736854252266], [-3.1220771365784237, 53.37350568780713], [-3.1217765859361206, 53.373508513361536], [-3.1217813101222767, 53.37368825079938], [-3.121480758164403, 53.37369107561564], [-3.1214902041595023, 53.374050550510965], [-3.1217907586469744, 53.37404772565794], [-3.121800207374852, 53.37440720049352], [-3.1221007643411807, 53.37440437484711], [-3.122119667465964, 53.37512332437584], [-3.122420229440943, 53.37512049789924], [-3.1224344111128044, 53.375659709930304], [-3.122734976831694, 53.37565688264188], [-3.122739705422244, 53.375836619955685], [-3.1230402723552304, 53.37583379189223], [-3.1230450022615748, 53.376013529181876], [-3.123345570408656, 53.37601070034337], [-3.123355032903863, 53.37637017486862], [-3.122753891498954, 53.37637583186267], [-3.122749162755874, 53.37619609456606], [-3.122148023677545, 53.37620174849676], [-3.122152749890666, 53.376381485830166], [-3.1224533207202265, 53.376378659224734], [-3.1224580482491584, 53.37655839653397], [-3.122758620292882, 53.376555569153496], [-3.1227728069797425, 53.37709478099161], [-3.1224722311409554, 53.37709760842732], [-3.122476958873224, 53.37727734571362], [-3.122176381718554, 53.37728017241107], [-3.1221811082365942, 53.377459909710055], [-3.1218805297660412, 53.37746273566927], [-3.121885255069827, 53.3776424729809], [-3.1215846752833865, 53.37764529820184], [-3.121579951244678, 53.377465560871805], [-3.1212793726725203, 53.3774683853177], [-3.121288818270563, 53.3778278600088], [-3.1215893993728914, 53.377825035526136], [-3.1215988477042926, 53.37818451015752], [-3.1218994312860477, 53.37818168488137], [-3.121908882350918, 53.378541159452986], [-3.1213077100760556, 53.37854680932218], [-3.121302987048504, 53.37836707200243], [-3.120100646950043, 53.37837836258693], [-3.1200912111683197, 53.378018887783206], [-3.1194900458751684, 53.37802452846184], [-3.11949476121042, 53.378204265903314], [-3.119795345147476, 53.37820144592397], [-3.1198047785003746, 53.378560920752946], [-3.120105364917002, 53.37855809998018], [-3.120114801003115, 53.37891757474951], [-3.1198142120561476, 53.37892039555901], [-3.119818928910113, 53.379100132953425], [-3.1201195191222704, 53.37909731212553], [-3.1201242372921616, 53.379277049495855], [-3.120424828718789, 53.3792742278929], [-3.12042954820463, 53.3794539652391], [-3.1207301408457258, 53.379451142861036], [-3.1207348616475463, 53.379630880183115], [-3.1210354555031095, 53.379628057029954], [-3.121044899789541, 53.37998753162014], [-3.120744303403479, 53.37999035481006], [-3.1207395825001316, 53.37981061749946], [-3.1204389873285616, 53.37981343991427], [-3.1204342677412216, 53.37963370257955], [-3.120133673784145, 53.379636524219265], [-3.1201289555127856, 53.37945678686043], [-3.119828362770206, 53.379459607725046], [-3.1198236458147983, 53.379279870342096], [-3.1195230542867156, 53.37928269043164], [-3.1195183386472345, 53.379102953024585], [-3.119217748333649, 53.379105772339024], [-3.1192130340100674, 53.37892603490789], [-3.1189124449109813, 53.37892885344729], [-3.11892187107844, 53.379288328340536], [-3.1183206876674423, 53.37929396322257], [-3.1183301089767084, 53.37965343816627], [-3.118029514664765, 53.37965625450888], [-3.1180342241301315, 53.37983599199048], [-3.1177336285022963, 53.37983880759471], [-3.11773833675304, 53.380018545088895], [-3.1174377398093123, 53.380021359954725], [-3.1174471539321176, 53.38038083496255], [-3.1165453552055813, 53.380389275129545], [-3.116550058546987, 53.380569012679814], [-3.1162494576049977, 53.38057182457362], [-3.11627296874395, 53.381470512330495], [-3.1165735760126867, 53.381467700345105], [-3.1165782796575647, 53.38164743786098], [-3.1168788881411085, 53.381644625100506], [-3.1168882981134276, 53.38200410007836], [-3.117188909077195, 53.38200128652446], [-3.117193615404677, 53.38218102398648], [-3.11689300317548, 53.382183837558706], [-3.116897708288131, 53.382363575033295], [-3.1165970947428954, 53.38236638786705], [-3.116592390895688, 53.38218665037414], [-3.115991166184364, 53.382192273734574], [-3.1159864649186026, 53.38201253619929], [-3.115685853752533, 53.38201534672605], [-3.1156811538027447, 53.38183560916673], [-3.1153805438515527, 53.38183841891836], [-3.1153758452177125, 53.38165868133503], [-3.1150752364813976, 53.38166149031157], [-3.115065841896067, 53.38130201509111], [-3.114464629333462, 53.381307630700725], [-3.1144787136948637, 53.38184684363253], [-3.114779323797598, 53.38184403615126], [-3.114784019951126, 53.382023773765454], [-3.115084631268781, 53.38202096550911], [-3.1150940262582214, 53.38238044068368], [-3.115394640056242, 53.382377631633965], [-3.115399338892197, 53.38255736919437], [-3.115699953905148, 53.382554559369545], [-3.11571405451266, 53.38309377196145], [-3.1160146732715277, 53.38309096132492], [-3.1160240764603038, 53.38345043632087], [-3.115422833829941, 53.38345605691037], [-3.115432232158772, 53.38381553195661], [-3.114530360240955, 53.3838239572743], [-3.1145256648479434, 53.38364421969918], [-3.114225042039891, 53.38364702660645], [-3.1142203479629154, 53.38346728900731], [-3.113919726369927, 53.38347009513946], [-3.113915033608964, 53.3832903575163], [-3.1136144132310406, 53.38329316287335], [-3.1136050303915344, 53.38293368757332], [-3.113304412494185, 53.382936492137006], [-3.1132997224155994, 53.38275675446012], [-3.1129991057333073, 53.38275955824872], [-3.1130178612882173, 53.383478508994905], [-3.1133184830325633, 53.38347570513326], [-3.113327863643675, 53.38383518043541], [-3.1136284878686897, 53.38383237578041], [-3.1136378712127235, 53.38419185102312], [-3.1139384979184452, 53.3841890455747], [-3.113947883995514, 53.384548520757924], [-3.1136472547585803, 53.38455132624288], [-3.1136566385062614, 53.384910801439695], [-3.1127547428989533, 53.384919213462894], [-3.112731302892405, 53.38402052515391], [-3.1124306772505346, 53.384023327556626], [-3.1124213041319546, 53.3836638521564], [-3.111820057759308, 53.383669454618335], [-3.1118481625326835, 53.384747880969144], [-3.112148793337786, 53.38474508000714], [-3.112158164529882, 53.38510455537506], [-3.1124587978158993, 53.385101753619715], [-3.1124634847532056, 53.385281491276835], [-3.1127641192544906, 53.38527868874634], [-3.112778184165939, 53.38581790162854], [-3.1130788224138977, 53.38581509828639], [-3.113088201805097, 53.38617457347602], [-3.112186279315574, 53.386182981341236], [-3.112190965289569, 53.3863627189822], [-3.11158968084638, 53.386368320477615], [-3.1115849974038943, 53.38618858280016], [-3.110983715290741, 53.38619418123145], [-3.110979034430109, 53.38601444351182], [-3.1118809537270664, 53.38600604478423], [-3.11187626911959, 53.38582630711356], [-3.111575630670028, 53.38582910742808], [-3.111570947378644, 53.38564936973344], [-3.111270310144431, 53.38565216927284], [-3.111265628169116, 53.38547243155424], [-3.1109649921502522, 53.38547523031851], [-3.110960311490977, 53.38529549257595], [-3.1106596766874657, 53.385298290565125], [-3.110664356081051, 53.3854780283259], [-3.1103637199615255, 53.3854808255764], [-3.1103590418336298, 53.385301087797394], [-3.110058406929483, 53.38530388427278], [-3.110053730117576, 53.385124146469835], [-3.1097530964288116, 53.385126942170146], [-3.1097577719750413, 53.38530667999129], [-3.1094571369703177, 53.3853094749529], [-3.109466485682232, 53.38566895061444], [-3.1097671232183544, 53.385666155616406], [-3.109776474662803, 53.386025631218615], [-3.1100771146800916, 53.38602283542726], [-3.1100864688571876, 53.386382310970106], [-3.1103871113556822, 53.38637951438544], [-3.1103964682655407, 53.38673898986893], [-3.1100958232354885, 53.38674178649003], [-3.110100500500091, 53.38692152424137], [-3.1094992077574912, 53.38692711524921], [-3.1094945330244905, 53.38674737746143], [-3.109193887843572, 53.38675017181175], [-3.1091798677435376, 53.38621095835945], [-3.1088792263096856, 53.38621375189824], [-3.1088698823591083, 53.385854276198344], [-3.108569243406493, 53.38585706894384], [-3.1085739140909228, 53.386036806814865], [-3.108273273822342, 53.386039598821654], [-3.1082872823797327, 53.38657881245485], [-3.108587926445604, 53.3865760203935], [-3.1086019392523863, 53.387115233920554], [-3.1092032348282324, 53.38710964741795], [-3.1092079083959576, 53.38728938521247], [-3.1083059611593367, 53.387297763885535], [-3.1083106309797937, 53.38747750172887], [-3.1074086794936298, 53.387485873643975], [-3.107404013470712, 53.38730613574612], [-3.107103364140788, 53.387308924852405], [-3.1070986994338865, 53.38712918693065], [-3.106798051319628, 53.38713197526184], [-3.1067933879287155, 53.386952237316194], [-3.1061920940813974, 53.38695781167147], [-3.1061967549406657, 53.387137549653424], [-3.1064974031552177, 53.38713476283612], [-3.1065020653304485, 53.38731450079419], [-3.1068027147606947, 53.38731171320178], [-3.1068120417932934, 53.38767118906442], [-3.107112693705096, 53.387668400678734], [-3.107117358562505, 53.38784813858331], [-3.107718664767337, 53.387842559504776], [-3.107713997378179, 53.38766282163652], [-3.10861595251129, 53.387654447396045], [-3.1086206236980667, 53.38783418520975], [-3.1089212765745176, 53.38783139226414], [-3.1089306216305688, 53.38819086783797], [-3.107727999696245, 53.38820203522403], [-3.107732667235999, 53.38838177307508], [-3.108333980835441, 53.38837619085964], [-3.1083386509572497, 53.38855592866859], [-3.108037992916708, 53.38855872017297], [-3.1080426618228034, 53.388738457994386], [-3.1083433211292855, 53.38873566647181], [-3.1083526616240436, 53.38909514206108], [-3.1086533234122182, 53.38909234974514], [-3.108657995000924, 53.389272087513], [-3.1095599838618706, 53.38926370596868], [-3.109564659298798, 53.38944344367621], [-3.109263995129424, 53.389446238299506], [-3.109268669350633, 53.38962597601952], [-3.1086673383290675, 53.38963156303152], [-3.1086626666398725, 53.38945182527513], [-3.1083620023197227, 53.38945461762742], [-3.1083666727429082, 53.38963435540199], [-3.1074646756830955, 53.38964272797139], [-3.1074600090579376, 53.389462990142306], [-3.1065580153444365, 53.38947135584415], [-3.106553352567465, 53.389291617954825], [-3.106252689161979, 53.38929440498996], [-3.106248027701142, 53.38911466707674], [-3.1059473655115073, 53.38911745333673], [-3.1059427053667785, 53.38893771539966], [-3.1056420443929977, 53.38894050088451], [-3.1056280680573676, 53.388401286984504], [-3.1053274108313214, 53.38840407165793], [-3.10534138336911, 53.388943285612356], [-3.10443939999694, 53.388951635253974], [-3.1044487076767004, 53.389311111303684], [-3.1047493713827934, 53.38930832881057], [-3.1047633370758927, 53.389847542787834], [-3.10506400452997, 53.389844759483324], [-3.1050733177744836, 53.390204235403274], [-3.1044719777520564, 53.39020980132777], [-3.1044673236368725, 53.39003006333441], [-3.1041666548166256, 53.390032845143], [-3.1041620020175444, 53.38985310712579], [-3.103861334413299, 53.38985588815926], [-3.103865985946334, 53.39003562619456], [-3.103565317026015, 53.39003840648912], [-3.1035746177100387, 53.390397882578775], [-3.103273946207565, 53.3904006621525], [-3.1032785953585154, 53.39058040020683], [-3.1029779225399503, 53.39058317904163], [-3.1029825704748015, 53.39076291710833], [-3.1026818963401417, 53.39076569520419], [-3.1026865430588675, 53.390945433283264], [-3.102987218459644, 53.39094265516933], [-3.1030011627141283, 53.391481869317914], [-3.103301841863345, 53.39147909039262], [-3.103306491314332, 53.39165882841259], [-3.10360717167971, 53.39165604871214], [-3.103616473264092, 53.392015524698685], [-3.1030151074185657, 53.39202108341493], [-3.103010459133757, 53.39184134538832], [-3.1021084137891246, 53.39184967773035], [-3.10210376935287, 53.39166993964373], [-3.1015024080723594, 53.3916754907169], [-3.1014977662184093, 53.39149575258842], [-3.1011970867694307, 53.391498526971326], [-3.1011738845792265, 53.39059983615261], [-3.100873211411012, 53.390602609688145], [-3.100868572388795, 53.39042287148916], [-3.100567900436779, 53.39042564424959], [-3.100595727721749, 53.391504073465974], [-3.1002950481230758, 53.39150684557769], [-3.100299684912321, 53.39168658377841], [-3.099999003997595, 53.39168935515113], [-3.100003639570523, 53.39186909336419], [-3.0997029573397468, 53.39187186399788], [-3.0997075916963275, 53.39205160222325], [-3.099406908149498, 53.3920543721179], [-3.099411541289706, 53.3922341103556], [-3.099712226102755, 53.392231340442905], [-3.099730764226953, 53.39295029326425], [-3.1003321438335223, 53.39294475102322], [-3.1003367810217712, 53.393124489178156], [-3.100637472016532, 53.39312171690395], [-3.1006421105209583, 53.393301455035086], [-3.100942802732127, 53.393298681985705], [-3.10094744255276, 53.39347842009306], [-3.1012481359803337, 53.39347564626849], [-3.1012574183039847, 53.39383512242989], [-3.1000546341636324, 53.39384621332991], [-3.100059270334926, 53.39402595147427], [-3.0997585729087787, 53.39402872232449], [-3.0997632078635706, 53.39420846048117], [-3.0994625091211985, 53.3942112305923], [-3.0994671428594627, 53.39439096876127], [-3.0988657426924364, 53.39439650674822], [-3.098861111486942, 53.39421676854315], [-3.0976583156207624, 53.3942278353592], [-3.097653689530576, 53.39404809707635], [-3.098255085030492, 53.394042565218626], [-3.098250456457344, 53.39386282696608], [-3.0976490634901492, 53.39386835878777], [-3.09764443749948, 53.393688620493464], [-3.097043046865945, 53.39369414925063], [-3.0970338000991937, 53.393334672572806], [-3.097334492908177, 53.39333190860881], [-3.0973298683330888, 53.393152170279315], [-3.0964277935558897, 53.393160459846], [-3.096450897933737, 53.394059151706145], [-3.096150199910229, 53.39406191347075], [-3.0961363409334637, 53.39352269831789], [-3.095534952335501, 53.3935282194678], [-3.095562655539789, 53.394606649937785], [-3.095863357461844, 53.39460388963352], [-3.095867976102806, 53.39478362800717], [-3.0961686792416008, 53.39478086692778], [-3.09617791920545, 53.395140343621925], [-3.0955765078124187, 53.395145865095515], [-3.0955811253359657, 53.39532560346995], [-3.0952804182984783, 53.39532836308898], [-3.0952850346052188, 53.395508101475684], [-3.0934807837391385, 53.39552464339684], [-3.093476175031264, 53.39534490490239], [-3.0931754676464744, 53.39534765922117], [-3.0931708602546433, 53.395167920703074], [-3.0922687416023686, 53.3951761790626], [-3.092282552528209, 53.39571539476114], [-3.092583262594618, 53.39571264267801], [-3.092587867602116, 53.395892381214814], [-3.092888578885499, 53.395889628356585], [-3.0928931852090553, 53.396069366869746], [-3.0931938977094124, 53.396066613236385], [-3.093198505349053, 53.396246351725885], [-3.0944013599208486, 53.396235329548716], [-3.0944059726762427, 53.3964150679607], [-3.094706687461726, 53.39641231050546], [-3.0947113015332994, 53.396592048893766], [-3.0956134493915712, 53.39658377193089], [-3.095608831520324, 53.396404033596504], [-3.095909546107194, 53.39640127311244], [-3.0959049270190784, 53.396221534790314], [-3.09620564028972, 53.39621877356703], [-3.096201019984762, 53.396039035257175], [-3.09590030798065, 53.39604179646246], [-3.0958956889919054, 53.39586205812887], [-3.095594978204623, 53.395864818559], [-3.095590360532067, 53.39568508020172], [-3.0961917795239438, 53.39567955862025], [-3.096187159368082, 53.3954998202932], [-3.0970892836836703, 53.39549153229615], [-3.0970939076389916, 53.39567127056921], [-3.097394616911214, 53.395668506371166], [-3.097399242182772, 53.3958482446205], [-3.0976999526717393, 53.39584547964726], [-3.0977045792595623, 53.39602521787287], [-3.0980052909652733, 53.396022452124434], [-3.0980145468232814, 53.39638192852243], [-3.0983152610122735, 53.39637916198077], [-3.098324519602528, 53.39673863831983], [-3.098625236274836, 53.39673587098492], [-3.098629866911236, 53.39691560912784], [-3.0980284309836663, 53.396921143076504], [-3.098033059136695, 53.397100881249735], [-3.098935216753112, 53.39709257913687], [-3.098939848755741, 53.3972723172503], [-3.099842009723529, 53.39726400826836]], [[-3.095604213698751, 53.396224295256395], [-3.095303500328751, 53.39622705496528], [-3.0952988838233817, 53.39604731660146], [-3.0955995959268514, 53.39604455691056], [-3.095604213698751, 53.396224295256395]], [[-3.0992035043698087, 53.39583164342333], [-3.0989027941298093, 53.39583441218248], [-3.0988981625257708, 53.39565467402324], [-3.0985974535024465, 53.39565744200718], [-3.0985928232147093, 53.395477703824184], [-3.0979914075516177, 53.39548323748449], [-3.0979867798466243, 53.39530349925973], [-3.0982874864365972, 53.39530073282617], [-3.098282857514927, 53.3951209946137], [-3.1000870884099467, 53.395104380220076], [-3.1000917249303344, 53.395284118324334], [-3.10039243117148, 53.3952813465906], [-3.100397069008204, 53.39546108467108], [-3.099795653943112, 53.395466627417484], [-3.0997910186393156, 53.3952868893009], [-3.099189605907713, 53.395292428982515], [-3.0992035043698087, 53.39583164342333]], [[-3.0967562181985966, 53.39423612752125], [-3.0964555189584178, 53.394238890061], [-3.096450897933737, 53.394059151706145], [-3.096751595907537, 53.39405638918439], [-3.0967562181985966, 53.39423612752125]], [[-3.09735299170597, 53.39405086186951], [-3.0970522938316196, 53.39405362590552], [-3.0970476703239167, 53.39387388758094], [-3.0973483669319055, 53.3938711235629], [-3.09735299170597, 53.39405086186951]], [[-3.0970476703239167, 53.39387388758094], [-3.0967469736661966, 53.393876650841804], [-3.096742351474575, 53.3936969124935], [-3.097043046865945, 53.39369414925063], [-3.0970476703239167, 53.39387388758094]], [[-3.1105555665311804, 53.39285006958038], [-3.1102548784563075, 53.39285286682081], [-3.1102501995313228, 53.392673129258576], [-3.1096488257631067, 53.392678721431736], [-3.109644149420921, 53.39249898382737], [-3.1090427779839844, 53.392504572935756], [-3.109038104224545, 53.392324835289244], [-3.108737419696889, 53.39232762868961], [-3.108732747253931, 53.39214789101921], [-3.1084320639422307, 53.3921506836443], [-3.1084273928157273, 53.39197094594997], [-3.1081267107199837, 53.39197373779981], [-3.1081220409099077, 53.391794000081546], [-3.107821360030122, 53.39179679115614], [-3.107816691536447, 53.39161705341397], [-3.10751601187262, 53.39161984371333], [-3.1075066775682147, 53.39126036817547], [-3.1078073546997333, 53.391257577912455], [-3.107812023092985, 53.391437315666074], [-3.108112701440436, 53.39143452462785], [-3.1081173711500583, 53.39161426235755], [-3.1084180507134436, 53.39161147054408], [-3.108422721739465, 53.391791208249906], [-3.109024083247844, 53.391785622315375], [-3.109028756856476, 53.391965359979075], [-3.1099308025405485, 53.391956975344684], [-3.109921447776497, 53.39159750012078], [-3.1093200891021056, 53.39160309056128], [-3.109315414327854, 53.39142335290433], [-3.1090147361813862, 53.39142614697079], [-3.109010062723557, 53.3912464092899], [-3.10991209321368, 53.39123802487395], [-3.109907416007732, 53.39105828724193], [-3.1111101175590345, 53.39104709749485], [-3.1111194821502988, 53.39140657260738], [-3.111420159944519, 53.39140377324154], [-3.1114248435818443, 53.39158351077098], [-3.11172552259184, 53.39158071062983], [-3.111744262709652, 53.39229966061731], [-3.1111428945098067, 53.39230526028841], [-3.1111475771328028, 53.39248499780743], [-3.110846891691103, 53.39248779652558], [-3.110851573098232, 53.39266753405709], [-3.1105508863399467, 53.392670332036374], [-3.1105555665311804, 53.39285006958038]], [[-3.1048052368590278, 53.391465184410265], [-3.1042038790108872, 53.39147074907439], [-3.1041945726620437, 53.39111127312591], [-3.104495249078848, 53.39110849120862], [-3.104499903494388, 53.3912882291676], [-3.104800581127274, 53.39128544647514], [-3.1048052368590278, 53.391465184410265]], [[-3.109010062723557, 53.3912464092899], [-3.108408708812123, 53.39125199511528], [-3.1084040379368205, 53.391072257392295], [-3.1081033621718683, 53.39107504915122], [-3.1080986926129226, 53.39089531140431], [-3.1087000415603514, 53.39088972716577], [-3.108704713651534, 53.39106946487632], [-3.1090053893159943, 53.39106667160329], [-3.109010062723557, 53.3912464092899]], [[-3.1041945726620437, 53.39111127312591], [-3.1038938961951894, 53.39111405428615], [-3.1038892443619663, 53.39093431628521], [-3.104189919562693, 53.39093153514308], [-3.1041945726620437, 53.39111127312591]], [[-3.1077980180638654, 53.39089810238801], [-3.1074973434645994, 53.39090089261466], [-3.107492676488086, 53.39072115482569], [-3.1077933498212476, 53.39071836461718], [-3.1077980180638654, 53.39089810238801]], [[-3.1108000803891027, 53.39069042089526], [-3.1104994075586467, 53.39069321867412], [-3.1104947279714446, 53.39051348106135], [-3.110795399535814, 53.390510683300704], [-3.1108000803891027, 53.39069042089526]], [[-3.114102783418151, 53.39047985796987], [-3.113802112408321, 53.390482664057814], [-3.113797418944707, 53.39030292664], [-3.1140980886884746, 53.39030012057033], [-3.114102783418151, 53.39047985796987]], [[-3.105383303687585, 53.39056092716626], [-3.105082631219337, 53.390563711300295], [-3.1050779744718673, 53.390383973354645], [-3.105378645674032, 53.39038118923874], [-3.105383303687585, 53.39056092716626]], [[-3.113797418944707, 53.39030292664], [-3.113496749150459, 53.39030573195264], [-3.1134920570033757, 53.390125994510825], [-3.1137927255315736, 53.39012318921646], [-3.113797418944707, 53.39030292664]], [[-3.1119887136056743, 53.39014000962746], [-3.111688044774885, 53.390142810379714], [-3.111683360274503, 53.38996307282265], [-3.1119840278392497, 53.38996027208863], [-3.1119887136056743, 53.39014000962746]], [[-3.111683360274503, 53.38996307282265], [-3.111382692659372, 53.389965872799664], [-3.1113780094754007, 53.389786135218635], [-3.1116786758245025, 53.38978333525987], [-3.111683360274503, 53.38996307282265]], [[-3.1113780094754007, 53.389786135218635], [-3.110776676626102, 53.38979173286516], [-3.1107719960245297, 53.38961199524194], [-3.111373326341797, 53.389606397631866], [-3.1113780094754007, 53.389786135218635]], [[-3.1137786455950454, 53.389583976911425], [-3.113477980864917, 53.38958678215101], [-3.113473288919692, 53.38940704468625], [-3.113773952383825, 53.38940423946497], [-3.1137786455950454, 53.389583976911425]], [[-3.117081247154853, 53.389373332068956], [-3.1167805842467096, 53.38937614561721], [-3.1167758784261843, 53.38919640834797], [-3.117076540068354, 53.389193594818046], [-3.117081247154853, 53.389373332068956]], [[-3.1158785952186565, 53.38938458171998], [-3.1155779321081445, 53.38938739224027], [-3.1155732313515228, 53.38920765489777], [-3.1152725694564296, 53.38921046464275], [-3.115267870016329, 53.38903072727623], [-3.1149672093366574, 53.389033536245904], [-3.114962511213051, 53.38885379885538], [-3.1155638299899504, 53.388848180195595], [-3.1155685306454575, 53.38902791754954], [-3.1158691912240295, 53.38902510706588], [-3.1158785952186565, 53.38938458171998]], [[-3.113473288919692, 53.38940704468625], [-3.112871961840051, 53.38941265285787], [-3.1128672724772546, 53.38923291535085], [-3.1122659477278405, 53.38923852045796], [-3.112261260947421, 53.38905878290871], [-3.112561922081369, 53.38905598075191], [-3.112557234085399, 53.38887624321519], [-3.1128578939029676, 53.38887344031965], [-3.1128625831648944, 53.38905317783813], [-3.113163244197986, 53.38905037416732], [-3.1131679347763166, 53.38923011166182], [-3.1134685970249296, 53.389227307215776], [-3.113473288919692, 53.38940704468625]], [[-3.114962511213051, 53.38885379885538], [-3.114661851748802, 53.388856607049796], [-3.114657154941664, 53.38867686963521], [-3.1149578131399744, 53.38867406145907], [-3.114962511213051, 53.38885379885538]], [[-3.116752350082721, 53.38829772191573], [-3.11645169471961, 53.388300534597086], [-3.1164469904686376, 53.38812079727511], [-3.1167476445658564, 53.388117984612094], [-3.116752350082721, 53.38829772191573]], [[-3.1116177825590605, 53.3874467464219], [-3.1110164827247497, 53.38745234510842], [-3.1110071203490284, 53.387092869743654], [-3.1107064728880096, 53.387095667915034], [-3.110701793041479, 53.38691593020584], [-3.111603731476051, 53.386907533475544], [-3.1116177825590605, 53.3874467464219]], [[-3.112510356898675, 53.387078867532665], [-3.112209709689517, 53.38708166948874], [-3.112200337388748, 53.386722194246936], [-3.112500982066304, 53.38671939232735], [-3.112510356898675, 53.387078867532665]], [[-3.122112129417339, 53.38626985719125], [-3.1212102076863997, 53.38627833323315], [-3.121200759844625, 53.38591885904461], [-3.121802035986513, 53.385913209180494], [-3.121806762413434, 53.38609294624083], [-3.1221074016738566, 53.38609012015505], [-3.122112129417339, 53.38626985719125]], [[-3.114295459252548, 53.386343089905466], [-3.1139948174092003, 53.386345896330006], [-3.1139854303226655, 53.38598642126147], [-3.1142860696345274, 53.38598361487347], [-3.114295459252548, 53.386343089905466]], [[-3.1209001216974706, 53.385921682841314], [-3.1205994834995265, 53.38592450588111], [-3.120594762186256, 53.385744768741475], [-3.120895399118494, 53.385741945720056], [-3.1209001216974706, 53.385921682841314]], [[-3.1175695559552112, 53.38505400797632], [-3.1172689235279205, 53.3850568225986], [-3.117264216390582, 53.38487708522836], [-3.1175648475522277, 53.38487427062442], [-3.1175695559552112, 53.38505400797632]], [[-3.123276829987322, 53.384820649344405], [-3.122675569541935, 53.38482630655641], [-3.122670839673946, 53.38464656951112], [-3.1232720975880954, 53.38464091233597], [-3.123276829987322, 53.384820649344405]], [[-3.122670839673946, 53.38464656951112], [-3.122370210640567, 53.38464939696341], [-3.122365482089049, 53.384469659893966], [-3.1226661098568234, 53.384466832460106], [-3.122670839673946, 53.38464656951112]], [[-3.1244698753948263, 53.38444985196289], [-3.123868620419133, 53.38445551515605], [-3.12386388559051, 53.38427577817299], [-3.124465138035026, 53.384270115016704], [-3.1244698753948263, 53.38444985196289]], [[-3.1220648542704246, 53.384472486571], [-3.121764226400964, 53.384475312491155], [-3.1217595004314855, 53.38429557537917], [-3.1220601270353527, 53.38429274947742], [-3.1220648542704246, 53.384472486571]], [[-3.126545789656438, 53.38335158595821], [-3.1259445505810657, 53.383357259525596], [-3.1259398071994062, 53.38317752263726], [-3.1265410437437757, 53.38317184910681], [-3.126545789656438, 53.38335158595821]], [[-3.119574929667862, 53.38125980153046], [-3.118071901676221, 53.38127389163664], [-3.1180671918056997, 53.38109415420094], [-3.11836779624002, 53.38109133771159], [-3.1183630851548023, 53.380911600288506], [-3.1186636882731174, 53.38090878306073], [-3.1186495515254693, 53.38036957081209], [-3.1189501507971635, 53.38036675288261], [-3.118954864261009, 53.38054649028619], [-3.119255464747319, 53.38054367158163], [-3.1192648943577135, 53.380903146334894], [-3.1195654973239684, 53.38090032683686], [-3.119574929667862, 53.38125980153046]], [[-3.122557338100193, 53.38033287870273], [-3.122256739437614, 53.38033570571315], [-3.122252012106324, 53.38015596850601], [-3.122552609503623, 53.380153141513986], [-3.122557338100193, 53.38033287870273]], [[-3.1222472848258667, 53.3799762312931], [-3.121946688643002, 53.37997905750996], [-3.1219419626786316, 53.37979932027292], [-3.122242557596244, 53.379796494074476], [-3.1222472848258667, 53.3799762312931]], [[-3.1219419626786316, 53.37979932027292], [-3.1216413677101995, 53.37980214571464], [-3.1216319184643826, 53.37944267118658], [-3.121331325975615, 53.37944549583478], [-3.121326602694127, 53.37926575854373], [-3.121026011419785, 53.379268582416834], [-3.1210212894542866, 53.37908884510166], [-3.1216224694217787, 53.37908319663553], [-3.1216271939176785, 53.379262933913914], [-3.1222283762123633, 53.37925728238415], [-3.1222331032894917, 53.379437019619985], [-3.1225336956258087, 53.37943419270163], [-3.122538424018994, 53.37961392991333], [-3.1219372367650795, 53.37961958303015], [-3.1219419626786316, 53.37979932027292]]]}, "properties": {"kind": "max_footprint", "threshold_pct": 7.0}}, {"type": "Feature", "geometry": {"type": "Polygon", "coordinates": [[[-3.0877004189878616, 53.40474626014975], [-3.087695833094403, 53.40456652158916], [-3.086793514000424, 53.404574739572844], [-3.086798096092311, 53.40475447818696], [-3.0877004189878616, 53.40474626014975]]]}, "properties": {"kind": "max_footprint", "threshold_pct": 10.0}}, {"type": "Feature", "geometry": {"type": "Polygon", "coordinates": [[[-3.0864881600950715, 53.404397738748195], [-3.0864835793689416, 53.40421800010479], [-3.0861828087240633, 53.40422073712473], [-3.0861782293143665, 53.404040998457795], [-3.0855766904111235, 53.404046470189755], [-3.085581267286514, 53.40422620889233], [-3.0858820380299163, 53.40422347338726], [-3.0858866162217145, 53.404403212066285], [-3.0864881600950715, 53.404397738748195]]]}, "properties": {"kind": "max_footprint", "threshold_pct": 10.0}}, {"type": "Feature", "geometry": {"type": "Polygon", "coordinates": [[[-3.0891629612075, 53.40311490182499], [-3.089144594364837, 53.40239594769964], [-3.0888438368348243, 53.40239869135766], [-3.088839246514662, 53.40221895279413], [-3.087936977429404, 53.402227179170346], [-3.0879415639485353, 53.40240691778745], [-3.08824232162666, 53.40240417640156], [-3.0882469094621587, 53.402583914995084], [-3.0885476683579487, 53.40258117283394], [-3.0885568467111066, 53.40294064996808], [-3.0888576080916144, 53.40293790701386], [-3.0888621986093163, 53.403117645554495], [-3.0891629612075, 53.40311490182499]]]}, "properties": {"kind": "max_footprint", "threshold_pct": 10.0}}, {"type": "Feature", "geometry": {"type": "Polygon", "coordinates": [[[-3.0843324679661843, 53.40243975534311], [-3.084323325385475, 53.40208027767544], [-3.08372181376732, 53.40208573992697], [-3.0837263824990733, 53.40226547879925], [-3.083425625349255, 53.40226820880676], [-3.083430192863137, 53.402447947691094], [-3.0843324679661843, 53.40243975534311]]]}, "properties": {"kind": "max_footprint", "threshold_pct": 10.0}}, {"type": "Feature", "geometry": {"type": "Polygon", "coordinates": [[[-3.102336052374731, 53.40065683695815], [-3.102331405489826, 53.40047709915217], [-3.1020306628153507, 53.40047987595336], [-3.1020353084334014, 53.40065961377741], [-3.102336052374731, 53.40065683695815]]]}, "properties": {"kind": "max_footprint", "threshold_pct": 10.0}}, {"type": "Feature", "geometry": {"type": "Polygon", "coordinates": [[[-3.0935960175495922, 53.400018103898056], [-3.0935914076021374, 53.39983836554669], [-3.0938921466034315, 53.399835610022066], [-3.0938875354387623, 53.399655871682924], [-3.0941882731236467, 53.39965311541896], [-3.094183660741789, 53.39947337709203], [-3.093582187856003, 53.39947888882678], [-3.0935775780573205, 53.39929915045823], [-3.0929761075067312, 53.39930465912792], [-3.0929853220865375, 53.39966413593106], [-3.0926845842033157, 53.39966688916587], [-3.0926891903007556, 53.39984662757676], [-3.092989929450786, 53.399843874324034], [-3.092994536864597, 53.40002361271129], [-3.0935960175495922, 53.400018103898056]]]}, "properties": {"kind": "max_footprint", "threshold_pct": 10.0}}, {"type": "Feature", "geometry": {"type": "Polygon", "coordinates": [[[-3.096876415219759, 53.39890932227033], [-3.0968671681015, 53.398549845888546], [-3.096566438464182, 53.39855260886015], [-3.0965618162463615, 53.398372870642675], [-3.096261087826026, 53.398375632839056], [-3.096274950828501, 53.398914847528246], [-3.096876415219759, 53.39890932227033]]]}, "properties": {"kind": "max_footprint", "threshold_pct": 10.0}}, {"type": "Feature", "geometry": {"type": "Polygon", "coordinates": [[[-3.0980654576019346, 53.3983590483021], [-3.0980608291003913, 53.39817931016894], [-3.0974593752408137, 53.39818484134091], [-3.0974640012089814, 53.3983645795101], [-3.0980654576019346, 53.3983590483021]]]}, "properties": {"kind": "max_footprint", "threshold_pct": 10.0}}, {"type": "Feature", "geometry": {"type": "Polygon", "coordinates": [[[-3.0932261522277638, 53.39732478254267], [-3.09322154429073, 53.39714504408751], [-3.0929208241909554, 53.39714779782849], [-3.092925430861373, 53.39732753630158], [-3.0932261522277638, 53.39732478254267]]]}, "properties": {"kind": "max_footprint", "threshold_pct": 10.0}}, {"type": "Feature", "geometry": {"type": "Polygon", "coordinates": [[[-3.107980118697016, 53.397907870980234], [-3.107975448495668, 53.39772813343291], [-3.107073280180917, 53.39773650391318], [-3.107063947528631, 53.39737702869227], [-3.1067632271898713, 53.39737981730158], [-3.106753897271549, 53.39702034202142], [-3.1064531794157935, 53.397023129837194], [-3.106448515798473, 53.396843392170354], [-3.10614779915912, 53.39684617921076], [-3.1061431368585266, 53.396666441520054], [-3.1058424214355824, 53.39666922778512], [-3.105851743553793, 53.397028703197094], [-3.106152461509869, 53.39702591689574], [-3.106161786361823, 53.3973853922485], [-3.106462506800932, 53.39738260515366], [-3.1064671705687537, 53.397562342803276], [-3.1067678922243065, 53.39755955493305], [-3.106777222443721, 53.39791903017882], [-3.107980118697016, 53.397907870980234]]]}, "properties": {"kind": "max_footprint", "threshold_pct": 10.0}}, {"type": "Feature", "geometry": {"type": "Polygon", "coordinates": [[[-3.099231302639559, 53.39691007215034], [-3.099222036350293, 53.39655059593091], [-3.0986206056882466, 53.39655613283629], [-3.098629866911236, 53.39691560912784], [-3.099231302639559, 53.39691007215034]]]}, "properties": {"kind": "max_footprint", "threshold_pct": 10.0}}, {"type": "Feature", "geometry": {"type": "Polygon", "coordinates": [[[-3.1067399027704155, 53.39648112905823], [-3.106735238037062, 53.396301391392385], [-3.1064345252475083, 53.396304179135505], [-3.1064391887143326, 53.39648391681953], [-3.1067399027704155, 53.39648112905823]]]}, "properties": {"kind": "max_footprint", "threshold_pct": 10.0}}, {"type": "Feature", "geometry": {"type": "Polygon", "coordinates": [[[-3.0986206056882466, 53.39655613283629], [-3.098615975151469, 53.39637639468191], [-3.0983152610122735, 53.39637916198077], [-3.098319890282502, 53.39655890015317], [-3.0986206056882466, 53.39655613283629]]]}, "properties": {"kind": "max_footprint", "threshold_pct": 10.0}}, {"type": "Feature", "geometry": {"type": "Polygon", "coordinates": [[[-3.103103434330099, 53.39543610483229], [-3.1030987850952303, 53.3952563669145], [-3.1027980793035597, 53.395259145462745], [-3.102802727271971, 53.39543888339863], [-3.103103434330099, 53.39543610483229]]]}, "properties": {"kind": "max_footprint", "threshold_pct": 10.0}}, {"type": "Feature", "geometry": {"type": "Polygon", "coordinates": [[[-3.1012945495955373, 53.395273026846404], [-3.101289908009352, 53.39509328881438], [-3.1009892031843584, 53.395096062801535], [-3.100993843504095, 53.395275800851635], [-3.1012945495955373, 53.395273026846404]]]}, "properties": {"kind": "max_footprint", "threshold_pct": 10.0}}, {"type": "Feature", "geometry": {"type": "Polygon", "coordinates": [[[-3.110611732752758, 53.39500691966127], [-3.1106070519573903, 53.39482718218608], [-3.1103063499528827, 53.39482997962691], [-3.110311029481839, 53.39500971712032], [-3.110611732752758, 53.39500691966127]]]}, "properties": {"kind": "max_footprint", "threshold_pct": 10.0}}, {"type": "Feature", "geometry": {"type": "Polygon", "coordinates": [[[-3.1100243612501495, 53.395551726322815], [-3.110005647898039, 53.394832776310594], [-3.109704945792875, 53.39483557223713], [-3.1097002688470514, 53.394655834701524], [-3.109399567957981, 53.394658629852714], [-3.1094182709774367, 53.395377580033525], [-3.1097189769321925, 53.39537478480952], [-3.1097236540792506, 53.39555452232219], [-3.1100243612501495, 53.395551726322815]]]}, "properties": {"kind": "max_footprint", "threshold_pct": 10.0}}, {"type": "Feature", "geometry": {"type": "Polygon", "coordinates": [[[-3.1103063499528827, 53.39482997962691], [-3.110301670474261, 53.39465024212773], [-3.1100009696858164, 53.39465303879321], [-3.110005647898039, 53.394832776310594], [-3.1103063499528827, 53.39482997962691]]]}, "properties": {"kind": "max_footprint", "threshold_pct": 10.0}}, {"type": "Feature", "geometry": {"type": "Polygon", "coordinates": [[[-3.1100009696858164, 53.39465303879321], [-3.1099962915239145, 53.39447330127009], [-3.1096955919515374, 53.394476097160215], [-3.1097002688470514, 53.394655834701524], [-3.1100009696858164, 53.39465303879321]]]}, "properties": {"kind": "max_footprint", "threshold_pct": 10.0}}, {"type": "Feature", "geometry": {"type": "Polygon", "coordinates": [[[-3.100693137362737, 53.395278574099706], [-3.1006838593060615, 53.394919097957676], [-3.1003831556476897, 53.39492187041246], [-3.1003692427361473, 53.3943826561023], [-3.0994671428594627, 53.39439096876127], [-3.099471776647569, 53.39457070692452], [-3.0982689710486593, 53.394581779941944], [-3.09826434232615, 53.39440204170658], [-3.0979636420683168, 53.394404808050034], [-3.0979728970303095, 53.39476428455108], [-3.0982735998209576, 53.39476151817157], [-3.098278228643047, 53.394941256395505], [-3.099781748181302, 53.39492741305056], [-3.099786383385379, 53.39510715117859], [-3.1000870884099467, 53.395104380220076], [-3.1000917249303344, 53.395284118324334], [-3.100693137362737, 53.395278574099706]]]}, "properties": {"kind": "max_footprint", "threshold_pct": 10.0}}, {"type": "Feature", "geometry": {"type": "Polygon", "coordinates": [[[-3.0979821521914093, 53.395123761029225], [-3.0979775245859704, 53.394944022793005], [-3.0976768204791174, 53.39494678843337], [-3.0976721941898857, 53.39476705017341], [-3.097070788359765, 53.39477257914663], [-3.0970661646531266, 53.39459284084493], [-3.096765462929874, 53.394595604177816], [-3.0967608405393747, 53.394415865852395], [-3.0964601400328053, 53.39441862841012], [-3.096469382330702, 53.39477810509121], [-3.096770085370093, 53.394775342497496], [-3.0967747078600345, 53.39495508081147], [-3.0973761163225015, 53.394949553316565], [-3.0973807413950545, 53.3951292915888], [-3.0979821521914093, 53.395123761029225]]]}, "properties": {"kind": "max_footprint", "threshold_pct": 10.0}}, {"type": "Feature", "geometry": {"type": "Polygon", "coordinates": [[[-3.1021687960066044, 53.39418627233506], [-3.1021641509208773, 53.394006534322905], [-3.1018634538440946, 53.394009310473066], [-3.101868097663457, 53.39418904850331], [-3.1021687960066044, 53.39418627233506]]]}, "properties": {"kind": "max_footprint", "threshold_pct": 10.0}}, {"type": "Feature", "geometry": {"type": "Polygon", "coordinates": [[[-3.1018634538440946, 53.394009310473066], [-3.1018448790661397, 53.393290358294855], [-3.1015441870047313, 53.3932931336156], [-3.101558114214301, 53.393832347812044], [-3.1012574183039847, 53.39383512242989], [-3.101262059540694, 53.394014860502004], [-3.1018634538440946, 53.394009310473066]]]}, "properties": {"kind": "max_footprint", "threshold_pct": 10.0}}, {"type": "Feature", "geometry": {"type": "Polygon", "coordinates": [[[-3.105453179903263, 53.393256995391496], [-3.1054485211381375, 53.39307725754991], [-3.104847140698331, 53.393082825568634], [-3.1048517969308804, 53.39326256344649], [-3.105453179903263, 53.393256995391496]]]}, "properties": {"kind": "max_footprint", "threshold_pct": 10.0}}, {"type": "Feature", "geometry": {"type": "Polygon", "coordinates": [[[-3.111767688990763, 53.393198347972685], [-3.111753633070913, 53.392659135576665], [-3.110851573098232, 53.39266753405709], [-3.110856254555714, 53.392847271582845], [-3.1105555665311804, 53.39285006958038], [-3.110560246772755, 53.393029807118644], [-3.1111616253039895, 53.39302421033007], [-3.1111663081284546, 53.393203947826144], [-3.111767688990763, 53.393198347972685]]]}, "properties": {"kind": "max_footprint", "threshold_pct": 10.0}}, {"type": "Feature", "geometry": {"type": "Polygon", "coordinates": [[[-3.1099541903311065, 53.39285566330414], [-3.10994951267237, 53.39267592572371], [-3.109348138803544, 53.39268151638267], [-3.1093528139297786, 53.39286125399953], [-3.1099541903311065, 53.39285566330414]]]}, "properties": {"kind": "max_footprint", "threshold_pct": 10.0}}, {"type": "Feature", "geometry": {"type": "Polygon", "coordinates": [[[-3.1036490303852218, 53.39327369047116], [-3.1036443792178363, 53.39309395252085], [-3.1045464504032982, 53.393085608442355], [-3.1045278310389453, 53.39236665680119], [-3.1048285162689573, 53.39236387399998], [-3.104819204354751, 53.3920043981813], [-3.1042178389095225, 53.39200996295414], [-3.1042224923091704, 53.392189700902584], [-3.1039218082452633, 53.39219248217152], [-3.103926460428739, 53.39237222013236], [-3.102723718607966, 53.39238333770967], [-3.1027283657765268, 53.392563075737186], [-3.1018263050873407, 53.39257140602502], [-3.1018216617175036, 53.39239166794324], [-3.1015209759874445, 53.3923944431736], [-3.1015163339337795, 53.392214705068014], [-3.100313595579299, 53.39222579834627], [-3.100322869606658, 53.392585274696195], [-3.1006235568026024, 53.392582502476145], [-3.1006281951573538, 53.392762240624485], [-3.1018309485071214, 53.39275114410108], [-3.1018355919768488, 53.392930882171385], [-3.1021362814557314, 53.39292810612973], [-3.102140926241686, 53.393107844176235], [-3.102742307582121, 53.39310228978541], [-3.1027469549506272, 53.39328202779002], [-3.1036490303852218, 53.39327369047116]]]}, "properties": {"kind": "max_footprint", "threshold_pct": 10.0}}, {"type": "Feature", "geometry": {"type": "Polygon", "coordinates": [[[-3.1141356479397744, 53.39173801960604], [-3.1141262578239672, 53.391378544881526], [-3.1138255804836175, 53.39138135106083], [-3.113820886767592, 53.3912016136717], [-3.1132195344677154, 53.39120722372266], [-3.1132101522515634, 53.3908477488541], [-3.1129094785581595, 53.39085055270748], [-3.1129047887918584, 53.39067081524633], [-3.1123034437859274, 53.39067642064549], [-3.1123128183045696, 53.39103589563504], [-3.1114107928209935, 53.39104429816546], [-3.111420159944519, 53.39140377324154], [-3.1126228706175083, 53.39139256820761], [-3.1126275593194315, 53.39157230566406], [-3.1132289168856953, 53.391566698568276], [-3.1132336081703715, 53.39174643598248], [-3.1141356479397744, 53.39173801960604]]]}, "properties": {"kind": "max_footprint", "threshold_pct": 10.0}}, {"type": "Feature", "geometry": {"type": "Polygon", "coordinates": [[[-3.109348138803544, 53.39268151638267], [-3.1093434637275954, 53.39250177876011], [-3.1090427779839844, 53.392504572935756], [-3.109038104224545, 53.392324835289244], [-3.108737419696889, 53.39232762868961], [-3.108732747253931, 53.39214789101921], [-3.107530013705729, 53.39215905697715], [-3.10751601187262, 53.39161984371333], [-3.1072153321585962, 53.39162263325562], [-3.107206000386498, 53.391263157681415], [-3.1078073546997333, 53.391257577912455], [-3.1078026863566945, 53.391077840153095], [-3.107502010491308, 53.39108063039793], [-3.1074973434645994, 53.39090089261466], [-3.106595319365674, 53.3909092587524], [-3.1065906561874814, 53.39072952090892], [-3.105989309069616, 53.390735094512564], [-3.1059939697155894, 53.39091483239233], [-3.1056932948153473, 53.39091761807674], [-3.1056979542453274, 53.39109735596893], [-3.105096601762265, 53.391102925102864], [-3.105101258710083, 53.3912826630256], [-3.105702613725423, 53.3912770938554], [-3.1057072732556334, 53.39145683173612], [-3.1048052368590278, 53.391465184410265], [-3.104809892640859, 53.391644922339665], [-3.1051105727559873, 53.39164213885389], [-3.105115229854075, 53.391821876759415], [-3.1054159111852937, 53.39181909249846], [-3.105411252821026, 53.39163935461104], [-3.1057119328359613, 53.39163656961113], [-3.1057165924664063, 53.391816307480404], [-3.1063179548782647, 53.39181073517308], [-3.1063226170912106, 53.39199047300035], [-3.106623299488119, 53.39198768569295], [-3.1066279630174147, 53.3921674234963], [-3.1069286466303647, 53.392164635413664], [-3.10693331147604, 53.39234437319315], [-3.107835365812436, 53.39233600434827], [-3.1078400345069714, 53.392515742067495], [-3.108742092190104, 53.39250736635433], [-3.108746764733576, 53.39268710401328], [-3.109348138803544, 53.39268151638267]]]}, "properties": {"kind": "max_footprint", "threshold_pct": 10.0}}, {"type": "Feature", "geometry": {"type": "Polygon", "coordinates": [[[-3.104509212475652, 53.39164770506839], [-3.1045045579599893, 53.39146796712087], [-3.1042038790108872, 53.39147074907439], [-3.1041992258114415, 53.391291011103014], [-3.1038985480784453, 53.391293792281374], [-3.1038938961951894, 53.39111405428615], [-3.1035932196783023, 53.391116834689356], [-3.1035839185941323, 53.390757358645516], [-3.1038845925787766, 53.39075457827854], [-3.103879940845619, 53.390574840266154], [-3.1032785953585154, 53.39058040020683], [-3.1032878938104274, 53.39093987629834], [-3.102987218459644, 53.39094265516933], [-3.1029965145793073, 53.3913021312741], [-3.103297192462366, 53.39129935236693], [-3.103306491314332, 53.39165882841259], [-3.104509212475652, 53.39164770506839]]]}, "properties": {"kind": "max_footprint", "threshold_pct": 10.0}}, {"type": "Feature", "geometry": {"type": "Polygon", "coordinates": [[[-3.104481286132596, 53.3905692772973], [-3.1044766319172967, 53.39038953931539], [-3.1041759605649175, 53.39039232116022], [-3.10418061351413, 53.390572059160235], [-3.104481286132596, 53.3905692772973]]]}, "properties": {"kind": "max_footprint", "threshold_pct": 10.0}}, {"type": "Feature", "geometry": {"type": "Polygon", "coordinates": [[[-3.115887999415568, 53.389744056351134], [-3.115883297291826, 53.389564319038435], [-3.1155826329153227, 53.389567129577], [-3.115587333773062, 53.38974686690803], [-3.115887999415568, 53.389744056351134]]]}, "properties": {"kind": "max_footprint", "threshold_pct": 10.0}}, {"type": "Feature", "geometry": {"type": "Polygon", "coordinates": [[[-3.1105087668840494, 53.39105269388248], [-3.1104994075586467, 53.39069321867412], [-3.1101987346778595, 53.39069601569593], [-3.110194056356741, 53.39051627806494], [-3.1095927129763985, 53.390521869801056], [-3.109583361549379, 53.390162394449035], [-3.109282692315899, 53.39016518914515], [-3.1092733436221143, 53.38980571373379], [-3.1077700093612823, 53.38981967567713], [-3.10776534141991, 53.38963993787194], [-3.10716400989609, 53.389645517313845], [-3.107159344536943, 53.389465779466576], [-3.106257350672953, 53.38947414289741], [-3.106252689161979, 53.38929440498996], [-3.1059520257063586, 53.38929719126808], [-3.1059473655115073, 53.38911745333673], [-3.1050453786419343, 53.38912580757469], [-3.10505003503882, 53.38930554556045], [-3.105350698644766, 53.389302761553324], [-3.1053553563577347, 53.38948249951522], [-3.105656021179588, 53.38947971473295], [-3.1056653392878606, 53.389839190603276], [-3.105966006591646, 53.38983640502772], [-3.105979987928049, 53.39037561873582], [-3.1074833426856467, 53.39036167923051], [-3.1074880095617687, 53.39054141703096], [-3.1077886816288385, 53.390538626840645], [-3.1077933498212476, 53.39071836461718], [-3.1089960426516634, 53.39070719621285], [-3.1090053893159943, 53.39106667160329], [-3.1105087668840494, 53.39105269388248]]]}, "properties": {"kind": "max_footprint", "threshold_pct": 10.0}}, {"type": "Feature", "geometry": {"type": "Polygon", "coordinates": [[[-3.117668444115872, 53.3888284910415], [-3.1176448972899227, 53.38792980482684], [-3.117344244610443, 53.3879326197424], [-3.1173395366630623, 53.387752882463936], [-3.1170388851988147, 53.387755696604216], [-3.1170624191126057, 53.38865438303087], [-3.117363076906313, 53.38865156879894], [-3.117367785106871, 53.38883130604873], [-3.117668444115872, 53.3888284910415]]]}, "properties": {"kind": "max_footprint", "threshold_pct": 10.0}}, {"type": "Feature", "geometry": {"type": "Polygon", "coordinates": [[[-3.1156108388201624, 53.390645553477114], [-3.115601436649637, 53.39028607886668], [-3.1153007671584736, 53.39028888872144], [-3.1152960674151005, 53.39010915138934], [-3.1149953991394352, 53.39011196046879], [-3.114981304010654, 53.38957274838316], [-3.1155826329153227, 53.389567129577], [-3.1155779321081445, 53.38938739224027], [-3.1152772689470725, 53.389390202003526], [-3.1152725694564296, 53.38921046464275], [-3.1146712455146246, 53.38921608186172], [-3.1146665486064564, 53.3890363444586], [-3.114365887825739, 53.38903915191434], [-3.114361192234038, 53.38885941448722], [-3.114060532668773, 53.38886222116768], [-3.114055838393513, 53.388682483716536], [-3.1137551800437, 53.38868528962173], [-3.1137504870848547, 53.38850555214659], [-3.1134498299504956, 53.388508357276535], [-3.113445138308037, 53.38832861977739], [-3.112543170400007, 53.38833703057063], [-3.112538482605712, 53.38815729301099], [-3.1122378278014184, 53.38816009507653], [-3.1122331413234305, 53.38798035749289], [-3.111932487734625, 53.38798315878324], [-3.111927802572917, 53.38780342117564], [-3.111627150199599, 53.38780622169079], [-3.1116224663541434, 53.3876264840592], [-3.1113218151963165, 53.38762928379918], [-3.111317132667085, 53.387449546143614], [-3.1110164827247497, 53.38745234510842], [-3.111011801511716, 53.38727260742891], [-3.1107111527848734, 53.38727540561851], [-3.1107064728880096, 53.387095667915034], [-3.1104058253766613, 53.387098465329494], [-3.1104011467959434, 53.38691872760208], [-3.110100500500091, 53.38692152424137], [-3.1101051778149977, 53.38710126198703], [-3.109804530203029, 53.387104057887605], [-3.1098092063024096, 53.38728379564571], [-3.1101098551802067, 53.38728099972692], [-3.110114532595721, 53.38746073746108], [-3.1092125820139462, 53.387469123001246], [-3.1092079083959576, 53.38728938521247], [-3.1086066102884513, 53.38729497175145], [-3.10861595251129, 53.387654447396045], [-3.10891660412187, 53.38765165446863], [-3.1089352942339756, 53.38837060561629], [-3.1092359508578675, 53.38836781185916], [-3.109245298747306, 53.388727287362194], [-3.1095459578527933, 53.38872449281169], [-3.109564659298798, 53.38944344367621], [-3.1098653234178864, 53.38944064829592], [-3.1098746769746253, 53.38980012365736], [-3.110175343575437, 53.38979732748363], [-3.1101846998654574, 53.39015680278576], [-3.1104853689480287, 53.390154005818594], [-3.1104900484345706, 53.39033374344284], [-3.1110913889808267, 53.39032814720099], [-3.1110960710498405, 53.39050788478305], [-3.1122987566022267, 53.39049668314211], [-3.1122940694689394, 53.39031694563301], [-3.1119933994224946, 53.390319747160525], [-3.1119887136056743, 53.39014000962746], [-3.111688044774885, 53.390142810379714], [-3.111683360274503, 53.38996307282265], [-3.111082024993872, 53.38996867201966], [-3.1110773430759298, 53.38978893442041], [-3.110776676626102, 53.38979173286516], [-3.1107626349724096, 53.389252519978314], [-3.1116646227767952, 53.38924412253708], [-3.1116693070756503, 53.38942386011708], [-3.1119699708423574, 53.389421059437765], [-3.111979342123223, 53.38978053454408], [-3.112280008371546, 53.38977773307128], [-3.1122846953535994, 53.389957470597594], [-3.112886030231054, 53.38995186534447], [-3.1128907197955975, 53.390131602828546], [-3.113191388424712, 53.3901287990482], [-3.1131866975941325, 53.3899490615824], [-3.1137880321689186, 53.3899434517872], [-3.1137927255315736, 53.39012318921646], [-3.1140933940092927, 53.390120383165076], [-3.1140980886884746, 53.39030012057033], [-3.1143987583817485, 53.390297313743645], [-3.1144081504237353, 53.390656788500415], [-3.1150094947230205, 53.39065117250282], [-3.115004796144624, 53.390471435163875], [-3.115305466952395, 53.39046862604784], [-3.115310166796866, 53.39064836336849], [-3.1156108388201624, 53.390645553477114]], [[-3.1140840048024034, 53.38976090833733], [-3.1128813407169496, 53.38977212785467], [-3.112876651253281, 53.389592390359105], [-3.1122753214399013, 53.38959799553923], [-3.1122659477278405, 53.38923852045796], [-3.1119652852775155, 53.389241321876014], [-3.1119605997630684, 53.38906158430853], [-3.112261260947421, 53.38905878290871], [-3.11225657421741, 53.38887904535375], [-3.1131585536701034, 53.388870636667136], [-3.113163244197986, 53.38905037416732], [-3.113764566112813, 53.38904476455482], [-3.113769259223081, 53.38922450201276], [-3.1140699213707568, 53.389221696052736], [-3.1140840048024034, 53.38976090833733]], [[-3.110757954521858, 53.38907278233789], [-3.1104572930856746, 53.38907557995276], [-3.110452613951425, 53.388895842288406], [-3.11015195373088, 53.38889863912806], [-3.110137920427883, 53.388359426045945], [-3.110438576850621, 53.38835662926092], [-3.1104432558338995, 53.388536366942475], [-3.1107439134722377, 53.388533569382275], [-3.1107485937717736, 53.388713307039865], [-3.1110492526257087, 53.38871050870446], [-3.11105393424153, 53.38889024633812], [-3.1107532741216466, 53.38889304469176], [-3.110757954521858, 53.38907278233789]]]}, "properties": {"kind": "max_footprint", "threshold_pct": 10.0}}, {"type": "Feature", "geometry": {"type": "Polygon", "coordinates": [[[-3.111899692660795, 53.38672499540959], [-3.111895007851789, 53.38654525776184], [-3.1121956513139604, 53.386542456617434], [-3.112190965289569, 53.3863627189822], [-3.11158968084638, 53.386368320477615], [-3.1115943643392328, 53.386548058149316], [-3.110993077163028, 53.38655365665353], [-3.1109883962017144, 53.38637391894536], [-3.1106877538038624, 53.38637671704386], [-3.1106924334994055, 53.38655645477026], [-3.110391789785454, 53.386559252130056], [-3.1103964682655407, 53.38673898986893], [-3.111899692660795, 53.38672499540959]]]}, "properties": {"kind": "max_footprint", "threshold_pct": 10.0}}, {"type": "Feature", "geometry": {"type": "Polygon", "coordinates": [[[-3.117860769045256, 53.3846917179243], [-3.1178560594779237, 53.384511980579234], [-3.1175554308981637, 53.38451479590338], [-3.1175601391998784, 53.38469453326677], [-3.117860769045256, 53.3846917179243]]]}, "properties": {"kind": "max_footprint", "threshold_pct": 10.0}}, {"type": "Feature", "geometry": {"type": "Polygon", "coordinates": [[[-3.112435363885423, 53.38420306524814], [-3.1124306772505346, 53.384023327556626], [-3.112130051558263, 53.38402612920251], [-3.1121347369275623, 53.38420586691226], [-3.112435363885423, 53.38420306524814]]]}, "properties": {"kind": "max_footprint", "threshold_pct": 10.0}}, {"type": "Feature", "geometry": {"type": "Polygon", "coordinates": [[[-3.1163341036217687, 53.38380709982732], [-3.116329400635422, 53.38362736236198], [-3.1157281555750864, 53.38363298450173], [-3.115732856030325, 53.383812722003704], [-3.1163341036217687, 53.38380709982732]]]}, "properties": {"kind": "max_footprint", "threshold_pct": 10.0}}, {"type": "Feature", "geometry": {"type": "Polygon", "coordinates": [[[-3.1168741832308413, 53.381464887602945], [-3.116869478371168, 53.3812851500997], [-3.116568872418389, 53.38128796282352], [-3.1165735760126867, 53.381467700345105], [-3.1168741832308413, 53.381464887602945]]]}, "properties": {"kind": "max_footprint", "threshold_pct": 10.0}}, {"type": "Feature", "geometry": {"type": "Polygon", "coordinates": [[[-3.118053062498018, 53.38055494185945], [-3.1180483528300815, 53.380375204400806], [-3.118348952203103, 53.38037238798482], [-3.1183395304885955, 53.38001291308702], [-3.11773833675304, 53.380018545088895], [-3.117752461809047, 53.38055775753702], [-3.118053062498018, 53.38055494185945]]]}, "properties": {"kind": "max_footprint", "threshold_pct": 10.0}}, {"type": "Feature", "geometry": {"type": "Polygon", "coordinates": [[[-3.121340772690963, 53.37980497039966], [-3.121331325975615, 53.37944549583478], [-3.1210307334360587, 53.379448319726265], [-3.1210401776209356, 53.379807794327924], [-3.121340772690963, 53.37980497039966]]]}, "properties": {"kind": "max_footprint", "threshold_pct": 10.0}}, {"type": "Feature", "geometry": {"type": "Polygon", "coordinates": [[[-3.1210307334360587, 53.379448319726265], [-3.121026011419785, 53.379268582416834], [-3.1207254200946677, 53.379271405533224], [-3.1207301408457258, 53.379451142861036], [-3.1210307334360587, 53.379448319726265]]]}, "properties": {"kind": "max_footprint", "threshold_pct": 10.0}}, {"type": "Feature", "geometry": {"type": "Polygon", "coordinates": [[[-3.1233408392373594, 53.37583096307216], [-3.1233313770473767, 53.37547148851249], [-3.12303081269511, 53.375474317295726], [-3.1230166235863415, 53.37493510535792], [-3.1227160629779127, 53.3749379333293], [-3.122711334641567, 53.37475819598679], [-3.1224107752471704, 53.37476102318318], [-3.1224296838380226, 53.37547997259235], [-3.1227302482919876, 53.37547714532234], [-3.122739705422244, 53.375836619955685], [-3.1233408392373594, 53.37583096307216]]]}, "properties": {"kind": "max_footprint", "threshold_pct": 10.0}}, {"type": "Feature", "geometry": {"type": "Polygon", "coordinates": [[[-3.122091313083652, 53.37404490004835], [-3.122086587531102, 53.37386516264034], [-3.1217860343592294, 53.373867988231545], [-3.1217907586469744, 53.37404772565794], [-3.122091313083652, 53.37404490004835]]]}, "properties": {"kind": "max_footprint", "threshold_pct": 10.0}}, {"type": "Feature", "geometry": {"type": "Polygon", "coordinates": [[[-3.116479921287952, 53.38937895840846], [-3.116475216733402, 53.389199221120904], [-3.1167758784261843, 53.38919640834797], [-3.1167711726562706, 53.38901667107297], [-3.1164705122294505, 53.38901948382762], [-3.1164658077760956, 53.38883974652857], [-3.1161651485646265, 53.388842558507896], [-3.1161228221541233, 53.38722492239374], [-3.11642346997267, 53.38722211057923], [-3.116428173970679, 53.38740184792987], [-3.1173301209202, 53.38739340788978], [-3.1173348287663147, 53.38757314517973], [-3.118537429053443, 53.38756188112244], [-3.1185327161439864, 53.387382143905846], [-3.1188333648232525, 53.387379326017516], [-3.1188286506986604, 53.387199588813544], [-3.1182273558210847, 53.38720522379657], [-3.1182226442788057, 53.38702548655016], [-3.1179219980298116, 53.38702830288794], [-3.1179125776288417, 53.38666882834125], [-3.1185138650130124, 53.38666319498215], [-3.1185185777197284, 53.38684293222166], [-3.1188192226015756, 53.3868401143884], [-3.1188239366247688, 53.38701985160383], [-3.1191245827217107, 53.38701703299527], [-3.119129298061407, 53.387196770186634], [-3.119429945373442, 53.38719395080278], [-3.1194393787366255, 53.38755342513155], [-3.1197400285295824, 53.38755060495403], [-3.119735310556796, 53.387370867810894], [-3.1200359590331797, 53.38736804689479], [-3.1200312398453174, 53.3871883097643], [-3.1206325341141796, 53.38718266569806], [-3.120637255833674, 53.38736240279181], [-3.121238552431043, 53.3873567556611], [-3.1212291039796014, 53.38699728154139], [-3.1215297496704664, 53.38699445687742], [-3.1215155735770392, 53.38645524571003], [-3.1209142897391398, 53.3864608941707], [-3.1209095670077933, 53.38628115706664], [-3.120608926278396, 53.38628398014322], [-3.1206042048635725, 53.38610424301505], [-3.120303565349134, 53.386107065316324], [-3.1202894052064396, 53.38556785384223], [-3.121191312206063, 53.38555938483311], [-3.1211960359999433, 53.38573912194172], [-3.1217973096104235, 53.38573347211442], [-3.121802035986513, 53.385913209180494], [-3.1221026739812188, 53.38591038311311], [-3.1221074016738566, 53.38609012015505], [-3.1224080408834363, 53.386087293312336], [-3.1224127698926454, 53.38626703033014], [-3.1227134103170955, 53.38626420271212], [-3.1227086800421557, 53.38608446571275], [-3.1230093191500052, 53.386081637356234], [-3.1230045876602213, 53.38590190036954], [-3.123305225451473, 53.38589907127457], [-3.1233004927468735, 53.38571933430056], [-3.1229998562213237, 53.38572216337711], [-3.122995124833308, 53.38554242637892], [-3.1223938541609466, 53.38554808222455], [-3.1223891253551614, 53.385368345183785], [-3.1226897594511036, 53.38536551765784], [-3.1226850294305133, 53.38518578062979], [-3.1223843966002325, 53.3851886081373], [-3.1223749392429356, 53.384829134027115], [-3.1217736784923926, 53.38483478669794], [-3.1217689524212657, 53.38465504959742], [-3.1211676939986646, 53.38466069920397], [-3.1211724175385465, 53.384840436341264], [-3.1208717869854192, 53.38484326002763], [-3.120876509310462, 53.385022997177586], [-3.1205758774409116, 53.38502582012548], [-3.120571156381508, 53.38484608295714], [-3.120270525726824, 53.38484890512978], [-3.1202610862915643, 53.38448943073912], [-3.1208623424876873, 53.384483785710515], [-3.1208576203149967, 53.38430404854335], [-3.1205569935079174, 53.384306871417685], [-3.1205522726515924, 53.384127134226404], [-3.121153523683802, 53.38412148775762], [-3.121148800347108, 53.38394175059737], [-3.1214494245214564, 53.3839389262461], [-3.1214541491237213, 53.384118663387966], [-3.1217547745128305, 53.38411583826146], [-3.1217595004314855, 53.38429557537917], [-3.1223607535883837, 53.3842899228188], [-3.122365482089049, 53.384469659893966], [-3.1229667375737327, 53.38446400426938], [-3.122971468656462, 53.384643741301986], [-3.123572726468838, 53.3846380826131], [-3.123563259291867, 53.38427860861585], [-3.12386388559051, 53.38427577817299], [-3.1238591508128057, 53.38409604118418], [-3.1244604007261723, 53.38409037806479], [-3.124465138035026, 53.384270115016704], [-3.1250663902757596, 53.38426444883304], [-3.1250616504357582, 53.384084711918014], [-3.125662899941455, 53.38407904274388], [-3.125658157621308, 53.383899305860034], [-3.125958781032108, 53.38389647015616], [-3.125963524617812, 53.38407620702153], [-3.126264149243155, 53.38407337054235], [-3.126249914842449, 53.38353415998442], [-3.1259492940137363, 53.383536996408196], [-3.1259398071994062, 53.38317752263726], [-3.1262404254971026, 53.38317468625046], [-3.1262356809009617, 53.38299494937484], [-3.126536297882147, 53.38299211224968], [-3.1265410437437757, 53.38317184910681], [-3.1268416619394115, 53.38316901120635], [-3.1268464091175763, 53.38334874803925], [-3.1274476478866844, 53.38334306993091], [-3.127438148519434, 53.38298359633333], [-3.1277387652963955, 53.38298075618091], [-3.127734014423913, 53.382801019392], [-3.1271327833498592, 53.382806698903025], [-3.1271232868199696, 53.382447225233996], [-3.127724512832218, 53.38244154579695], [-3.127729263602521, 53.38262128259734], [-3.128029877797463, 53.382618441725114], [-3.1280108699610825, 53.381899494563086], [-3.128311479043232, 53.38189665300809], [-3.128297219906367, 53.3813574426318], [-3.128898430325074, 53.3813517573625], [-3.128893674850983, 53.381172020595955], [-3.12919427871829, 53.381169176844686], [-3.1291752522720406, 53.38045022979513], [-3.129475851026956, 53.38044738536119], [-3.129471093277988, 53.38026764860296], [-3.1297716907164648, 53.38026480343081], [-3.129757413980778, 53.37972559317727], [-3.130058007572336, 53.37972274730399], [-3.130053247497564, 53.37954301055984], [-3.1303538397727184, 53.379540163948384], [-3.1303443172463297, 53.37918069047998], [-3.1306449069398865, 53.37917784314888], [-3.130635382087943, 53.37881836969456], [-3.1309359691999488, 53.37881552164386], [-3.1309216785106884, 53.37827631147498], [-3.131222261776061, 53.37827346272321], [-3.131217497050308, 53.37809372600731], [-3.131518078999339, 53.37809087651743], [-3.131513313059723, 53.37791113981434], [-3.1312127323757863, 53.37791398928566], [-3.131193674190026, 53.37719504234169], [-3.131794825386169, 53.37718934279082], [-3.1317471582084355, 53.37539197539994], [-3.132047721079988, 53.37538912467518], [-3.1320143482510225, 53.37413096728979], [-3.132314902217376, 53.37412811593838], [-3.132310133610625, 53.373948379164645], [-3.1320095809090653, 53.37395123049747], [-3.1319809779336936, 53.37287280962295], [-3.1316804327693553, 53.37287566008785], [-3.131670901383646, 53.37251618637992], [-3.131971444018599, 53.37251333595214], [-3.1319666771379295, 53.37233359910813], [-3.131666135767646, 53.37233644951734], [-3.1316566046893617, 53.37197697577496], [-3.1313560657971466, 53.37197982539054], [-3.131341773357835, 53.37144061467824], [-3.1307407030074734, 53.371446311528615], [-3.1307359414926603, 53.37126657457593], [-3.130134873466715, 53.371272268363235], [-3.130130114532255, 53.371092531367744], [-3.129529048830814, 53.37109822209205], [-3.129524292476653, 53.37091848505374], [-3.128923229099806, 53.370924172715085], [-3.128918475325893, 53.370744435634], [-3.1277163530172354, 53.370755801804904], [-3.1277211017329156, 53.37093553895999], [-3.1265189735491568, 53.3709468931012], [-3.126523717257593, 53.37112663032448], [-3.126223183819543, 53.37112946698705], [-3.126232668860225, 53.37148894145332], [-3.1250305244815006, 53.37150028068638], [-3.1250352620198485, 53.37168001798474], [-3.1247347245331762, 53.3716828509202], [-3.1247394608578243, 53.371862588231274], [-3.1241383832024585, 53.37186825186958], [-3.1241478509458975, 53.372227726548246], [-3.1244483923283473, 53.372224895070474], [-3.1244531275410874, 53.372404632382775], [-3.1247536701373035, 53.37240180013003], [-3.12476314324491, 53.3727612747005], [-3.1250636883195932, 53.37275844165437], [-3.1250921164531555, 53.373836865117326], [-3.1244910110758592, 53.373842530674445], [-3.124486275455813, 53.373662793408066], [-3.124185723955569, 53.37366562503335], [-3.124176255397752, 53.3733061504465], [-3.123875706376138, 53.37330898127836], [-3.123894638636264, 53.3740279305028], [-3.124195192716995, 53.37402509959724], [-3.1242093962409148, 53.37456431139999], [-3.1245099540652226, 53.37456147968253], [-3.124519425865418, 53.37492095415212], [-3.12421886551139, 53.37492378590646], [-3.124228334985495, 53.37528326039], [-3.1239277720507834, 53.3752860914246], [-3.123946706550191, 53.37600504039653], [-3.1236461385048653, 53.37600787074825], [-3.1236603361189195, 53.37654708247223], [-3.123359764227775, 53.37654991212261], [-3.1233644956025595, 53.37672964937089], [-3.123063922395538, 53.37673247828307], [-3.123078113030041, 53.3772716900487], [-3.1227775359770575, 53.37727451825949], [-3.1227822650252217, 53.377454255521634], [-3.1230828433432674, 53.37745142729243], [-3.1230923041223084, 53.37781090176267], [-3.1227917232741014, 53.37781373002871], [-3.122796452474818, 53.37799346727367], [-3.12189470582983, 53.37800194758695], [-3.1219041567930765, 53.37836142217006], [-3.1222047415891496, 53.37835859611883], [-3.1222141952859523, 53.378718070642165], [-3.1216130205823833, 53.37872372206154], [-3.121608296238887, 53.37854398476594], [-3.1210071238624377, 53.37854963312172], [-3.121002402100034, 53.37836989578361], [-3.1204012320507895, 53.37837554107582], [-3.1204106705657497, 53.37873501581987], [-3.1207112581460614, 53.37873219351534], [-3.1207159787448364, 53.37891193086038], [-3.1216177449766804, 53.3789034593514], [-3.1216224694217787, 53.37908319663553], [-3.1219230593293292, 53.37908037126739], [-3.1219277850904295, 53.37926010852738], [-3.1228295583037267, 53.37925162782751], [-3.1228484770390885, 53.3799705765892], [-3.1225478809579004, 53.37997340431951], [-3.122552609503623, 53.380153141513986], [-3.1228532068500763, 53.380150313765256], [-3.122862666624636, 53.380509788100184], [-3.122562066747612, 53.380512615885756], [-3.122557338100193, 53.38033287870273], [-3.122256739437614, 53.38033570571315], [-3.122252012106324, 53.38015596850601], [-3.12195141465819, 53.380158794741256], [-3.121946688643002, 53.37997905750996], [-3.1216460924093163, 53.3799818829701], [-3.1216413677101995, 53.37980214571464], [-3.121340772690963, 53.37980497039966], [-3.1213549431449223, 53.38034418220393], [-3.1201525473769554, 53.38035547359723], [-3.120147828902646, 53.38017573626134], [-3.119847231099059, 53.38017855719943], [-3.1198377968331856, 53.37981908247371], [-3.1195372015094063, 53.379821902618346], [-3.1195324857177997, 53.379642165228496], [-3.119231891608556, 53.37964498459803], [-3.119227177132893, 53.37946524718411], [-3.1186259912928023, 53.3794708836163], [-3.1186401272803947, 53.38001009595097], [-3.118940724021524, 53.38000727805819], [-3.1189501507971635, 53.38036675288261], [-3.119551349188483, 53.38036111475341], [-3.119556065182932, 53.38054085212029], [-3.1198566655678324, 53.38053803190221], [-3.1198896878064537, 53.38179619318121], [-3.1201902969981026, 53.38179337207777], [-3.120213892160509, 53.38269205844165], [-3.120514507628588, 53.38268923648954], [-3.1205239485797507, 53.38304871095819], [-3.1196220944303836, 53.3830571746543], [-3.119612661072119, 53.38269770007542], [-3.1193120454518364, 53.38270051975709], [-3.1192978995911993, 53.38216130779065], [-3.1186966757912318, 53.38216694477345], [-3.118706101252502, 53.38252641949689], [-3.1184054867456035, 53.3825292368898], [-3.1183913524260314, 53.38199002474097], [-3.1186919631366146, 53.381987207403135], [-3.118687250532674, 53.38180747002706], [-3.119288469270972, 53.381801833117706], [-3.119279039153561, 53.381442358421786], [-3.118978432340538, 53.38144517721813], [-3.1189831461085085, 53.38162491458733], [-3.1180813215692043, 53.3816333664908], [-3.1180766115973877, 53.381453629066584], [-3.117475397515357, 53.381459259848334], [-3.117470690124935, 53.3812795223817], [-3.1171700842733547, 53.38128233661907], [-3.1171747903984035, 53.381462074104036], [-3.1168741832308413, 53.381464887602945], [-3.1168835931019707, 53.38182436259231], [-3.117184202800322, 53.381821549056745], [-3.117188909077195, 53.38200128652446], [-3.117489519990352, 53.38199847221378], [-3.117498935226798, 53.38235794709542], [-3.116296481147073, 53.38236919994397], [-3.1162917785653104, 53.38218946243274], [-3.115690553752861, 53.3821950842796], [-3.115685853752533, 53.38201534672605], [-3.1153852425359205, 53.38201815649596], [-3.1153758452177125, 53.38165868133503], [-3.114774627694571, 53.38166429853134], [-3.114779323797598, 53.38184403615126], [-3.1150799338498323, 53.38184122791321], [-3.1150893287382426, 53.38220070309925], [-3.115389941270817, 53.382197894067836], [-3.115399338892197, 53.38255736919437], [-3.115699953905148, 53.382554559369545], [-3.115704654057107, 53.382734296905916], [-3.1160052702849876, 53.382731486305985], [-3.1160146732715277, 53.38309096132492], [-3.116315291979834, 53.383088149931524], [-3.1163199948144564, 53.38326788741408], [-3.1166206147377014, 53.383265075245575], [-3.116625318888424, 53.3834448127041], [-3.1169259400266074, 53.38344199976044], [-3.1169306454934564, 53.383621737194886], [-3.1172312678465763, 53.383618923476085], [-3.1172359746295797, 53.38379866088647], [-3.117536598197633, 53.3837958463925], [-3.1175413062968196, 53.383975583778835], [-3.1184431804938324, 53.38396713570087], [-3.1184573164854896, 53.38450634766038], [-3.118156688007037, 53.38450916449823], [-3.1181708206578724, 53.385048376461135], [-3.1178701883318656, 53.38505119259716], [-3.117874898051146, 53.38523092992501], [-3.117574264408831, 53.3852337453225], [-3.1175789729130874, 53.38541348266294], [-3.1169777029452153, 53.38541911122392], [-3.116972996972307, 53.385239373846844], [-3.1166723631781243, 53.38524218697368], [-3.116667658521485, 53.38506244957251], [-3.1160663933126704, 53.38506807351893], [-3.1160616912379244, 53.384888336075434], [-3.115761059823307, 53.384891146895015], [-3.115756359064765, 53.384711409427474], [-3.1154557288652316, 53.38471421947189], [-3.1154369313989907, 53.383995269471136], [-3.115136306211333, 53.38399807868551], [-3.1151316082366836, 53.383818341152676], [-3.1142297361673443, 53.38382676419984], [-3.114225042039891, 53.38364702660645], [-3.1139244191813553, 53.383649832756866], [-3.113915033608964, 53.3832903575163], [-3.1136144132310406, 53.38329316287335], [-3.113609721786062, 53.383113425226206], [-3.113309102623208, 53.38311622980816], [-3.1133231733129, 53.38365544278722], [-3.113623796272355, 53.383652638150465], [-3.1136331795154795, 53.38401211340462], [-3.113933804955614, 53.38400930797449], [-3.1139431909317445, 53.38436878316919], [-3.1142438188525965, 53.38436597694566], [-3.1142485131819795, 53.384545714516136], [-3.113947883995514, 53.384548520757924], [-3.1139572702744656, 53.38490799591821], [-3.1136566385062614, 53.384910801439695], [-3.113661330455789, 53.38509053902952], [-3.113060064236708, 53.38509614783836], [-3.113055374818492, 53.38491641021203], [-3.1127547428989533, 53.384919213462894], [-3.112735990792884, 53.38420026282717], [-3.112435363885423, 53.38420306524814], [-3.112449424092501, 53.384742278288286], [-3.112148793337786, 53.38474508000714], [-3.11215347890864, 53.384924817693964], [-3.1124541109289985, 53.38492201595687], [-3.1124587978158993, 53.385101753619715], [-3.1127594310515128, 53.38509895110747], [-3.1127641192544906, 53.38527868874634], [-3.1130647537053555, 53.385275885458995], [-3.1130694432244366, 53.38545562307385], [-3.113670714506224, 53.38545001419194], [-3.11367540660713, 53.38562975176454], [-3.113976043438036, 53.385626946169985], [-3.1139807368551127, 53.3858066837186], [-3.114281374901252, 53.38580387734886], [-3.1142860696345274, 53.38598361487347], [-3.114586708895899, 53.38598080772856], [-3.1146007971959118, 53.386520020213105], [-3.113999511028185, 53.38652563385569], [-3.1140042046976477, 53.38670537137563], [-3.1131022712701695, 53.38671378621745], [-3.1131069611927367, 53.38689352378645], [-3.112806315350223, 53.38689632723812], [-3.1128250704815774, 53.387615277529854], [-3.1131257213873993, 53.38761247400515], [-3.1131304115621683, 53.38779221154551], [-3.1134310636834086, 53.387789407245556], [-3.113435755174495, 53.387969144761904], [-3.1137364085111514, 53.38796633968677], [-3.1137411013185816, 53.388146077179115], [-3.114041755870654, 53.38814327132874], [-3.1140464499944542, 53.38832300879707], [-3.114647761478929, 53.38831739478888], [-3.11465245818504, 53.38849713221491], [-3.114953115117427, 53.38849432405708], [-3.1149578131399744, 53.38867406145907], [-3.115559129384999, 53.38866844283589], [-3.1155638299899504, 53.388848180195595], [-3.115864489302573, 53.38884536973025], [-3.115873893196057, 53.38920484439581], [-3.1161745549900224, 53.38920203313684], [-3.1161792582785965, 53.38938177044271], [-3.116479921287952, 53.38937895840846]], [[-3.1194157957091093, 53.3866547392666], [-3.1191151521944493, 53.38665755859537], [-3.1191104370068854, 53.38647782138681], [-3.1194110792557814, 53.3864750020764], [-3.1194157957091093, 53.3866547392666]], [[-3.1163905434030803, 53.38596394896414], [-3.1160899044449337, 53.385966760650476], [-3.1160852021173406, 53.38578702323563], [-3.116385839809771, 53.38578421156762], [-3.1163905434030803, 53.38596394896414]], [[-3.1160852021173406, 53.38578702323563], [-3.11578456437434, 53.38578983414674], [-3.1157798633630223, 53.385610096707865], [-3.1160804998403195, 53.385607285815055], [-3.1160852021173406, 53.38578702323563]], [[-3.1193827816009754, 53.38539657881475], [-3.1190821469463783, 53.385399398015], [-3.119072717331859, 53.38503992351182], [-3.1187720851578815, 53.38504274191847], [-3.1187626582774497, 53.38468326735567], [-3.1190632879201545, 53.38468044898572], [-3.119068002600654, 53.38486018625164], [-3.119368633458287, 53.384857367106484], [-3.1193827816009754, 53.38539657881475]], [[-3.115474527140099, 53.385433169380875], [-3.115173891827395, 53.385435978741604], [-3.1151691934485455, 53.385256241254645], [-3.1148685593509917, 53.38525904984021], [-3.1148638622883364, 53.38507931232923], [-3.1145632294059347, 53.385082120139636], [-3.1145491423179603, 53.384542907517464], [-3.1148497714034447, 53.38454009976195], [-3.114859165276193, 53.38489957481254], [-3.115159796842429, 53.38489676626357], [-3.1151644951202244, 53.38507650376199], [-3.115465127901584, 53.38507369443784], [-3.115474527140099, 53.385433169380875]], [[-3.1253527931559075, 53.38372240389901], [-3.1247515486104622, 53.383728071485656], [-3.1247468101889075, 53.383548334534964], [-3.1244461891052757, 53.3835511671746], [-3.1244414520001973, 53.383371430199716], [-3.1241408321311437, 53.383374262064066], [-3.1241360963425127, 53.383194525065], [-3.12353485898265, 53.38320018648637], [-3.1235395922402636, 53.38337992352229], [-3.1232389722184646, 53.38338275311617], [-3.123229508285141, 53.38302327900173], [-3.124431977942866, 53.38301195623275], [-3.1244367149460603, 53.383191693219096], [-3.1247373334986666, 53.383188860616364], [-3.1247420718183094, 53.383368597578546], [-3.125343311301654, 53.383362930065715], [-3.1253527931559075, 53.38372240389901]], [[-3.1229336214191834, 53.383205844880436], [-3.122633002561134, 53.38320867294226], [-3.1226282731509083, 53.38302893584532], [-3.122928890743461, 53.38302610780194], [-3.1229336214191834, 53.383205844880436]], [[-3.1262356809009617, 53.38299494937484], [-3.1259350638687566, 53.3829977857432], [-3.1259303205891142, 53.382818048843376], [-3.1262309363558463, 53.3828152124935], [-3.1262356809009617, 53.38299494937484]], [[-3.1256297047713755, 53.38282088443645], [-3.125329088902641, 53.38282371927272], [-3.1253243482049324, 53.38264398233023], [-3.125624962808203, 53.382641147512416], [-3.1256297047713755, 53.38282088443645]], [[-3.120805679766882, 53.38232693932582], [-3.1205050668804746, 53.38232976199797], [-3.1204956263354044, 53.38197028748342], [-3.120796236690956, 53.381967464848046], [-3.120805679766882, 53.38232693932582]], [[-3.120786793818123, 53.38160799034732], [-3.120486185993371, 53.38161081294594], [-3.120476745854369, 53.38125133838551], [-3.120176140509605, 53.3812541601906], [-3.1201667031043225, 53.38089468557045], [-3.1207679086817097, 53.38088904127703], [-3.1207726298896596, 53.381068778553214], [-3.1210732338675453, 53.381065955252986], [-3.121082678966468, 53.381425429751346], [-3.1207820724578648, 53.38142825308836], [-3.120786793818123, 53.38160799034732]], [[-3.1225195107513133, 53.378894981032104], [-3.122218922210593, 53.37889780789524], [-3.1222141952859523, 53.378718070642165], [-3.1225147825615003, 53.37871524379744], [-3.1225195107513133, 53.378894981032104]]]}, "properties": {"kind": "max_footprint", "threshold_pct": 10.0}}]}